TBBmalloc: skip allocation functions replacement in ucrtbase.dll: unknown prologue for function _msize
Blender 3.6.23 (hash e467db79ca8c built 2025-06-17 03:22:43)
Read prefs: "C:\Users\admin\AppData\Roaming\Blender Foundation\Blender\3.6\config\userpref.blend"
Info: Total files 5 | Changed 5 | Failed 0
Fra:1 Mem:227.19M (Peak 227.19M) | Time:00:01.27 | Mem:0.00M, Peak:0.00M | Scene, ViewLayer | Synchronizing object | Unified aluminum body | welded hood, quarters and bumpers
Fra:1 Mem:230.83M (Peak 230.83M) | Time:00:01.27 | Mem:0.00M, Peak:0.00M | Scene, ViewLayer | Synchronizing object | Window perimeter | satin black surround
Fra:1 Mem:231.04M (Peak 231.04M) | Time:00:01.27 | Mem:0.00M, Peak:0.00M | Scene, ViewLayer | Synchronizing object | B pillar black trim
Fra:1 Mem:231.08M (Peak 231.08M) | Time:00:01.27 | Mem:0.00M, Peak:0.00M | Scene, ViewLayer | Synchronizing object | B pillar black trim.001
Fra:1 Mem:231.08M (Peak 231.08M) | Time:00:01.27 | Mem:0.00M, Peak:0.00M | Scene, ViewLayer | Synchronizing object | Compound curved greenhouse | panoramic glazing
Fra:1 Mem:231.51M (Peak 231.51M) | Time:00:01.27 | Mem:0.00M, Peak:0.00M | Scene, ViewLayer | Synchronizing object | B pillar black trim.002
Fra:1 Mem:231.55M (Peak 231.55M) | Time:00:01.27 | Mem:0.00M, Peak:0.00M | Scene, ViewLayer | Synchronizing object | Rear quarter glass division
Fra:1 Mem:231.59M (Peak 231.59M) | Time:00:01.27 | Mem:0.00M, Peak:0.00M | Scene, ViewLayer | Synchronizing object | Painted continuous A pillar and roof rail
Fra:1 Mem:233.10M (Peak 233.10M) | Time:00:01.27 | Mem:0.00M, Peak:0.00M | Scene, ViewLayer | Synchronizing object | Roof drip molding
Fra:1 Mem:233.54M (Peak 233.54M) | Time:00:01.27 | Mem:0.00M, Peak:0.00M | Scene, ViewLayer | Synchronizing object | Window perimeter | satin black surround.001
Fra:1 Mem:233.75M (Peak 233.75M) | Time:00:01.27 | Mem:0.00M, Peak:0.00M | Scene, ViewLayer | Synchronizing object | B pillar black trim.003
Fra:1 Mem:233.79M (Peak 233.79M) | Time:00:01.27 | Mem:0.00M, Peak:0.00M | Scene, ViewLayer | Synchronizing object | B pillar black trim.004
Fra:1 Mem:233.83M (Peak 233.83M) | Time:00:01.27 | Mem:0.00M, Peak:0.00M | Scene, ViewLayer | Synchronizing object | B pillar black trim.005
Fra:1 Mem:234.00M (Peak 234.00M) | Time:00:01.27 | Mem:0.00M, Peak:0.00M | Scene, ViewLayer | Synchronizing object | Rear quarter glass division.001
Fra:1 Mem:234.04M (Peak 234.04M) | Time:00:01.27 | Mem:0.00M, Peak:0.00M | Scene, ViewLayer | Synchronizing object | Painted continuous A pillar and roof rail.001
Fra:1 Mem:234.38M (Peak 234.38M) | Time:00:01.27 | Mem:0.00M, Peak:0.00M | Scene, ViewLayer | Synchronizing object | Smooth continuous side glass
Fra:1 Mem:242.04M (Peak 242.04M) | Time:00:01.27 | Mem:0.00M, Peak:0.00M | Scene, ViewLayer | Synchronizing object | Roof drip molding.001
Fra:1 Mem:242.46M (Peak 242.46M) | Time:00:01.27 | Mem:0.00M, Peak:0.00M | Scene, ViewLayer | Synchronizing object | Hood precision shut line
Fra:1 Mem:242.59M (Peak 242.59M) | Time:00:01.27 | Mem:0.00M, Peak:0.00M | Scene, ViewLayer | Synchronizing object | Front door leading gap
Fra:1 Mem:245.52M (Peak 245.52M) | Time:00:01.27 | Mem:0.00M, Peak:0.00M | Scene, ViewLayer | Synchronizing object | B pillar door gap
Fra:1 Mem:245.59M (Peak 245.59M) | Time:00:01.27 | Mem:0.00M, Peak:0.00M | Scene, ViewLayer | Synchronizing object | Rear door trailing gap
Fra:1 Mem:245.65M (Peak 245.65M) | Time:00:01.28 | Mem:0.00M, Peak:0.00M | Scene, ViewLayer | Synchronizing object | Rocker sill
Fra:1 Mem:245.72M (Peak 245.72M) | Time:00:01.28 | Mem:0.00M, Peak:0.00M | Scene, ViewLayer | Synchronizing object | Rocker silver edge
Fra:1 Mem:245.78M (Peak 245.78M) | Time:00:01.28 | Mem:0.00M, Peak:0.00M | Scene, ViewLayer | Synchronizing object | Handle finger undercut
Fra:1 Mem:245.79M (Peak 245.79M) | Time:00:01.28 | Mem:0.00M, Peak:0.00M | Scene, ViewLayer | Synchronizing object | Handle finger undercut.001
Fra:1 Mem:245.79M (Peak 245.79M) | Time:00:01.28 | Mem:0.00M, Peak:0.00M | Scene, ViewLayer | Synchronizing object | Charging door
Fra:1 Mem:245.84M (Peak 245.84M) | Time:00:01.28 | Mem:0.00M, Peak:0.00M | Scene, ViewLayer | Synchronizing object | Fender blade polished edge
Fra:1 Mem:245.85M (Peak 245.85M) | Time:00:01.28 | Mem:0.00M, Peak:0.00M | Scene, ViewLayer | Synchronizing object | Mirror stalk
Fra:1 Mem:245.85M (Peak 245.85M) | Time:00:01.28 | Mem:0.00M, Peak:0.00M | Scene, ViewLayer | Synchronizing object | Mirror LED indicator
Fra:1 Mem:248.31M (Peak 248.31M) | Time:00:01.28 | Mem:0.00M, Peak:0.00M | Scene, ViewLayer | Synchronizing object | Rolled painted wheel arch lip
Fra:1 Mem:248.41M (Peak 248.41M) | Time:00:01.28 | Mem:0.00M, Peak:0.00M | Scene, ViewLayer | Synchronizing object | Wheelhouse dark reveal
Fra:1 Mem:248.52M (Peak 248.52M) | Time:00:01.28 | Mem:0.00M, Peak:0.00M | Scene, ViewLayer | Synchronizing object | Rolled painted wheel arch lip.001
Fra:1 Mem:248.62M (Peak 248.62M) | Time:00:01.28 | Mem:0.00M, Peak:0.00M | Scene, ViewLayer | Synchronizing object | Smooth continuous side glass.001
Fra:1 Mem:248.83M (Peak 248.83M) | Time:00:01.28 | Mem:0.00M, Peak:0.00M | Scene, ViewLayer | Synchronizing object | Wheelhouse dark reveal.001
Fra:1 Mem:249.04M (Peak 249.04M) | Time:00:01.28 | Mem:0.00M, Peak:0.00M | Scene, ViewLayer | Synchronizing object | Flush door handle recess
Fra:1 Mem:249.04M (Peak 249.04M) | Time:00:01.28 | Mem:0.00M, Peak:0.00M | Scene, ViewLayer | Synchronizing object | Hood precision shut line.001
Fra:1 Mem:249.77M (Peak 249.77M) | Time:00:01.28 | Mem:0.00M, Peak:0.00M | Scene, ViewLayer | Synchronizing object | Front door leading gap.001
Fra:1 Mem:249.88M (Peak 249.88M) | Time:00:01.28 | Mem:0.00M, Peak:0.00M | Scene, ViewLayer | Synchronizing object | B pillar door gap.001
Fra:1 Mem:249.86M (Peak 249.88M) | Time:00:01.28 | Mem:0.00M, Peak:0.00M | Scene, ViewLayer | Synchronizing object | Flush door handle | Aqua Blue
Fra:1 Mem:249.99M (Peak 249.99M) | Time:00:01.28 | Mem:0.00M, Peak:0.00M | Scene, ViewLayer | Synchronizing object | Rear door trailing gap.001
Fra:1 Mem:250.19M (Peak 250.19M) | Time:00:01.28 | Mem:0.00M, Peak:0.00M | Scene, ViewLayer | Synchronizing object | Rocker sill.001
Fra:1 Mem:250.22M (Peak 250.22M) | Time:00:01.28 | Mem:0.00M, Peak:0.00M | Scene, ViewLayer | Synchronizing object | Flush door handle recess.001
Fra:1 Mem:250.10M (Peak 250.22M) | Time:00:01.28 | Mem:0.00M, Peak:0.00M | Scene, ViewLayer | Synchronizing object | Flush door handle | Aqua Blue.001
Fra:1 Mem:250.13M (Peak 250.22M) | Time:00:01.28 | Mem:0.00M, Peak:0.00M | Scene, ViewLayer | Synchronizing object | Front fender black air blade
Fra:1 Mem:250.13M (Peak 250.22M) | Time:00:01.28 | Mem:0.00M, Peak:0.00M | Scene, ViewLayer | Synchronizing object | Side camera lens.001
Fra:1 Mem:250.21M (Peak 250.22M) | Time:00:01.28 | Mem:0.00M, Peak:0.00M | Scene, ViewLayer | Synchronizing object | Mirror black lower housing.001
Fra:1 Mem:250.30M (Peak 250.30M) | Time:00:01.28 | Mem:0.00M, Peak:0.00M | Scene, ViewLayer | Synchronizing object | Mirror painted upper cap.001
Fra:1 Mem:250.39M (Peak 250.39M) | Time:00:01.28 | Mem:0.00M, Peak:0.00M | Scene, ViewLayer | Synchronizing object | Mirror reflective glass.001
Fra:1 Mem:250.47M (Peak 250.47M) | Time:00:01.28 | Mem:0.00M, Peak:0.00M | Scene, ViewLayer | Synchronizing object | Wheelhouse liner
Fra:1 Mem:250.49M (Peak 250.49M) | Time:00:01.28 | Mem:0.00M, Peak:0.00M | Scene, ViewLayer | Synchronizing object | Wheelhouse liner.001
Fra:1 Mem:250.56M (Peak 250.56M) | Time:00:01.28 | Mem:0.00M, Peak:0.00M | Scene, ViewLayer | Synchronizing object | Rocker silver edge.001
Fra:1 Mem:250.58M (Peak 250.58M) | Time:00:01.28 | Mem:0.00M, Peak:0.00M | Scene, ViewLayer | Synchronizing object | Handle finger undercut.002
Fra:1 Mem:250.59M (Peak 250.59M) | Time:00:01.28 | Mem:0.00M, Peak:0.00M | Scene, ViewLayer | Synchronizing object | Flush door handle recess.002
Fra:1 Mem:250.59M (Peak 250.59M) | Time:00:01.28 | Mem:0.00M, Peak:0.00M | Scene, ViewLayer | Synchronizing object | Handle finger undercut.003
Fra:1 Mem:250.66M (Peak 250.66M) | Time:00:01.28 | Mem:0.00M, Peak:0.00M | Scene, ViewLayer | Synchronizing object | Fender blade polished edge.001
Fra:1 Mem:250.66M (Peak 250.66M) | Time:00:01.28 | Mem:0.00M, Peak:0.00M | Scene, ViewLayer | Synchronizing object | Mirror stalk.001
Fra:1 Mem:250.66M (Peak 250.66M) | Time:00:01.28 | Mem:0.00M, Peak:0.00M | Scene, ViewLayer | Synchronizing object | Mirror LED indicator.001
Fra:1 Mem:250.64M (Peak 250.66M) | Time:00:01.28 | Mem:0.00M, Peak:0.00M | Scene, ViewLayer | Synchronizing object | Flush door handle | Aqua Blue.002
Fra:1 Mem:250.74M (Peak 250.74M) | Time:00:01.28 | Mem:0.00M, Peak:0.00M | Scene, ViewLayer | Synchronizing object | Rolled painted wheel arch lip.002
Fra:1 Mem:250.84M (Peak 250.84M) | Time:00:01.28 | Mem:0.00M, Peak:0.00M | Scene, ViewLayer | Synchronizing object | Wheelhouse dark reveal.002
Fra:1 Mem:250.92M (Peak 250.92M) | Time:00:01.28 | Mem:0.00M, Peak:0.00M | Scene, ViewLayer | Synchronizing object | Flush door handle recess.003
Fra:1 Mem:250.93M (Peak 250.93M) | Time:00:01.28 | Mem:0.00M, Peak:0.00M | Scene, ViewLayer | Synchronizing object | Rolled painted wheel arch lip.003
Fra:1 Mem:251.09M (Peak 251.09M) | Time:00:01.28 | Mem:0.00M, Peak:0.00M | Scene, ViewLayer | Synchronizing object | Wheelhouse dark reveal.003
Fra:1 Mem:251.15M (Peak 251.15M) | Time:00:01.28 | Mem:0.00M, Peak:0.00M | Scene, ViewLayer | Synchronizing object | Flush door handle | Aqua Blue.003
Fra:1 Mem:251.22M (Peak 251.22M) | Time:00:01.28 | Mem:0.00M, Peak:0.00M | Scene, ViewLayer | Synchronizing object | Headlight rubber gasket
Fra:1 Mem:251.21M (Peak 251.22M) | Time:00:01.28 | Mem:0.00M, Peak:0.00M | Scene, ViewLayer | Synchronizing object | Headlight polished rim
Fra:1 Mem:251.30M (Peak 251.30M) | Time:00:01.28 | Mem:0.00M, Peak:0.00M | Scene, ViewLayer | Synchronizing object | Signature sweeping diagonal DRL
Fra:1 Mem:251.31M (Peak 251.31M) | Time:00:01.28 | Mem:0.00M, Peak:0.00M | Scene, ViewLayer | Synchronizing object | Front fender black air blade.001
Fra:1 Mem:251.32M (Peak 251.32M) | Time:00:01.28 | Mem:0.00M, Peak:0.00M | Scene, ViewLayer | Synchronizing object | Side camera lens
Fra:1 Mem:251.32M (Peak 251.32M) | Time:00:01.28 | Mem:0.00M, Peak:0.00M | Scene, ViewLayer | Synchronizing object | Lower segmented optical return
Fra:1 Mem:251.46M (Peak 251.46M) | Time:00:01.28 | Mem:0.00M, Peak:0.00M | Scene, ViewLayer | Synchronizing object | Mirror black lower housing
Fra:1 Mem:251.54M (Peak 251.54M) | Time:00:01.28 | Mem:0.00M, Peak:0.00M | Scene, ViewLayer | Synchronizing object | Mirror painted upper cap
Fra:1 Mem:251.60M (Peak 251.60M) | Time:00:01.28 | Mem:0.00M, Peak:0.00M | Scene, ViewLayer | Synchronizing object | Upper arrow DRL accent
Fra:1 Mem:251.66M (Peak 251.66M) | Time:00:01.28 | Mem:0.00M, Peak:0.00M | Scene, ViewLayer | Synchronizing object | Mirror reflective glass
Fra:1 Mem:251.75M (Peak 251.75M) | Time:00:01.28 | Mem:0.00M, Peak:0.00M | Scene, ViewLayer | Synchronizing object | Wheelhouse liner.002
Fra:1 Mem:251.76M (Peak 251.76M) | Time:00:01.28 | Mem:0.00M, Peak:0.00M | Scene, ViewLayer | Synchronizing object | Corner intake rim
Fra:1 Mem:251.77M (Peak 251.77M) | Time:00:01.28 | Mem:0.00M, Peak:0.00M | Scene, ViewLayer | Synchronizing object | Wheelhouse liner.003
Fra:1 Mem:251.81M (Peak 251.81M) | Time:00:01.28 | Mem:0.00M, Peak:0.00M | Scene, ViewLayer | Synchronizing object | Waterdrop headlight | dark compound-curved optical housing
Fra:1 Mem:251.84M (Peak 251.84M) | Time:00:01.28 | Mem:0.00M, Peak:0.00M | Scene, ViewLayer | Synchronizing object | Air curtain inner fin
Fra:1 Mem:251.91M (Peak 251.91M) | Time:00:01.29 | Mem:0.00M, Peak:0.00M | Scene, ViewLayer | Synchronizing object | Headlight rubber gasket.001
Fra:1 Mem:252.01M (Peak 252.01M) | Time:00:01.29 | Mem:0.00M, Peak:0.00M | Scene, ViewLayer | Synchronizing object | Headlight polished rim.001
Fra:1 Mem:252.00M (Peak 252.01M) | Time:00:01.29 | Mem:0.00M, Peak:0.00M | Scene, ViewLayer | Synchronizing object | Signature sweeping diagonal DRL.001
Fra:1 Mem:252.07M (Peak 252.07M) | Time:00:01.29 | Mem:0.00M, Peak:0.00M | Scene, ViewLayer | Synchronizing object | Lower segmented optical return.001
Fra:1 Mem:252.08M (Peak 252.08M) | Time:00:01.29 | Mem:0.00M, Peak:0.00M | Scene, ViewLayer | Synchronizing object | Deep projector optic
Fra:1 Mem:252.17M (Peak 252.17M) | Time:00:01.29 | Mem:0.00M, Peak:0.00M | Scene, ViewLayer | Synchronizing object | Upper arrow DRL accent.001
Fra:1 Mem:252.19M (Peak 252.19M) | Time:00:01.29 | Mem:0.00M, Peak:0.00M | Scene, ViewLayer | Synchronizing object | Rectangular LED projector surround.001
Fra:1 Mem:252.21M (Peak 252.21M) | Time:00:01.29 | Mem:0.00M, Peak:0.00M | Scene, ViewLayer | Synchronizing object | Corner intake rim.001
Fra:1 Mem:252.28M (Peak 252.28M) | Time:00:01.29 | Mem:0.00M, Peak:0.00M | Scene, ViewLayer | Synchronizing object | Air curtain inner fin.001
Fra:1 Mem:252.31M (Peak 252.31M) | Time:00:01.29 | Mem:0.00M, Peak:0.00M | Scene, ViewLayer | Synchronizing object | Satin front intake frame
Fra:1 Mem:252.26M (Peak 252.31M) | Time:00:01.29 | Mem:0.00M, Peak:0.00M | Scene, ViewLayer | Synchronizing object | Rectangular LED projector surround.002
Fra:1 Mem:252.36M (Peak 252.36M) | Time:00:01.29 | Mem:0.00M, Peak:0.00M | Scene, ViewLayer | Synchronizing object | Painted intake ring
Fra:1 Mem:252.38M (Peak 252.38M) | Time:00:01.29 | Mem:0.00M, Peak:0.00M | Scene, ViewLayer | Synchronizing object | Painted intake ring.001
Fra:1 Mem:252.37M (Peak 252.38M) | Time:00:01.29 | Mem:0.00M, Peak:0.00M | Scene, ViewLayer | Synchronizing object | Horizontal grille louver
Fra:1 Mem:252.50M (Peak 252.50M) | Time:00:01.29 | Mem:0.00M, Peak:0.00M | Scene, ViewLayer | Synchronizing object | Horizontal grille louver.001
Fra:1 Mem:252.46M (Peak 252.50M) | Time:00:01.29 | Mem:0.00M, Peak:0.00M | Scene, ViewLayer | Synchronizing object | Horizontal grille louver.002
Fra:1 Mem:252.51M (Peak 252.51M) | Time:00:01.29 | Mem:0.00M, Peak:0.00M | Scene, ViewLayer | Synchronizing object | Horizontal grille louver.003
Fra:1 Mem:252.54M (Peak 252.54M) | Time:00:01.29 | Mem:0.00M, Peak:0.00M | Scene, ViewLayer | Synchronizing object | Deep projector optic.002
Fra:1 Mem:252.54M (Peak 252.54M) | Time:00:01.29 | Mem:0.00M, Peak:0.00M | Scene, ViewLayer | Synchronizing object | Grille vertical reinforcement
Fra:1 Mem:252.53M (Peak 252.54M) | Time:00:01.29 | Mem:0.00M, Peak:0.00M | Scene, ViewLayer | Synchronizing object | Grille vertical reinforcement.001
Fra:1 Mem:252.58M (Peak 252.58M) | Time:00:01.29 | Mem:0.00M, Peak:0.00M | Scene, ViewLayer | Synchronizing object | Grille vertical reinforcement.002
Fra:1 Mem:252.53M (Peak 252.58M) | Time:00:01.29 | Mem:0.00M, Peak:0.00M | Scene, ViewLayer | Synchronizing object | Grille vertical reinforcement.003
Fra:1 Mem:252.53M (Peak 252.58M) | Time:00:01.29 | Mem:0.00M, Peak:0.00M | Scene, ViewLayer | Synchronizing object | Grille vertical reinforcement.004
Fra:1 Mem:252.54M (Peak 252.58M) | Time:00:01.29 | Mem:0.00M, Peak:0.00M | Scene, ViewLayer | Synchronizing object | Grille vertical reinforcement.005
Fra:1 Mem:252.60M (Peak 252.60M) | Time:00:01.29 | Mem:0.00M, Peak:0.00M | Scene, ViewLayer | Synchronizing object | Grille vertical reinforcement.006
Fra:1 Mem:252.57M (Peak 252.60M) | Time:00:01.29 | Mem:0.00M, Peak:0.00M | Scene, ViewLayer | Synchronizing object | Grille vertical reinforcement.007
Fra:1 Mem:252.59M (Peak 252.60M) | Time:00:01.29 | Mem:0.00M, Peak:0.00M | Scene, ViewLayer | Synchronizing object | Grille vertical reinforcement.008
Fra:1 Mem:252.56M (Peak 252.60M) | Time:00:01.29 | Mem:0.00M, Peak:0.00M | Scene, ViewLayer | Synchronizing object | Rectangular LED projector surround.003
Fra:1 Mem:252.56M (Peak 252.60M) | Time:00:01.29 | Mem:0.00M, Peak:0.00M | Scene, ViewLayer | Synchronizing object | Grille vertical reinforcement.009
Fra:1 Mem:252.58M (Peak 252.60M) | Time:00:01.29 | Mem:0.00M, Peak:0.00M | Scene, ViewLayer | Synchronizing object | Grille vertical reinforcement.010
Fra:1 Mem:252.63M (Peak 252.63M) | Time:00:01.29 | Mem:0.00M, Peak:0.00M | Scene, ViewLayer | Synchronizing object | Front splitter blade
Fra:1 Mem:252.74M (Peak 252.74M) | Time:00:01.29 | Mem:0.00M, Peak:0.00M | Scene, ViewLayer | Synchronizing object | Front plate lettering
Fra:1 Mem:252.90M (Peak 252.90M) | Time:00:01.29 | Mem:0.00M, Peak:0.00M | Scene, ViewLayer | Synchronizing object | Deep projector optic.003
Fra:1 Mem:253.35M (Peak 253.35M) | Time:00:01.29 | Mem:0.00M, Peak:0.00M | Scene, ViewLayer | Synchronizing object | Vertical corner air curtain
Fra:1 Mem:253.66M (Peak 253.66M) | Time:00:01.29 | Mem:0.00M, Peak:0.00M | Scene, ViewLayer | Synchronizing object | Waterdrop headlight | dark compound-curved optical housing.001
Fra:1 Mem:253.80M (Peak 253.80M) | Time:00:01.29 | Mem:0.00M, Peak:0.00M | Scene, ViewLayer | Synchronizing object | Rectangular LED projector surround.004
Fra:1 Mem:253.81M (Peak 253.81M) | Time:00:01.29 | Mem:0.00M, Peak:0.00M | Scene, ViewLayer | Synchronizing object | Deep projector optic.004
Fra:1 Mem:256.32M (Peak 256.36M) | Time:00:01.29 | Mem:0.00M, Peak:0.00M | Scene, ViewLayer | Synchronizing object | Rectangular LED projector surround.005
Fra:1 Mem:256.31M (Peak 256.36M) | Time:00:01.29 | Mem:0.00M, Peak:0.00M | Scene, ViewLayer | Synchronizing object | Deep projector optic.005
Fra:1 Mem:256.39M (Peak 256.39M) | Time:00:01.29 | Mem:0.00M, Peak:0.00M | Scene, ViewLayer | Synchronizing object | Rectangular LED projector surround.006
Fra:1 Mem:256.40M (Peak 256.40M) | Time:00:01.29 | Mem:0.00M, Peak:0.00M | Scene, ViewLayer | Synchronizing object | Deep projector optic.006
Fra:1 Mem:256.39M (Peak 256.40M) | Time:00:01.29 | Mem:0.00M, Peak:0.00M | Scene, ViewLayer | Synchronizing object | Rectangular LED projector surround.007
Fra:1 Mem:254.03M (Peak 256.40M) | Time:00:01.29 | Mem:0.00M, Peak:0.00M | Scene, ViewLayer | Synchronizing object | Deep projector optic.007
Fra:1 Mem:256.45M (Peak 256.45M) | Time:00:01.29 | Mem:0.00M, Peak:0.00M | Scene, ViewLayer | Synchronizing object | Vertical corner air curtain.001
Fra:1 Mem:256.57M (Peak 256.57M) | Time:00:01.29 | Mem:0.00M, Peak:0.00M | Scene, ViewLayer | Synchronizing object | Wide trapezoidal front lower intake
Fra:1 Mem:256.64M (Peak 256.64M) | Time:00:01.29 | Mem:0.00M, Peak:0.00M | Scene, ViewLayer | Synchronizing object | Sculpted Aqua Blue intake side surround
Fra:1 Mem:256.67M (Peak 256.67M) | Time:00:01.29 | Mem:0.00M, Peak:0.00M | Scene, ViewLayer | Synchronizing object | Sculpted Aqua Blue intake side surround.001
Fra:1 Mem:256.65M (Peak 256.67M) | Time:00:01.29 | Mem:0.00M, Peak:0.00M | Scene, ViewLayer | Synchronizing object | Front license plate bracket
Fra:1 Mem:256.71M (Peak 256.71M) | Time:00:01.29 | Mem:0.00M, Peak:0.00M | Scene, ViewLayer | Synchronizing object | Front license plate
Fra:1 Mem:254.39M (Peak 256.71M) | Time:00:01.29 | Mem:0.00M, Peak:0.00M | Scene, ViewLayer | Synchronizing object | Ultrasonic parking sensor
Fra:1 Mem:254.39M (Peak 256.71M) | Time:00:01.29 | Mem:0.00M, Peak:0.00M | Scene, ViewLayer | Synchronizing object | Ultrasonic parking sensor.001
Fra:1 Mem:254.56M (Peak 256.71M) | Time:00:01.29 | Mem:0.00M, Peak:0.00M | Scene, ViewLayer | Synchronizing object | License plate screw.001
Fra:1 Mem:254.51M (Peak 256.71M) | Time:00:01.29 | Mem:0.00M, Peak:0.00M | Scene, ViewLayer | Synchronizing object | Xiaomi hood emblem
Fra:1 Mem:254.50M (Peak 256.71M) | Time:00:01.29 | Mem:0.00M, Peak:0.00M | Scene, ViewLayer | Synchronizing object | Hood mi insignia
Fra:1 Mem:254.76M (Peak 256.71M) | Time:00:01.29 | Mem:0.00M, Peak:0.00M | Scene, ViewLayer | Synchronizing object | Front perception camera
Fra:1 Mem:254.76M (Peak 256.71M) | Time:00:01.29 | Mem:0.00M, Peak:0.00M | Scene, ViewLayer | Synchronizing object | Rear lamp outer seal
Fra:1 Mem:254.86M (Peak 256.71M) | Time:00:01.29 | Mem:0.00M, Peak:0.00M | Scene, ViewLayer | Synchronizing object | Full-width smoked rear lamp housing
Fra:1 Mem:254.97M (Peak 256.71M) | Time:00:01.29 | Mem:0.00M, Peak:0.00M | Scene, ViewLayer | Synchronizing object | Halo rear red optical bed
Fra:1 Mem:255.00M (Peak 256.71M) | Time:00:01.29 | Mem:0.00M, Peak:0.00M | Scene, ViewLayer | Synchronizing object | Continuous halo rear LED
Fra:1 Mem:255.15M (Peak 256.71M) | Time:00:01.29 | Mem:0.00M, Peak:0.00M | Scene, ViewLayer | Synchronizing object | Lower full-width LED filament
Fra:1 Mem:255.32M (Peak 256.71M) | Time:00:01.29 | Mem:0.00M, Peak:0.00M | Scene, ViewLayer | Synchronizing object | Inner taillight return
Fra:1 Mem:255.33M (Peak 256.71M) | Time:00:01.29 | Mem:0.00M, Peak:0.00M | Scene, ViewLayer | Synchronizing object | Rear bumper side air outlet
Fra:1 Mem:255.34M (Peak 256.71M) | Time:00:01.29 | Mem:0.00M, Peak:0.00M | Scene, ViewLayer | Synchronizing object | Rear vent rim
Fra:1 Mem:255.40M (Peak 256.71M) | Time:00:01.29 | Mem:0.00M, Peak:0.00M | Scene, ViewLayer | Synchronizing object | Trunk panel shut line
Fra:1 Mem:255.47M (Peak 256.71M) | Time:00:01.29 | Mem:0.00M, Peak:0.00M | Scene, ViewLayer | Synchronizing object | Rear lower reflector
Fra:1 Mem:255.49M (Peak 256.71M) | Time:00:01.29 | Mem:0.00M, Peak:0.00M | Scene, ViewLayer | Synchronizing object | Inner taillight return.001
Fra:1 Mem:255.55M (Peak 256.71M) | Time:00:01.29 | Mem:0.00M, Peak:0.00M | Scene, ViewLayer | Synchronizing object | Rear vent rim.001
Fra:1 Mem:255.52M (Peak 256.71M) | Time:00:01.29 | Mem:0.00M, Peak:0.00M | Scene, ViewLayer | Synchronizing object | Rear bumper side air outlet.001
Fra:1 Mem:255.59M (Peak 256.71M) | Time:00:01.29 | Mem:0.00M, Peak:0.00M | Scene, ViewLayer | Synchronizing object | Trunk panel shut line.001
Fra:1 Mem:255.65M (Peak 256.71M) | Time:00:01.30 | Mem:0.00M, Peak:0.00M | Scene, ViewLayer | Synchronizing object | Rear lower reflector.001
Fra:1 Mem:255.66M (Peak 256.71M) | Time:00:01.30 | Mem:0.00M, Peak:0.00M | Scene, ViewLayer | Synchronizing object | Rear diffuser painted buttress
Fra:1 Mem:255.83M (Peak 256.71M) | Time:00:01.30 | Mem:0.00M, Peak:0.00M | Scene, ViewLayer | Synchronizing object | Rear diffuser painted buttress.001
Fra:1 Mem:255.91M (Peak 256.71M) | Time:00:01.31 | Mem:0.00M, Peak:0.00M | Scene, ViewLayer | Synchronizing object | Rear diffuser lower lip
Fra:1 Mem:256.02M (Peak 256.71M) | Time:00:01.31 | Mem:0.00M, Peak:0.00M | Scene, ViewLayer | Synchronizing object | Underfloor diffuser strake.001
Fra:1 Mem:256.04M (Peak 256.71M) | Time:00:01.31 | Mem:0.00M, Peak:0.00M | Scene, ViewLayer | Synchronizing object | Rear plate SU7
Fra:1 Mem:256.42M (Peak 256.71M) | Time:00:01.31 | Mem:0.00M, Peak:0.00M | Scene, ViewLayer | Synchronizing object | Underfloor diffuser strake.003
Fra:1 Mem:256.39M (Peak 256.71M) | Time:00:01.31 | Mem:0.00M, Peak:0.00M | Scene, ViewLayer | Synchronizing object | Underfloor diffuser strake.004
Fra:1 Mem:256.54M (Peak 256.71M) | Time:00:01.31 | Mem:0.00M, Peak:0.00M | Scene, ViewLayer | Synchronizing object | Rear spaced Xiaomi lettering | x
Fra:1 Mem:256.55M (Peak 256.71M) | Time:00:01.31 | Mem:0.00M, Peak:0.00M | Scene, ViewLayer | Synchronizing object | Rear spaced Xiaomi lettering | i
Fra:1 Mem:256.63M (Peak 256.71M) | Time:00:01.31 | Mem:0.00M, Peak:0.00M | Scene, ViewLayer | Synchronizing object | Rear spaced Xiaomi lettering | a
Fra:1 Mem:256.81M (Peak 256.81M) | Time:00:01.31 | Mem:0.00M, Peak:0.00M | Scene, ViewLayer | Synchronizing object | Rear plate bracket
Fra:1 Mem:256.91M (Peak 256.91M) | Time:00:01.31 | Mem:0.00M, Peak:0.00M | Scene, ViewLayer | Synchronizing object | Rear spaced Xiaomi lettering | o
Fra:1 Mem:256.98M (Peak 256.98M) | Time:00:01.31 | Mem:0.00M, Peak:0.00M | Scene, ViewLayer | Synchronizing object | Rear spaced Xiaomi lettering | m
Fra:1 Mem:257.16M (Peak 257.16M) | Time:00:01.31 | Mem:0.00M, Peak:0.00M | Scene, ViewLayer | Synchronizing object | Rear spaced Xiaomi lettering | i.001
Fra:1 Mem:257.26M (Peak 257.26M) | Time:00:01.31 | Mem:0.00M, Peak:0.00M | Scene, ViewLayer | Synchronizing object | Rear model badge
Fra:1 Mem:257.52M (Peak 257.52M) | Time:00:01.31 | Mem:0.00M, Peak:0.00M | Scene, ViewLayer | Synchronizing object | Rear Max badge
Fra:1 Mem:257.80M (Peak 257.80M) | Time:00:01.31 | Mem:0.00M, Peak:0.00M | Scene, ViewLayer | Synchronizing object | Rear manufacturer badge
Fra:1 Mem:257.99M (Peak 257.99M) | Time:00:01.31 | Mem:0.00M, Peak:0.00M | Scene, ViewLayer | Synchronizing object | Integrated rear deck ducktail
Fra:1 Mem:258.13M (Peak 258.13M) | Time:00:01.31 | Mem:0.00M, Peak:0.00M | Scene, ViewLayer | Synchronizing object | Retractable spoiler shut line
Fra:1 Mem:258.21M (Peak 258.21M) | Time:00:01.31 | Mem:0.00M, Peak:0.00M | Scene, ViewLayer | Synchronizing object | Rear parking camera
Fra:1 Mem:258.30M (Peak 258.30M) | Time:00:01.31 | Mem:0.00M, Peak:0.00M | Scene, ViewLayer | Synchronizing object | Front left | tire carcass
Fra:1 Mem:258.33M (Peak 258.33M) | Time:00:01.31 | Mem:0.00M, Peak:0.00M | Scene, ViewLayer | Synchronizing object | Front left tire molded sidewall ring.001
Fra:1 Mem:258.58M (Peak 258.58M) | Time:00:01.31 | Mem:0.00M, Peak:0.00M | Scene, ViewLayer | Synchronizing object | Front left tire molded sidewall ring.002
Fra:1 Mem:258.61M (Peak 258.61M) | Time:00:01.31 | Mem:0.00M, Peak:0.00M | Scene, ViewLayer | Synchronizing object | Front left tire molded sidewall ring
Fra:1 Mem:258.77M (Peak 258.77M) | Time:00:01.31 | Mem:0.00M, Peak:0.00M | Scene, ViewLayer | Synchronizing object | Front left directional tread | 792 blocks
Fra:1 Mem:258.95M (Peak 258.95M) | Time:00:01.31 | Mem:0.00M, Peak:0.00M | Scene, ViewLayer | Synchronizing object | Front left cast rim barrel
Fra:1 Mem:259.14M (Peak 259.14M) | Time:00:01.31 | Mem:0.00M, Peak:0.00M | Scene, ViewLayer | Synchronizing object | Front left diamond-cut outer flange
Fra:1 Mem:259.72M (Peak 259.72M) | Time:00:01.31 | Mem:0.00M, Peak:0.00M | Scene, ViewLayer | Synchronizing object | Front left inner rim accent
Fra:1 Mem:259.70M (Peak 259.72M) | Time:00:01.31 | Mem:0.00M, Peak:0.00M | Scene, ViewLayer | Synchronizing object | Front left brake rotor
Fra:1 Mem:259.94M (Peak 259.94M) | Time:00:01.31 | Mem:0.00M, Peak:0.00M | Scene, ViewLayer | Synchronizing object | Front left rotor outer scoring
Fra:1 Mem:260.13M (Peak 260.13M) | Time:00:01.31 | Mem:0.00M, Peak:0.00M | Scene, ViewLayer | Synchronizing object | Front left drilled rotor perforation
Fra:1 Mem:260.14M (Peak 260.14M) | Time:00:01.31 | Mem:0.00M, Peak:0.00M | Scene, ViewLayer | Synchronizing object | Front left drilled rotor perforation.001
Fra:1 Mem:260.12M (Peak 260.14M) | Time:00:01.31 | Mem:0.00M, Peak:0.00M | Scene, ViewLayer | Synchronizing object | Front left drilled rotor perforation.002
Fra:1 Mem:260.11M (Peak 260.14M) | Time:00:01.31 | Mem:0.00M, Peak:0.00M | Scene, ViewLayer | Synchronizing object | Front left drilled rotor perforation.003
Fra:1 Mem:260.13M (Peak 260.14M) | Time:00:01.31 | Mem:0.00M, Peak:0.00M | Scene, ViewLayer | Synchronizing object | Front left drilled rotor perforation.004
Fra:1 Mem:260.12M (Peak 260.14M) | Time:00:01.31 | Mem:0.00M, Peak:0.00M | Scene, ViewLayer | Synchronizing object | Front left caliper marking
Fra:1 Mem:260.14M (Peak 260.14M) | Time:00:01.31 | Mem:0.00M, Peak:0.00M | Scene, ViewLayer | Synchronizing object | Front left drilled rotor perforation.005
Fra:1 Mem:260.31M (Peak 260.31M) | Time:00:01.31 | Mem:0.00M, Peak:0.00M | Scene, ViewLayer | Synchronizing object | Front left drilled rotor perforation.006
Fra:1 Mem:260.30M (Peak 260.31M) | Time:00:01.31 | Mem:0.00M, Peak:0.00M | Scene, ViewLayer | Synchronizing object | Front left drilled rotor perforation.007
Fra:1 Mem:260.32M (Peak 260.32M) | Time:00:01.31 | Mem:0.00M, Peak:0.00M | Scene, ViewLayer | Synchronizing object | Front left drilled rotor perforation.008
Fra:1 Mem:260.62M (Peak 260.62M) | Time:00:01.31 | Mem:0.00M, Peak:0.00M | Scene, ViewLayer | Synchronizing object | Front left drilled rotor perforation.009
Fra:1 Mem:260.77M (Peak 260.77M) | Time:00:01.31 | Mem:0.00M, Peak:0.00M | Scene, ViewLayer | Synchronizing object | Front left drilled rotor perforation.010
Fra:1 Mem:260.84M (Peak 260.84M) | Time:00:01.31 | Mem:0.00M, Peak:0.00M | Scene, ViewLayer | Synchronizing object | Front left drilled rotor perforation.011
Fra:1 Mem:260.86M (Peak 260.86M) | Time:00:01.31 | Mem:0.00M, Peak:0.00M | Scene, ViewLayer | Synchronizing object | Front left drilled rotor perforation.012
Fra:1 Mem:260.88M (Peak 260.88M) | Time:00:01.31 | Mem:0.00M, Peak:0.00M | Scene, ViewLayer | Synchronizing object | Front left drilled rotor perforation.013
Fra:1 Mem:260.90M (Peak 260.90M) | Time:00:01.31 | Mem:0.00M, Peak:0.00M | Scene, ViewLayer | Synchronizing object | Front left drilled rotor perforation.014
Fra:1 Mem:260.93M (Peak 260.93M) | Time:00:01.31 | Mem:0.00M, Peak:0.00M | Scene, ViewLayer | Synchronizing object | Front left drilled rotor perforation.015
Fra:1 Mem:261.07M (Peak 261.07M) | Time:00:01.31 | Mem:0.00M, Peak:0.00M | Scene, ViewLayer | Synchronizing object | Front left drilled rotor perforation.016
Fra:1 Mem:260.97M (Peak 261.07M) | Time:00:01.31 | Mem:0.00M, Peak:0.00M | Scene, ViewLayer | Synchronizing object | Front left drilled rotor perforation.017
Fra:1 Mem:260.99M (Peak 261.07M) | Time:00:01.31 | Mem:0.00M, Peak:0.00M | Scene, ViewLayer | Synchronizing object | Front left drilled rotor perforation.018
Fra:1 Mem:261.00M (Peak 261.07M) | Time:00:01.31 | Mem:0.00M, Peak:0.00M | Scene, ViewLayer | Synchronizing object | Front left center mi logo
Fra:1 Mem:261.08M (Peak 261.08M) | Time:00:01.31 | Mem:0.00M, Peak:0.00M | Scene, ViewLayer | Synchronizing object | Front left drilled rotor perforation.019
Fra:1 Mem:261.22M (Peak 261.22M) | Time:00:01.31 | Mem:0.00M, Peak:0.00M | Scene, ViewLayer | Synchronizing object | Front left drilled rotor perforation.020
Fra:1 Mem:261.27M (Peak 261.27M) | Time:00:01.31 | Mem:0.00M, Peak:0.00M | Scene, ViewLayer | Synchronizing object | Front left sidewall lettering
Fra:1 Mem:261.26M (Peak 261.27M) | Time:00:01.31 | Mem:0.00M, Peak:0.00M | Scene, ViewLayer | Synchronizing object | Front left drilled rotor perforation.021
Fra:1 Mem:261.29M (Peak 261.29M) | Time:00:01.31 | Mem:0.00M, Peak:0.00M | Scene, ViewLayer | Synchronizing object | Front left sidewall lettering.001
Fra:1 Mem:261.31M (Peak 261.31M) | Time:00:01.31 | Mem:0.00M, Peak:0.00M | Scene, ViewLayer | Synchronizing object | Front left sidewall lettering.002
Fra:1 Mem:261.40M (Peak 261.40M) | Time:00:01.31 | Mem:0.00M, Peak:0.00M | Scene, ViewLayer | Synchronizing object | Front left drilled rotor perforation.022
Fra:1 Mem:261.44M (Peak 261.44M) | Time:00:01.31 | Mem:0.00M, Peak:0.00M | Scene, ViewLayer | Synchronizing object | Front left drilled rotor perforation.023
Fra:1 Mem:261.45M (Peak 261.45M) | Time:00:01.32 | Mem:0.00M, Peak:0.00M | Scene, ViewLayer | Synchronizing object | Front left drilled rotor perforation.025
Fra:1 Mem:261.51M (Peak 261.51M) | Time:00:01.32 | Mem:0.00M, Peak:0.00M | Scene, ViewLayer | Synchronizing object | Front left sidewall lettering.004
Fra:1 Mem:261.50M (Peak 261.51M) | Time:00:01.32 | Mem:0.00M, Peak:0.00M | Scene, ViewLayer | Synchronizing object | Front left drilled rotor perforation.026
Fra:1 Mem:261.55M (Peak 261.55M) | Time:00:01.32 | Mem:0.00M, Peak:0.00M | Scene, ViewLayer | Synchronizing object | Front left sidewall lettering.005
Fra:1 Mem:261.58M (Peak 261.58M) | Time:00:01.32 | Mem:0.00M, Peak:0.00M | Scene, ViewLayer | Synchronizing object | Front left sidewall lettering.006
Fra:1 Mem:261.53M (Peak 261.58M) | Time:00:01.32 | Mem:0.00M, Peak:0.00M | Scene, ViewLayer | Synchronizing object | Front left drilled rotor perforation.027
Fra:1 Mem:261.54M (Peak 261.58M) | Time:00:01.32 | Mem:0.00M, Peak:0.00M | Scene, ViewLayer | Synchronizing object | Front left sidewall lettering.007
Fra:1 Mem:261.61M (Peak 261.61M) | Time:00:01.32 | Mem:0.00M, Peak:0.00M | Scene, ViewLayer | Synchronizing object | Front left sidewall lettering.008
Fra:1 Mem:261.61M (Peak 261.61M) | Time:00:01.32 | Mem:0.00M, Peak:0.00M | Scene, ViewLayer | Synchronizing object | Front left drilled rotor perforation.029
Fra:1 Mem:261.73M (Peak 261.73M) | Time:00:01.32 | Mem:0.00M, Peak:0.00M | Scene, ViewLayer | Synchronizing object | Front left drilled rotor perforation.030
Fra:1 Mem:261.71M (Peak 261.73M) | Time:00:01.32 | Mem:0.00M, Peak:0.00M | Scene, ViewLayer | Synchronizing object | Front left drilled rotor perforation.031
Fra:1 Mem:261.77M (Peak 261.77M) | Time:00:01.32 | Mem:0.00M, Peak:0.00M | Scene, ViewLayer | Synchronizing object | Front left drilled rotor perforation.032
Fra:1 Mem:261.77M (Peak 261.77M) | Time:00:01.32 | Mem:0.00M, Peak:0.00M | Scene, ViewLayer | Synchronizing object | Front left drilled rotor perforation.033
Fra:1 Mem:261.77M (Peak 261.77M) | Time:00:01.32 | Mem:0.00M, Peak:0.00M | Scene, ViewLayer | Synchronizing object | Front left drilled rotor perforation.034
Fra:1 Mem:261.77M (Peak 261.77M) | Time:00:01.32 | Mem:0.00M, Peak:0.00M | Scene, ViewLayer | Synchronizing object | Front left drilled rotor perforation.035
Fra:1 Mem:261.80M (Peak 261.80M) | Time:00:01.32 | Mem:0.00M, Peak:0.00M | Scene, ViewLayer | Synchronizing object | Front left sidewall lettering.009
Fra:1 Mem:261.81M (Peak 261.81M) | Time:00:01.32 | Mem:0.00M, Peak:0.00M | Scene, ViewLayer | Synchronizing object | Front left sidewall lettering.010
Fra:1 Mem:261.78M (Peak 261.81M) | Time:00:01.32 | Mem:0.00M, Peak:0.00M | Scene, ViewLayer | Synchronizing object | Front left drilled rotor perforation.037
Fra:1 Mem:261.83M (Peak 261.83M) | Time:00:01.32 | Mem:0.00M, Peak:0.00M | Scene, ViewLayer | Synchronizing object | Front left sidewall lettering.011
Fra:1 Mem:261.83M (Peak 261.83M) | Time:00:01.32 | Mem:0.00M, Peak:0.00M | Scene, ViewLayer | Synchronizing object | Front left drilled rotor perforation.038
Fra:1 Mem:262.00M (Peak 262.00M) | Time:00:01.32 | Mem:0.00M, Peak:0.00M | Scene, ViewLayer | Synchronizing object | Front left drilled rotor perforation.039
Fra:1 Mem:261.98M (Peak 262.00M) | Time:00:01.32 | Mem:0.00M, Peak:0.00M | Scene, ViewLayer | Synchronizing object | Front left drilled rotor perforation.040
Fra:1 Mem:261.97M (Peak 262.00M) | Time:00:01.32 | Mem:0.00M, Peak:0.00M | Scene, ViewLayer | Synchronizing object | Front left drilled rotor perforation.041
Fra:1 Mem:262.02M (Peak 262.02M) | Time:00:01.32 | Mem:0.00M, Peak:0.00M | Scene, ViewLayer | Synchronizing object | Front left sidewall lettering.013
Fra:1 Mem:262.06M (Peak 262.06M) | Time:00:01.32 | Mem:0.00M, Peak:0.00M | Scene, ViewLayer | Synchronizing object | Front left sidewall lettering.014
Fra:1 Mem:262.18M (Peak 262.18M) | Time:00:01.32 | Mem:0.00M, Peak:0.00M | Scene, ViewLayer | Synchronizing object | Front left drilled rotor perforation.042
Fra:1 Mem:262.20M (Peak 262.20M) | Time:00:01.32 | Mem:0.00M, Peak:0.00M | Scene, ViewLayer | Synchronizing object | Front left drilled rotor perforation.043
Fra:1 Mem:262.19M (Peak 262.20M) | Time:00:01.32 | Mem:0.00M, Peak:0.00M | Scene, ViewLayer | Synchronizing object | Front left sidewall lettering.015
Fra:1 Mem:262.26M (Peak 262.26M) | Time:00:01.32 | Mem:0.00M, Peak:0.00M | Scene, ViewLayer | Synchronizing object | Front left drilled rotor perforation.046
Fra:1 Mem:262.26M (Peak 262.26M) | Time:00:01.32 | Mem:0.00M, Peak:0.00M | Scene, ViewLayer | Synchronizing object | Front left drilled rotor perforation.047
Fra:1 Mem:262.28M (Peak 262.28M) | Time:00:01.32 | Mem:0.00M, Peak:0.00M | Scene, ViewLayer | Synchronizing object | Front left drilled rotor perforation.048
Fra:1 Mem:262.31M (Peak 262.31M) | Time:00:01.32 | Mem:0.00M, Peak:0.00M | Scene, ViewLayer | Synchronizing object | Front left drilled rotor perforation.049
Fra:1 Mem:262.35M (Peak 262.35M) | Time:00:01.32 | Mem:0.00M, Peak:0.00M | Scene, ViewLayer | Synchronizing object | Front left drilled rotor perforation.050
Fra:1 Mem:262.37M (Peak 262.37M) | Time:00:01.32 | Mem:0.00M, Peak:0.00M | Scene, ViewLayer | Synchronizing object | Front left drilled rotor perforation.052
Fra:1 Mem:262.47M (Peak 262.47M) | Time:00:01.32 | Mem:0.00M, Peak:0.00M | Scene, ViewLayer | Synchronizing object | Front left drilled rotor perforation.053
Fra:1 Mem:262.47M (Peak 262.47M) | Time:00:01.32 | Mem:0.00M, Peak:0.00M | Scene, ViewLayer | Synchronizing object | Front left drilled rotor perforation.054
Fra:1 Mem:262.47M (Peak 262.47M) | Time:00:01.32 | Mem:0.00M, Peak:0.00M | Scene, ViewLayer | Synchronizing object | Front left drilled rotor perforation.055
Fra:1 Mem:262.52M (Peak 262.52M) | Time:00:01.32 | Mem:0.00M, Peak:0.00M | Scene, ViewLayer | Synchronizing object | Front left drilled rotor perforation.056
Fra:1 Mem:262.53M (Peak 262.53M) | Time:00:01.32 | Mem:0.00M, Peak:0.00M | Scene, ViewLayer | Synchronizing object | Front left drilled rotor perforation.057
Fra:1 Mem:262.56M (Peak 262.56M) | Time:00:01.32 | Mem:0.00M, Peak:0.00M | Scene, ViewLayer | Synchronizing object | Front left drilled rotor perforation.058
Fra:1 Mem:262.67M (Peak 262.67M) | Time:00:01.32 | Mem:0.00M, Peak:0.00M | Scene, ViewLayer | Synchronizing object | Front left drilled rotor perforation.059
Fra:1 Mem:262.65M (Peak 262.67M) | Time:00:01.32 | Mem:0.00M, Peak:0.00M | Scene, ViewLayer | Synchronizing object | Front left drilled rotor perforation.060
Fra:1 Mem:262.64M (Peak 262.67M) | Time:00:01.32 | Mem:0.00M, Peak:0.00M | Scene, ViewLayer | Synchronizing object | Front left drilled rotor perforation.061
Fra:1 Mem:262.70M (Peak 262.70M) | Time:00:01.32 | Mem:0.00M, Peak:0.00M | Scene, ViewLayer | Synchronizing object | Front left drilled rotor perforation.062
Fra:1 Mem:262.69M (Peak 262.70M) | Time:00:01.32 | Mem:0.00M, Peak:0.00M | Scene, ViewLayer | Synchronizing object | Front left drilled rotor perforation.063
Fra:1 Mem:262.70M (Peak 262.70M) | Time:00:01.32 | Mem:0.00M, Peak:0.00M | Scene, ViewLayer | Synchronizing object | Front left drilled rotor perforation.064
Fra:1 Mem:262.70M (Peak 262.70M) | Time:00:01.32 | Mem:0.00M, Peak:0.00M | Scene, ViewLayer | Synchronizing object | Front left drilled rotor perforation.066
Fra:1 Mem:262.86M (Peak 262.86M) | Time:00:01.32 | Mem:0.00M, Peak:0.00M | Scene, ViewLayer | Synchronizing object | Front left drilled rotor perforation.067
Fra:1 Mem:262.88M (Peak 262.88M) | Time:00:01.32 | Mem:0.00M, Peak:0.00M | Scene, ViewLayer | Synchronizing object | Front left drilled rotor perforation.068
Fra:1 Mem:262.92M (Peak 262.92M) | Time:00:01.32 | Mem:0.00M, Peak:0.00M | Scene, ViewLayer | Synchronizing object | Front left drilled rotor perforation.069
Fra:1 Mem:262.93M (Peak 262.93M) | Time:00:01.32 | Mem:0.00M, Peak:0.00M | Scene, ViewLayer | Synchronizing object | Front left drilled rotor perforation.070
Fra:1 Mem:262.94M (Peak 262.94M) | Time:00:01.32 | Mem:0.00M, Peak:0.00M | Scene, ViewLayer | Synchronizing object | Front left sidewall lettering.018
Fra:1 Mem:262.98M (Peak 262.98M) | Time:00:01.32 | Mem:0.00M, Peak:0.00M | Scene, ViewLayer | Synchronizing object | Front left drilled rotor perforation.071
Fra:1 Mem:262.94M (Peak 262.98M) | Time:00:01.32 | Mem:0.00M, Peak:0.00M | Scene, ViewLayer | Synchronizing object | Front left sidewall lettering.019
Fra:1 Mem:263.03M (Peak 263.03M) | Time:00:01.32 | Mem:0.00M, Peak:0.00M | Scene, ViewLayer | Synchronizing object | Front left sidewall lettering.020
Fra:1 Mem:263.05M (Peak 263.05M) | Time:00:01.32 | Mem:0.00M, Peak:0.00M | Scene, ViewLayer | Synchronizing object | Front left machined split spoke
Fra:1 Mem:263.10M (Peak 263.10M) | Time:00:01.32 | Mem:0.00M, Peak:0.00M | Scene, ViewLayer | Synchronizing object | Front left sidewall lettering.021
Fra:1 Mem:263.08M (Peak 263.10M) | Time:00:01.32 | Mem:0.00M, Peak:0.00M | Scene, ViewLayer | Synchronizing object | Front left black spoke pocket
Fra:1 Mem:263.08M (Peak 263.10M) | Time:00:01.32 | Mem:0.00M, Peak:0.00M | Scene, ViewLayer | Synchronizing object | Front left machined split spoke.001
Fra:1 Mem:263.11M (Peak 263.11M) | Time:00:01.32 | Mem:0.00M, Peak:0.00M | Scene, ViewLayer | Synchronizing object | Front left black spoke pocket.001
Fra:1 Mem:263.16M (Peak 263.16M) | Time:00:01.32 | Mem:0.00M, Peak:0.00M | Scene, ViewLayer | Synchronizing object | Front left machined split spoke.002
Fra:1 Mem:263.16M (Peak 263.16M) | Time:00:01.32 | Mem:0.00M, Peak:0.00M | Scene, ViewLayer | Synchronizing object | Front left machined split spoke.003
Fra:1 Mem:263.24M (Peak 263.24M) | Time:00:01.32 | Mem:0.00M, Peak:0.00M | Scene, ViewLayer | Synchronizing object | Front left black spoke pocket.003
Fra:1 Mem:263.30M (Peak 263.30M) | Time:00:01.32 | Mem:0.00M, Peak:0.00M | Scene, ViewLayer | Synchronizing object | Front left black spoke pocket.004
Fra:1 Mem:263.37M (Peak 263.37M) | Time:00:01.32 | Mem:0.00M, Peak:0.00M | Scene, ViewLayer | Synchronizing object | Front left machined split spoke.005
Fra:1 Mem:263.37M (Peak 263.37M) | Time:00:01.32 | Mem:0.00M, Peak:0.00M | Scene, ViewLayer | Synchronizing object | Front right caliper marking
Fra:1 Mem:263.49M (Peak 263.49M) | Time:00:01.32 | Mem:0.00M, Peak:0.00M | Scene, ViewLayer | Synchronizing object | Front left black spoke pocket.005
Fra:1 Mem:263.84M (Peak 263.84M) | Time:00:01.32 | Mem:0.00M, Peak:0.00M | Scene, ViewLayer | Synchronizing object | Front left machined split spoke.006
Fra:1 Mem:263.93M (Peak 263.93M) | Time:00:01.32 | Mem:0.00M, Peak:0.00M | Scene, ViewLayer | Synchronizing object | Front left black spoke pocket.006
Fra:1 Mem:264.10M (Peak 264.10M) | Time:00:01.33 | Mem:0.00M, Peak:0.00M | Scene, ViewLayer | Synchronizing object | Front left machined split spoke.007
Fra:1 Mem:264.08M (Peak 264.10M) | Time:00:01.33 | Mem:0.00M, Peak:0.00M | Scene, ViewLayer | Synchronizing object | Front left black spoke pocket.007
Fra:1 Mem:264.20M (Peak 264.20M) | Time:00:01.33 | Mem:0.00M, Peak:0.00M | Scene, ViewLayer | Synchronizing object | Front left machined split spoke.008
Fra:1 Mem:264.19M (Peak 264.20M) | Time:00:01.33 | Mem:0.00M, Peak:0.00M | Scene, ViewLayer | Synchronizing object | Front left black spoke pocket.008
Fra:1 Mem:264.21M (Peak 264.21M) | Time:00:01.33 | Mem:0.00M, Peak:0.00M | Scene, ViewLayer | Synchronizing object | Front left machined split spoke.009
Fra:1 Mem:264.32M (Peak 264.32M) | Time:00:01.33 | Mem:0.00M, Peak:0.00M | Scene, ViewLayer | Synchronizing object | Front left black spoke pocket.009
Fra:1 Mem:264.32M (Peak 264.32M) | Time:00:01.33 | Mem:0.00M, Peak:0.00M | Scene, ViewLayer | Synchronizing object | Front left center hub
Fra:1 Mem:264.38M (Peak 264.38M) | Time:00:01.33 | Mem:0.00M, Peak:0.00M | Scene, ViewLayer | Synchronizing object | Front right center mi logo
Fra:1 Mem:264.61M (Peak 264.61M) | Time:00:01.33 | Mem:0.00M, Peak:0.00M | Scene, ViewLayer | Synchronizing object | Front left center cap ring
Fra:1 Mem:264.78M (Peak 264.78M) | Time:00:01.33 | Mem:0.00M, Peak:0.00M | Scene, ViewLayer | Synchronizing object | Front left titanium lug nut
Fra:1 Mem:264.68M (Peak 264.78M) | Time:00:01.33 | Mem:0.00M, Peak:0.00M | Scene, ViewLayer | Synchronizing object | Front right sidewall lettering
Fra:1 Mem:264.69M (Peak 264.78M) | Time:00:01.33 | Mem:0.00M, Peak:0.00M | Scene, ViewLayer | Synchronizing object | Front left titanium lug nut.002
Fra:1 Mem:264.77M (Peak 264.78M) | Time:00:01.33 | Mem:0.00M, Peak:0.00M | Scene, ViewLayer | Synchronizing object | Front right sidewall lettering.001
Fra:1 Mem:264.75M (Peak 264.78M) | Time:00:01.33 | Mem:0.00M, Peak:0.00M | Scene, ViewLayer | Synchronizing object | Front left titanium lug nut.003
Fra:1 Mem:264.75M (Peak 264.78M) | Time:00:01.33 | Mem:0.00M, Peak:0.00M | Scene, ViewLayer | Synchronizing object | Front left titanium lug nut.004
Fra:1 Mem:264.77M (Peak 264.78M) | Time:00:01.33 | Mem:0.00M, Peak:0.00M | Scene, ViewLayer | Synchronizing object | Front right sidewall lettering.002
Fra:1 Mem:264.88M (Peak 264.88M) | Time:00:01.33 | Mem:0.00M, Peak:0.00M | Scene, ViewLayer | Synchronizing object | Front left tire valve
Fra:1 Mem:264.88M (Peak 264.88M) | Time:00:01.33 | Mem:0.00M, Peak:0.00M | Scene, ViewLayer | Synchronizing object | Front right tire molded sidewall ring.001
Fra:1 Mem:265.06M (Peak 265.06M) | Time:00:01.33 | Mem:0.00M, Peak:0.00M | Scene, ViewLayer | Synchronizing object | Front right sidewall lettering.003
Fra:1 Mem:265.20M (Peak 265.20M) | Time:00:01.33 | Mem:0.00M, Peak:0.00M | Scene, ViewLayer | Synchronizing object | Front right tire molded sidewall ring.002
Fra:1 Mem:265.20M (Peak 265.20M) | Time:00:01.33 | Mem:0.00M, Peak:0.00M | Scene, ViewLayer | Synchronizing object | Front right tire molded sidewall ring
Fra:1 Mem:265.36M (Peak 265.36M) | Time:00:01.33 | Mem:0.00M, Peak:0.00M | Scene, ViewLayer | Synchronizing object | Front right directional tread | 792 blocks
Fra:1 Mem:265.45M (Peak 265.45M) | Time:00:01.33 | Mem:0.00M, Peak:0.00M | Scene, ViewLayer | Synchronizing object | Front right sidewall lettering.005
Fra:1 Mem:265.56M (Peak 265.56M) | Time:00:01.33 | Mem:0.00M, Peak:0.00M | Scene, ViewLayer | Synchronizing object | Front right cast rim barrel
Fra:1 Mem:265.61M (Peak 265.61M) | Time:00:01.33 | Mem:0.00M, Peak:0.00M | Scene, ViewLayer | Synchronizing object | Front right sidewall lettering.006
Fra:1 Mem:265.76M (Peak 265.76M) | Time:00:01.33 | Mem:0.00M, Peak:0.00M | Scene, ViewLayer | Synchronizing object | Front right sidewall lettering.007
Fra:1 Mem:265.87M (Peak 265.87M) | Time:00:01.33 | Mem:0.00M, Peak:0.00M | Scene, ViewLayer | Synchronizing object | Front right diamond-cut outer flange
Fra:1 Mem:266.03M (Peak 266.03M) | Time:00:01.33 | Mem:0.00M, Peak:0.00M | Scene, ViewLayer | Synchronizing object | Front right sidewall lettering.008
Fra:1 Mem:266.22M (Peak 266.22M) | Time:00:01.33 | Mem:0.00M, Peak:0.00M | Scene, ViewLayer | Synchronizing object | Front right inner rim accent
Fra:1 Mem:266.45M (Peak 266.45M) | Time:00:01.33 | Mem:0.00M, Peak:0.00M | Scene, ViewLayer | Synchronizing object | Front right sidewall lettering.009
Fra:1 Mem:266.47M (Peak 266.47M) | Time:00:01.33 | Mem:0.00M, Peak:0.00M | Scene, ViewLayer | Synchronizing object | Front right brake rotor
Fra:1 Mem:266.53M (Peak 266.53M) | Time:00:01.33 | Mem:0.00M, Peak:0.00M | Scene, ViewLayer | Synchronizing object | Front right sidewall lettering.010
Fra:1 Mem:266.61M (Peak 266.61M) | Time:00:01.33 | Mem:0.00M, Peak:0.00M | Scene, ViewLayer | Synchronizing object | Front right sidewall lettering.011
Fra:1 Mem:266.73M (Peak 266.73M) | Time:00:01.33 | Mem:0.00M, Peak:0.00M | Scene, ViewLayer | Synchronizing object | Front right rotor outer scoring
Fra:1 Mem:266.99M (Peak 266.99M) | Time:00:01.33 | Mem:0.00M, Peak:0.00M | Scene, ViewLayer | Synchronizing object | Front right drilled rotor perforation
Fra:1 Mem:266.92M (Peak 266.99M) | Time:00:01.33 | Mem:0.00M, Peak:0.00M | Scene, ViewLayer | Synchronizing object | Front right drilled rotor perforation.002
Fra:1 Mem:266.97M (Peak 266.99M) | Time:00:01.33 | Mem:0.00M, Peak:0.00M | Scene, ViewLayer | Synchronizing object | Front right drilled rotor perforation.003
Fra:1 Mem:267.01M (Peak 267.01M) | Time:00:01.33 | Mem:0.00M, Peak:0.00M | Scene, ViewLayer | Synchronizing object | Front right drilled rotor perforation.004
Fra:1 Mem:266.99M (Peak 267.01M) | Time:00:01.33 | Mem:0.00M, Peak:0.00M | Scene, ViewLayer | Synchronizing object | Front right drilled rotor perforation.005
Fra:1 Mem:266.99M (Peak 267.01M) | Time:00:01.33 | Mem:0.00M, Peak:0.00M | Scene, ViewLayer | Synchronizing object | Front right drilled rotor perforation.007
Fra:1 Mem:267.03M (Peak 267.03M) | Time:00:01.33 | Mem:0.00M, Peak:0.00M | Scene, ViewLayer | Synchronizing object | Front right drilled rotor perforation.008
Fra:1 Mem:267.00M (Peak 267.03M) | Time:00:01.33 | Mem:0.00M, Peak:0.00M | Scene, ViewLayer | Synchronizing object | Front right drilled rotor perforation.009
Fra:1 Mem:267.07M (Peak 267.07M) | Time:00:01.33 | Mem:0.00M, Peak:0.00M | Scene, ViewLayer | Synchronizing object | Front right sidewall lettering.013
Fra:1 Mem:267.03M (Peak 267.07M) | Time:00:01.33 | Mem:0.00M, Peak:0.00M | Scene, ViewLayer | Synchronizing object | Front right drilled rotor perforation.010
Fra:1 Mem:267.07M (Peak 267.07M) | Time:00:01.33 | Mem:0.00M, Peak:0.00M | Scene, ViewLayer | Synchronizing object | Front right drilled rotor perforation.011
Fra:1 Mem:267.09M (Peak 267.09M) | Time:00:01.33 | Mem:0.00M, Peak:0.00M | Scene, ViewLayer | Synchronizing object | Front right drilled rotor perforation.012
Fra:1 Mem:267.09M (Peak 267.09M) | Time:00:01.33 | Mem:0.00M, Peak:0.00M | Scene, ViewLayer | Synchronizing object | Front right drilled rotor perforation.013
Fra:1 Mem:267.12M (Peak 267.12M) | Time:00:01.33 | Mem:0.00M, Peak:0.00M | Scene, ViewLayer | Synchronizing object | Front right drilled rotor perforation.014
Fra:1 Mem:267.10M (Peak 267.12M) | Time:00:01.33 | Mem:0.00M, Peak:0.00M | Scene, ViewLayer | Synchronizing object | Front right drilled rotor perforation.015
Fra:1 Mem:267.17M (Peak 267.17M) | Time:00:01.33 | Mem:0.00M, Peak:0.00M | Scene, ViewLayer | Synchronizing object | Front right drilled rotor perforation.016
Fra:1 Mem:267.13M (Peak 267.17M) | Time:00:01.33 | Mem:0.00M, Peak:0.00M | Scene, ViewLayer | Synchronizing object | Front right drilled rotor perforation.017
Fra:1 Mem:267.14M (Peak 267.17M) | Time:00:01.33 | Mem:0.00M, Peak:0.00M | Scene, ViewLayer | Synchronizing object | Front right drilled rotor perforation.018
Fra:1 Mem:267.15M (Peak 267.17M) | Time:00:01.33 | Mem:0.00M, Peak:0.00M | Scene, ViewLayer | Synchronizing object | Front right drilled rotor perforation.019
Fra:1 Mem:267.17M (Peak 267.17M) | Time:00:01.33 | Mem:0.00M, Peak:0.00M | Scene, ViewLayer | Synchronizing object | Front right drilled rotor perforation.020
Fra:1 Mem:267.19M (Peak 267.19M) | Time:00:01.33 | Mem:0.00M, Peak:0.00M | Scene, ViewLayer | Synchronizing object | Front right sidewall lettering.014
Fra:1 Mem:267.21M (Peak 267.21M) | Time:00:01.33 | Mem:0.00M, Peak:0.00M | Scene, ViewLayer | Synchronizing object | Front right drilled rotor perforation.021
Fra:1 Mem:267.25M (Peak 267.25M) | Time:00:01.33 | Mem:0.00M, Peak:0.00M | Scene, ViewLayer | Synchronizing object | Front right drilled rotor perforation.022
Fra:1 Mem:267.24M (Peak 267.25M) | Time:00:01.33 | Mem:0.00M, Peak:0.00M | Scene, ViewLayer | Synchronizing object | Front right drilled rotor perforation.023
Fra:1 Mem:267.26M (Peak 267.26M) | Time:00:01.33 | Mem:0.00M, Peak:0.00M | Scene, ViewLayer | Synchronizing object | Front right drilled rotor perforation.024
Fra:1 Mem:267.24M (Peak 267.26M) | Time:00:01.33 | Mem:0.00M, Peak:0.00M | Scene, ViewLayer | Synchronizing object | Front right drilled rotor perforation.025
Fra:1 Mem:267.38M (Peak 267.38M) | Time:00:01.33 | Mem:0.00M, Peak:0.00M | Scene, ViewLayer | Synchronizing object | Front right drilled rotor perforation.026
Fra:1 Mem:267.47M (Peak 267.47M) | Time:00:01.33 | Mem:0.00M, Peak:0.00M | Scene, ViewLayer | Synchronizing object | Front right drilled rotor perforation.027
Fra:1 Mem:267.53M (Peak 267.53M) | Time:00:01.33 | Mem:0.00M, Peak:0.00M | Scene, ViewLayer | Synchronizing object | Front right drilled rotor perforation.028
Fra:1 Mem:267.49M (Peak 267.53M) | Time:00:01.33 | Mem:0.00M, Peak:0.00M | Scene, ViewLayer | Synchronizing object | Front right drilled rotor perforation.029
Fra:1 Mem:267.51M (Peak 267.53M) | Time:00:01.33 | Mem:0.00M, Peak:0.00M | Scene, ViewLayer | Synchronizing object | Front right drilled rotor perforation.030
Fra:1 Mem:267.59M (Peak 267.59M) | Time:00:01.33 | Mem:0.00M, Peak:0.00M | Scene, ViewLayer | Synchronizing object | Front right drilled rotor perforation.031
Fra:1 Mem:267.59M (Peak 267.59M) | Time:00:01.33 | Mem:0.00M, Peak:0.00M | Scene, ViewLayer | Synchronizing object | Front right drilled rotor perforation.032
Fra:1 Mem:267.65M (Peak 267.65M) | Time:00:01.34 | Mem:0.00M, Peak:0.00M | Scene, ViewLayer | Synchronizing object | Front right drilled rotor perforation.033
Fra:1 Mem:267.62M (Peak 267.65M) | Time:00:01.34 | Mem:0.00M, Peak:0.00M | Scene, ViewLayer | Synchronizing object | Front right drilled rotor perforation.034
Fra:1 Mem:267.66M (Peak 267.66M) | Time:00:01.34 | Mem:0.00M, Peak:0.00M | Scene, ViewLayer | Synchronizing object | Front right drilled rotor perforation.035
Fra:1 Mem:267.65M (Peak 267.66M) | Time:00:01.34 | Mem:0.00M, Peak:0.00M | Scene, ViewLayer | Synchronizing object | Front right drilled rotor perforation.036
Fra:1 Mem:267.69M (Peak 267.69M) | Time:00:01.34 | Mem:0.00M, Peak:0.00M | Scene, ViewLayer | Synchronizing object | Front right drilled rotor perforation.037
Fra:1 Mem:267.83M (Peak 267.83M) | Time:00:01.34 | Mem:0.00M, Peak:0.00M | Scene, ViewLayer | Synchronizing object | Front right drilled rotor perforation.039
Fra:1 Mem:267.91M (Peak 267.91M) | Time:00:01.34 | Mem:0.00M, Peak:0.00M | Scene, ViewLayer | Synchronizing object | Front right drilled rotor perforation.040
Fra:1 Mem:267.92M (Peak 267.92M) | Time:00:01.34 | Mem:0.00M, Peak:0.00M | Scene, ViewLayer | Synchronizing object | Front right drilled rotor perforation.041
Fra:1 Mem:267.94M (Peak 267.94M) | Time:00:01.34 | Mem:0.00M, Peak:0.00M | Scene, ViewLayer | Synchronizing object | Front right drilled rotor perforation.042
Fra:1 Mem:267.91M (Peak 267.94M) | Time:00:01.34 | Mem:0.00M, Peak:0.00M | Scene, ViewLayer | Synchronizing object | Front right drilled rotor perforation.044
Fra:1 Mem:267.93M (Peak 267.94M) | Time:00:01.34 | Mem:0.00M, Peak:0.00M | Scene, ViewLayer | Synchronizing object | Front right drilled rotor perforation.045
Fra:1 Mem:267.92M (Peak 267.94M) | Time:00:01.34 | Mem:0.00M, Peak:0.00M | Scene, ViewLayer | Synchronizing object | Front right drilled rotor perforation.046
Fra:1 Mem:267.95M (Peak 267.95M) | Time:00:01.34 | Mem:0.00M, Peak:0.00M | Scene, ViewLayer | Synchronizing object | Front right drilled rotor perforation.047
Fra:1 Mem:267.97M (Peak 267.97M) | Time:00:01.34 | Mem:0.00M, Peak:0.00M | Scene, ViewLayer | Synchronizing object | Front right drilled rotor perforation.049
Fra:1 Mem:268.02M (Peak 268.02M) | Time:00:01.34 | Mem:0.00M, Peak:0.00M | Scene, ViewLayer | Synchronizing object | Front right drilled rotor perforation.050
Fra:1 Mem:268.01M (Peak 268.02M) | Time:00:01.34 | Mem:0.00M, Peak:0.00M | Scene, ViewLayer | Synchronizing object | Front right drilled rotor perforation.051
Fra:1 Mem:268.02M (Peak 268.02M) | Time:00:01.34 | Mem:0.00M, Peak:0.00M | Scene, ViewLayer | Synchronizing object | Front right drilled rotor perforation.052
Fra:1 Mem:268.07M (Peak 268.07M) | Time:00:01.34 | Mem:0.00M, Peak:0.00M | Scene, ViewLayer | Synchronizing object | Front right drilled rotor perforation.053
Fra:1 Mem:268.04M (Peak 268.07M) | Time:00:01.34 | Mem:0.00M, Peak:0.00M | Scene, ViewLayer | Synchronizing object | Front right drilled rotor perforation.054
Fra:1 Mem:268.09M (Peak 268.09M) | Time:00:01.34 | Mem:0.00M, Peak:0.00M | Scene, ViewLayer | Synchronizing object | Front right drilled rotor perforation.055
Fra:1 Mem:268.07M (Peak 268.09M) | Time:00:01.34 | Mem:0.00M, Peak:0.00M | Scene, ViewLayer | Synchronizing object | Front right drilled rotor perforation.056
Fra:1 Mem:268.11M (Peak 268.11M) | Time:00:01.34 | Mem:0.00M, Peak:0.00M | Scene, ViewLayer | Synchronizing object | Front right drilled rotor perforation.057
Fra:1 Mem:268.09M (Peak 268.11M) | Time:00:01.34 | Mem:0.00M, Peak:0.00M | Scene, ViewLayer | Synchronizing object | Front right drilled rotor perforation.058
Fra:1 Mem:268.15M (Peak 268.15M) | Time:00:01.34 | Mem:0.00M, Peak:0.00M | Scene, ViewLayer | Synchronizing object | Front right drilled rotor perforation.059
Fra:1 Mem:268.15M (Peak 268.15M) | Time:00:01.34 | Mem:0.00M, Peak:0.00M | Scene, ViewLayer | Synchronizing object | Front right drilled rotor perforation.060
Fra:1 Mem:268.16M (Peak 268.16M) | Time:00:01.34 | Mem:0.00M, Peak:0.00M | Scene, ViewLayer | Synchronizing object | Front right drilled rotor perforation.061
Fra:1 Mem:268.18M (Peak 268.18M) | Time:00:01.34 | Mem:0.00M, Peak:0.00M | Scene, ViewLayer | Synchronizing object | Front right drilled rotor perforation.062
Fra:1 Mem:268.18M (Peak 268.18M) | Time:00:01.34 | Mem:0.00M, Peak:0.00M | Scene, ViewLayer | Synchronizing object | Front right drilled rotor perforation.063
Fra:1 Mem:268.17M (Peak 268.18M) | Time:00:01.34 | Mem:0.00M, Peak:0.00M | Scene, ViewLayer | Synchronizing object | Front right drilled rotor perforation.064
Fra:1 Mem:268.22M (Peak 268.22M) | Time:00:01.34 | Mem:0.00M, Peak:0.00M | Scene, ViewLayer | Synchronizing object | Front right drilled rotor perforation.065
Fra:1 Mem:268.21M (Peak 268.22M) | Time:00:01.34 | Mem:0.00M, Peak:0.00M | Scene, ViewLayer | Synchronizing object | Front right drilled rotor perforation.066
Fra:1 Mem:268.27M (Peak 268.27M) | Time:00:01.34 | Mem:0.00M, Peak:0.00M | Scene, ViewLayer | Synchronizing object | Front right drilled rotor perforation.067
Fra:1 Mem:268.23M (Peak 268.27M) | Time:00:01.34 | Mem:0.00M, Peak:0.00M | Scene, ViewLayer | Synchronizing object | Front right drilled rotor perforation.068
Fra:1 Mem:268.28M (Peak 268.28M) | Time:00:01.34 | Mem:0.00M, Peak:0.00M | Scene, ViewLayer | Synchronizing object | Front right drilled rotor perforation.069
Fra:1 Mem:268.27M (Peak 268.28M) | Time:00:01.34 | Mem:0.00M, Peak:0.00M | Scene, ViewLayer | Synchronizing object | Front right drilled rotor perforation.070
Fra:1 Mem:268.41M (Peak 268.41M) | Time:00:01.34 | Mem:0.00M, Peak:0.00M | Scene, ViewLayer | Synchronizing object | Front right drilled rotor perforation.071
Fra:1 Mem:268.41M (Peak 268.41M) | Time:00:01.34 | Mem:0.00M, Peak:0.00M | Scene, ViewLayer | Synchronizing object | Front right brake disc bell
Fra:1 Mem:268.47M (Peak 268.47M) | Time:00:01.34 | Mem:0.00M, Peak:0.00M | Scene, ViewLayer | Synchronizing object | Front right yellow six-piston caliper
Fra:1 Mem:268.50M (Peak 268.50M) | Time:00:01.34 | Mem:0.00M, Peak:0.00M | Scene, ViewLayer | Synchronizing object | Front right sidewall lettering.018
Fra:1 Mem:268.58M (Peak 268.58M) | Time:00:01.34 | Mem:0.00M, Peak:0.00M | Scene, ViewLayer | Synchronizing object | Front right sidewall lettering.019
Fra:1 Mem:268.63M (Peak 268.63M) | Time:00:01.34 | Mem:0.00M, Peak:0.00M | Scene, ViewLayer | Synchronizing object | Front right sidewall lettering.020
Fra:1 Mem:268.61M (Peak 268.63M) | Time:00:01.34 | Mem:0.00M, Peak:0.00M | Scene, ViewLayer | Synchronizing object | Front right sidewall lettering.021
Fra:1 Mem:268.53M (Peak 268.63M) | Time:00:01.34 | Mem:0.00M, Peak:0.00M | Scene, ViewLayer | Synchronizing object | Front right machined split spoke.001
Fra:1 Mem:268.65M (Peak 268.65M) | Time:00:01.34 | Mem:0.00M, Peak:0.00M | Scene, ViewLayer | Synchronizing object | Front right black spoke pocket.001
Fra:1 Mem:268.64M (Peak 268.65M) | Time:00:01.34 | Mem:0.00M, Peak:0.00M | Scene, ViewLayer | Synchronizing object | Front right machined split spoke.002
Fra:1 Mem:268.72M (Peak 268.72M) | Time:00:01.34 | Mem:0.00M, Peak:0.00M | Scene, ViewLayer | Synchronizing object | Front right black spoke pocket.002
Fra:1 Mem:268.73M (Peak 268.73M) | Time:00:01.34 | Mem:0.00M, Peak:0.00M | Scene, ViewLayer | Synchronizing object | Front right machined split spoke.003
Fra:1 Mem:268.72M (Peak 268.73M) | Time:00:01.34 | Mem:0.00M, Peak:0.00M | Scene, ViewLayer | Synchronizing object | Front right black spoke pocket.003
Fra:1 Mem:268.78M (Peak 268.78M) | Time:00:01.34 | Mem:0.00M, Peak:0.00M | Scene, ViewLayer | Synchronizing object | Front right machined split spoke.004
Fra:1 Mem:268.77M (Peak 268.78M) | Time:00:01.34 | Mem:0.00M, Peak:0.00M | Scene, ViewLayer | Synchronizing object | Front right black spoke pocket.004
Fra:1 Mem:268.89M (Peak 268.89M) | Time:00:01.34 | Mem:0.00M, Peak:0.00M | Scene, ViewLayer | Synchronizing object | Rear left caliper marking
Fra:1 Mem:269.31M (Peak 269.31M) | Time:00:01.34 | Mem:0.00M, Peak:0.00M | Scene, ViewLayer | Synchronizing object | Front right machined split spoke.005
Fra:1 Mem:269.42M (Peak 269.42M) | Time:00:01.35 | Mem:0.00M, Peak:0.00M | Scene, ViewLayer | Synchronizing object | Front right black spoke pocket.005
Fra:1 Mem:269.55M (Peak 269.55M) | Time:00:01.35 | Mem:0.00M, Peak:0.00M | Scene, ViewLayer | Synchronizing object | Front right machined split spoke.006
Fra:1 Mem:269.58M (Peak 269.58M) | Time:00:01.35 | Mem:0.00M, Peak:0.00M | Scene, ViewLayer | Synchronizing object | Front right black spoke pocket.006
Fra:1 Mem:269.65M (Peak 269.65M) | Time:00:01.35 | Mem:0.00M, Peak:0.00M | Scene, ViewLayer | Synchronizing object | Front right machined split spoke.007
Fra:1 Mem:269.65M (Peak 269.65M) | Time:00:01.35 | Mem:0.00M, Peak:0.00M | Scene, ViewLayer | Synchronizing object | Front right black spoke pocket.007
Fra:1 Mem:269.67M (Peak 269.67M) | Time:00:01.35 | Mem:0.00M, Peak:0.00M | Scene, ViewLayer | Synchronizing object | Front right machined split spoke.008
Fra:1 Mem:269.70M (Peak 269.70M) | Time:00:01.35 | Mem:0.00M, Peak:0.00M | Scene, ViewLayer | Synchronizing object | Front right black spoke pocket.008
Fra:1 Mem:269.73M (Peak 269.73M) | Time:00:01.35 | Mem:0.00M, Peak:0.00M | Scene, ViewLayer | Synchronizing object | Front right machined split spoke.009
Fra:1 Mem:269.75M (Peak 269.75M) | Time:00:01.35 | Mem:0.00M, Peak:0.00M | Scene, ViewLayer | Synchronizing object | Rear left center mi logo
Fra:1 Mem:269.99M (Peak 269.99M) | Time:00:01.35 | Mem:0.00M, Peak:0.00M | Scene, ViewLayer | Synchronizing object | Front right black spoke pocket.009
Fra:1 Mem:270.05M (Peak 270.05M) | Time:00:01.35 | Mem:0.00M, Peak:0.00M | Scene, ViewLayer | Synchronizing object | Rear left sidewall lettering
Fra:1 Mem:270.03M (Peak 270.05M) | Time:00:01.35 | Mem:0.00M, Peak:0.00M | Scene, ViewLayer | Synchronizing object | Front right center hub
Fra:1 Mem:270.08M (Peak 270.08M) | Time:00:01.35 | Mem:0.00M, Peak:0.00M | Scene, ViewLayer | Synchronizing object | Rear left sidewall lettering.001
Fra:1 Mem:270.09M (Peak 270.09M) | Time:00:01.35 | Mem:0.00M, Peak:0.00M | Scene, ViewLayer | Synchronizing object | Rear left sidewall lettering.002
Fra:1 Mem:270.22M (Peak 270.22M) | Time:00:01.35 | Mem:0.00M, Peak:0.00M | Scene, ViewLayer | Synchronizing object | Front right center cap ring
Fra:1 Mem:270.36M (Peak 270.36M) | Time:00:01.35 | Mem:0.00M, Peak:0.00M | Scene, ViewLayer | Synchronizing object | Rear left sidewall lettering.003
Fra:1 Mem:270.36M (Peak 270.36M) | Time:00:01.35 | Mem:0.00M, Peak:0.00M | Scene, ViewLayer | Synchronizing object | Front right titanium lug nut
Fra:1 Mem:270.40M (Peak 270.40M) | Time:00:01.35 | Mem:0.00M, Peak:0.00M | Scene, ViewLayer | Synchronizing object | Rear left sidewall lettering.004
Fra:1 Mem:270.37M (Peak 270.40M) | Time:00:01.35 | Mem:0.00M, Peak:0.00M | Scene, ViewLayer | Synchronizing object | Front right titanium lug nut.001
Fra:1 Mem:270.38M (Peak 270.40M) | Time:00:01.35 | Mem:0.00M, Peak:0.00M | Scene, ViewLayer | Synchronizing object | Rear left sidewall lettering.005
Fra:1 Mem:270.40M (Peak 270.40M) | Time:00:01.35 | Mem:0.00M, Peak:0.00M | Scene, ViewLayer | Synchronizing object | Front right titanium lug nut.002
Fra:1 Mem:270.40M (Peak 270.40M) | Time:00:01.35 | Mem:0.00M, Peak:0.00M | Scene, ViewLayer | Synchronizing object | Rear left sidewall lettering.006
Fra:1 Mem:270.41M (Peak 270.41M) | Time:00:01.35 | Mem:0.00M, Peak:0.00M | Scene, ViewLayer | Synchronizing object | Front right titanium lug nut.003
Fra:1 Mem:270.44M (Peak 270.44M) | Time:00:01.35 | Mem:0.00M, Peak:0.00M | Scene, ViewLayer | Synchronizing object | Rear left sidewall lettering.007
Fra:1 Mem:270.45M (Peak 270.45M) | Time:00:01.35 | Mem:0.00M, Peak:0.00M | Scene, ViewLayer | Synchronizing object | Front right titanium lug nut.004
Fra:1 Mem:270.47M (Peak 270.47M) | Time:00:01.35 | Mem:0.00M, Peak:0.00M | Scene, ViewLayer | Synchronizing object | Rear left sidewall lettering.008
Fra:1 Mem:270.53M (Peak 270.53M) | Time:00:01.35 | Mem:0.00M, Peak:0.00M | Scene, ViewLayer | Synchronizing object | Front right tire valve
Fra:1 Mem:270.52M (Peak 270.53M) | Time:00:01.35 | Mem:0.00M, Peak:0.00M | Scene, ViewLayer | Synchronizing object | Rear left | tire carcass
Fra:1 Mem:270.65M (Peak 270.65M) | Time:00:01.35 | Mem:0.00M, Peak:0.00M | Scene, ViewLayer | Synchronizing object | Rear left sidewall lettering.009
Fra:1 Mem:270.67M (Peak 270.67M) | Time:00:01.35 | Mem:0.00M, Peak:0.00M | Scene, ViewLayer | Synchronizing object | Rear left tire molded sidewall ring.001
Fra:1 Mem:270.69M (Peak 270.69M) | Time:00:01.35 | Mem:0.00M, Peak:0.00M | Scene, ViewLayer | Synchronizing object | Rear left sidewall lettering.010
Fra:1 Mem:270.72M (Peak 270.72M) | Time:00:01.35 | Mem:0.00M, Peak:0.00M | Scene, ViewLayer | Synchronizing object | Rear left tire molded sidewall ring.002
Fra:1 Mem:270.85M (Peak 270.85M) | Time:00:01.35 | Mem:0.00M, Peak:0.00M | Scene, ViewLayer | Synchronizing object | Rear left sidewall lettering.011
Fra:1 Mem:270.96M (Peak 270.96M) | Time:00:01.35 | Mem:0.00M, Peak:0.00M | Scene, ViewLayer | Synchronizing object | Rear left tire molded sidewall ring
Fra:1 Mem:270.98M (Peak 270.98M) | Time:00:01.35 | Mem:0.00M, Peak:0.00M | Scene, ViewLayer | Synchronizing object | Rear left directional tread | 792 blocks
Fra:1 Mem:271.65M (Peak 271.65M) | Time:00:01.35 | Mem:0.00M, Peak:0.00M | Scene, ViewLayer | Synchronizing object | Rear left sidewall lettering.012
Fra:1 Mem:271.76M (Peak 271.76M) | Time:00:01.35 | Mem:0.00M, Peak:0.00M | Scene, ViewLayer | Synchronizing object | Rear left sidewall lettering.013
Fra:1 Mem:271.86M (Peak 271.86M) | Time:00:01.35 | Mem:0.00M, Peak:0.00M | Scene, ViewLayer | Synchronizing object | Rear left sidewall lettering.014
Fra:1 Mem:271.89M (Peak 271.89M) | Time:00:01.35 | Mem:0.00M, Peak:0.00M | Scene, ViewLayer | Synchronizing object | Rear left cast rim barrel
Fra:1 Mem:272.10M (Peak 272.10M) | Time:00:01.35 | Mem:0.00M, Peak:0.00M | Scene, ViewLayer | Synchronizing object | Rear left diamond-cut outer flange
Fra:1 Mem:272.15M (Peak 272.15M) | Time:00:01.35 | Mem:0.00M, Peak:0.00M | Scene, ViewLayer | Synchronizing object | Rear left inner rim accent
Fra:1 Mem:272.41M (Peak 272.41M) | Time:00:01.35 | Mem:0.00M, Peak:0.00M | Scene, ViewLayer | Synchronizing object | Rear left brake rotor
Fra:1 Mem:272.49M (Peak 272.49M) | Time:00:01.35 | Mem:0.00M, Peak:0.00M | Scene, ViewLayer | Synchronizing object | Rear left sidewall lettering.015
Fra:1 Mem:272.63M (Peak 272.63M) | Time:00:01.35 | Mem:0.00M, Peak:0.00M | Scene, ViewLayer | Synchronizing object | Rear left sidewall lettering.016
Fra:1 Mem:272.62M (Peak 272.63M) | Time:00:01.35 | Mem:0.00M, Peak:0.00M | Scene, ViewLayer | Synchronizing object | Rear left rotor outer scoring
Fra:1 Mem:272.64M (Peak 272.64M) | Time:00:01.35 | Mem:0.00M, Peak:0.00M | Scene, ViewLayer | Synchronizing object | Rear left drilled rotor perforation
Fra:1 Mem:272.80M (Peak 272.80M) | Time:00:01.36 | Mem:0.00M, Peak:0.00M | Scene, ViewLayer | Synchronizing object | Rear left sidewall lettering.017
Fra:1 Mem:272.89M (Peak 272.89M) | Time:00:01.36 | Mem:0.00M, Peak:0.00M | Scene, ViewLayer | Synchronizing object | Rear left drilled rotor perforation.001
Fra:1 Mem:272.97M (Peak 272.97M) | Time:00:01.36 | Mem:0.00M, Peak:0.00M | Scene, ViewLayer | Synchronizing object | Rear left sidewall lettering.018
Fra:1 Mem:272.98M (Peak 272.98M) | Time:00:01.36 | Mem:0.00M, Peak:0.00M | Scene, ViewLayer | Synchronizing object | Rear left drilled rotor perforation.002
Fra:1 Mem:272.97M (Peak 272.98M) | Time:00:01.36 | Mem:0.00M, Peak:0.00M | Scene, ViewLayer | Synchronizing object | Rear left drilled rotor perforation.003
Fra:1 Mem:272.99M (Peak 272.99M) | Time:00:01.36 | Mem:0.00M, Peak:0.00M | Scene, ViewLayer | Synchronizing object | Rear left sidewall lettering.019
Fra:1 Mem:273.03M (Peak 273.03M) | Time:00:01.36 | Mem:0.00M, Peak:0.00M | Scene, ViewLayer | Synchronizing object | Rear left sidewall lettering.020
Fra:1 Mem:273.04M (Peak 273.04M) | Time:00:01.36 | Mem:0.00M, Peak:0.00M | Scene, ViewLayer | Synchronizing object | Rear left sidewall lettering.021
Fra:1 Mem:273.02M (Peak 273.04M) | Time:00:01.36 | Mem:0.00M, Peak:0.00M | Scene, ViewLayer | Synchronizing object | Rear left drilled rotor perforation.004
Fra:1 Mem:273.02M (Peak 273.04M) | Time:00:01.36 | Mem:0.00M, Peak:0.00M | Scene, ViewLayer | Synchronizing object | Rear left drilled rotor perforation.005
Fra:1 Mem:273.08M (Peak 273.08M) | Time:00:01.36 | Mem:0.00M, Peak:0.00M | Scene, ViewLayer | Synchronizing object | Rear left drilled rotor perforation.006
Fra:1 Mem:273.06M (Peak 273.08M) | Time:00:01.36 | Mem:0.00M, Peak:0.00M | Scene, ViewLayer | Synchronizing object | Rear left drilled rotor perforation.007
Fra:1 Mem:273.10M (Peak 273.10M) | Time:00:01.36 | Mem:0.00M, Peak:0.00M | Scene, ViewLayer | Synchronizing object | Rear left drilled rotor perforation.008
Fra:1 Mem:273.09M (Peak 273.10M) | Time:00:01.36 | Mem:0.00M, Peak:0.00M | Scene, ViewLayer | Synchronizing object | Rear left drilled rotor perforation.009
Fra:1 Mem:273.14M (Peak 273.14M) | Time:00:01.36 | Mem:0.00M, Peak:0.00M | Scene, ViewLayer | Synchronizing object | Rear left drilled rotor perforation.010
Fra:1 Mem:273.12M (Peak 273.14M) | Time:00:01.36 | Mem:0.00M, Peak:0.00M | Scene, ViewLayer | Synchronizing object | Rear left drilled rotor perforation.011
Fra:1 Mem:273.15M (Peak 273.15M) | Time:00:01.36 | Mem:0.00M, Peak:0.00M | Scene, ViewLayer | Synchronizing object | Rear left drilled rotor perforation.012
Fra:1 Mem:273.17M (Peak 273.17M) | Time:00:01.36 | Mem:0.00M, Peak:0.00M | Scene, ViewLayer | Synchronizing object | Rear right caliper marking
Fra:1 Mem:273.17M (Peak 273.17M) | Time:00:01.36 | Mem:0.00M, Peak:0.00M | Scene, ViewLayer | Synchronizing object | Rear left drilled rotor perforation.013
Fra:1 Mem:273.34M (Peak 273.34M) | Time:00:01.36 | Mem:0.00M, Peak:0.00M | Scene, ViewLayer | Synchronizing object | Rear left drilled rotor perforation.014
Fra:1 Mem:273.32M (Peak 273.34M) | Time:00:01.36 | Mem:0.00M, Peak:0.00M | Scene, ViewLayer | Synchronizing object | Rear left drilled rotor perforation.015
Fra:1 Mem:273.64M (Peak 273.64M) | Time:00:01.36 | Mem:0.00M, Peak:0.00M | Scene, ViewLayer | Synchronizing object | Rear left drilled rotor perforation.016
Fra:1 Mem:273.64M (Peak 273.64M) | Time:00:01.36 | Mem:0.00M, Peak:0.00M | Scene, ViewLayer | Synchronizing object | Rear left drilled rotor perforation.017
Fra:1 Mem:273.81M (Peak 273.81M) | Time:00:01.36 | Mem:0.00M, Peak:0.00M | Scene, ViewLayer | Synchronizing object | Rear left drilled rotor perforation.018
Fra:1 Mem:273.94M (Peak 273.94M) | Time:00:01.36 | Mem:0.00M, Peak:0.00M | Scene, ViewLayer | Synchronizing object | Rear left drilled rotor perforation.019
Fra:1 Mem:273.91M (Peak 273.94M) | Time:00:01.36 | Mem:0.00M, Peak:0.00M | Scene, ViewLayer | Synchronizing object | Rear left drilled rotor perforation.020
Fra:1 Mem:273.93M (Peak 273.94M) | Time:00:01.36 | Mem:0.00M, Peak:0.00M | Scene, ViewLayer | Synchronizing object | Rear left drilled rotor perforation.021
Fra:1 Mem:273.94M (Peak 273.94M) | Time:00:01.36 | Mem:0.00M, Peak:0.00M | Scene, ViewLayer | Synchronizing object | Rear left drilled rotor perforation.022
Fra:1 Mem:274.03M (Peak 274.03M) | Time:00:01.36 | Mem:0.00M, Peak:0.00M | Scene, ViewLayer | Synchronizing object | Rear left drilled rotor perforation.023
Fra:1 Mem:274.03M (Peak 274.03M) | Time:00:01.36 | Mem:0.00M, Peak:0.00M | Scene, ViewLayer | Synchronizing object | Rear left drilled rotor perforation.024
Fra:1 Mem:274.13M (Peak 274.13M) | Time:00:01.36 | Mem:0.00M, Peak:0.00M | Scene, ViewLayer | Synchronizing object | Rear left drilled rotor perforation.025
Fra:1 Mem:274.04M (Peak 274.13M) | Time:00:01.36 | Mem:0.00M, Peak:0.00M | Scene, ViewLayer | Synchronizing object | Rear left drilled rotor perforation.026
Fra:1 Mem:274.07M (Peak 274.13M) | Time:00:01.36 | Mem:0.00M, Peak:0.00M | Scene, ViewLayer | Synchronizing object | Rear right center mi logo
Fra:1 Mem:274.10M (Peak 274.13M) | Time:00:01.36 | Mem:0.00M, Peak:0.00M | Scene, ViewLayer | Synchronizing object | Rear left drilled rotor perforation.029
Fra:1 Mem:274.11M (Peak 274.13M) | Time:00:01.37 | Mem:0.00M, Peak:0.00M | Scene, ViewLayer | Synchronizing object | Rear left drilled rotor perforation.030
Fra:1 Mem:274.17M (Peak 274.17M) | Time:00:01.37 | Mem:0.00M, Peak:0.00M | Scene, ViewLayer | Synchronizing object | Rear left drilled rotor perforation.031
Fra:1 Mem:274.20M (Peak 274.20M) | Time:00:01.37 | Mem:0.00M, Peak:0.00M | Scene, ViewLayer | Synchronizing object | Rear left drilled rotor perforation.032
Fra:1 Mem:274.19M (Peak 274.20M) | Time:00:01.37 | Mem:0.00M, Peak:0.00M | Scene, ViewLayer | Synchronizing object | Rear left drilled rotor perforation.033
Fra:1 Mem:274.18M (Peak 274.20M) | Time:00:01.37 | Mem:0.00M, Peak:0.00M | Scene, ViewLayer | Synchronizing object | Rear left drilled rotor perforation.034
Fra:1 Mem:274.22M (Peak 274.22M) | Time:00:01.37 | Mem:0.00M, Peak:0.00M | Scene, ViewLayer | Synchronizing object | Rear left drilled rotor perforation.035
Fra:1 Mem:274.22M (Peak 274.22M) | Time:00:01.37 | Mem:0.00M, Peak:0.00M | Scene, ViewLayer | Synchronizing object | Rear left drilled rotor perforation.036
Fra:1 Mem:274.24M (Peak 274.24M) | Time:00:01.37 | Mem:0.00M, Peak:0.00M | Scene, ViewLayer | Synchronizing object | Rear left drilled rotor perforation.037
Fra:1 Mem:274.28M (Peak 274.28M) | Time:00:01.37 | Mem:0.00M, Peak:0.00M | Scene, ViewLayer | Synchronizing object | Rear left drilled rotor perforation.038
Fra:1 Mem:274.27M (Peak 274.28M) | Time:00:01.37 | Mem:0.00M, Peak:0.00M | Scene, ViewLayer | Synchronizing object | Rear left drilled rotor perforation.039
Fra:1 Mem:274.28M (Peak 274.28M) | Time:00:01.37 | Mem:0.00M, Peak:0.00M | Scene, ViewLayer | Synchronizing object | Rear left drilled rotor perforation.040
Fra:1 Mem:274.32M (Peak 274.32M) | Time:00:01.37 | Mem:0.00M, Peak:0.00M | Scene, ViewLayer | Synchronizing object | Rear left drilled rotor perforation.041
Fra:1 Mem:274.30M (Peak 274.32M) | Time:00:01.37 | Mem:0.00M, Peak:0.00M | Scene, ViewLayer | Synchronizing object | Rear left drilled rotor perforation.042
Fra:1 Mem:274.33M (Peak 274.33M) | Time:00:01.37 | Mem:0.00M, Peak:0.00M | Scene, ViewLayer | Synchronizing object | Rear left drilled rotor perforation.043
Fra:1 Mem:274.35M (Peak 274.35M) | Time:00:01.37 | Mem:0.00M, Peak:0.00M | Scene, ViewLayer | Synchronizing object | Rear left drilled rotor perforation.044
Fra:1 Mem:274.35M (Peak 274.35M) | Time:00:01.37 | Mem:0.00M, Peak:0.00M | Scene, ViewLayer | Synchronizing object | Rear left drilled rotor perforation.045
Fra:1 Mem:274.36M (Peak 274.36M) | Time:00:01.37 | Mem:0.00M, Peak:0.00M | Scene, ViewLayer | Synchronizing object | Rear left drilled rotor perforation.046
Fra:1 Mem:274.39M (Peak 274.39M) | Time:00:01.37 | Mem:0.00M, Peak:0.00M | Scene, ViewLayer | Synchronizing object | Rear left drilled rotor perforation.047
Fra:1 Mem:274.57M (Peak 274.57M) | Time:00:01.37 | Mem:0.00M, Peak:0.00M | Scene, ViewLayer | Synchronizing object | Rear left drilled rotor perforation.048
Fra:1 Mem:274.61M (Peak 274.61M) | Time:00:01.37 | Mem:0.00M, Peak:0.00M | Scene, ViewLayer | Synchronizing object | Rear left drilled rotor perforation.049
Fra:1 Mem:274.61M (Peak 274.61M) | Time:00:01.37 | Mem:0.00M, Peak:0.00M | Scene, ViewLayer | Synchronizing object | Rear left drilled rotor perforation.050
Fra:1 Mem:274.65M (Peak 274.65M) | Time:00:01.37 | Mem:0.00M, Peak:0.00M | Scene, ViewLayer | Synchronizing object | Rear right sidewall lettering
Fra:1 Mem:274.68M (Peak 274.68M) | Time:00:01.37 | Mem:0.00M, Peak:0.00M | Scene, ViewLayer | Synchronizing object | Rear right sidewall lettering.001
Fra:1 Mem:274.64M (Peak 274.68M) | Time:00:01.37 | Mem:0.00M, Peak:0.00M | Scene, ViewLayer | Synchronizing object | Rear left drilled rotor perforation.052
Fra:1 Mem:274.68M (Peak 274.68M) | Time:00:01.38 | Mem:0.00M, Peak:0.00M | Scene, ViewLayer | Synchronizing object | Rear right sidewall lettering.002
Fra:1 Mem:274.69M (Peak 274.69M) | Time:00:01.38 | Mem:0.00M, Peak:0.00M | Scene, ViewLayer | Synchronizing object | Rear left drilled rotor perforation.053
Fra:1 Mem:274.67M (Peak 274.69M) | Time:00:01.38 | Mem:0.00M, Peak:0.00M | Scene, ViewLayer | Synchronizing object | Rear left drilled rotor perforation.054
Fra:1 Mem:274.73M (Peak 274.73M) | Time:00:01.38 | Mem:0.00M, Peak:0.00M | Scene, ViewLayer | Synchronizing object | Rear left drilled rotor perforation.055
Fra:1 Mem:274.81M (Peak 274.81M) | Time:00:01.38 | Mem:0.00M, Peak:0.00M | Scene, ViewLayer | Synchronizing object | Rear left drilled rotor perforation.056
Fra:1 Mem:274.84M (Peak 274.84M) | Time:00:01.38 | Mem:0.00M, Peak:0.00M | Scene, ViewLayer | Synchronizing object | Rear left drilled rotor perforation.057
Fra:1 Mem:274.87M (Peak 274.87M) | Time:00:01.38 | Mem:0.00M, Peak:0.00M | Scene, ViewLayer | Synchronizing object | Rear left drilled rotor perforation.058
Fra:1 Mem:274.85M (Peak 274.87M) | Time:00:01.38 | Mem:0.00M, Peak:0.00M | Scene, ViewLayer | Synchronizing object | Rear left drilled rotor perforation.059
Fra:1 Mem:274.88M (Peak 274.88M) | Time:00:01.38 | Mem:0.00M, Peak:0.00M | Scene, ViewLayer | Synchronizing object | Rear left drilled rotor perforation.060
Fra:1 Mem:274.90M (Peak 274.90M) | Time:00:01.38 | Mem:0.00M, Peak:0.00M | Scene, ViewLayer | Synchronizing object | Rear left drilled rotor perforation.061
Fra:1 Mem:274.88M (Peak 274.90M) | Time:00:01.38 | Mem:0.00M, Peak:0.00M | Scene, ViewLayer | Synchronizing object | Rear left drilled rotor perforation.063
Fra:1 Mem:274.96M (Peak 274.96M) | Time:00:01.38 | Mem:0.00M, Peak:0.00M | Scene, ViewLayer | Synchronizing object | Rear left drilled rotor perforation.064
Fra:1 Mem:274.96M (Peak 274.96M) | Time:00:01.38 | Mem:0.00M, Peak:0.00M | Scene, ViewLayer | Synchronizing object | Rear left drilled rotor perforation.065
Fra:1 Mem:274.98M (Peak 274.98M) | Time:00:01.38 | Mem:0.00M, Peak:0.00M | Scene, ViewLayer | Synchronizing object | Rear left drilled rotor perforation.067
Fra:1 Mem:274.99M (Peak 274.99M) | Time:00:01.38 | Mem:0.00M, Peak:0.00M | Scene, ViewLayer | Synchronizing object | Rear left drilled rotor perforation.068
Fra:1 Mem:275.00M (Peak 275.00M) | Time:00:01.38 | Mem:0.00M, Peak:0.00M | Scene, ViewLayer | Synchronizing object | Rear left drilled rotor perforation.069
Fra:1 Mem:275.07M (Peak 275.07M) | Time:00:01.38 | Mem:0.00M, Peak:0.00M | Scene, ViewLayer | Synchronizing object | Rear left drilled rotor perforation.070
Fra:1 Mem:275.01M (Peak 275.07M) | Time:00:01.38 | Mem:0.00M, Peak:0.00M | Scene, ViewLayer | Synchronizing object | Rear left drilled rotor perforation.071
Fra:1 Mem:275.02M (Peak 275.07M) | Time:00:01.38 | Mem:0.00M, Peak:0.00M | Scene, ViewLayer | Synchronizing object | Rear left brake disc bell
Fra:1 Mem:275.06M (Peak 275.07M) | Time:00:01.38 | Mem:0.00M, Peak:0.00M | Scene, ViewLayer | Synchronizing object | Rear left yellow six-piston caliper
Fra:1 Mem:275.09M (Peak 275.09M) | Time:00:01.38 | Mem:0.00M, Peak:0.00M | Scene, ViewLayer | Synchronizing object | Rear left machined split spoke
Fra:1 Mem:275.17M (Peak 275.17M) | Time:00:01.38 | Mem:0.00M, Peak:0.00M | Scene, ViewLayer | Synchronizing object | Rear left black spoke pocket
Fra:1 Mem:275.12M (Peak 275.17M) | Time:00:01.38 | Mem:0.00M, Peak:0.00M | Scene, ViewLayer | Synchronizing object | Rear left machined split spoke.001
Fra:1 Mem:275.20M (Peak 275.20M) | Time:00:01.38 | Mem:0.00M, Peak:0.00M | Scene, ViewLayer | Synchronizing object | Rear left black spoke pocket.001
Fra:1 Mem:275.22M (Peak 275.22M) | Time:00:01.38 | Mem:0.00M, Peak:0.00M | Scene, ViewLayer | Synchronizing object | Rear left machined split spoke.002
Fra:1 Mem:275.26M (Peak 275.26M) | Time:00:01.38 | Mem:0.00M, Peak:0.00M | Scene, ViewLayer | Synchronizing object | Rear left black spoke pocket.002
Fra:1 Mem:275.29M (Peak 275.29M) | Time:00:01.38 | Mem:0.00M, Peak:0.00M | Scene, ViewLayer | Synchronizing object | Rear left machined split spoke.003
Fra:1 Mem:275.28M (Peak 275.29M) | Time:00:01.38 | Mem:0.00M, Peak:0.00M | Scene, ViewLayer | Synchronizing object | Rear left black spoke pocket.003
Fra:1 Mem:275.30M (Peak 275.30M) | Time:00:01.38 | Mem:0.00M, Peak:0.00M | Scene, ViewLayer | Synchronizing object | Rear left machined split spoke.004
Fra:1 Mem:275.33M (Peak 275.33M) | Time:00:01.39 | Mem:0.00M, Peak:0.00M | Scene, ViewLayer | Synchronizing object | Rear left black spoke pocket.004
Fra:1 Mem:275.35M (Peak 275.35M) | Time:00:01.39 | Mem:0.00M, Peak:0.00M | Scene, ViewLayer | Synchronizing object | Rear left machined split spoke.005
Fra:1 Mem:275.38M (Peak 275.38M) | Time:00:01.39 | Mem:0.00M, Peak:0.00M | Scene, ViewLayer | Synchronizing object | Rear left black spoke pocket.005
Fra:1 Mem:275.41M (Peak 275.41M) | Time:00:01.39 | Mem:0.00M, Peak:0.00M | Scene, ViewLayer | Synchronizing object | Rear left machined split spoke.006
Fra:1 Mem:275.47M (Peak 275.47M) | Time:00:01.39 | Mem:0.00M, Peak:0.00M | Scene, ViewLayer | Synchronizing object | Rear left black spoke pocket.006
Fra:1 Mem:275.52M (Peak 275.52M) | Time:00:01.39 | Mem:0.00M, Peak:0.00M | Scene, ViewLayer | Synchronizing object | Rear right sidewall lettering.003
Fra:1 Mem:275.53M (Peak 275.53M) | Time:00:01.39 | Mem:0.00M, Peak:0.00M | Scene, ViewLayer | Synchronizing object | Rear right sidewall lettering.004
Fra:1 Mem:275.51M (Peak 275.53M) | Time:00:01.39 | Mem:0.00M, Peak:0.00M | Scene, ViewLayer | Synchronizing object | Rear left machined split spoke.007
Fra:1 Mem:275.55M (Peak 275.55M) | Time:00:01.39 | Mem:0.00M, Peak:0.00M | Scene, ViewLayer | Synchronizing object | Rear right sidewall lettering.005
Fra:1 Mem:275.63M (Peak 275.63M) | Time:00:01.39 | Mem:0.00M, Peak:0.00M | Scene, ViewLayer | Synchronizing object | Rear right sidewall lettering.006
Fra:1 Mem:275.62M (Peak 275.63M) | Time:00:01.39 | Mem:0.00M, Peak:0.00M | Scene, ViewLayer | Synchronizing object | Rear right sidewall lettering.007
Fra:1 Mem:275.63M (Peak 275.63M) | Time:00:01.39 | Mem:0.00M, Peak:0.00M | Scene, ViewLayer | Synchronizing object | Rear left black spoke pocket.007
Fra:1 Mem:275.65M (Peak 275.65M) | Time:00:01.39 | Mem:0.00M, Peak:0.00M | Scene, ViewLayer | Synchronizing object | Rear right sidewall lettering.008
Fra:1 Mem:275.66M (Peak 275.66M) | Time:00:01.39 | Mem:0.00M, Peak:0.00M | Scene, ViewLayer | Synchronizing object | Rear left machined split spoke.008
Fra:1 Mem:275.76M (Peak 275.76M) | Time:00:01.39 | Mem:0.00M, Peak:0.00M | Scene, ViewLayer | Synchronizing object | Rear left black spoke pocket.008
Fra:1 Mem:275.81M (Peak 275.81M) | Time:00:01.39 | Mem:0.00M, Peak:0.00M | Scene, ViewLayer | Synchronizing object | Rear right sidewall lettering.009
Fra:1 Mem:275.80M (Peak 275.81M) | Time:00:01.39 | Mem:0.00M, Peak:0.00M | Scene, ViewLayer | Synchronizing object | Rear right sidewall lettering.010
Fra:1 Mem:275.76M (Peak 275.81M) | Time:00:01.39 | Mem:0.00M, Peak:0.00M | Scene, ViewLayer | Synchronizing object | Rear left machined split spoke.009
Fra:1 Mem:275.78M (Peak 275.81M) | Time:00:01.39 | Mem:0.00M, Peak:0.00M | Scene, ViewLayer | Synchronizing object | Rear left black spoke pocket.009
Fra:1 Mem:275.84M (Peak 275.84M) | Time:00:01.39 | Mem:0.00M, Peak:0.00M | Scene, ViewLayer | Synchronizing object | Rear right sidewall lettering.011
Fra:1 Mem:275.97M (Peak 275.97M) | Time:00:01.39 | Mem:0.00M, Peak:0.00M | Scene, ViewLayer | Synchronizing object | Rear left center hub
Fra:1 Mem:275.95M (Peak 275.97M) | Time:00:01.39 | Mem:0.00M, Peak:0.00M | Scene, ViewLayer | Synchronizing object | Rear left center cap ring
Fra:1 Mem:276.07M (Peak 276.07M) | Time:00:01.39 | Mem:0.00M, Peak:0.00M | Scene, ViewLayer | Synchronizing object | Rear right sidewall lettering.012
Fra:1 Mem:276.14M (Peak 276.14M) | Time:00:01.39 | Mem:0.00M, Peak:0.00M | Scene, ViewLayer | Synchronizing object | Rear right sidewall lettering.013
Fra:1 Mem:276.22M (Peak 276.22M) | Time:00:01.39 | Mem:0.00M, Peak:0.00M | Scene, ViewLayer | Synchronizing object | Rear right sidewall lettering.014
Fra:1 Mem:276.30M (Peak 276.30M) | Time:00:01.39 | Mem:0.00M, Peak:0.00M | Scene, ViewLayer | Synchronizing object | Rear left titanium lug nut.001
Fra:1 Mem:276.32M (Peak 276.32M) | Time:00:01.39 | Mem:0.00M, Peak:0.00M | Scene, ViewLayer | Synchronizing object | Rear left titanium lug nut.002
Fra:1 Mem:276.37M (Peak 276.37M) | Time:00:01.39 | Mem:0.00M, Peak:0.00M | Scene, ViewLayer | Synchronizing object | Rear left titanium lug nut.003
Fra:1 Mem:276.37M (Peak 276.37M) | Time:00:01.39 | Mem:0.00M, Peak:0.00M | Scene, ViewLayer | Synchronizing object | Rear right sidewall lettering.015
Fra:1 Mem:276.44M (Peak 276.44M) | Time:00:01.39 | Mem:0.00M, Peak:0.00M | Scene, ViewLayer | Synchronizing object | Rear left titanium lug nut.004
Fra:1 Mem:276.43M (Peak 276.44M) | Time:00:01.39 | Mem:0.00M, Peak:0.00M | Scene, ViewLayer | Synchronizing object | Rear left tire valve
Fra:1 Mem:276.44M (Peak 276.44M) | Time:00:01.39 | Mem:0.00M, Peak:0.00M | Scene, ViewLayer | Synchronizing object | Rear right sidewall lettering.016
Fra:1 Mem:276.47M (Peak 276.47M) | Time:00:01.39 | Mem:0.00M, Peak:0.00M | Scene, ViewLayer | Synchronizing object | Rear right | tire carcass
Fra:1 Mem:276.72M (Peak 276.72M) | Time:00:01.39 | Mem:0.00M, Peak:0.00M | Scene, ViewLayer | Synchronizing object | Rear right sidewall lettering.017
Fra:1 Mem:276.77M (Peak 276.77M) | Time:00:01.39 | Mem:0.00M, Peak:0.00M | Scene, ViewLayer | Synchronizing object | Rear right tire molded sidewall ring.001
Fra:1 Mem:276.96M (Peak 276.96M) | Time:00:01.39 | Mem:0.00M, Peak:0.00M | Scene, ViewLayer | Synchronizing object | Rear right tire molded sidewall ring.002
Fra:1 Mem:277.01M (Peak 277.01M) | Time:00:01.39 | Mem:0.00M, Peak:0.00M | Scene, ViewLayer | Synchronizing object | Rear right sidewall lettering.018
Fra:1 Mem:277.11M (Peak 277.11M) | Time:00:01.39 | Mem:0.00M, Peak:0.00M | Scene, ViewLayer | Synchronizing object | Rear right tire molded sidewall ring
Fra:1 Mem:277.13M (Peak 277.13M) | Time:00:01.39 | Mem:0.00M, Peak:0.00M | Scene, ViewLayer | Synchronizing object | Rear right sidewall lettering.019
Fra:1 Mem:277.17M (Peak 277.17M) | Time:00:01.39 | Mem:0.00M, Peak:0.00M | Scene, ViewLayer | Synchronizing object | Rear right sidewall lettering.020
Fra:1 Mem:277.27M (Peak 277.27M) | Time:00:01.39 | Mem:0.00M, Peak:0.00M | Scene, ViewLayer | Synchronizing object | Rear right sidewall lettering.021
Fra:1 Mem:277.28M (Peak 277.28M) | Time:00:01.39 | Mem:0.00M, Peak:0.00M | Scene, ViewLayer | Synchronizing object | Rear right directional tread | 792 blocks
Fra:1 Mem:277.39M (Peak 277.39M) | Time:00:01.39 | Mem:0.00M, Peak:0.00M | Scene, ViewLayer | Synchronizing object | Seat piping
Fra:1 Mem:277.40M (Peak 277.40M) | Time:00:01.39 | Mem:0.00M, Peak:0.00M | Scene, ViewLayer | Synchronizing object | Seat piping.001
Fra:1 Mem:277.47M (Peak 277.47M) | Time:00:01.39 | Mem:0.00M, Peak:0.00M | Scene, ViewLayer | Synchronizing object | Seat piping.002
Fra:1 Mem:277.73M (Peak 277.73M) | Time:00:01.39 | Mem:0.00M, Peak:0.00M | Scene, ViewLayer | Synchronizing object | Seat piping.003
Fra:1 Mem:277.92M (Peak 277.92M) | Time:00:01.39 | Mem:0.00M, Peak:0.00M | Scene, ViewLayer | Synchronizing object | Seat piping.004
Fra:1 Mem:277.93M (Peak 277.93M) | Time:00:01.39 | Mem:0.00M, Peak:0.00M | Scene, ViewLayer | Synchronizing object | Seat piping.005
Fra:1 Mem:277.93M (Peak 277.93M) | Time:00:01.39 | Mem:0.00M, Peak:0.00M | Scene, ViewLayer | Synchronizing object | Seat piping.006
Fra:1 Mem:277.93M (Peak 277.93M) | Time:00:01.39 | Mem:0.00M, Peak:0.00M | Scene, ViewLayer | Synchronizing object | Seat piping.007
Fra:1 Mem:277.94M (Peak 277.94M) | Time:00:01.39 | Mem:0.00M, Peak:0.00M | Scene, ViewLayer | Synchronizing object | Steering wheel spokes
Fra:1 Mem:277.98M (Peak 277.98M) | Time:00:01.39 | Mem:0.00M, Peak:0.00M | Scene, ViewLayer | Synchronizing object | Windshield wiper arm
Fra:1 Mem:278.08M (Peak 278.08M) | Time:00:01.39 | Mem:0.00M, Peak:0.00M | Scene, ViewLayer | Synchronizing object | Wiper rubber blade
Fra:1 Mem:277.98M (Peak 278.08M) | Time:00:01.39 | Mem:0.00M, Peak:0.00M | Scene, ViewLayer | Synchronizing object | Rear right cast rim barrel
Fra:1 Mem:278.00M (Peak 278.08M) | Time:00:01.39 | Mem:0.00M, Peak:0.00M | Scene, ViewLayer | Synchronizing object | Windshield wiper arm.001
Fra:1 Mem:278.08M (Peak 278.08M) | Time:00:01.39 | Mem:0.00M, Peak:0.00M | Scene, ViewLayer | Synchronizing object | Wiper rubber blade.001
Fra:1 Mem:278.09M (Peak 278.09M) | Time:00:01.39 | Mem:0.00M, Peak:0.00M | Scene, ViewLayer | Synchronizing object | Rear right diamond-cut outer flange
Fra:1 Mem:278.22M (Peak 278.22M) | Time:00:01.39 | Mem:0.00M, Peak:0.00M | Scene, ViewLayer | Synchronizing object | Rear right inner rim accent
Fra:1 Mem:278.25M (Peak 278.25M) | Time:00:01.39 | Mem:0.00M, Peak:0.00M | Scene, ViewLayer | Synchronizing object | Seamless curved studio cyclorama
Fra:1 Mem:278.43M (Peak 278.43M) | Time:00:01.39 | Mem:0.00M, Peak:0.00M | Scene, ViewLayer | Synchronizing object | Infinite studio floor
Fra:1 Mem:278.43M (Peak 278.43M) | Time:00:01.39 | Mem:0.00M, Peak:0.00M | Scene, ViewLayer | Synchronizing object | Rear right brake rotor
Fra:1 Mem:278.45M (Peak 278.45M) | Time:00:01.39 | Mem:0.00M, Peak:0.00M | Scene, ViewLayer | Synchronizing object | Flat aerodynamic underfloor
Fra:1 Mem:278.54M (Peak 278.54M) | Time:00:01.39 | Mem:0.00M, Peak:0.00M | Scene, ViewLayer | Synchronizing object | Roof rear camera blister
Fra:1 Mem:278.64M (Peak 278.64M) | Time:00:01.39 | Mem:0.00M, Peak:0.00M | Scene, ViewLayer | Synchronizing object | Lidar forward optical aperture
Fra:1 Mem:278.58M (Peak 278.64M) | Time:00:01.39 | Mem:0.00M, Peak:0.00M | Scene, ViewLayer | Synchronizing object | Rear right rotor outer scoring
Fra:1 Mem:278.70M (Peak 278.70M) | Time:00:01.39 | Mem:0.00M, Peak:0.00M | Scene, ViewLayer | Synchronizing object | Roof lidar painted pod
Fra:1 Mem:278.87M (Peak 278.87M) | Time:00:01.39 | Mem:0.00M, Peak:0.00M | Scene, ViewLayer | Synchronizing object | Rear right drilled rotor perforation
Fra:1 Mem:278.88M (Peak 278.88M) | Time:00:01.39 | Mem:0.00M, Peak:0.00M | Scene, ViewLayer | Synchronizing object | Rear right drilled rotor perforation.001
Fra:1 Mem:278.85M (Peak 278.88M) | Time:00:01.39 | Mem:0.00M, Peak:0.00M | Scene, ViewLayer | Synchronizing object | Cup holder
Fra:1 Mem:278.90M (Peak 278.90M) | Time:00:01.39 | Mem:0.00M, Peak:0.00M | Scene, ViewLayer | Synchronizing object | Cup holder.001
Fra:1 Mem:278.93M (Peak 278.93M) | Time:00:01.39 | Mem:0.00M, Peak:0.00M | Scene, ViewLayer | Synchronizing object | Center tunnel
Fra:1 Mem:278.96M (Peak 278.96M) | Time:00:01.39 | Mem:0.00M, Peak:0.00M | Scene, ViewLayer | Synchronizing object | Steering center
Fra:1 Mem:279.00M (Peak 279.00M) | Time:00:01.40 | Mem:0.00M, Peak:0.00M | Scene, ViewLayer | Synchronizing object | Steering wheel
Fra:1 Mem:279.13M (Peak 279.13M) | Time:00:01.40 | Mem:0.00M, Peak:0.00M | Scene, ViewLayer | Synchronizing object | Screen glass
Fra:1 Mem:279.16M (Peak 279.16M) | Time:00:01.40 | Mem:0.00M, Peak:0.00M | Scene, ViewLayer | Synchronizing object | Dashboard center screen
Fra:1 Mem:279.19M (Peak 279.19M) | Time:00:01.40 | Mem:0.00M, Peak:0.00M | Scene, ViewLayer | Synchronizing object | Dashboard
Fra:1 Mem:279.22M (Peak 279.22M) | Time:00:01.40 | Mem:0.00M, Peak:0.00M | Scene, ViewLayer | Synchronizing object | Integrated head restraint.003
Fra:1 Mem:279.25M (Peak 279.25M) | Time:00:01.40 | Mem:0.00M, Peak:0.00M | Scene, ViewLayer | Synchronizing object | Contoured seat back
Fra:1 Mem:279.29M (Peak 279.29M) | Time:00:01.40 | Mem:0.00M, Peak:0.00M | Scene, ViewLayer | Synchronizing object | Seat cushion.003
Fra:1 Mem:279.32M (Peak 279.32M) | Time:00:01.40 | Mem:0.00M, Peak:0.00M | Scene, ViewLayer | Synchronizing object | Integrated head restraint.002
Fra:1 Mem:279.35M (Peak 279.35M) | Time:00:01.40 | Mem:0.00M, Peak:0.00M | Scene, ViewLayer | Synchronizing object | Contoured seat back.003
Fra:1 Mem:279.38M (Peak 279.38M) | Time:00:01.40 | Mem:0.00M, Peak:0.00M | Scene, ViewLayer | Synchronizing object | Seat cushion.002
Fra:1 Mem:279.42M (Peak 279.42M) | Time:00:01.40 | Mem:0.00M, Peak:0.00M | Scene, ViewLayer | Synchronizing object | Integrated head restraint.001
Fra:1 Mem:279.45M (Peak 279.45M) | Time:00:01.40 | Mem:0.00M, Peak:0.00M | Scene, ViewLayer | Synchronizing object | Contoured seat back.002
Fra:1 Mem:279.48M (Peak 279.48M) | Time:00:01.40 | Mem:0.00M, Peak:0.00M | Scene, ViewLayer | Synchronizing object | Seat cushion.001
Fra:1 Mem:279.51M (Peak 279.51M) | Time:00:01.40 | Mem:0.00M, Peak:0.00M | Scene, ViewLayer | Synchronizing object | Integrated head restraint
Fra:1 Mem:279.55M (Peak 279.55M) | Time:00:01.40 | Mem:0.00M, Peak:0.00M | Scene, ViewLayer | Synchronizing object | Rear right drilled rotor perforation.002
Fra:1 Mem:279.58M (Peak 279.58M) | Time:00:01.40 | Mem:0.00M, Peak:0.00M | Scene, ViewLayer | Synchronizing object | Rear right drilled rotor perforation.003
Fra:1 Mem:279.59M (Peak 279.59M) | Time:00:01.40 | Mem:0.00M, Peak:0.00M | Scene, ViewLayer | Synchronizing object | Contoured seat back.001
Fra:1 Mem:279.64M (Peak 279.64M) | Time:00:01.40 | Mem:0.00M, Peak:0.00M | Scene, ViewLayer | Synchronizing object | Rear right drilled rotor perforation.004
Fra:1 Mem:279.66M (Peak 279.66M) | Time:00:01.40 | Mem:0.00M, Peak:0.00M | Scene, ViewLayer | Synchronizing object | Seat cushion
Fra:1 Mem:279.69M (Peak 279.69M) | Time:00:01.40 | Mem:0.00M, Peak:0.00M | Scene, ViewLayer | Synchronizing object | Rear right drilled rotor perforation.005
Fra:1 Mem:279.68M (Peak 279.69M) | Time:00:01.40 | Mem:0.00M, Peak:0.00M | Scene, ViewLayer | Synchronizing object | Dark cabin tub
Fra:1 Mem:279.73M (Peak 279.73M) | Time:00:01.40 | Mem:0.00M, Peak:0.00M | Scene, ViewLayer | Synchronizing object | Rear right drilled rotor perforation.006
Fra:1 Mem:279.70M (Peak 279.73M) | Time:00:01.40 | Mem:0.00M, Peak:0.00M | Scene, ViewLayer | Synchronizing object | Rear right tire valve
Fra:1 Mem:279.72M (Peak 279.73M) | Time:00:01.40 | Mem:0.00M, Peak:0.00M | Scene, ViewLayer | Synchronizing object | Rear right titanium lug nut.004
Fra:1 Mem:279.73M (Peak 279.73M) | Time:00:01.40 | Mem:0.00M, Peak:0.00M | Scene, ViewLayer | Synchronizing object | Rear right drilled rotor perforation.007
Fra:1 Mem:279.76M (Peak 279.76M) | Time:00:01.40 | Mem:0.00M, Peak:0.00M | Scene, ViewLayer | Synchronizing object | Rear right titanium lug nut.003
Fra:1 Mem:279.76M (Peak 279.76M) | Time:00:01.40 | Mem:0.00M, Peak:0.00M | Scene, ViewLayer | Synchronizing object | Rear right drilled rotor perforation.008
Fra:1 Mem:279.76M (Peak 279.76M) | Time:00:01.40 | Mem:0.00M, Peak:0.00M | Scene, ViewLayer | Synchronizing object | Rear right titanium lug nut.002
Fra:1 Mem:279.80M (Peak 279.80M) | Time:00:01.40 | Mem:0.00M, Peak:0.00M | Scene, ViewLayer | Synchronizing object | Rear right titanium lug nut.001
Fra:1 Mem:279.78M (Peak 279.80M) | Time:00:01.40 | Mem:0.00M, Peak:0.00M | Scene, ViewLayer | Synchronizing object | Rear right drilled rotor perforation.009
Fra:1 Mem:279.83M (Peak 279.83M) | Time:00:01.40 | Mem:0.00M, Peak:0.00M | Scene, ViewLayer | Synchronizing object | Rear right titanium lug nut
Fra:1 Mem:279.81M (Peak 279.83M) | Time:00:01.40 | Mem:0.00M, Peak:0.00M | Scene, ViewLayer | Synchronizing object | Rear right drilled rotor perforation.010
Fra:1 Mem:279.84M (Peak 279.84M) | Time:00:01.40 | Mem:0.00M, Peak:0.00M | Scene, ViewLayer | Synchronizing object | Rear right center cap ring
Fra:1 Mem:279.92M (Peak 279.92M) | Time:00:01.40 | Mem:0.00M, Peak:0.00M | Scene, ViewLayer | Synchronizing object | Rear right drilled rotor perforation.011
Fra:1 Mem:279.97M (Peak 279.97M) | Time:00:01.40 | Mem:0.00M, Peak:0.00M | Scene, ViewLayer | Synchronizing object | Rear right center hub
Fra:1 Mem:280.00M (Peak 280.00M) | Time:00:01.40 | Mem:0.00M, Peak:0.00M | Scene, ViewLayer | Synchronizing object | Rear right drilled rotor perforation.012
Fra:1 Mem:280.00M (Peak 280.00M) | Time:00:01.40 | Mem:0.00M, Peak:0.00M | Scene, ViewLayer | Synchronizing object | Rear right drilled rotor perforation.014
Fra:1 Mem:280.07M (Peak 280.07M) | Time:00:01.40 | Mem:0.00M, Peak:0.00M | Scene, ViewLayer | Synchronizing object | Rear right drilled rotor perforation.015
Fra:1 Mem:280.07M (Peak 280.07M) | Time:00:01.40 | Mem:0.00M, Peak:0.00M | Scene, ViewLayer | Synchronizing object | Rear right drilled rotor perforation.016
Fra:1 Mem:280.08M (Peak 280.08M) | Time:00:01.40 | Mem:0.00M, Peak:0.00M | Scene, ViewLayer | Synchronizing object | Rear right drilled rotor perforation.017
Fra:1 Mem:280.12M (Peak 280.12M) | Time:00:01.41 | Mem:0.00M, Peak:0.00M | Scene, ViewLayer | Synchronizing object | Rear right drilled rotor perforation.018
Fra:1 Mem:280.09M (Peak 280.12M) | Time:00:01.41 | Mem:0.00M, Peak:0.00M | Scene, ViewLayer | Synchronizing object | Rear right drilled rotor perforation.019
Fra:1 Mem:280.15M (Peak 280.15M) | Time:00:01.41 | Mem:0.00M, Peak:0.00M | Scene, ViewLayer | Synchronizing object | Rear right drilled rotor perforation.020
Fra:1 Mem:280.11M (Peak 280.15M) | Time:00:01.41 | Mem:0.00M, Peak:0.00M | Scene, ViewLayer | Synchronizing object | Rear right drilled rotor perforation.021
Fra:1 Mem:280.20M (Peak 280.20M) | Time:00:01.41 | Mem:0.00M, Peak:0.00M | Scene, ViewLayer | Synchronizing object | Rear right drilled rotor perforation.022
Fra:1 Mem:280.14M (Peak 280.20M) | Time:00:01.41 | Mem:0.00M, Peak:0.00M | Scene, ViewLayer | Synchronizing object | Rear right drilled rotor perforation.024
Fra:1 Mem:280.24M (Peak 280.24M) | Time:00:01.41 | Mem:0.00M, Peak:0.00M | Scene, ViewLayer | Synchronizing object | Rear right drilled rotor perforation.025
Fra:1 Mem:280.21M (Peak 280.24M) | Time:00:01.41 | Mem:0.00M, Peak:0.00M | Scene, ViewLayer | Synchronizing object | Rear right drilled rotor perforation.026
Fra:1 Mem:280.20M (Peak 280.24M) | Time:00:01.41 | Mem:0.00M, Peak:0.00M | Scene, ViewLayer | Synchronizing object | Rear right drilled rotor perforation.027
Fra:1 Mem:280.28M (Peak 280.28M) | Time:00:01.41 | Mem:0.00M, Peak:0.00M | Scene, ViewLayer | Synchronizing object | Rear right drilled rotor perforation.028
Fra:1 Mem:280.24M (Peak 280.28M) | Time:00:01.41 | Mem:0.00M, Peak:0.00M | Scene, ViewLayer | Synchronizing object | Rear right drilled rotor perforation.029
Fra:1 Mem:280.26M (Peak 280.28M) | Time:00:01.41 | Mem:0.00M, Peak:0.00M | Scene, ViewLayer | Synchronizing object | Rear right drilled rotor perforation.030
Fra:1 Mem:280.29M (Peak 280.29M) | Time:00:01.41 | Mem:0.00M, Peak:0.00M | Scene, ViewLayer | Synchronizing object | Rear right drilled rotor perforation.031
Fra:1 Mem:280.28M (Peak 280.29M) | Time:00:01.41 | Mem:0.00M, Peak:0.00M | Scene, ViewLayer | Synchronizing object | Rear right drilled rotor perforation.032
Fra:1 Mem:280.31M (Peak 280.31M) | Time:00:01.41 | Mem:0.00M, Peak:0.00M | Scene, ViewLayer | Synchronizing object | Rear right drilled rotor perforation.033
Fra:1 Mem:280.33M (Peak 280.33M) | Time:00:01.41 | Mem:0.00M, Peak:0.00M | Scene, ViewLayer | Synchronizing object | Rear right drilled rotor perforation.034
Fra:1 Mem:280.31M (Peak 280.33M) | Time:00:01.41 | Mem:0.00M, Peak:0.00M | Scene, ViewLayer | Synchronizing object | Rear right drilled rotor perforation.035
Fra:1 Mem:280.35M (Peak 280.35M) | Time:00:01.41 | Mem:0.00M, Peak:0.00M | Scene, ViewLayer | Synchronizing object | Rear right drilled rotor perforation.036
Fra:1 Mem:280.36M (Peak 280.36M) | Time:00:01.41 | Mem:0.00M, Peak:0.00M | Scene, ViewLayer | Synchronizing object | Rear right drilled rotor perforation.037
Fra:1 Mem:280.40M (Peak 280.40M) | Time:00:01.41 | Mem:0.00M, Peak:0.00M | Scene, ViewLayer | Synchronizing object | Rear right drilled rotor perforation.038
Fra:1 Mem:280.39M (Peak 280.40M) | Time:00:01.41 | Mem:0.00M, Peak:0.00M | Scene, ViewLayer | Synchronizing object | Rear right drilled rotor perforation.039
Fra:1 Mem:280.44M (Peak 280.44M) | Time:00:01.41 | Mem:0.00M, Peak:0.00M | Scene, ViewLayer | Synchronizing object | Rear right drilled rotor perforation.040
Fra:1 Mem:280.44M (Peak 280.44M) | Time:00:01.41 | Mem:0.00M, Peak:0.00M | Scene, ViewLayer | Synchronizing object | Rear right drilled rotor perforation.041
Fra:1 Mem:280.45M (Peak 280.45M) | Time:00:01.41 | Mem:0.00M, Peak:0.00M | Scene, ViewLayer | Synchronizing object | Rear right drilled rotor perforation.042
Fra:1 Mem:280.45M (Peak 280.45M) | Time:00:01.41 | Mem:0.00M, Peak:0.00M | Scene, ViewLayer | Synchronizing object | Rear right drilled rotor perforation.043
Fra:1 Mem:280.44M (Peak 280.45M) | Time:00:01.41 | Mem:0.00M, Peak:0.00M | Scene, ViewLayer | Synchronizing object | Rear right drilled rotor perforation.044
Fra:1 Mem:280.52M (Peak 280.52M) | Time:00:01.41 | Mem:0.00M, Peak:0.00M | Scene, ViewLayer | Synchronizing object | Rear right drilled rotor perforation.045
Fra:1 Mem:280.47M (Peak 280.52M) | Time:00:01.41 | Mem:0.00M, Peak:0.00M | Scene, ViewLayer | Synchronizing object | Rear right drilled rotor perforation.046
Fra:1 Mem:280.50M (Peak 280.52M) | Time:00:01.41 | Mem:0.00M, Peak:0.00M | Scene, ViewLayer | Synchronizing object | Rear right drilled rotor perforation.047
Fra:1 Mem:280.55M (Peak 280.55M) | Time:00:01.41 | Mem:0.00M, Peak:0.00M | Scene, ViewLayer | Synchronizing object | Rear right drilled rotor perforation.048
Fra:1 Mem:280.52M (Peak 280.55M) | Time:00:01.41 | Mem:0.00M, Peak:0.00M | Scene, ViewLayer | Synchronizing object | Rear right drilled rotor perforation.049
Fra:1 Mem:280.53M (Peak 280.55M) | Time:00:01.41 | Mem:0.00M, Peak:0.00M | Scene, ViewLayer | Synchronizing object | Rear right drilled rotor perforation.050
Fra:1 Mem:280.56M (Peak 280.56M) | Time:00:01.41 | Mem:0.00M, Peak:0.00M | Scene, ViewLayer | Synchronizing object | Rear right drilled rotor perforation.051
Fra:1 Mem:280.54M (Peak 280.56M) | Time:00:01.41 | Mem:0.00M, Peak:0.00M | Scene, ViewLayer | Synchronizing object | Rear right drilled rotor perforation.053
Fra:1 Mem:280.58M (Peak 280.58M) | Time:00:01.41 | Mem:0.00M, Peak:0.00M | Scene, ViewLayer | Synchronizing object | Rear right drilled rotor perforation.054
Fra:1 Mem:280.61M (Peak 280.61M) | Time:00:01.41 | Mem:0.00M, Peak:0.00M | Scene, ViewLayer | Synchronizing object | Rear right drilled rotor perforation.055
Fra:1 Mem:280.65M (Peak 280.65M) | Time:00:01.41 | Mem:0.00M, Peak:0.00M | Scene, ViewLayer | Synchronizing object | Rear right drilled rotor perforation.056
Fra:1 Mem:280.63M (Peak 280.65M) | Time:00:01.41 | Mem:0.00M, Peak:0.00M | Scene, ViewLayer | Synchronizing object | Rear right drilled rotor perforation.057
Fra:1 Mem:280.65M (Peak 280.65M) | Time:00:01.41 | Mem:0.00M, Peak:0.00M | Scene, ViewLayer | Synchronizing object | Rear right drilled rotor perforation.058
Fra:1 Mem:280.66M (Peak 280.66M) | Time:00:01.41 | Mem:0.00M, Peak:0.00M | Scene, ViewLayer | Synchronizing object | Rear right drilled rotor perforation.059
Fra:1 Mem:280.69M (Peak 280.69M) | Time:00:01.41 | Mem:0.00M, Peak:0.00M | Scene, ViewLayer | Synchronizing object | Rear right drilled rotor perforation.060
Fra:1 Mem:280.69M (Peak 280.69M) | Time:00:01.41 | Mem:0.00M, Peak:0.00M | Scene, ViewLayer | Synchronizing object | Rear right drilled rotor perforation.061
Fra:1 Mem:280.70M (Peak 280.70M) | Time:00:01.41 | Mem:0.00M, Peak:0.00M | Scene, ViewLayer | Synchronizing object | Rear right drilled rotor perforation.062
Fra:1 Mem:280.72M (Peak 280.72M) | Time:00:01.41 | Mem:0.00M, Peak:0.00M | Scene, ViewLayer | Synchronizing object | Rear right drilled rotor perforation.063
Fra:1 Mem:280.73M (Peak 280.73M) | Time:00:01.41 | Mem:0.00M, Peak:0.00M | Scene, ViewLayer | Synchronizing object | Rear right drilled rotor perforation.064
Fra:1 Mem:280.78M (Peak 280.78M) | Time:00:01.41 | Mem:0.00M, Peak:0.00M | Scene, ViewLayer | Synchronizing object | Rear right drilled rotor perforation.065
Fra:1 Mem:280.80M (Peak 280.80M) | Time:00:01.41 | Mem:0.00M, Peak:0.00M | Scene, ViewLayer | Synchronizing object | Rear right drilled rotor perforation.066
Fra:1 Mem:280.81M (Peak 280.81M) | Time:00:01.41 | Mem:0.00M, Peak:0.00M | Scene, ViewLayer | Synchronizing object | Rear right drilled rotor perforation.067
Fra:1 Mem:280.79M (Peak 280.81M) | Time:00:01.41 | Mem:0.00M, Peak:0.00M | Scene, ViewLayer | Synchronizing object | Rear right drilled rotor perforation.068
Fra:1 Mem:280.80M (Peak 280.81M) | Time:00:01.41 | Mem:0.00M, Peak:0.00M | Scene, ViewLayer | Synchronizing object | Rear right drilled rotor perforation.069
Fra:1 Mem:280.81M (Peak 280.81M) | Time:00:01.41 | Mem:0.00M, Peak:0.00M | Scene, ViewLayer | Synchronizing object | Rear right drilled rotor perforation.070
Fra:1 Mem:280.88M (Peak 280.88M) | Time:00:01.41 | Mem:0.00M, Peak:0.00M | Scene, ViewLayer | Synchronizing object | Rear right drilled rotor perforation.071
Fra:1 Mem:280.83M (Peak 280.88M) | Time:00:01.41 | Mem:0.00M, Peak:0.00M | Scene, ViewLayer | Synchronizing object | Rear right brake disc bell
Fra:1 Mem:280.83M (Peak 280.88M) | Time:00:01.41 | Mem:0.00M, Peak:0.00M | Scene, ViewLayer | Synchronizing object | Rear right black spoke pocket.009
Fra:1 Mem:280.98M (Peak 280.98M) | Time:00:01.42 | Mem:0.00M, Peak:0.00M | Scene, ViewLayer | Synchronizing object | Rear right machined split spoke
Fra:1 Mem:281.06M (Peak 281.06M) | Time:00:01.42 | Mem:0.00M, Peak:0.00M | Scene, ViewLayer | Synchronizing object | Rear right machined split spoke.009
Fra:1 Mem:281.04M (Peak 281.06M) | Time:00:01.42 | Mem:0.00M, Peak:0.00M | Scene, ViewLayer | Synchronizing object | Rear right black spoke pocket
Fra:1 Mem:281.02M (Peak 281.06M) | Time:00:01.42 | Mem:0.00M, Peak:0.00M | Scene, ViewLayer | Synchronizing object | Rear right machined split spoke.001
Fra:1 Mem:281.09M (Peak 281.09M) | Time:00:01.42 | Mem:0.00M, Peak:0.00M | Scene, ViewLayer | Synchronizing object | Rear right black spoke pocket.001
Fra:1 Mem:281.05M (Peak 281.09M) | Time:00:01.42 | Mem:0.00M, Peak:0.00M | Scene, ViewLayer | Synchronizing object | Rear right black spoke pocket.008
Fra:1 Mem:281.09M (Peak 281.09M) | Time:00:01.42 | Mem:0.00M, Peak:0.00M | Scene, ViewLayer | Synchronizing object | Rear right machined split spoke.002
Fra:1 Mem:281.13M (Peak 281.13M) | Time:00:01.42 | Mem:0.00M, Peak:0.00M | Scene, ViewLayer | Synchronizing object | Rear right black spoke pocket.002
Fra:1 Mem:281.15M (Peak 281.15M) | Time:00:01.42 | Mem:0.00M, Peak:0.00M | Scene, ViewLayer | Synchronizing object | Rear right machined split spoke.003
Fra:1 Mem:281.21M (Peak 281.21M) | Time:00:01.42 | Mem:0.00M, Peak:0.00M | Scene, ViewLayer | Synchronizing object | Rear right machined split spoke.008
Fra:1 Mem:281.21M (Peak 281.21M) | Time:00:01.42 | Mem:0.00M, Peak:0.00M | Scene, ViewLayer | Synchronizing object | Rear right black spoke pocket.003
Fra:1 Mem:281.24M (Peak 281.24M) | Time:00:01.42 | Mem:0.00M, Peak:0.00M | Scene, ViewLayer | Synchronizing object | Rear right machined split spoke.004
Fra:1 Mem:281.29M (Peak 281.29M) | Time:00:01.42 | Mem:0.00M, Peak:0.00M | Scene, ViewLayer | Synchronizing object | Rear right black spoke pocket.004
Fra:1 Mem:281.29M (Peak 281.29M) | Time:00:01.42 | Mem:0.00M, Peak:0.00M | Scene, ViewLayer | Synchronizing object | Rear right black spoke pocket.007
Fra:1 Mem:281.35M (Peak 281.35M) | Time:00:01.42 | Mem:0.00M, Peak:0.00M | Scene, ViewLayer | Synchronizing object | Rear right machined split spoke.005
Fra:1 Mem:281.39M (Peak 281.39M) | Time:00:01.42 | Mem:0.00M, Peak:0.00M | Scene, ViewLayer | Synchronizing object | Rear right black spoke pocket.005
Fra:1 Mem:281.36M (Peak 281.39M) | Time:00:01.42 | Mem:0.00M, Peak:0.00M | Scene, ViewLayer | Synchronizing object | Rear right machined split spoke.007
Fra:1 Mem:281.38M (Peak 281.39M) | Time:00:01.42 | Mem:0.00M, Peak:0.00M | Scene, ViewLayer | Synchronizing object | Rear right machined split spoke.006
Fra:1 Mem:281.41M (Peak 281.41M) | Time:00:01.42 | Mem:0.00M, Peak:0.00M | Scene, ViewLayer | Synchronizing object | Rear right black spoke pocket.006
Fra:1 Mem:281.43M (Peak 281.43M) | Time:00:01.42 | Mem:0.00M, Peak:0.00M | Scene, ViewLayer | Initializing
Fra:1 Mem:197.16M (Peak 281.43M) | Time:00:01.47 | Mem:0.00M, Peak:0.00M | Scene, ViewLayer | Waiting for render to start
Fra:1 Mem:197.16M (Peak 281.43M) | Time:00:01.47 | Mem:0.00M, Peak:0.00M | Scene, ViewLayer | Loading render kernels (may take a few minutes the first time)
Fra:1 Mem:197.16M (Peak 281.43M) | Time:00:01.47 | Mem:0.00M, Peak:0.00M | Scene, ViewLayer | Updating Scene
Fra:1 Mem:197.16M (Peak 281.43M) | Time:00:01.47 | Mem:0.00M, Peak:0.00M | Scene, ViewLayer | Updating Shaders
Fra:1 Mem:197.18M (Peak 281.43M) | Time:00:01.47 | Mem:0.01M, Peak:0.01M | Scene, ViewLayer | Updating Procedurals
Fra:1 Mem:197.18M (Peak 281.43M) | Time:00:01.47 | Mem:0.01M, Peak:0.01M | Scene, ViewLayer | Updating Background
Fra:1 Mem:197.18M (Peak 281.43M) | Time:00:01.47 | Mem:0.01M, Peak:0.01M | Scene, ViewLayer | Updating Camera
Fra:1 Mem:197.18M (Peak 281.43M) | Time:00:01.47 | Mem:0.01M, Peak:0.01M | Scene, ViewLayer | Updating Meshes Flags
Fra:1 Mem:197.18M (Peak 281.43M) | Time:00:01.47 | Mem:0.01M, Peak:0.01M | Scene, ViewLayer | Updating Objects
Fra:1 Mem:197.18M (Peak 281.43M) | Time:00:01.47 | Mem:0.01M, Peak:0.01M | Scene, ViewLayer | Updating Objects | Copying Transformations to device
Fra:1 Mem:197.33M (Peak 281.43M) | Time:00:01.47 | Mem:0.16M, Peak:0.16M | Scene, ViewLayer | Updating Objects | Applying Static Transformations
Fra:1 Mem:197.33M (Peak 281.43M) | Time:00:01.48 | Mem:0.16M, Peak:0.16M | Scene, ViewLayer | Updating Particle Systems
Fra:1 Mem:197.33M (Peak 281.43M) | Time:00:01.48 | Mem:0.16M, Peak:0.16M | Scene, ViewLayer | Updating Particle Systems | Copying Particles to device
Fra:1 Mem:197.33M (Peak 281.43M) | Time:00:01.48 | Mem:0.16M, Peak:0.16M | Scene, ViewLayer | Updating Meshes
Fra:1 Mem:211.92M (Peak 281.43M) | Time:00:01.51 | Mem:0.16M, Peak:0.16M | Scene, ViewLayer | Updating Mesh | Computing attributes
Fra:1 Mem:218.52M (Peak 281.43M) | Time:00:01.52 | Mem:0.21M, Peak:0.21M | Scene, ViewLayer | Updating Mesh | Copying Attributes to device
Fra:1 Mem:218.41M (Peak 281.43M) | Time:00:01.52 | Mem:6.66M, Peak:6.66M | Scene, ViewLayer | Updating Scene BVH | Building
Fra:1 Mem:218.43M (Peak 281.43M) | Time:00:01.52 | Mem:6.66M, Peak:6.66M | Scene, ViewLayer | Updating Scene BVH | Building BVH
Fra:1 Mem:218.43M (Peak 281.43M) | Time:00:01.52 | Mem:35.83M, Peak:35.83M | Scene, ViewLayer | Updating Scene BVH | Building BVH 0%
Fra:1 Mem:218.43M (Peak 281.43M) | Time:00:01.69 | Mem:66.66M, Peak:95.83M | Scene, ViewLayer | Updating Scene BVH | Copying BVH to device
Fra:1 Mem:218.43M (Peak 281.43M) | Time:00:01.69 | Mem:66.66M, Peak:95.83M | Scene, ViewLayer | Updating Mesh | Computing normals
Fra:1 Mem:254.41M (Peak 281.43M) | Time:00:01.72 | Mem:66.66M, Peak:95.83M | Scene, ViewLayer | Updating Mesh | Copying Mesh to device
Fra:1 Mem:254.41M (Peak 281.43M) | Time:00:01.72 | Mem:102.64M, Peak:102.64M | Scene, ViewLayer | Updating Objects Flags
Fra:1 Mem:254.41M (Peak 281.43M) | Time:00:01.72 | Mem:102.65M, Peak:102.65M | Scene, ViewLayer | Updating Primitive Offsets
Fra:1 Mem:254.42M (Peak 281.43M) | Time:00:01.72 | Mem:102.65M, Peak:102.65M | Scene, ViewLayer | Updating Images
Fra:1 Mem:254.42M (Peak 281.43M) | Time:00:01.72 | Mem:102.65M, Peak:102.65M | Scene, ViewLayer | Updating Camera Volume
Fra:1 Mem:254.42M (Peak 281.43M) | Time:00:01.72 | Mem:102.65M, Peak:102.65M | Scene, ViewLayer | Updating Lookup Tables
Fra:1 Mem:254.42M (Peak 281.43M) | Time:00:01.72 | Mem:102.65M, Peak:102.65M | Scene, ViewLayer | Updating Lights
Fra:1 Mem:254.42M (Peak 281.43M) | Time:00:01.72 | Mem:102.65M, Peak:102.65M | Scene, ViewLayer | Updating Lights | Computing distribution
Fra:1 Mem:254.42M (Peak 281.43M) | Time:00:01.72 | Mem:102.65M, Peak:102.65M | Scene, ViewLayer | Updating Lights | Computing tree
Fra:1 Mem:256.06M (Peak 281.43M) | Time:00:01.75 | Mem:104.30M, Peak:104.30M | Scene, ViewLayer | Updating Integrator
Fra:1 Mem:257.06M (Peak 281.43M) | Time:00:01.75 | Mem:105.30M, Peak:105.30M | Scene, ViewLayer | Updating Film
Fra:1 Mem:257.07M (Peak 281.43M) | Time:00:01.75 | Mem:105.30M, Peak:105.30M | Scene, ViewLayer | Updating Lookup Tables
Fra:1 Mem:257.07M (Peak 281.43M) | Time:00:01.75 | Mem:105.30M, Peak:105.30M | Scene, ViewLayer | Updating Baking
Fra:1 Mem:257.07M (Peak 281.43M) | Time:00:01.75 | Mem:105.30M, Peak:105.30M | Scene, ViewLayer | Updating Device | Writing constant memory
Fra:1 Mem:257.08M (Peak 281.43M) | Time:00:01.75 | Mem:105.30M, Peak:105.30M | Scene, ViewLayer | Sample 0/24
Fra:1 Mem:302.55M (Peak 302.55M) | Time:00:04.05 | Remaining:00:52.86 | Mem:150.76M, Peak:150.76M | Scene, ViewLayer | Sample 1/24
Fra:1 Mem:302.55M (Peak 302.55M) | Time:00:37.00 | Remaining:00:14.51 | Mem:150.76M, Peak:150.76M | Scene, ViewLayer | Sample 17/24
Fra:1 Mem:321.69M (Peak 350.41M) | Time:00:54.13 | Mem:150.76M, Peak:150.76M | Scene, ViewLayer | Sample 24/24
Fra:1 Mem:321.69M (Peak 350.41M) | Time:00:54.13 | Mem:150.76M, Peak:150.76M | Scene, ViewLayer | Finished
Saved: 'C:\MyProjects\TempProject (OpenAI)\su7\renders\draft_05_front_hero.png'
 Time: 00:54.93 (Saving: 00:00.75)

Fra:1 Mem:230.09M (Peak 230.09M) | Time:00:01.50 | Mem:0.00M, Peak:0.00M | Scene, ViewLayer | Synchronizing object | Unified aluminum body | welded hood, quarters and bumpers
Fra:1 Mem:233.73M (Peak 233.73M) | Time:00:01.50 | Mem:0.00M, Peak:0.00M | Scene, ViewLayer | Synchronizing object | Window perimeter | satin black surround
Fra:1 Mem:233.73M (Peak 233.73M) | Time:00:01.50 | Mem:0.00M, Peak:0.00M | Scene, ViewLayer | Synchronizing object | Compound curved greenhouse | panoramic glazing
Fra:1 Mem:235.50M (Peak 235.50M) | Time:00:01.50 | Mem:0.00M, Peak:0.00M | Scene, ViewLayer | Synchronizing object | B pillar black trim
Fra:1 Mem:235.54M (Peak 235.54M) | Time:00:01.50 | Mem:0.00M, Peak:0.00M | Scene, ViewLayer | Synchronizing object | B pillar black trim.001
Fra:1 Mem:235.58M (Peak 235.58M) | Time:00:01.50 | Mem:0.00M, Peak:0.00M | Scene, ViewLayer | Synchronizing object | B pillar black trim.002
Fra:1 Mem:235.62M (Peak 235.62M) | Time:00:01.50 | Mem:0.00M, Peak:0.00M | Scene, ViewLayer | Synchronizing object | Rear quarter glass division
Fra:1 Mem:235.66M (Peak 235.66M) | Time:00:01.50 | Mem:0.00M, Peak:0.00M | Scene, ViewLayer | Synchronizing object | Painted continuous A pillar and roof rail
Fra:1 Mem:235.87M (Peak 235.87M) | Time:00:01.50 | Mem:0.00M, Peak:0.00M | Scene, ViewLayer | Synchronizing object | Smooth continuous side glass
Fra:1 Mem:236.56M (Peak 236.56M) | Time:00:01.50 | Mem:0.00M, Peak:0.00M | Scene, ViewLayer | Synchronizing object | Roof drip molding
Fra:1 Mem:236.73M (Peak 236.73M) | Time:00:01.50 | Mem:0.00M, Peak:0.00M | Scene, ViewLayer | Synchronizing object | Window perimeter | satin black surround.001
Fra:1 Mem:236.94M (Peak 236.94M) | Time:00:01.50 | Mem:0.00M, Peak:0.00M | Scene, ViewLayer | Synchronizing object | B pillar black trim.003
Fra:1 Mem:236.98M (Peak 236.98M) | Time:00:01.51 | Mem:0.00M, Peak:0.00M | Scene, ViewLayer | Synchronizing object | B pillar black trim.004
Fra:1 Mem:237.02M (Peak 237.02M) | Time:00:01.51 | Mem:0.00M, Peak:0.00M | Scene, ViewLayer | Synchronizing object | B pillar black trim.005
Fra:1 Mem:237.06M (Peak 237.06M) | Time:00:01.51 | Mem:0.00M, Peak:0.00M | Scene, ViewLayer | Synchronizing object | Rear quarter glass division.001
Fra:1 Mem:237.09M (Peak 237.09M) | Time:00:01.51 | Mem:0.00M, Peak:0.00M | Scene, ViewLayer | Synchronizing object | Painted continuous A pillar and roof rail.001
Fra:1 Mem:243.30M (Peak 243.30M) | Time:00:01.51 | Mem:0.00M, Peak:0.00M | Scene, ViewLayer | Synchronizing object | Smooth continuous side glass.001
Fra:1 Mem:245.43M (Peak 245.43M) | Time:00:01.51 | Mem:0.00M, Peak:0.00M | Scene, ViewLayer | Synchronizing object | Roof drip molding.001
Fra:1 Mem:245.74M (Peak 245.74M) | Time:00:01.51 | Mem:0.00M, Peak:0.00M | Scene, ViewLayer | Synchronizing object | Hood precision shut line
Fra:1 Mem:245.88M (Peak 245.88M) | Time:00:01.51 | Mem:0.00M, Peak:0.00M | Scene, ViewLayer | Synchronizing object | Front door leading gap
Fra:1 Mem:245.94M (Peak 245.94M) | Time:00:01.51 | Mem:0.00M, Peak:0.00M | Scene, ViewLayer | Synchronizing object | B pillar door gap
Fra:1 Mem:246.01M (Peak 246.01M) | Time:00:01.51 | Mem:0.00M, Peak:0.00M | Scene, ViewLayer | Synchronizing object | Rear door trailing gap
Fra:1 Mem:246.07M (Peak 246.07M) | Time:00:01.51 | Mem:0.00M, Peak:0.00M | Scene, ViewLayer | Synchronizing object | Rocker sill
Fra:1 Mem:248.56M (Peak 248.56M) | Time:00:01.51 | Mem:0.00M, Peak:0.00M | Scene, ViewLayer | Synchronizing object | Rocker silver edge
Fra:1 Mem:248.63M (Peak 248.63M) | Time:00:01.51 | Mem:0.00M, Peak:0.00M | Scene, ViewLayer | Synchronizing object | Handle finger undercut
Fra:1 Mem:248.63M (Peak 248.63M) | Time:00:01.51 | Mem:0.00M, Peak:0.00M | Scene, ViewLayer | Synchronizing object | Flush door handle recess
Fra:1 Mem:248.63M (Peak 248.63M) | Time:00:01.51 | Mem:0.00M, Peak:0.00M | Scene, ViewLayer | Synchronizing object | Flush door handle | Aqua Blue
Fra:1 Mem:248.66M (Peak 248.66M) | Time:00:01.51 | Mem:0.00M, Peak:0.00M | Scene, ViewLayer | Synchronizing object | Charging door
Fra:1 Mem:248.78M (Peak 248.78M) | Time:00:01.51 | Mem:0.00M, Peak:0.00M | Scene, ViewLayer | Synchronizing object | Fender blade polished edge
Fra:1 Mem:248.84M (Peak 248.84M) | Time:00:01.51 | Mem:0.00M, Peak:0.00M | Scene, ViewLayer | Synchronizing object | Mirror stalk
Fra:1 Mem:248.77M (Peak 248.84M) | Time:00:01.51 | Mem:0.00M, Peak:0.00M | Scene, ViewLayer | Synchronizing object | Mirror LED indicator
Fra:1 Mem:248.77M (Peak 248.84M) | Time:00:01.51 | Mem:0.00M, Peak:0.00M | Scene, ViewLayer | Synchronizing object | Flush door handle | Aqua Blue.001
Fra:1 Mem:248.80M (Peak 248.84M) | Time:00:01.51 | Mem:0.00M, Peak:0.00M | Scene, ViewLayer | Synchronizing object | Rolled painted wheel arch lip
Fra:1 Mem:248.99M (Peak 248.99M) | Time:00:01.51 | Mem:0.00M, Peak:0.00M | Scene, ViewLayer | Synchronizing object | Wheelhouse dark reveal
Fra:1 Mem:249.11M (Peak 249.11M) | Time:00:01.51 | Mem:0.00M, Peak:0.00M | Scene, ViewLayer | Synchronizing object | Front fender black air blade
Fra:1 Mem:249.08M (Peak 249.11M) | Time:00:01.51 | Mem:0.00M, Peak:0.00M | Scene, ViewLayer | Synchronizing object | Rolled painted wheel arch lip.001
Fra:1 Mem:251.52M (Peak 251.52M) | Time:00:01.51 | Mem:0.00M, Peak:0.00M | Scene, ViewLayer | Synchronizing object | Mirror black lower housing.001
Fra:1 Mem:251.72M (Peak 251.72M) | Time:00:01.51 | Mem:0.00M, Peak:0.00M | Scene, ViewLayer | Synchronizing object | Mirror painted upper cap.001
Fra:1 Mem:251.78M (Peak 251.78M) | Time:00:01.51 | Mem:0.00M, Peak:0.00M | Scene, ViewLayer | Synchronizing object | Wheelhouse dark reveal.001
Fra:1 Mem:251.80M (Peak 251.80M) | Time:00:01.51 | Mem:0.00M, Peak:0.00M | Scene, ViewLayer | Synchronizing object | Mirror reflective glass.001
Fra:1 Mem:251.96M (Peak 251.96M) | Time:00:01.51 | Mem:0.00M, Peak:0.00M | Scene, ViewLayer | Synchronizing object | Wheelhouse liner
Fra:1 Mem:251.99M (Peak 251.99M) | Time:00:01.51 | Mem:0.00M, Peak:0.00M | Scene, ViewLayer | Synchronizing object | Hood precision shut line.001
Fra:1 Mem:252.12M (Peak 252.12M) | Time:00:01.51 | Mem:0.00M, Peak:0.00M | Scene, ViewLayer | Synchronizing object | Front door leading gap.001
Fra:1 Mem:252.19M (Peak 252.19M) | Time:00:01.51 | Mem:0.00M, Peak:0.00M | Scene, ViewLayer | Synchronizing object | B pillar door gap.001
Fra:1 Mem:252.26M (Peak 252.26M) | Time:00:01.51 | Mem:0.00M, Peak:0.00M | Scene, ViewLayer | Synchronizing object | Rear door trailing gap.001
Fra:1 Mem:252.30M (Peak 252.30M) | Time:00:01.51 | Mem:0.00M, Peak:0.00M | Scene, ViewLayer | Synchronizing object | Wheelhouse liner.001
Fra:1 Mem:252.34M (Peak 252.34M) | Time:00:01.51 | Mem:0.00M, Peak:0.00M | Scene, ViewLayer | Synchronizing object | Rocker sill.001
Fra:1 Mem:252.40M (Peak 252.40M) | Time:00:01.51 | Mem:0.00M, Peak:0.00M | Scene, ViewLayer | Synchronizing object | Rocker silver edge.001
Fra:1 Mem:252.47M (Peak 252.47M) | Time:00:01.51 | Mem:0.00M, Peak:0.00M | Scene, ViewLayer | Synchronizing object | Flush door handle recess.002
Fra:1 Mem:252.47M (Peak 252.47M) | Time:00:01.51 | Mem:0.00M, Peak:0.00M | Scene, ViewLayer | Synchronizing object | Flush door handle | Aqua Blue.002
Fra:1 Mem:252.56M (Peak 252.56M) | Time:00:01.51 | Mem:0.00M, Peak:0.00M | Scene, ViewLayer | Synchronizing object | Handle finger undercut.003
Fra:1 Mem:252.51M (Peak 252.56M) | Time:00:01.51 | Mem:0.00M, Peak:0.00M | Scene, ViewLayer | Synchronizing object | Fender blade polished edge.001
Fra:1 Mem:252.52M (Peak 252.56M) | Time:00:01.51 | Mem:0.00M, Peak:0.00M | Scene, ViewLayer | Synchronizing object | Mirror stalk.001
Fra:1 Mem:252.53M (Peak 252.56M) | Time:00:01.51 | Mem:0.00M, Peak:0.00M | Scene, ViewLayer | Synchronizing object | Flush door handle recess.003
Fra:1 Mem:252.53M (Peak 252.56M) | Time:00:01.51 | Mem:0.00M, Peak:0.00M | Scene, ViewLayer | Synchronizing object | Mirror LED indicator.001
Fra:1 Mem:252.63M (Peak 252.63M) | Time:00:01.51 | Mem:0.00M, Peak:0.00M | Scene, ViewLayer | Synchronizing object | Rolled painted wheel arch lip.002
Fra:1 Mem:252.70M (Peak 252.70M) | Time:00:01.51 | Mem:0.00M, Peak:0.00M | Scene, ViewLayer | Synchronizing object | Flush door handle | Aqua Blue.003
Fra:1 Mem:252.71M (Peak 252.71M) | Time:00:01.51 | Mem:0.00M, Peak:0.00M | Scene, ViewLayer | Synchronizing object | Wheelhouse dark reveal.002
Fra:1 Mem:252.84M (Peak 252.84M) | Time:00:01.51 | Mem:0.00M, Peak:0.00M | Scene, ViewLayer | Synchronizing object | Front fender black air blade.001
Fra:1 Mem:252.84M (Peak 252.84M) | Time:00:01.51 | Mem:0.00M, Peak:0.00M | Scene, ViewLayer | Synchronizing object | Side camera lens
Fra:1 Mem:252.88M (Peak 252.88M) | Time:00:01.51 | Mem:0.00M, Peak:0.00M | Scene, ViewLayer | Synchronizing object | Rolled painted wheel arch lip.003
Fra:1 Mem:253.00M (Peak 253.00M) | Time:00:01.51 | Mem:0.00M, Peak:0.00M | Scene, ViewLayer | Synchronizing object | Mirror black lower housing
Fra:1 Mem:253.08M (Peak 253.08M) | Time:00:01.51 | Mem:0.00M, Peak:0.00M | Scene, ViewLayer | Synchronizing object | Wheelhouse dark reveal.003
Fra:1 Mem:253.10M (Peak 253.10M) | Time:00:01.51 | Mem:0.00M, Peak:0.00M | Scene, ViewLayer | Synchronizing object | Mirror painted upper cap
Fra:1 Mem:253.25M (Peak 253.25M) | Time:00:01.51 | Mem:0.00M, Peak:0.00M | Scene, ViewLayer | Synchronizing object | Mirror reflective glass
Fra:1 Mem:253.33M (Peak 253.33M) | Time:00:01.51 | Mem:0.00M, Peak:0.00M | Scene, ViewLayer | Synchronizing object | Headlight rubber gasket
Fra:1 Mem:253.34M (Peak 253.34M) | Time:00:01.51 | Mem:0.00M, Peak:0.00M | Scene, ViewLayer | Synchronizing object | Wheelhouse liner.002
Fra:1 Mem:253.38M (Peak 253.38M) | Time:00:01.51 | Mem:0.00M, Peak:0.00M | Scene, ViewLayer | Synchronizing object | Wheelhouse liner.003
Fra:1 Mem:253.40M (Peak 253.40M) | Time:00:01.51 | Mem:0.00M, Peak:0.00M | Scene, ViewLayer | Synchronizing object | Headlight polished rim
Fra:1 Mem:253.43M (Peak 253.43M) | Time:00:01.51 | Mem:0.00M, Peak:0.00M | Scene, ViewLayer | Synchronizing object | Waterdrop headlight | dark compound-curved optical housing
Fra:1 Mem:253.54M (Peak 253.54M) | Time:00:01.51 | Mem:0.00M, Peak:0.00M | Scene, ViewLayer | Synchronizing object | Signature sweeping diagonal DRL
Fra:1 Mem:253.60M (Peak 253.60M) | Time:00:01.51 | Mem:0.00M, Peak:0.00M | Scene, ViewLayer | Synchronizing object | Lower segmented optical return
Fra:1 Mem:253.65M (Peak 253.65M) | Time:00:01.51 | Mem:0.00M, Peak:0.00M | Scene, ViewLayer | Synchronizing object | Upper arrow DRL accent
Fra:1 Mem:253.69M (Peak 253.69M) | Time:00:01.51 | Mem:0.00M, Peak:0.00M | Scene, ViewLayer | Synchronizing object | Corner intake rim
Fra:1 Mem:253.71M (Peak 253.71M) | Time:00:01.51 | Mem:0.00M, Peak:0.00M | Scene, ViewLayer | Synchronizing object | Air curtain inner fin
Fra:1 Mem:253.73M (Peak 253.73M) | Time:00:01.52 | Mem:0.00M, Peak:0.00M | Scene, ViewLayer | Synchronizing object | Headlight rubber gasket.001
Fra:1 Mem:253.71M (Peak 253.73M) | Time:00:01.52 | Mem:0.00M, Peak:0.00M | Scene, ViewLayer | Synchronizing object | Headlight polished rim.001
Fra:1 Mem:253.77M (Peak 253.77M) | Time:00:01.52 | Mem:0.00M, Peak:0.00M | Scene, ViewLayer | Synchronizing object | Signature sweeping diagonal DRL.001
Fra:1 Mem:253.78M (Peak 253.78M) | Time:00:01.52 | Mem:0.00M, Peak:0.00M | Scene, ViewLayer | Synchronizing object | Rectangular LED projector surround
Fra:1 Mem:253.85M (Peak 253.85M) | Time:00:01.52 | Mem:0.00M, Peak:0.00M | Scene, ViewLayer | Synchronizing object | Lower segmented optical return.001
Fra:1 Mem:253.94M (Peak 253.94M) | Time:00:01.52 | Mem:0.00M, Peak:0.00M | Scene, ViewLayer | Synchronizing object | Upper arrow DRL accent.001
Fra:1 Mem:253.94M (Peak 253.94M) | Time:00:01.52 | Mem:0.00M, Peak:0.00M | Scene, ViewLayer | Synchronizing object | Deep projector optic
Fra:1 Mem:254.02M (Peak 254.02M) | Time:00:01.52 | Mem:0.00M, Peak:0.00M | Scene, ViewLayer | Synchronizing object | Corner intake rim.001
Fra:1 Mem:254.03M (Peak 254.03M) | Time:00:01.52 | Mem:0.00M, Peak:0.00M | Scene, ViewLayer | Synchronizing object | Air curtain inner fin.001
Fra:1 Mem:254.00M (Peak 254.03M) | Time:00:01.52 | Mem:0.00M, Peak:0.00M | Scene, ViewLayer | Synchronizing object | Rectangular LED projector surround.001
Fra:1 Mem:254.01M (Peak 254.03M) | Time:00:01.52 | Mem:0.00M, Peak:0.00M | Scene, ViewLayer | Synchronizing object | Satin front intake frame
Fra:1 Mem:254.10M (Peak 254.10M) | Time:00:01.52 | Mem:0.00M, Peak:0.00M | Scene, ViewLayer | Synchronizing object | Painted intake ring
Fra:1 Mem:254.13M (Peak 254.13M) | Time:00:01.52 | Mem:0.00M, Peak:0.00M | Scene, ViewLayer | Synchronizing object | Painted intake ring.001
Fra:1 Mem:254.10M (Peak 254.13M) | Time:00:01.52 | Mem:0.00M, Peak:0.00M | Scene, ViewLayer | Synchronizing object | Deep projector optic.001
Fra:1 Mem:254.11M (Peak 254.13M) | Time:00:01.52 | Mem:0.00M, Peak:0.00M | Scene, ViewLayer | Synchronizing object | Horizontal grille louver
Fra:1 Mem:254.17M (Peak 254.17M) | Time:00:01.52 | Mem:0.00M, Peak:0.00M | Scene, ViewLayer | Synchronizing object | Horizontal grille louver.001
Fra:1 Mem:254.21M (Peak 254.21M) | Time:00:01.52 | Mem:0.00M, Peak:0.00M | Scene, ViewLayer | Synchronizing object | Horizontal grille louver.002
Fra:1 Mem:254.22M (Peak 254.22M) | Time:00:01.52 | Mem:0.00M, Peak:0.00M | Scene, ViewLayer | Synchronizing object | Rectangular LED projector surround.002
Fra:1 Mem:254.25M (Peak 254.25M) | Time:00:01.52 | Mem:0.00M, Peak:0.00M | Scene, ViewLayer | Synchronizing object | Horizontal grille louver.003
Fra:1 Mem:254.33M (Peak 254.33M) | Time:00:01.52 | Mem:0.00M, Peak:0.00M | Scene, ViewLayer | Synchronizing object | Grille vertical reinforcement
Fra:1 Mem:254.34M (Peak 254.34M) | Time:00:01.52 | Mem:0.00M, Peak:0.00M | Scene, ViewLayer | Synchronizing object | Grille vertical reinforcement.001
Fra:1 Mem:254.33M (Peak 254.34M) | Time:00:01.52 | Mem:0.00M, Peak:0.00M | Scene, ViewLayer | Synchronizing object | Grille vertical reinforcement.002
Fra:1 Mem:254.30M (Peak 254.34M) | Time:00:01.52 | Mem:0.00M, Peak:0.00M | Scene, ViewLayer | Synchronizing object | Deep projector optic.002
Fra:1 Mem:254.32M (Peak 254.34M) | Time:00:01.52 | Mem:0.00M, Peak:0.00M | Scene, ViewLayer | Synchronizing object | Grille vertical reinforcement.003
Fra:1 Mem:254.32M (Peak 254.34M) | Time:00:01.52 | Mem:0.00M, Peak:0.00M | Scene, ViewLayer | Synchronizing object | Grille vertical reinforcement.004
Fra:1 Mem:254.34M (Peak 254.34M) | Time:00:01.52 | Mem:0.00M, Peak:0.00M | Scene, ViewLayer | Synchronizing object | Grille vertical reinforcement.005
Fra:1 Mem:254.34M (Peak 254.34M) | Time:00:01.52 | Mem:0.00M, Peak:0.00M | Scene, ViewLayer | Synchronizing object | Grille vertical reinforcement.006
Fra:1 Mem:254.34M (Peak 254.34M) | Time:00:01.52 | Mem:0.00M, Peak:0.00M | Scene, ViewLayer | Synchronizing object | Rectangular LED projector surround.003
Fra:1 Mem:254.36M (Peak 254.36M) | Time:00:01.52 | Mem:0.00M, Peak:0.00M | Scene, ViewLayer | Synchronizing object | Grille vertical reinforcement.007
Fra:1 Mem:254.36M (Peak 254.36M) | Time:00:01.52 | Mem:0.00M, Peak:0.00M | Scene, ViewLayer | Synchronizing object | Grille vertical reinforcement.008
Fra:1 Mem:254.41M (Peak 254.41M) | Time:00:01.52 | Mem:0.00M, Peak:0.00M | Scene, ViewLayer | Synchronizing object | Grille vertical reinforcement.009
Fra:1 Mem:254.43M (Peak 254.43M) | Time:00:01.52 | Mem:0.00M, Peak:0.00M | Scene, ViewLayer | Synchronizing object | Grille vertical reinforcement.010
Fra:1 Mem:254.41M (Peak 254.43M) | Time:00:01.52 | Mem:0.00M, Peak:0.00M | Scene, ViewLayer | Synchronizing object | Front splitter blade
Fra:1 Mem:254.40M (Peak 254.43M) | Time:00:01.52 | Mem:0.00M, Peak:0.00M | Scene, ViewLayer | Synchronizing object | Deep projector optic.003
Fra:1 Mem:254.57M (Peak 254.57M) | Time:00:01.52 | Mem:0.00M, Peak:0.00M | Scene, ViewLayer | Synchronizing object | Front plate lettering
Fra:1 Mem:254.72M (Peak 254.72M) | Time:00:01.52 | Mem:0.00M, Peak:0.00M | Scene, ViewLayer | Synchronizing object | Vertical corner air curtain
Fra:1 Mem:254.76M (Peak 254.76M) | Time:00:01.52 | Mem:0.00M, Peak:0.00M | Scene, ViewLayer | Synchronizing object | Waterdrop headlight | dark compound-curved optical housing.001
Fra:1 Mem:254.84M (Peak 254.84M) | Time:00:01.52 | Mem:0.00M, Peak:0.00M | Scene, ViewLayer | Synchronizing object | Rectangular LED projector surround.004
Fra:1 Mem:254.87M (Peak 254.87M) | Time:00:01.52 | Mem:0.00M, Peak:0.00M | Scene, ViewLayer | Synchronizing object | Deep projector optic.004
Fra:1 Mem:254.90M (Peak 254.90M) | Time:00:01.52 | Mem:0.00M, Peak:0.00M | Scene, ViewLayer | Synchronizing object | Rectangular LED projector surround.005
Fra:1 Mem:254.93M (Peak 254.93M) | Time:00:01.52 | Mem:0.00M, Peak:0.00M | Scene, ViewLayer | Synchronizing object | Deep projector optic.005
Fra:1 Mem:254.96M (Peak 254.96M) | Time:00:01.52 | Mem:0.00M, Peak:0.00M | Scene, ViewLayer | Synchronizing object | Rectangular LED projector surround.006
Fra:1 Mem:255.00M (Peak 255.00M) | Time:00:01.52 | Mem:0.00M, Peak:0.00M | Scene, ViewLayer | Synchronizing object | Deep projector optic.006
Fra:1 Mem:255.03M (Peak 255.03M) | Time:00:01.52 | Mem:0.00M, Peak:0.00M | Scene, ViewLayer | Synchronizing object | Rectangular LED projector surround.007
Fra:1 Mem:255.06M (Peak 255.06M) | Time:00:01.52 | Mem:0.00M, Peak:0.00M | Scene, ViewLayer | Synchronizing object | Deep projector optic.007
Fra:1 Mem:255.09M (Peak 255.09M) | Time:00:01.52 | Mem:0.00M, Peak:0.00M | Scene, ViewLayer | Synchronizing object | Vertical corner air curtain.001
Fra:1 Mem:255.14M (Peak 255.14M) | Time:00:01.52 | Mem:0.00M, Peak:0.00M | Scene, ViewLayer | Synchronizing object | Wide trapezoidal front lower intake
Fra:1 Mem:255.19M (Peak 255.19M) | Time:00:01.52 | Mem:0.00M, Peak:0.00M | Scene, ViewLayer | Synchronizing object | Sculpted Aqua Blue intake side surround
Fra:1 Mem:257.65M (Peak 257.65M) | Time:00:01.52 | Mem:0.00M, Peak:0.00M | Scene, ViewLayer | Synchronizing object | Sculpted Aqua Blue intake side surround.001
Fra:1 Mem:257.68M (Peak 257.68M) | Time:00:01.52 | Mem:0.00M, Peak:0.00M | Scene, ViewLayer | Synchronizing object | Front license plate bracket
Fra:1 Mem:255.29M (Peak 257.68M) | Time:00:01.52 | Mem:0.00M, Peak:0.00M | Scene, ViewLayer | Synchronizing object | Front license plate
Fra:1 Mem:256.10M (Peak 257.78M) | Time:00:01.53 | Mem:0.00M, Peak:0.00M | Scene, ViewLayer | Synchronizing object | Ultrasonic parking sensor
Fra:1 Mem:256.11M (Peak 257.78M) | Time:00:01.53 | Mem:0.00M, Peak:0.00M | Scene, ViewLayer | Synchronizing object | Hood mi insignia
Fra:1 Mem:256.36M (Peak 257.78M) | Time:00:01.53 | Mem:0.00M, Peak:0.00M | Scene, ViewLayer | Synchronizing object | Rear lamp outer seal
Fra:1 Mem:256.39M (Peak 257.78M) | Time:00:01.53 | Mem:0.00M, Peak:0.00M | Scene, ViewLayer | Synchronizing object | License plate screw
Fra:1 Mem:256.41M (Peak 257.78M) | Time:00:01.53 | Mem:0.00M, Peak:0.00M | Scene, ViewLayer | Synchronizing object | Continuous halo rear LED
Fra:1 Mem:256.40M (Peak 257.78M) | Time:00:01.53 | Mem:0.00M, Peak:0.00M | Scene, ViewLayer | Synchronizing object | Ultrasonic parking sensor.001
Fra:1 Mem:256.42M (Peak 257.78M) | Time:00:01.53 | Mem:0.00M, Peak:0.00M | Scene, ViewLayer | Synchronizing object | License plate screw.001
Fra:1 Mem:256.48M (Peak 257.78M) | Time:00:01.53 | Mem:0.00M, Peak:0.00M | Scene, ViewLayer | Synchronizing object | Front perception camera
Fra:1 Mem:256.55M (Peak 257.78M) | Time:00:01.53 | Mem:0.00M, Peak:0.00M | Scene, ViewLayer | Synchronizing object | Lower full-width LED filament
Fra:1 Mem:256.58M (Peak 257.78M) | Time:00:01.53 | Mem:0.00M, Peak:0.00M | Scene, ViewLayer | Synchronizing object | Halo rear red optical bed
Fra:1 Mem:256.96M (Peak 257.78M) | Time:00:01.53 | Mem:0.00M, Peak:0.00M | Scene, ViewLayer | Synchronizing object | Inner taillight return
Fra:1 Mem:256.97M (Peak 257.78M) | Time:00:01.53 | Mem:0.00M, Peak:0.00M | Scene, ViewLayer | Synchronizing object | Rear bumper side air outlet
Fra:1 Mem:256.97M (Peak 257.78M) | Time:00:01.53 | Mem:0.00M, Peak:0.00M | Scene, ViewLayer | Synchronizing object | Rear vent rim
Fra:1 Mem:257.03M (Peak 257.78M) | Time:00:01.53 | Mem:0.00M, Peak:0.00M | Scene, ViewLayer | Synchronizing object | Trunk panel shut line
Fra:1 Mem:257.10M (Peak 257.78M) | Time:00:01.53 | Mem:0.00M, Peak:0.00M | Scene, ViewLayer | Synchronizing object | Inner taillight return.001
Fra:1 Mem:257.10M (Peak 257.78M) | Time:00:01.53 | Mem:0.00M, Peak:0.00M | Scene, ViewLayer | Synchronizing object | Rear lower reflector
Fra:1 Mem:257.11M (Peak 257.78M) | Time:00:01.53 | Mem:0.00M, Peak:0.00M | Scene, ViewLayer | Synchronizing object | Rear bumper side air outlet.001
Fra:1 Mem:257.18M (Peak 257.78M) | Time:00:01.53 | Mem:0.00M, Peak:0.00M | Scene, ViewLayer | Synchronizing object | Trunk panel shut line.001
Fra:1 Mem:257.27M (Peak 257.78M) | Time:00:01.53 | Mem:0.00M, Peak:0.00M | Scene, ViewLayer | Synchronizing object | Rear lower reflector.001
Fra:1 Mem:257.28M (Peak 257.78M) | Time:00:01.53 | Mem:0.00M, Peak:0.00M | Scene, ViewLayer | Synchronizing object | Rear diffuser painted buttress
Fra:1 Mem:257.49M (Peak 257.78M) | Time:00:01.53 | Mem:0.00M, Peak:0.00M | Scene, ViewLayer | Synchronizing object | Rear diffuser painted buttress.001
Fra:1 Mem:257.53M (Peak 257.78M) | Time:00:01.53 | Mem:0.00M, Peak:0.00M | Scene, ViewLayer | Synchronizing object | Rear diffuser lower lip
Fra:1 Mem:257.62M (Peak 257.78M) | Time:00:01.53 | Mem:0.00M, Peak:0.00M | Scene, ViewLayer | Synchronizing object | Underfloor diffuser strake
Fra:1 Mem:257.63M (Peak 257.78M) | Time:00:01.53 | Mem:0.00M, Peak:0.00M | Scene, ViewLayer | Synchronizing object | Rear plate SU7
Fra:1 Mem:257.79M (Peak 257.79M) | Time:00:01.53 | Mem:0.00M, Peak:0.00M | Scene, ViewLayer | Synchronizing object | Underfloor diffuser strake.001
Fra:1 Mem:257.99M (Peak 257.99M) | Time:00:01.53 | Mem:0.00M, Peak:0.00M | Scene, ViewLayer | Synchronizing object | Underfloor diffuser strake.002
Fra:1 Mem:258.01M (Peak 258.01M) | Time:00:01.53 | Mem:0.00M, Peak:0.00M | Scene, ViewLayer | Synchronizing object | Rear spaced Xiaomi lettering | x
Fra:1 Mem:258.09M (Peak 258.09M) | Time:00:01.53 | Mem:0.00M, Peak:0.00M | Scene, ViewLayer | Synchronizing object | Rear spaced Xiaomi lettering | i
Fra:1 Mem:258.08M (Peak 258.09M) | Time:00:01.53 | Mem:0.00M, Peak:0.00M | Scene, ViewLayer | Synchronizing object | Underfloor diffuser strake.003
Fra:1 Mem:258.18M (Peak 258.18M) | Time:00:01.53 | Mem:0.00M, Peak:0.00M | Scene, ViewLayer | Synchronizing object | Rear spaced Xiaomi lettering | a
Fra:1 Mem:258.21M (Peak 258.21M) | Time:00:01.53 | Mem:0.00M, Peak:0.00M | Scene, ViewLayer | Synchronizing object | Underfloor diffuser strake.004
Fra:1 Mem:258.20M (Peak 258.21M) | Time:00:01.53 | Mem:0.00M, Peak:0.00M | Scene, ViewLayer | Synchronizing object | Rear plate bracket
Fra:1 Mem:258.46M (Peak 258.46M) | Time:00:01.53 | Mem:0.00M, Peak:0.00M | Scene, ViewLayer | Synchronizing object | Rear license plate
Fra:1 Mem:258.54M (Peak 258.54M) | Time:00:01.53 | Mem:0.00M, Peak:0.00M | Scene, ViewLayer | Synchronizing object | Rear spaced Xiaomi lettering | o
Fra:1 Mem:258.61M (Peak 258.61M) | Time:00:01.53 | Mem:0.00M, Peak:0.00M | Scene, ViewLayer | Synchronizing object | Rear spaced Xiaomi lettering | m
Fra:1 Mem:258.75M (Peak 258.75M) | Time:00:01.53 | Mem:0.00M, Peak:0.00M | Scene, ViewLayer | Synchronizing object | Rear spaced Xiaomi lettering | i.001
Fra:1 Mem:258.83M (Peak 258.83M) | Time:00:01.53 | Mem:0.00M, Peak:0.00M | Scene, ViewLayer | Synchronizing object | Rear model badge
Fra:1 Mem:259.11M (Peak 259.11M) | Time:00:01.54 | Mem:0.00M, Peak:0.00M | Scene, ViewLayer | Synchronizing object | Rear Max badge
Fra:1 Mem:259.40M (Peak 259.40M) | Time:00:01.54 | Mem:0.00M, Peak:0.00M | Scene, ViewLayer | Synchronizing object | Rear manufacturer badge
Fra:1 Mem:259.59M (Peak 259.59M) | Time:00:01.54 | Mem:0.00M, Peak:0.00M | Scene, ViewLayer | Synchronizing object | Integrated rear deck ducktail
Fra:1 Mem:259.72M (Peak 259.72M) | Time:00:01.54 | Mem:0.00M, Peak:0.00M | Scene, ViewLayer | Synchronizing object | Retractable spoiler shut line
Fra:1 Mem:259.81M (Peak 259.81M) | Time:00:01.54 | Mem:0.00M, Peak:0.00M | Scene, ViewLayer | Synchronizing object | Rear parking camera
Fra:1 Mem:259.88M (Peak 259.88M) | Time:00:01.54 | Mem:0.00M, Peak:0.00M | Scene, ViewLayer | Synchronizing object | Front left | tire carcass
Fra:1 Mem:260.01M (Peak 260.01M) | Time:00:01.54 | Mem:0.00M, Peak:0.00M | Scene, ViewLayer | Synchronizing object | Front left tire molded sidewall ring.001
Fra:1 Mem:260.02M (Peak 260.02M) | Time:00:01.54 | Mem:0.00M, Peak:0.00M | Scene, ViewLayer | Synchronizing object | Front left tire molded sidewall ring.002
Fra:1 Mem:260.13M (Peak 260.13M) | Time:00:01.54 | Mem:0.00M, Peak:0.00M | Scene, ViewLayer | Synchronizing object | Front left tire molded sidewall ring
Fra:1 Mem:260.33M (Peak 260.33M) | Time:00:01.54 | Mem:0.00M, Peak:0.00M | Scene, ViewLayer | Synchronizing object | Front left directional tread | 792 blocks
Fra:1 Mem:260.33M (Peak 260.33M) | Time:00:01.54 | Mem:0.00M, Peak:0.00M | Scene, ViewLayer | Synchronizing object | Front left cast rim barrel
Fra:1 Mem:260.73M (Peak 260.73M) | Time:00:01.54 | Mem:0.00M, Peak:0.00M | Scene, ViewLayer | Synchronizing object | Front left diamond-cut outer flange
Fra:1 Mem:260.93M (Peak 260.93M) | Time:00:01.54 | Mem:0.00M, Peak:0.00M | Scene, ViewLayer | Synchronizing object | Front left inner rim accent
Fra:1 Mem:261.14M (Peak 261.14M) | Time:00:01.54 | Mem:0.00M, Peak:0.00M | Scene, ViewLayer | Synchronizing object | Front left brake rotor
Fra:1 Mem:261.14M (Peak 261.14M) | Time:00:01.54 | Mem:0.00M, Peak:0.00M | Scene, ViewLayer | Synchronizing object | Front left caliper marking
Fra:1 Mem:261.30M (Peak 261.30M) | Time:00:01.54 | Mem:0.00M, Peak:0.00M | Scene, ViewLayer | Synchronizing object | Front left rotor outer scoring
Fra:1 Mem:261.94M (Peak 261.94M) | Time:00:01.54 | Mem:0.00M, Peak:0.00M | Scene, ViewLayer | Synchronizing object | Front left drilled rotor perforation
Fra:1 Mem:261.95M (Peak 261.95M) | Time:00:01.54 | Mem:0.00M, Peak:0.00M | Scene, ViewLayer | Synchronizing object | Front left drilled rotor perforation.001
Fra:1 Mem:261.95M (Peak 261.95M) | Time:00:01.54 | Mem:0.00M, Peak:0.00M | Scene, ViewLayer | Synchronizing object | Front left drilled rotor perforation.002
Fra:1 Mem:261.98M (Peak 261.98M) | Time:00:01.54 | Mem:0.00M, Peak:0.00M | Scene, ViewLayer | Synchronizing object | Front left drilled rotor perforation.003
Fra:1 Mem:262.07M (Peak 262.07M) | Time:00:01.54 | Mem:0.00M, Peak:0.00M | Scene, ViewLayer | Synchronizing object | Front left drilled rotor perforation.004
Fra:1 Mem:262.04M (Peak 262.07M) | Time:00:01.54 | Mem:0.00M, Peak:0.00M | Scene, ViewLayer | Synchronizing object | Front left drilled rotor perforation.005
Fra:1 Mem:262.17M (Peak 262.17M) | Time:00:01.54 | Mem:0.00M, Peak:0.00M | Scene, ViewLayer | Synchronizing object | Front left drilled rotor perforation.006
Fra:1 Mem:262.08M (Peak 262.17M) | Time:00:01.54 | Mem:0.00M, Peak:0.00M | Scene, ViewLayer | Synchronizing object | Front left drilled rotor perforation.007
Fra:1 Mem:262.10M (Peak 262.17M) | Time:00:01.54 | Mem:0.00M, Peak:0.00M | Scene, ViewLayer | Synchronizing object | Front left drilled rotor perforation.008
Fra:1 Mem:262.09M (Peak 262.17M) | Time:00:01.54 | Mem:0.00M, Peak:0.00M | Scene, ViewLayer | Synchronizing object | Front left drilled rotor perforation.009
Fra:1 Mem:262.15M (Peak 262.17M) | Time:00:01.54 | Mem:0.00M, Peak:0.00M | Scene, ViewLayer | Synchronizing object | Front left center mi logo
Fra:1 Mem:262.21M (Peak 262.22M) | Time:00:01.54 | Mem:0.00M, Peak:0.00M | Scene, ViewLayer | Synchronizing object | Front left drilled rotor perforation.010
Fra:1 Mem:262.26M (Peak 262.26M) | Time:00:01.54 | Mem:0.00M, Peak:0.00M | Scene, ViewLayer | Synchronizing object | Front left drilled rotor perforation.011
Fra:1 Mem:262.36M (Peak 262.36M) | Time:00:01.54 | Mem:0.00M, Peak:0.00M | Scene, ViewLayer | Synchronizing object | Front left drilled rotor perforation.012
Fra:1 Mem:262.45M (Peak 262.45M) | Time:00:01.54 | Mem:0.00M, Peak:0.00M | Scene, ViewLayer | Synchronizing object | Front left drilled rotor perforation.013
Fra:1 Mem:262.40M (Peak 262.45M) | Time:00:01.54 | Mem:0.00M, Peak:0.00M | Scene, ViewLayer | Synchronizing object | Front left drilled rotor perforation.014
Fra:1 Mem:262.42M (Peak 262.45M) | Time:00:01.54 | Mem:0.00M, Peak:0.00M | Scene, ViewLayer | Synchronizing object | Front left sidewall lettering
Fra:1 Mem:262.46M (Peak 262.46M) | Time:00:01.54 | Mem:0.00M, Peak:0.00M | Scene, ViewLayer | Synchronizing object | Front left drilled rotor perforation.015
Fra:1 Mem:262.50M (Peak 262.50M) | Time:00:01.54 | Mem:0.00M, Peak:0.00M | Scene, ViewLayer | Synchronizing object | Front left sidewall lettering.001
Fra:1 Mem:262.44M (Peak 262.50M) | Time:00:01.54 | Mem:0.00M, Peak:0.00M | Scene, ViewLayer | Synchronizing object | Front left drilled rotor perforation.016
Fra:1 Mem:262.46M (Peak 262.50M) | Time:00:01.54 | Mem:0.00M, Peak:0.00M | Scene, ViewLayer | Synchronizing object | Front left drilled rotor perforation.017
Fra:1 Mem:262.51M (Peak 262.51M) | Time:00:01.54 | Mem:0.00M, Peak:0.00M | Scene, ViewLayer | Synchronizing object | Front left sidewall lettering.002
Fra:1 Mem:262.55M (Peak 262.55M) | Time:00:01.54 | Mem:0.00M, Peak:0.00M | Scene, ViewLayer | Synchronizing object | Front left drilled rotor perforation.018
Fra:1 Mem:262.53M (Peak 262.55M) | Time:00:01.54 | Mem:0.00M, Peak:0.00M | Scene, ViewLayer | Synchronizing object | Front left drilled rotor perforation.019
Fra:1 Mem:262.52M (Peak 262.55M) | Time:00:01.54 | Mem:0.00M, Peak:0.00M | Scene, ViewLayer | Synchronizing object | Front left drilled rotor perforation.020
Fra:1 Mem:262.69M (Peak 262.69M) | Time:00:01.54 | Mem:0.00M, Peak:0.00M | Scene, ViewLayer | Synchronizing object | Front left drilled rotor perforation.021
Fra:1 Mem:262.65M (Peak 262.69M) | Time:00:01.54 | Mem:0.00M, Peak:0.00M | Scene, ViewLayer | Synchronizing object | Front left drilled rotor perforation.022
Fra:1 Mem:262.72M (Peak 262.72M) | Time:00:01.54 | Mem:0.00M, Peak:0.00M | Scene, ViewLayer | Synchronizing object | Front left sidewall lettering.003
Fra:1 Mem:262.69M (Peak 262.72M) | Time:00:01.54 | Mem:0.00M, Peak:0.00M | Scene, ViewLayer | Synchronizing object | Front left drilled rotor perforation.023
Fra:1 Mem:262.70M (Peak 262.72M) | Time:00:01.54 | Mem:0.00M, Peak:0.00M | Scene, ViewLayer | Synchronizing object | Front left drilled rotor perforation.024
Fra:1 Mem:262.75M (Peak 262.75M) | Time:00:01.54 | Mem:0.00M, Peak:0.00M | Scene, ViewLayer | Synchronizing object | Front left sidewall lettering.004
Fra:1 Mem:262.80M (Peak 262.80M) | Time:00:01.54 | Mem:0.00M, Peak:0.00M | Scene, ViewLayer | Synchronizing object | Front left sidewall lettering.005
Fra:1 Mem:262.76M (Peak 262.80M) | Time:00:01.54 | Mem:0.00M, Peak:0.00M | Scene, ViewLayer | Synchronizing object | Front left drilled rotor perforation.025
Fra:1 Mem:262.74M (Peak 262.80M) | Time:00:01.54 | Mem:0.00M, Peak:0.00M | Scene, ViewLayer | Synchronizing object | Front left drilled rotor perforation.026
Fra:1 Mem:262.77M (Peak 262.80M) | Time:00:01.54 | Mem:0.00M, Peak:0.00M | Scene, ViewLayer | Synchronizing object | Front left sidewall lettering.006
Fra:1 Mem:262.80M (Peak 262.80M) | Time:00:01.55 | Mem:0.00M, Peak:0.00M | Scene, ViewLayer | Synchronizing object | Front left drilled rotor perforation.027
Fra:1 Mem:262.78M (Peak 262.80M) | Time:00:01.55 | Mem:0.00M, Peak:0.00M | Scene, ViewLayer | Synchronizing object | Front left drilled rotor perforation.028
Fra:1 Mem:262.88M (Peak 262.88M) | Time:00:01.55 | Mem:0.00M, Peak:0.00M | Scene, ViewLayer | Synchronizing object | Front left sidewall lettering.007
Fra:1 Mem:262.81M (Peak 262.88M) | Time:00:01.55 | Mem:0.00M, Peak:0.00M | Scene, ViewLayer | Synchronizing object | Front left drilled rotor perforation.031
Fra:1 Mem:262.83M (Peak 262.88M) | Time:00:01.55 | Mem:0.00M, Peak:0.00M | Scene, ViewLayer | Synchronizing object | Front left sidewall lettering.008
Fra:1 Mem:262.98M (Peak 262.98M) | Time:00:01.55 | Mem:0.00M, Peak:0.00M | Scene, ViewLayer | Synchronizing object | Front left sidewall lettering.009
Fra:1 Mem:262.98M (Peak 262.98M) | Time:00:01.55 | Mem:0.00M, Peak:0.00M | Scene, ViewLayer | Synchronizing object | Front left sidewall lettering.010
Fra:1 Mem:262.97M (Peak 262.98M) | Time:00:01.55 | Mem:0.00M, Peak:0.00M | Scene, ViewLayer | Synchronizing object | Front left drilled rotor perforation.032
Fra:1 Mem:262.97M (Peak 262.98M) | Time:00:01.55 | Mem:0.00M, Peak:0.00M | Scene, ViewLayer | Synchronizing object | Front left drilled rotor perforation.033
Fra:1 Mem:262.99M (Peak 262.99M) | Time:00:01.55 | Mem:0.00M, Peak:0.00M | Scene, ViewLayer | Synchronizing object | Front left sidewall lettering.011
Fra:1 Mem:263.09M (Peak 263.09M) | Time:00:01.55 | Mem:0.00M, Peak:0.00M | Scene, ViewLayer | Synchronizing object | Front left drilled rotor perforation.034
Fra:1 Mem:263.11M (Peak 263.11M) | Time:00:01.55 | Mem:0.00M, Peak:0.00M | Scene, ViewLayer | Synchronizing object | Front left drilled rotor perforation.036
Fra:1 Mem:263.22M (Peak 263.22M) | Time:00:01.55 | Mem:0.00M, Peak:0.00M | Scene, ViewLayer | Synchronizing object | Front left sidewall lettering.012
Fra:1 Mem:263.20M (Peak 263.22M) | Time:00:01.55 | Mem:0.00M, Peak:0.00M | Scene, ViewLayer | Synchronizing object | Front left drilled rotor perforation.037
Fra:1 Mem:263.18M (Peak 263.22M) | Time:00:01.55 | Mem:0.00M, Peak:0.00M | Scene, ViewLayer | Synchronizing object | Front left sidewall lettering.013
Fra:1 Mem:263.20M (Peak 263.22M) | Time:00:01.55 | Mem:0.00M, Peak:0.00M | Scene, ViewLayer | Synchronizing object | Front left drilled rotor perforation.038
Fra:1 Mem:263.20M (Peak 263.22M) | Time:00:01.55 | Mem:0.00M, Peak:0.00M | Scene, ViewLayer | Synchronizing object | Front left sidewall lettering.014
Fra:1 Mem:263.26M (Peak 263.26M) | Time:00:01.55 | Mem:0.00M, Peak:0.00M | Scene, ViewLayer | Synchronizing object | Front left drilled rotor perforation.039
Fra:1 Mem:263.33M (Peak 263.33M) | Time:00:01.55 | Mem:0.00M, Peak:0.00M | Scene, ViewLayer | Synchronizing object | Front left drilled rotor perforation.040
Fra:1 Mem:263.42M (Peak 263.42M) | Time:00:01.55 | Mem:0.00M, Peak:0.00M | Scene, ViewLayer | Synchronizing object | Front left drilled rotor perforation.041
Fra:1 Mem:263.44M (Peak 263.44M) | Time:00:01.55 | Mem:0.00M, Peak:0.00M | Scene, ViewLayer | Synchronizing object | Front left sidewall lettering.015
Fra:1 Mem:263.47M (Peak 263.47M) | Time:00:01.55 | Mem:0.00M, Peak:0.00M | Scene, ViewLayer | Synchronizing object | Front left drilled rotor perforation.042
Fra:1 Mem:263.49M (Peak 263.49M) | Time:00:01.55 | Mem:0.00M, Peak:0.00M | Scene, ViewLayer | Synchronizing object | Front left drilled rotor perforation.043
Fra:1 Mem:263.58M (Peak 263.58M) | Time:00:01.55 | Mem:0.00M, Peak:0.00M | Scene, ViewLayer | Synchronizing object | Front left sidewall lettering.016
Fra:1 Mem:263.54M (Peak 263.58M) | Time:00:01.55 | Mem:0.00M, Peak:0.00M | Scene, ViewLayer | Synchronizing object | Front left drilled rotor perforation.044
Fra:1 Mem:263.58M (Peak 263.58M) | Time:00:01.55 | Mem:0.00M, Peak:0.00M | Scene, ViewLayer | Synchronizing object | Front left drilled rotor perforation.045
Fra:1 Mem:263.74M (Peak 263.74M) | Time:00:01.55 | Mem:0.00M, Peak:0.00M | Scene, ViewLayer | Synchronizing object | Front left drilled rotor perforation.046
Fra:1 Mem:263.69M (Peak 263.74M) | Time:00:01.55 | Mem:0.00M, Peak:0.00M | Scene, ViewLayer | Synchronizing object | Front left drilled rotor perforation.047
Fra:1 Mem:263.75M (Peak 263.75M) | Time:00:01.55 | Mem:0.00M, Peak:0.00M | Scene, ViewLayer | Synchronizing object | Front left drilled rotor perforation.048
Fra:1 Mem:263.72M (Peak 263.75M) | Time:00:01.55 | Mem:0.00M, Peak:0.00M | Scene, ViewLayer | Synchronizing object | Front left drilled rotor perforation.049
Fra:1 Mem:263.82M (Peak 263.82M) | Time:00:01.55 | Mem:0.00M, Peak:0.00M | Scene, ViewLayer | Synchronizing object | Front left drilled rotor perforation.050
Fra:1 Mem:263.74M (Peak 263.82M) | Time:00:01.55 | Mem:0.00M, Peak:0.00M | Scene, ViewLayer | Synchronizing object | Front left drilled rotor perforation.051
Fra:1 Mem:263.77M (Peak 263.82M) | Time:00:01.55 | Mem:0.00M, Peak:0.00M | Scene, ViewLayer | Synchronizing object | Front left drilled rotor perforation.052
Fra:1 Mem:263.80M (Peak 263.82M) | Time:00:01.55 | Mem:0.00M, Peak:0.00M | Scene, ViewLayer | Synchronizing object | Front left drilled rotor perforation.053
Fra:1 Mem:263.77M (Peak 263.82M) | Time:00:01.55 | Mem:0.00M, Peak:0.00M | Scene, ViewLayer | Synchronizing object | Front left drilled rotor perforation.055
Fra:1 Mem:263.88M (Peak 263.88M) | Time:00:01.55 | Mem:0.00M, Peak:0.00M | Scene, ViewLayer | Synchronizing object | Front left drilled rotor perforation.056
Fra:1 Mem:263.84M (Peak 263.88M) | Time:00:01.55 | Mem:0.00M, Peak:0.00M | Scene, ViewLayer | Synchronizing object | Front left drilled rotor perforation.057
Fra:1 Mem:263.86M (Peak 263.88M) | Time:00:01.55 | Mem:0.00M, Peak:0.00M | Scene, ViewLayer | Synchronizing object | Front left drilled rotor perforation.058
Fra:1 Mem:263.89M (Peak 263.89M) | Time:00:01.55 | Mem:0.00M, Peak:0.00M | Scene, ViewLayer | Synchronizing object | Front left drilled rotor perforation.059
Fra:1 Mem:263.87M (Peak 263.89M) | Time:00:01.55 | Mem:0.00M, Peak:0.00M | Scene, ViewLayer | Synchronizing object | Front left drilled rotor perforation.060
Fra:1 Mem:263.89M (Peak 263.89M) | Time:00:01.55 | Mem:0.00M, Peak:0.00M | Scene, ViewLayer | Synchronizing object | Front left drilled rotor perforation.061
Fra:1 Mem:263.90M (Peak 263.90M) | Time:00:01.55 | Mem:0.00M, Peak:0.00M | Scene, ViewLayer | Synchronizing object | Front left drilled rotor perforation.062
Fra:1 Mem:263.91M (Peak 263.91M) | Time:00:01.55 | Mem:0.00M, Peak:0.00M | Scene, ViewLayer | Synchronizing object | Front left drilled rotor perforation.064
Fra:1 Mem:263.92M (Peak 263.92M) | Time:00:01.55 | Mem:0.00M, Peak:0.00M | Scene, ViewLayer | Synchronizing object | Front left drilled rotor perforation.065
Fra:1 Mem:263.94M (Peak 263.94M) | Time:00:01.55 | Mem:0.00M, Peak:0.00M | Scene, ViewLayer | Synchronizing object | Front left drilled rotor perforation.066
Fra:1 Mem:263.97M (Peak 263.97M) | Time:00:01.55 | Mem:0.00M, Peak:0.00M | Scene, ViewLayer | Synchronizing object | Front left drilled rotor perforation.067
Fra:1 Mem:264.00M (Peak 264.00M) | Time:00:01.55 | Mem:0.00M, Peak:0.00M | Scene, ViewLayer | Synchronizing object | Front left drilled rotor perforation.068
Fra:1 Mem:263.99M (Peak 264.00M) | Time:00:01.55 | Mem:0.00M, Peak:0.00M | Scene, ViewLayer | Synchronizing object | Front left drilled rotor perforation.069
Fra:1 Mem:264.03M (Peak 264.03M) | Time:00:01.55 | Mem:0.00M, Peak:0.00M | Scene, ViewLayer | Synchronizing object | Front left drilled rotor perforation.070
Fra:1 Mem:264.02M (Peak 264.03M) | Time:00:01.55 | Mem:0.00M, Peak:0.00M | Scene, ViewLayer | Synchronizing object | Front left drilled rotor perforation.071
Fra:1 Mem:264.05M (Peak 264.05M) | Time:00:01.55 | Mem:0.00M, Peak:0.00M | Scene, ViewLayer | Synchronizing object | Front left brake disc bell
Fra:1 Mem:264.07M (Peak 264.07M) | Time:00:01.55 | Mem:0.00M, Peak:0.00M | Scene, ViewLayer | Synchronizing object | Front left yellow six-piston caliper
Fra:1 Mem:264.14M (Peak 264.14M) | Time:00:01.55 | Mem:0.00M, Peak:0.00M | Scene, ViewLayer | Synchronizing object | Front left machined split spoke
Fra:1 Mem:264.12M (Peak 264.14M) | Time:00:01.55 | Mem:0.00M, Peak:0.00M | Scene, ViewLayer | Synchronizing object | Front left black spoke pocket
Fra:1 Mem:264.18M (Peak 264.18M) | Time:00:01.56 | Mem:0.00M, Peak:0.00M | Scene, ViewLayer | Synchronizing object | Front left machined split spoke.001
Fra:1 Mem:264.22M (Peak 264.22M) | Time:00:01.56 | Mem:0.00M, Peak:0.00M | Scene, ViewLayer | Synchronizing object | Front left black spoke pocket.001
Fra:1 Mem:264.24M (Peak 264.24M) | Time:00:01.56 | Mem:0.00M, Peak:0.00M | Scene, ViewLayer | Synchronizing object | Front left machined split spoke.002
Fra:1 Mem:264.22M (Peak 264.24M) | Time:00:01.56 | Mem:0.00M, Peak:0.00M | Scene, ViewLayer | Synchronizing object | Front left black spoke pocket.002
Fra:1 Mem:264.28M (Peak 264.28M) | Time:00:01.56 | Mem:0.00M, Peak:0.00M | Scene, ViewLayer | Synchronizing object | Front left sidewall lettering.017
Fra:1 Mem:264.39M (Peak 264.39M) | Time:00:01.56 | Mem:0.00M, Peak:0.00M | Scene, ViewLayer | Synchronizing object | Front left machined split spoke.003
Fra:1 Mem:264.40M (Peak 264.40M) | Time:00:01.56 | Mem:0.00M, Peak:0.00M | Scene, ViewLayer | Synchronizing object | Front left black spoke pocket.003
Fra:1 Mem:264.51M (Peak 264.51M) | Time:00:01.56 | Mem:0.00M, Peak:0.00M | Scene, ViewLayer | Synchronizing object | Front left sidewall lettering.018
Fra:1 Mem:264.51M (Peak 264.51M) | Time:00:01.56 | Mem:0.00M, Peak:0.00M | Scene, ViewLayer | Synchronizing object | Front left sidewall lettering.019
Fra:1 Mem:264.46M (Peak 264.51M) | Time:00:01.56 | Mem:0.00M, Peak:0.00M | Scene, ViewLayer | Synchronizing object | Front left machined split spoke.004
Fra:1 Mem:264.46M (Peak 264.51M) | Time:00:01.56 | Mem:0.00M, Peak:0.00M | Scene, ViewLayer | Synchronizing object | Front left sidewall lettering.020
Fra:1 Mem:264.49M (Peak 264.51M) | Time:00:01.56 | Mem:0.00M, Peak:0.00M | Scene, ViewLayer | Synchronizing object | Front left sidewall lettering.021
Fra:1 Mem:264.52M (Peak 264.52M) | Time:00:01.56 | Mem:0.00M, Peak:0.00M | Scene, ViewLayer | Synchronizing object | Front left black spoke pocket.004
Fra:1 Mem:264.55M (Peak 264.55M) | Time:00:01.56 | Mem:0.00M, Peak:0.00M | Scene, ViewLayer | Synchronizing object | Front left machined split spoke.005
Fra:1 Mem:264.58M (Peak 264.58M) | Time:00:01.56 | Mem:0.00M, Peak:0.00M | Scene, ViewLayer | Synchronizing object | Front left black spoke pocket.005
Fra:1 Mem:264.61M (Peak 264.61M) | Time:00:01.56 | Mem:0.00M, Peak:0.00M | Scene, ViewLayer | Synchronizing object | Front left machined split spoke.006
Fra:1 Mem:264.64M (Peak 264.64M) | Time:00:01.56 | Mem:0.00M, Peak:0.00M | Scene, ViewLayer | Synchronizing object | Front left black spoke pocket.006
Fra:1 Mem:264.66M (Peak 264.66M) | Time:00:01.56 | Mem:0.00M, Peak:0.00M | Scene, ViewLayer | Synchronizing object | Front right caliper marking
Fra:1 Mem:264.80M (Peak 264.80M) | Time:00:01.56 | Mem:0.00M, Peak:0.00M | Scene, ViewLayer | Synchronizing object | Front left machined split spoke.007
Fra:1 Mem:265.24M (Peak 265.24M) | Time:00:01.56 | Mem:0.00M, Peak:0.00M | Scene, ViewLayer | Synchronizing object | Front left black spoke pocket.007
Fra:1 Mem:265.41M (Peak 265.41M) | Time:00:01.56 | Mem:0.00M, Peak:0.00M | Scene, ViewLayer | Synchronizing object | Front left machined split spoke.008
Fra:1 Mem:265.42M (Peak 265.42M) | Time:00:01.56 | Mem:0.00M, Peak:0.00M | Scene, ViewLayer | Synchronizing object | Front right center mi logo
Fra:1 Mem:265.65M (Peak 265.65M) | Time:00:01.56 | Mem:0.00M, Peak:0.00M | Scene, ViewLayer | Synchronizing object | Front left black spoke pocket.008
Fra:1 Mem:265.72M (Peak 265.72M) | Time:00:01.56 | Mem:0.00M, Peak:0.00M | Scene, ViewLayer | Synchronizing object | Front right sidewall lettering
Fra:1 Mem:265.73M (Peak 265.73M) | Time:00:01.56 | Mem:0.00M, Peak:0.00M | Scene, ViewLayer | Synchronizing object | Front right sidewall lettering.001
Fra:1 Mem:265.71M (Peak 265.73M) | Time:00:01.56 | Mem:0.00M, Peak:0.00M | Scene, ViewLayer | Synchronizing object | Front left machined split spoke.009
Fra:1 Mem:265.73M (Peak 265.73M) | Time:00:01.56 | Mem:0.00M, Peak:0.00M | Scene, ViewLayer | Synchronizing object | Front right sidewall lettering.002
Fra:1 Mem:265.81M (Peak 265.81M) | Time:00:01.56 | Mem:0.00M, Peak:0.00M | Scene, ViewLayer | Synchronizing object | Front left black spoke pocket.009
Fra:1 Mem:265.90M (Peak 265.90M) | Time:00:01.56 | Mem:0.00M, Peak:0.00M | Scene, ViewLayer | Synchronizing object | Front left center hub
Fra:1 Mem:266.03M (Peak 266.03M) | Time:00:01.56 | Mem:0.00M, Peak:0.00M | Scene, ViewLayer | Synchronizing object | Front right sidewall lettering.003
Fra:1 Mem:266.04M (Peak 266.04M) | Time:00:01.56 | Mem:0.00M, Peak:0.00M | Scene, ViewLayer | Synchronizing object | Front right sidewall lettering.004
Fra:1 Mem:266.06M (Peak 266.06M) | Time:00:01.56 | Mem:0.00M, Peak:0.00M | Scene, ViewLayer | Synchronizing object | Front right sidewall lettering.005
Fra:1 Mem:265.98M (Peak 266.06M) | Time:00:01.56 | Mem:0.00M, Peak:0.00M | Scene, ViewLayer | Synchronizing object | Front left titanium lug nut
Fra:1 Mem:266.00M (Peak 266.06M) | Time:00:01.56 | Mem:0.00M, Peak:0.00M | Scene, ViewLayer | Synchronizing object | Front left titanium lug nut.001
Fra:1 Mem:266.04M (Peak 266.06M) | Time:00:01.56 | Mem:0.00M, Peak:0.00M | Scene, ViewLayer | Synchronizing object | Front right sidewall lettering.006
Fra:1 Mem:266.12M (Peak 266.12M) | Time:00:01.56 | Mem:0.00M, Peak:0.00M | Scene, ViewLayer | Synchronizing object | Front left titanium lug nut.002
Fra:1 Mem:266.15M (Peak 266.15M) | Time:00:01.56 | Mem:0.00M, Peak:0.00M | Scene, ViewLayer | Synchronizing object | Front left titanium lug nut.003
Fra:1 Mem:266.17M (Peak 266.17M) | Time:00:01.56 | Mem:0.00M, Peak:0.00M | Scene, ViewLayer | Synchronizing object | Front left titanium lug nut.004
Fra:1 Mem:266.16M (Peak 266.17M) | Time:00:01.56 | Mem:0.00M, Peak:0.00M | Scene, ViewLayer | Synchronizing object | Front left tire valve
Fra:1 Mem:266.20M (Peak 266.20M) | Time:00:01.56 | Mem:0.00M, Peak:0.00M | Scene, ViewLayer | Synchronizing object | Front right sidewall lettering.008
Fra:1 Mem:266.20M (Peak 266.20M) | Time:00:01.56 | Mem:0.00M, Peak:0.00M | Scene, ViewLayer | Synchronizing object | Front right | tire carcass
Fra:1 Mem:266.25M (Peak 266.25M) | Time:00:01.56 | Mem:0.00M, Peak:0.00M | Scene, ViewLayer | Synchronizing object | Front right tire molded sidewall ring.001
Fra:1 Mem:266.35M (Peak 266.35M) | Time:00:01.56 | Mem:0.00M, Peak:0.00M | Scene, ViewLayer | Synchronizing object | Front right sidewall lettering.009
Fra:1 Mem:266.44M (Peak 266.44M) | Time:00:01.56 | Mem:0.00M, Peak:0.00M | Scene, ViewLayer | Synchronizing object | Front right sidewall lettering.010
Fra:1 Mem:266.50M (Peak 266.50M) | Time:00:01.56 | Mem:0.00M, Peak:0.00M | Scene, ViewLayer | Synchronizing object | Front right sidewall lettering.011
Fra:1 Mem:266.51M (Peak 266.51M) | Time:00:01.56 | Mem:0.00M, Peak:0.00M | Scene, ViewLayer | Synchronizing object | Front right tire molded sidewall ring.002
Fra:1 Mem:266.58M (Peak 266.58M) | Time:00:01.56 | Mem:0.00M, Peak:0.00M | Scene, ViewLayer | Synchronizing object | Front right tire molded sidewall ring
Fra:1 Mem:266.80M (Peak 266.80M) | Time:00:01.56 | Mem:0.00M, Peak:0.00M | Scene, ViewLayer | Synchronizing object | Front right directional tread | 792 blocks
Fra:1 Mem:266.81M (Peak 266.81M) | Time:00:01.56 | Mem:0.00M, Peak:0.00M | Scene, ViewLayer | Synchronizing object | Front right cast rim barrel
Fra:1 Mem:267.22M (Peak 267.22M) | Time:00:01.56 | Mem:0.00M, Peak:0.00M | Scene, ViewLayer | Synchronizing object | Front right diamond-cut outer flange
Fra:1 Mem:267.24M (Peak 267.24M) | Time:00:01.56 | Mem:0.00M, Peak:0.00M | Scene, ViewLayer | Synchronizing object | Front right inner rim accent
Fra:1 Mem:267.44M (Peak 267.44M) | Time:00:01.56 | Mem:0.00M, Peak:0.00M | Scene, ViewLayer | Synchronizing object | Front right sidewall lettering.012
Fra:1 Mem:267.52M (Peak 267.62M) | Time:00:01.56 | Mem:0.00M, Peak:0.00M | Scene, ViewLayer | Synchronizing object | Front right sidewall lettering.013
Fra:1 Mem:267.64M (Peak 267.64M) | Time:00:01.56 | Mem:0.00M, Peak:0.00M | Scene, ViewLayer | Synchronizing object | Front right brake rotor
Fra:1 Mem:267.66M (Peak 267.66M) | Time:00:01.56 | Mem:0.00M, Peak:0.00M | Scene, ViewLayer | Synchronizing object | Front right rotor outer scoring
Fra:1 Mem:268.09M (Peak 268.09M) | Time:00:01.56 | Mem:0.00M, Peak:0.00M | Scene, ViewLayer | Synchronizing object | Front right drilled rotor perforation
Fra:1 Mem:267.95M (Peak 268.09M) | Time:00:01.56 | Mem:0.00M, Peak:0.00M | Scene, ViewLayer | Synchronizing object | Front right drilled rotor perforation.001
Fra:1 Mem:268.05M (Peak 268.09M) | Time:00:01.56 | Mem:0.00M, Peak:0.00M | Scene, ViewLayer | Synchronizing object | Front right sidewall lettering.015
Fra:1 Mem:268.02M (Peak 268.09M) | Time:00:01.56 | Mem:0.00M, Peak:0.00M | Scene, ViewLayer | Synchronizing object | Front right drilled rotor perforation.002
Fra:1 Mem:268.05M (Peak 268.09M) | Time:00:01.56 | Mem:0.00M, Peak:0.00M | Scene, ViewLayer | Synchronizing object | Front right drilled rotor perforation.004
Fra:1 Mem:268.15M (Peak 268.15M) | Time:00:01.56 | Mem:0.00M, Peak:0.00M | Scene, ViewLayer | Synchronizing object | Front right sidewall lettering.016
Fra:1 Mem:268.09M (Peak 268.15M) | Time:00:01.56 | Mem:0.00M, Peak:0.00M | Scene, ViewLayer | Synchronizing object | Front right drilled rotor perforation.007
Fra:1 Mem:268.22M (Peak 268.22M) | Time:00:01.56 | Mem:0.00M, Peak:0.00M | Scene, ViewLayer | Synchronizing object | Front right drilled rotor perforation.008
Fra:1 Mem:268.34M (Peak 268.36M) | Time:00:01.56 | Mem:0.00M, Peak:0.00M | Scene, ViewLayer | Synchronizing object | Front right drilled rotor perforation.009
Fra:1 Mem:268.31M (Peak 268.36M) | Time:00:01.56 | Mem:0.00M, Peak:0.00M | Scene, ViewLayer | Synchronizing object | Front right drilled rotor perforation.010
Fra:1 Mem:268.35M (Peak 268.36M) | Time:00:01.56 | Mem:0.00M, Peak:0.00M | Scene, ViewLayer | Synchronizing object | Front right drilled rotor perforation.011
Fra:1 Mem:268.35M (Peak 268.36M) | Time:00:01.56 | Mem:0.00M, Peak:0.00M | Scene, ViewLayer | Synchronizing object | Front right drilled rotor perforation.012
Fra:1 Mem:268.34M (Peak 268.36M) | Time:00:01.56 | Mem:0.00M, Peak:0.00M | Scene, ViewLayer | Synchronizing object | Front right drilled rotor perforation.013
Fra:1 Mem:268.51M (Peak 268.51M) | Time:00:01.57 | Mem:0.00M, Peak:0.00M | Scene, ViewLayer | Synchronizing object | Front right drilled rotor perforation.014
Fra:1 Mem:268.49M (Peak 268.51M) | Time:00:01.57 | Mem:0.00M, Peak:0.00M | Scene, ViewLayer | Synchronizing object | Front right drilled rotor perforation.015
Fra:1 Mem:268.52M (Peak 268.52M) | Time:00:01.57 | Mem:0.00M, Peak:0.00M | Scene, ViewLayer | Synchronizing object | Front right sidewall lettering.018
Fra:1 Mem:268.57M (Peak 268.57M) | Time:00:01.57 | Mem:0.00M, Peak:0.00M | Scene, ViewLayer | Synchronizing object | Front right sidewall lettering.019
Fra:1 Mem:268.54M (Peak 268.57M) | Time:00:01.57 | Mem:0.00M, Peak:0.00M | Scene, ViewLayer | Synchronizing object | Front right drilled rotor perforation.017
Fra:1 Mem:268.55M (Peak 268.57M) | Time:00:01.57 | Mem:0.00M, Peak:0.00M | Scene, ViewLayer | Synchronizing object | Front right drilled rotor perforation.018
Fra:1 Mem:268.57M (Peak 268.57M) | Time:00:01.57 | Mem:0.00M, Peak:0.00M | Scene, ViewLayer | Synchronizing object | Front right drilled rotor perforation.019
Fra:1 Mem:268.59M (Peak 268.59M) | Time:00:01.57 | Mem:0.00M, Peak:0.00M | Scene, ViewLayer | Synchronizing object | Front right drilled rotor perforation.020
Fra:1 Mem:268.57M (Peak 268.59M) | Time:00:01.57 | Mem:0.00M, Peak:0.00M | Scene, ViewLayer | Synchronizing object | Front right drilled rotor perforation.021
Fra:1 Mem:268.63M (Peak 268.63M) | Time:00:01.57 | Mem:0.00M, Peak:0.00M | Scene, ViewLayer | Synchronizing object | Front right drilled rotor perforation.022
Fra:1 Mem:268.62M (Peak 268.63M) | Time:00:01.57 | Mem:0.00M, Peak:0.00M | Scene, ViewLayer | Synchronizing object | Front right drilled rotor perforation.023
Fra:1 Mem:268.64M (Peak 268.64M) | Time:00:01.57 | Mem:0.00M, Peak:0.00M | Scene, ViewLayer | Synchronizing object | Front right drilled rotor perforation.024
Fra:1 Mem:268.66M (Peak 268.66M) | Time:00:01.57 | Mem:0.00M, Peak:0.00M | Scene, ViewLayer | Synchronizing object | Front right drilled rotor perforation.025
Fra:1 Mem:268.64M (Peak 268.66M) | Time:00:01.57 | Mem:0.00M, Peak:0.00M | Scene, ViewLayer | Synchronizing object | Front right drilled rotor perforation.026
Fra:1 Mem:268.68M (Peak 268.68M) | Time:00:01.57 | Mem:0.00M, Peak:0.00M | Scene, ViewLayer | Synchronizing object | Front right drilled rotor perforation.027
Fra:1 Mem:268.67M (Peak 268.68M) | Time:00:01.57 | Mem:0.00M, Peak:0.00M | Scene, ViewLayer | Synchronizing object | Front right drilled rotor perforation.028
Fra:1 Mem:268.69M (Peak 268.69M) | Time:00:01.57 | Mem:0.00M, Peak:0.00M | Scene, ViewLayer | Synchronizing object | Front right drilled rotor perforation.029
Fra:1 Mem:268.73M (Peak 268.73M) | Time:00:01.57 | Mem:0.00M, Peak:0.00M | Scene, ViewLayer | Synchronizing object | Front right drilled rotor perforation.030
Fra:1 Mem:268.74M (Peak 268.74M) | Time:00:01.57 | Mem:0.00M, Peak:0.00M | Scene, ViewLayer | Synchronizing object | Front right drilled rotor perforation.031
Fra:1 Mem:268.78M (Peak 268.78M) | Time:00:01.57 | Mem:0.00M, Peak:0.00M | Scene, ViewLayer | Synchronizing object | Front right drilled rotor perforation.032
Fra:1 Mem:268.77M (Peak 268.78M) | Time:00:01.57 | Mem:0.00M, Peak:0.00M | Scene, ViewLayer | Synchronizing object | Front right drilled rotor perforation.033
Fra:1 Mem:268.82M (Peak 268.82M) | Time:00:01.57 | Mem:0.00M, Peak:0.00M | Scene, ViewLayer | Synchronizing object | Front right drilled rotor perforation.034
Fra:1 Mem:268.80M (Peak 268.82M) | Time:00:01.57 | Mem:0.00M, Peak:0.00M | Scene, ViewLayer | Synchronizing object | Front right sidewall lettering.021
Fra:1 Mem:268.83M (Peak 268.83M) | Time:00:01.57 | Mem:0.00M, Peak:0.00M | Scene, ViewLayer | Synchronizing object | Front right drilled rotor perforation.036
Fra:1 Mem:268.85M (Peak 268.85M) | Time:00:01.57 | Mem:0.00M, Peak:0.00M | Scene, ViewLayer | Synchronizing object | Front right drilled rotor perforation.037
Fra:1 Mem:268.88M (Peak 268.88M) | Time:00:01.57 | Mem:0.00M, Peak:0.00M | Scene, ViewLayer | Synchronizing object | Front right drilled rotor perforation.038
Fra:1 Mem:268.87M (Peak 268.88M) | Time:00:01.57 | Mem:0.00M, Peak:0.00M | Scene, ViewLayer | Synchronizing object | Front right drilled rotor perforation.040
Fra:1 Mem:268.89M (Peak 268.89M) | Time:00:01.57 | Mem:0.00M, Peak:0.00M | Scene, ViewLayer | Synchronizing object | Front right drilled rotor perforation.041
Fra:1 Mem:268.91M (Peak 268.91M) | Time:00:01.57 | Mem:0.00M, Peak:0.00M | Scene, ViewLayer | Synchronizing object | Front right drilled rotor perforation.042
Fra:1 Mem:268.92M (Peak 268.92M) | Time:00:01.57 | Mem:0.00M, Peak:0.00M | Scene, ViewLayer | Synchronizing object | Front right drilled rotor perforation.043
Fra:1 Mem:268.97M (Peak 268.97M) | Time:00:01.57 | Mem:0.00M, Peak:0.00M | Scene, ViewLayer | Synchronizing object | Front right drilled rotor perforation.044
Fra:1 Mem:268.98M (Peak 268.98M) | Time:00:01.57 | Mem:0.00M, Peak:0.00M | Scene, ViewLayer | Synchronizing object | Front right drilled rotor perforation.045
Fra:1 Mem:269.00M (Peak 269.00M) | Time:00:01.57 | Mem:0.00M, Peak:0.00M | Scene, ViewLayer | Synchronizing object | Front right drilled rotor perforation.047
Fra:1 Mem:269.03M (Peak 269.03M) | Time:00:01.57 | Mem:0.00M, Peak:0.00M | Scene, ViewLayer | Synchronizing object | Front right drilled rotor perforation.048
Fra:1 Mem:269.02M (Peak 269.03M) | Time:00:01.57 | Mem:0.00M, Peak:0.00M | Scene, ViewLayer | Synchronizing object | Front right drilled rotor perforation.049
Fra:1 Mem:269.04M (Peak 269.04M) | Time:00:01.57 | Mem:0.00M, Peak:0.00M | Scene, ViewLayer | Synchronizing object | Rear left caliper marking
Fra:1 Mem:269.03M (Peak 269.04M) | Time:00:01.57 | Mem:0.00M, Peak:0.00M | Scene, ViewLayer | Synchronizing object | Front right drilled rotor perforation.050
Fra:1 Mem:269.09M (Peak 269.09M) | Time:00:01.57 | Mem:0.00M, Peak:0.00M | Scene, ViewLayer | Synchronizing object | Front right drilled rotor perforation.051
Fra:1 Mem:269.11M (Peak 269.11M) | Time:00:01.57 | Mem:0.00M, Peak:0.00M | Scene, ViewLayer | Synchronizing object | Front right drilled rotor perforation.052
Fra:1 Mem:269.07M (Peak 269.11M) | Time:00:01.57 | Mem:0.00M, Peak:0.00M | Scene, ViewLayer | Synchronizing object | Front right drilled rotor perforation.053
Fra:1 Mem:269.12M (Peak 269.12M) | Time:00:01.57 | Mem:0.00M, Peak:0.00M | Scene, ViewLayer | Synchronizing object | Front right drilled rotor perforation.054
Fra:1 Mem:269.14M (Peak 269.14M) | Time:00:01.57 | Mem:0.00M, Peak:0.00M | Scene, ViewLayer | Synchronizing object | Front right drilled rotor perforation.055
Fra:1 Mem:269.15M (Peak 269.15M) | Time:00:01.57 | Mem:0.00M, Peak:0.00M | Scene, ViewLayer | Synchronizing object | Front right drilled rotor perforation.056
Fra:1 Mem:269.20M (Peak 269.20M) | Time:00:01.57 | Mem:0.00M, Peak:0.00M | Scene, ViewLayer | Synchronizing object | Front right drilled rotor perforation.057
Fra:1 Mem:269.16M (Peak 269.20M) | Time:00:01.57 | Mem:0.00M, Peak:0.00M | Scene, ViewLayer | Synchronizing object | Front right drilled rotor perforation.058
Fra:1 Mem:269.19M (Peak 269.20M) | Time:00:01.57 | Mem:0.00M, Peak:0.00M | Scene, ViewLayer | Synchronizing object | Front right drilled rotor perforation.060
Fra:1 Mem:269.17M (Peak 269.20M) | Time:00:01.57 | Mem:0.00M, Peak:0.00M | Scene, ViewLayer | Synchronizing object | Front right drilled rotor perforation.061
Fra:1 Mem:269.25M (Peak 269.25M) | Time:00:01.57 | Mem:0.00M, Peak:0.00M | Scene, ViewLayer | Synchronizing object | Front right drilled rotor perforation.062
Fra:1 Mem:269.24M (Peak 269.25M) | Time:00:01.57 | Mem:0.00M, Peak:0.00M | Scene, ViewLayer | Synchronizing object | Front right drilled rotor perforation.063
Fra:1 Mem:269.27M (Peak 269.27M) | Time:00:01.57 | Mem:0.00M, Peak:0.00M | Scene, ViewLayer | Synchronizing object | Front right drilled rotor perforation.064
Fra:1 Mem:269.24M (Peak 269.27M) | Time:00:01.57 | Mem:0.00M, Peak:0.00M | Scene, ViewLayer | Synchronizing object | Front right drilled rotor perforation.066
Fra:1 Mem:269.34M (Peak 269.34M) | Time:00:01.57 | Mem:0.00M, Peak:0.00M | Scene, ViewLayer | Synchronizing object | Front right drilled rotor perforation.067
Fra:1 Mem:269.29M (Peak 269.34M) | Time:00:01.57 | Mem:0.00M, Peak:0.00M | Scene, ViewLayer | Synchronizing object | Front right drilled rotor perforation.068
Fra:1 Mem:269.33M (Peak 269.34M) | Time:00:01.57 | Mem:0.00M, Peak:0.00M | Scene, ViewLayer | Synchronizing object | Front right drilled rotor perforation.069
Fra:1 Mem:269.34M (Peak 269.34M) | Time:00:01.57 | Mem:0.00M, Peak:0.00M | Scene, ViewLayer | Synchronizing object | Front right drilled rotor perforation.070
Fra:1 Mem:269.34M (Peak 269.34M) | Time:00:01.57 | Mem:0.00M, Peak:0.00M | Scene, ViewLayer | Synchronizing object | Front right drilled rotor perforation.071
Fra:1 Mem:269.49M (Peak 269.49M) | Time:00:01.58 | Mem:0.00M, Peak:0.00M | Scene, ViewLayer | Synchronizing object | Front right brake disc bell
Fra:1 Mem:269.54M (Peak 269.54M) | Time:00:01.58 | Mem:0.00M, Peak:0.00M | Scene, ViewLayer | Synchronizing object | Front right yellow six-piston caliper
Fra:1 Mem:269.81M (Peak 269.81M) | Time:00:01.58 | Mem:0.00M, Peak:0.00M | Scene, ViewLayer | Synchronizing object | Front right machined split spoke
Fra:1 Mem:270.22M (Peak 270.22M) | Time:00:01.58 | Mem:0.00M, Peak:0.00M | Scene, ViewLayer | Synchronizing object | Front right black spoke pocket
Fra:1 Mem:270.14M (Peak 270.22M) | Time:00:01.58 | Mem:0.00M, Peak:0.00M | Scene, ViewLayer | Synchronizing object | Front right machined split spoke.001
Fra:1 Mem:270.13M (Peak 270.22M) | Time:00:01.58 | Mem:0.00M, Peak:0.00M | Scene, ViewLayer | Synchronizing object | Front right black spoke pocket.001
Fra:1 Mem:270.18M (Peak 270.22M) | Time:00:01.58 | Mem:0.00M, Peak:0.00M | Scene, ViewLayer | Synchronizing object | Front right machined split spoke.002
Fra:1 Mem:270.24M (Peak 270.24M) | Time:00:01.58 | Mem:0.00M, Peak:0.00M | Scene, ViewLayer | Synchronizing object | Front right black spoke pocket.002
Fra:1 Mem:270.36M (Peak 270.36M) | Time:00:01.58 | Mem:0.00M, Peak:0.00M | Scene, ViewLayer | Synchronizing object | Front right black spoke pocket.003
Fra:1 Mem:270.33M (Peak 270.36M) | Time:00:01.58 | Mem:0.00M, Peak:0.00M | Scene, ViewLayer | Synchronizing object | Rear left center mi logo
Fra:1 Mem:270.37M (Peak 270.37M) | Time:00:01.58 | Mem:0.00M, Peak:0.00M | Scene, ViewLayer | Synchronizing object | Front right machined split spoke.004
Fra:1 Mem:270.41M (Peak 270.41M) | Time:00:01.58 | Mem:0.00M, Peak:0.00M | Scene, ViewLayer | Synchronizing object | Front right black spoke pocket.004
Fra:1 Mem:270.62M (Peak 270.62M) | Time:00:01.58 | Mem:0.00M, Peak:0.00M | Scene, ViewLayer | Synchronizing object | Front right machined split spoke.005
Fra:1 Mem:270.69M (Peak 270.69M) | Time:00:01.58 | Mem:0.00M, Peak:0.00M | Scene, ViewLayer | Synchronizing object | Rear left sidewall lettering
Fra:1 Mem:270.64M (Peak 270.69M) | Time:00:01.58 | Mem:0.00M, Peak:0.00M | Scene, ViewLayer | Synchronizing object | Front right black spoke pocket.005
Fra:1 Mem:270.66M (Peak 270.69M) | Time:00:01.58 | Mem:0.00M, Peak:0.00M | Scene, ViewLayer | Synchronizing object | Rear left sidewall lettering.001
Fra:1 Mem:270.70M (Peak 270.70M) | Time:00:01.58 | Mem:0.00M, Peak:0.00M | Scene, ViewLayer | Synchronizing object | Front right machined split spoke.006
Fra:1 Mem:270.69M (Peak 270.70M) | Time:00:01.58 | Mem:0.00M, Peak:0.00M | Scene, ViewLayer | Synchronizing object | Rear left sidewall lettering.002
Fra:1 Mem:270.83M (Peak 270.83M) | Time:00:01.58 | Mem:0.00M, Peak:0.00M | Scene, ViewLayer | Synchronizing object | Front right black spoke pocket.006
Fra:1 Mem:270.86M (Peak 270.86M) | Time:00:01.58 | Mem:0.00M, Peak:0.00M | Scene, ViewLayer | Synchronizing object | Front right machined split spoke.007
Fra:1 Mem:270.91M (Peak 270.91M) | Time:00:01.58 | Mem:0.00M, Peak:0.00M | Scene, ViewLayer | Synchronizing object | Rear left sidewall lettering.003
Fra:1 Mem:270.95M (Peak 270.95M) | Time:00:01.58 | Mem:0.00M, Peak:0.00M | Scene, ViewLayer | Synchronizing object | Rear left sidewall lettering.004
Fra:1 Mem:270.96M (Peak 270.96M) | Time:00:01.58 | Mem:0.00M, Peak:0.00M | Scene, ViewLayer | Synchronizing object | Front right black spoke pocket.007
Fra:1 Mem:270.94M (Peak 270.96M) | Time:00:01.58 | Mem:0.00M, Peak:0.00M | Scene, ViewLayer | Synchronizing object | Rear left sidewall lettering.005
Fra:1 Mem:271.02M (Peak 271.02M) | Time:00:01.58 | Mem:0.00M, Peak:0.00M | Scene, ViewLayer | Synchronizing object | Rear left sidewall lettering.006
Fra:1 Mem:271.01M (Peak 271.02M) | Time:00:01.58 | Mem:0.00M, Peak:0.00M | Scene, ViewLayer | Synchronizing object | Rear left sidewall lettering.007
Fra:1 Mem:271.04M (Peak 271.04M) | Time:00:01.58 | Mem:0.00M, Peak:0.00M | Scene, ViewLayer | Synchronizing object | Rear left sidewall lettering.008
Fra:1 Mem:271.01M (Peak 271.04M) | Time:00:01.58 | Mem:0.00M, Peak:0.00M | Scene, ViewLayer | Synchronizing object | Front right machined split spoke.008
Fra:1 Mem:271.12M (Peak 271.12M) | Time:00:01.58 | Mem:0.00M, Peak:0.00M | Scene, ViewLayer | Synchronizing object | Rear left sidewall lettering.009
Fra:1 Mem:271.13M (Peak 271.13M) | Time:00:01.58 | Mem:0.00M, Peak:0.00M | Scene, ViewLayer | Synchronizing object | Rear left sidewall lettering.010
Fra:1 Mem:271.11M (Peak 271.13M) | Time:00:01.58 | Mem:0.00M, Peak:0.00M | Scene, ViewLayer | Synchronizing object | Rear left sidewall lettering.011
Fra:1 Mem:271.24M (Peak 271.24M) | Time:00:01.58 | Mem:0.00M, Peak:0.00M | Scene, ViewLayer | Synchronizing object | Rear left sidewall lettering.012
Fra:1 Mem:271.25M (Peak 271.25M) | Time:00:01.58 | Mem:0.00M, Peak:0.00M | Scene, ViewLayer | Synchronizing object | Rear left sidewall lettering.013
Fra:1 Mem:271.25M (Peak 271.25M) | Time:00:01.58 | Mem:0.00M, Peak:0.00M | Scene, ViewLayer | Synchronizing object | Rear left sidewall lettering.014
Fra:1 Mem:271.42M (Peak 271.42M) | Time:00:01.58 | Mem:0.00M, Peak:0.00M | Scene, ViewLayer | Synchronizing object | Rear left sidewall lettering.015
Fra:1 Mem:271.50M (Peak 271.50M) | Time:00:01.58 | Mem:0.00M, Peak:0.00M | Scene, ViewLayer | Synchronizing object | Front right black spoke pocket.008
Fra:1 Mem:271.51M (Peak 271.51M) | Time:00:01.58 | Mem:0.00M, Peak:0.00M | Scene, ViewLayer | Synchronizing object | Rear left sidewall lettering.016
Fra:1 Mem:271.68M (Peak 271.68M) | Time:00:01.58 | Mem:0.00M, Peak:0.00M | Scene, ViewLayer | Synchronizing object | Rear left sidewall lettering.017
Fra:1 Mem:271.66M (Peak 271.68M) | Time:00:01.58 | Mem:0.00M, Peak:0.00M | Scene, ViewLayer | Synchronizing object | Front right machined split spoke.009
Fra:1 Mem:271.85M (Peak 271.85M) | Time:00:01.58 | Mem:0.00M, Peak:0.00M | Scene, ViewLayer | Synchronizing object | Rear left sidewall lettering.018
Fra:1 Mem:271.82M (Peak 271.85M) | Time:00:01.58 | Mem:0.00M, Peak:0.00M | Scene, ViewLayer | Synchronizing object | Front right black spoke pocket.009
Fra:1 Mem:271.88M (Peak 271.88M) | Time:00:01.58 | Mem:0.00M, Peak:0.00M | Scene, ViewLayer | Synchronizing object | Rear left sidewall lettering.019
Fra:1 Mem:271.84M (Peak 271.88M) | Time:00:01.58 | Mem:0.00M, Peak:0.00M | Scene, ViewLayer | Synchronizing object | Rear left sidewall lettering.020
Fra:1 Mem:271.88M (Peak 271.88M) | Time:00:01.58 | Mem:0.00M, Peak:0.00M | Scene, ViewLayer | Synchronizing object | Rear left sidewall lettering.021
Fra:1 Mem:271.88M (Peak 271.88M) | Time:00:01.58 | Mem:0.00M, Peak:0.00M | Scene, ViewLayer | Synchronizing object | Front right center hub
Fra:1 Mem:271.93M (Peak 271.93M) | Time:00:01.58 | Mem:0.00M, Peak:0.00M | Scene, ViewLayer | Synchronizing object | Front right center cap ring
Fra:1 Mem:272.04M (Peak 272.04M) | Time:00:01.58 | Mem:0.00M, Peak:0.00M | Scene, ViewLayer | Synchronizing object | Front right titanium lug nut
Fra:1 Mem:272.05M (Peak 272.05M) | Time:00:01.58 | Mem:0.00M, Peak:0.00M | Scene, ViewLayer | Synchronizing object | Front right titanium lug nut.001
Fra:1 Mem:272.06M (Peak 272.06M) | Time:00:01.58 | Mem:0.00M, Peak:0.00M | Scene, ViewLayer | Synchronizing object | Front right titanium lug nut.002
Fra:1 Mem:272.06M (Peak 272.06M) | Time:00:01.58 | Mem:0.00M, Peak:0.00M | Scene, ViewLayer | Synchronizing object | Front right titanium lug nut.003
Fra:1 Mem:272.07M (Peak 272.07M) | Time:00:01.58 | Mem:0.00M, Peak:0.00M | Scene, ViewLayer | Synchronizing object | Front right titanium lug nut.004
Fra:1 Mem:272.08M (Peak 272.08M) | Time:00:01.58 | Mem:0.00M, Peak:0.00M | Scene, ViewLayer | Synchronizing object | Front right tire valve
Fra:1 Mem:272.09M (Peak 272.09M) | Time:00:01.58 | Mem:0.00M, Peak:0.00M | Scene, ViewLayer | Synchronizing object | Rear left | tire carcass
Fra:1 Mem:272.21M (Peak 272.21M) | Time:00:01.58 | Mem:0.00M, Peak:0.00M | Scene, ViewLayer | Synchronizing object | Rear left tire molded sidewall ring.001
Fra:1 Mem:272.32M (Peak 272.32M) | Time:00:01.58 | Mem:0.00M, Peak:0.00M | Scene, ViewLayer | Synchronizing object | Rear left tire molded sidewall ring.002
Fra:1 Mem:272.42M (Peak 272.42M) | Time:00:01.58 | Mem:0.00M, Peak:0.00M | Scene, ViewLayer | Synchronizing object | Rear left tire molded sidewall ring
Fra:1 Mem:272.52M (Peak 272.52M) | Time:00:01.58 | Mem:0.00M, Peak:0.00M | Scene, ViewLayer | Synchronizing object | Rear left directional tread | 792 blocks
Fra:1 Mem:273.04M (Peak 273.04M) | Time:00:01.59 | Mem:0.00M, Peak:0.00M | Scene, ViewLayer | Synchronizing object | Rear left cast rim barrel
Fra:1 Mem:273.12M (Peak 273.12M) | Time:00:01.59 | Mem:0.00M, Peak:0.00M | Scene, ViewLayer | Synchronizing object | Rear left diamond-cut outer flange
Fra:1 Mem:273.22M (Peak 273.22M) | Time:00:01.59 | Mem:0.00M, Peak:0.00M | Scene, ViewLayer | Synchronizing object | Rear left inner rim accent
Fra:1 Mem:273.32M (Peak 273.32M) | Time:00:01.59 | Mem:0.00M, Peak:0.00M | Scene, ViewLayer | Synchronizing object | Rear left brake rotor
Fra:1 Mem:273.36M (Peak 273.36M) | Time:00:01.59 | Mem:0.00M, Peak:0.00M | Scene, ViewLayer | Synchronizing object | Rear left rotor outer scoring
Fra:1 Mem:273.46M (Peak 273.46M) | Time:00:01.59 | Mem:0.00M, Peak:0.00M | Scene, ViewLayer | Synchronizing object | Rear left drilled rotor perforation
Fra:1 Mem:273.48M (Peak 273.48M) | Time:00:01.59 | Mem:0.00M, Peak:0.00M | Scene, ViewLayer | Synchronizing object | Rear left drilled rotor perforation.001
Fra:1 Mem:273.50M (Peak 273.50M) | Time:00:01.59 | Mem:0.00M, Peak:0.00M | Scene, ViewLayer | Synchronizing object | Rear right caliper marking
Fra:1 Mem:273.63M (Peak 273.63M) | Time:00:01.59 | Mem:0.00M, Peak:0.00M | Scene, ViewLayer | Synchronizing object | Rear left drilled rotor perforation.002
Fra:1 Mem:274.15M (Peak 274.15M) | Time:00:01.59 | Mem:0.00M, Peak:0.00M | Scene, ViewLayer | Synchronizing object | Rear left drilled rotor perforation.003
Fra:1 Mem:274.21M (Peak 274.21M) | Time:00:01.59 | Mem:0.00M, Peak:0.00M | Scene, ViewLayer | Synchronizing object | Rear left drilled rotor perforation.004
Fra:1 Mem:274.23M (Peak 274.23M) | Time:00:01.59 | Mem:0.00M, Peak:0.00M | Scene, ViewLayer | Synchronizing object | Rear left drilled rotor perforation.005
Fra:1 Mem:274.29M (Peak 274.29M) | Time:00:01.59 | Mem:0.00M, Peak:0.00M | Scene, ViewLayer | Synchronizing object | Rear right center mi logo
Fra:1 Mem:274.29M (Peak 274.29M) | Time:00:01.59 | Mem:0.00M, Peak:0.00M | Scene, ViewLayer | Synchronizing object | Rear left drilled rotor perforation.006
Fra:1 Mem:274.48M (Peak 274.48M) | Time:00:01.59 | Mem:0.00M, Peak:0.00M | Scene, ViewLayer | Synchronizing object | Rear left drilled rotor perforation.007
Fra:1 Mem:274.48M (Peak 274.48M) | Time:00:01.59 | Mem:0.00M, Peak:0.00M | Scene, ViewLayer | Synchronizing object | Rear left drilled rotor perforation.008
Fra:1 Mem:274.54M (Peak 274.54M) | Time:00:01.59 | Mem:0.00M, Peak:0.00M | Scene, ViewLayer | Synchronizing object | Rear right sidewall lettering
Fra:1 Mem:274.53M (Peak 274.54M) | Time:00:01.59 | Mem:0.00M, Peak:0.00M | Scene, ViewLayer | Synchronizing object | Rear left drilled rotor perforation.009
Fra:1 Mem:274.59M (Peak 274.59M) | Time:00:01.59 | Mem:0.00M, Peak:0.00M | Scene, ViewLayer | Synchronizing object | Rear right sidewall lettering.001
Fra:1 Mem:274.56M (Peak 274.59M) | Time:00:01.59 | Mem:0.00M, Peak:0.00M | Scene, ViewLayer | Synchronizing object | Rear left drilled rotor perforation.010
Fra:1 Mem:274.57M (Peak 274.59M) | Time:00:01.59 | Mem:0.00M, Peak:0.00M | Scene, ViewLayer | Synchronizing object | Rear left drilled rotor perforation.011
Fra:1 Mem:274.57M (Peak 274.59M) | Time:00:01.59 | Mem:0.00M, Peak:0.00M | Scene, ViewLayer | Synchronizing object | Rear left drilled rotor perforation.012
Fra:1 Mem:274.65M (Peak 274.65M) | Time:00:01.59 | Mem:0.00M, Peak:0.00M | Scene, ViewLayer | Synchronizing object | Rear right sidewall lettering.002
Fra:1 Mem:274.69M (Peak 274.69M) | Time:00:01.59 | Mem:0.00M, Peak:0.00M | Scene, ViewLayer | Synchronizing object | Rear left drilled rotor perforation.013
Fra:1 Mem:274.73M (Peak 274.73M) | Time:00:01.59 | Mem:0.00M, Peak:0.00M | Scene, ViewLayer | Synchronizing object | Rear left drilled rotor perforation.014
Fra:1 Mem:274.75M (Peak 274.75M) | Time:00:01.59 | Mem:0.00M, Peak:0.00M | Scene, ViewLayer | Synchronizing object | Rear left drilled rotor perforation.015
Fra:1 Mem:274.79M (Peak 274.79M) | Time:00:01.59 | Mem:0.00M, Peak:0.00M | Scene, ViewLayer | Synchronizing object | Rear left drilled rotor perforation.016
Fra:1 Mem:274.82M (Peak 274.82M) | Time:00:01.59 | Mem:0.00M, Peak:0.00M | Scene, ViewLayer | Synchronizing object | Rear left drilled rotor perforation.017
Fra:1 Mem:274.81M (Peak 274.82M) | Time:00:01.59 | Mem:0.00M, Peak:0.00M | Scene, ViewLayer | Synchronizing object | Rear right sidewall lettering.003
Fra:1 Mem:274.81M (Peak 274.82M) | Time:00:01.59 | Mem:0.00M, Peak:0.00M | Scene, ViewLayer | Synchronizing object | Rear left drilled rotor perforation.018
Fra:1 Mem:274.82M (Peak 274.82M) | Time:00:01.59 | Mem:0.00M, Peak:0.00M | Scene, ViewLayer | Synchronizing object | Rear left drilled rotor perforation.020
Fra:1 Mem:274.86M (Peak 274.86M) | Time:00:01.59 | Mem:0.00M, Peak:0.00M | Scene, ViewLayer | Synchronizing object | Rear right sidewall lettering.004
Fra:1 Mem:274.93M (Peak 274.93M) | Time:00:01.59 | Mem:0.00M, Peak:0.00M | Scene, ViewLayer | Synchronizing object | Rear right sidewall lettering.005
Fra:1 Mem:274.93M (Peak 274.93M) | Time:00:01.59 | Mem:0.00M, Peak:0.00M | Scene, ViewLayer | Synchronizing object | Rear right sidewall lettering.006
Fra:1 Mem:274.94M (Peak 274.94M) | Time:00:01.59 | Mem:0.00M, Peak:0.00M | Scene, ViewLayer | Synchronizing object | Rear left drilled rotor perforation.021
Fra:1 Mem:274.90M (Peak 274.94M) | Time:00:01.59 | Mem:0.00M, Peak:0.00M | Scene, ViewLayer | Synchronizing object | Rear left drilled rotor perforation.022
Fra:1 Mem:274.96M (Peak 274.96M) | Time:00:01.59 | Mem:0.00M, Peak:0.00M | Scene, ViewLayer | Synchronizing object | Rear right sidewall lettering.008
Fra:1 Mem:274.96M (Peak 274.96M) | Time:00:01.59 | Mem:0.00M, Peak:0.00M | Scene, ViewLayer | Synchronizing object | Rear left drilled rotor perforation.023
Fra:1 Mem:275.04M (Peak 275.04M) | Time:00:01.59 | Mem:0.00M, Peak:0.00M | Scene, ViewLayer | Synchronizing object | Rear left drilled rotor perforation.024
Fra:1 Mem:275.11M (Peak 275.11M) | Time:00:01.59 | Mem:0.00M, Peak:0.00M | Scene, ViewLayer | Synchronizing object | Rear right sidewall lettering.009
Fra:1 Mem:275.08M (Peak 275.11M) | Time:00:01.59 | Mem:0.00M, Peak:0.00M | Scene, ViewLayer | Synchronizing object | Rear right sidewall lettering.010
Fra:1 Mem:275.09M (Peak 275.11M) | Time:00:01.59 | Mem:0.00M, Peak:0.00M | Scene, ViewLayer | Synchronizing object | Rear left drilled rotor perforation.025
Fra:1 Mem:275.07M (Peak 275.11M) | Time:00:01.59 | Mem:0.00M, Peak:0.00M | Scene, ViewLayer | Synchronizing object | Rear right sidewall lettering.011
Fra:1 Mem:275.09M (Peak 275.11M) | Time:00:01.59 | Mem:0.00M, Peak:0.00M | Scene, ViewLayer | Synchronizing object | Rear left drilled rotor perforation.026
Fra:1 Mem:275.23M (Peak 275.23M) | Time:00:01.59 | Mem:0.00M, Peak:0.00M | Scene, ViewLayer | Synchronizing object | Rear left drilled rotor perforation.027
Fra:1 Mem:275.23M (Peak 275.23M) | Time:00:01.59 | Mem:0.00M, Peak:0.00M | Scene, ViewLayer | Synchronizing object | Rear right sidewall lettering.012
Fra:1 Mem:275.24M (Peak 275.24M) | Time:00:01.59 | Mem:0.00M, Peak:0.00M | Scene, ViewLayer | Synchronizing object | Rear left drilled rotor perforation.029
Fra:1 Mem:275.30M (Peak 275.30M) | Time:00:01.59 | Mem:0.00M, Peak:0.00M | Scene, ViewLayer | Synchronizing object | Rear right sidewall lettering.013
Fra:1 Mem:275.36M (Peak 275.36M) | Time:00:01.59 | Mem:0.00M, Peak:0.00M | Scene, ViewLayer | Synchronizing object | Rear left drilled rotor perforation.030
Fra:1 Mem:275.30M (Peak 275.36M) | Time:00:01.59 | Mem:0.00M, Peak:0.00M | Scene, ViewLayer | Synchronizing object | Rear right sidewall lettering.014
Fra:1 Mem:275.30M (Peak 275.36M) | Time:00:01.59 | Mem:0.00M, Peak:0.00M | Scene, ViewLayer | Synchronizing object | Rear left drilled rotor perforation.032
Fra:1 Mem:275.46M (Peak 275.46M) | Time:00:01.59 | Mem:0.00M, Peak:0.00M | Scene, ViewLayer | Synchronizing object | Rear left drilled rotor perforation.033
Fra:1 Mem:275.48M (Peak 275.48M) | Time:00:01.60 | Mem:0.00M, Peak:0.00M | Scene, ViewLayer | Synchronizing object | Rear left drilled rotor perforation.034
Fra:1 Mem:275.52M (Peak 275.52M) | Time:00:01.60 | Mem:0.00M, Peak:0.00M | Scene, ViewLayer | Synchronizing object | Rear left drilled rotor perforation.035
Fra:1 Mem:275.59M (Peak 275.59M) | Time:00:01.60 | Mem:0.00M, Peak:0.00M | Scene, ViewLayer | Synchronizing object | Rear right sidewall lettering.015
Fra:1 Mem:275.64M (Peak 275.64M) | Time:00:01.60 | Mem:0.00M, Peak:0.00M | Scene, ViewLayer | Synchronizing object | Rear left drilled rotor perforation.036
Fra:1 Mem:275.60M (Peak 275.64M) | Time:00:01.60 | Mem:0.00M, Peak:0.00M | Scene, ViewLayer | Synchronizing object | Rear left drilled rotor perforation.037
Fra:1 Mem:275.62M (Peak 275.64M) | Time:00:01.60 | Mem:0.00M, Peak:0.00M | Scene, ViewLayer | Synchronizing object | Rear right sidewall lettering.016
Fra:1 Mem:275.82M (Peak 275.82M) | Time:00:01.60 | Mem:0.00M, Peak:0.00M | Scene, ViewLayer | Synchronizing object | Rear left drilled rotor perforation.039
Fra:1 Mem:275.83M (Peak 275.83M) | Time:00:01.60 | Mem:0.00M, Peak:0.00M | Scene, ViewLayer | Synchronizing object | Rear right sidewall lettering.017
Fra:1 Mem:275.87M (Peak 275.87M) | Time:00:01.60 | Mem:0.00M, Peak:0.00M | Scene, ViewLayer | Synchronizing object | Rear left drilled rotor perforation.040
Fra:1 Mem:275.91M (Peak 275.91M) | Time:00:01.60 | Mem:0.00M, Peak:0.00M | Scene, ViewLayer | Synchronizing object | Rear left drilled rotor perforation.041
Fra:1 Mem:275.98M (Peak 275.98M) | Time:00:01.60 | Mem:0.00M, Peak:0.00M | Scene, ViewLayer | Synchronizing object | Rear left drilled rotor perforation.042
Fra:1 Mem:275.99M (Peak 275.99M) | Time:00:01.60 | Mem:0.00M, Peak:0.00M | Scene, ViewLayer | Synchronizing object | Rear left drilled rotor perforation.043
Fra:1 Mem:276.03M (Peak 276.03M) | Time:00:01.60 | Mem:0.00M, Peak:0.00M | Scene, ViewLayer | Synchronizing object | Rear left drilled rotor perforation.044
Fra:1 Mem:276.01M (Peak 276.03M) | Time:00:01.60 | Mem:0.00M, Peak:0.00M | Scene, ViewLayer | Synchronizing object | Rear left drilled rotor perforation.045
Fra:1 Mem:276.05M (Peak 276.05M) | Time:00:01.60 | Mem:0.00M, Peak:0.00M | Scene, ViewLayer | Synchronizing object | Rear right sidewall lettering.018
Fra:1 Mem:276.03M (Peak 276.05M) | Time:00:01.60 | Mem:0.00M, Peak:0.00M | Scene, ViewLayer | Synchronizing object | Rear left drilled rotor perforation.046
Fra:1 Mem:276.04M (Peak 276.05M) | Time:00:01.60 | Mem:0.00M, Peak:0.00M | Scene, ViewLayer | Synchronizing object | Rear right sidewall lettering.019
Fra:1 Mem:276.08M (Peak 276.08M) | Time:00:01.60 | Mem:0.00M, Peak:0.00M | Scene, ViewLayer | Synchronizing object | Rear right sidewall lettering.020
Fra:1 Mem:276.14M (Peak 276.14M) | Time:00:01.60 | Mem:0.00M, Peak:0.00M | Scene, ViewLayer | Synchronizing object | Rear right sidewall lettering.021
Fra:1 Mem:276.08M (Peak 276.14M) | Time:00:01.60 | Mem:0.00M, Peak:0.00M | Scene, ViewLayer | Synchronizing object | Rear left drilled rotor perforation.047
Fra:1 Mem:276.08M (Peak 276.14M) | Time:00:01.60 | Mem:0.00M, Peak:0.00M | Scene, ViewLayer | Synchronizing object | Rear left drilled rotor perforation.048
Fra:1 Mem:276.13M (Peak 276.14M) | Time:00:01.60 | Mem:0.00M, Peak:0.00M | Scene, ViewLayer | Synchronizing object | Seat piping
Fra:1 Mem:276.13M (Peak 276.14M) | Time:00:01.60 | Mem:0.00M, Peak:0.00M | Scene, ViewLayer | Synchronizing object | Seat piping.001
Fra:1 Mem:276.11M (Peak 276.14M) | Time:00:01.60 | Mem:0.00M, Peak:0.00M | Scene, ViewLayer | Synchronizing object | Rear left drilled rotor perforation.049
Fra:1 Mem:276.13M (Peak 276.14M) | Time:00:01.60 | Mem:0.00M, Peak:0.00M | Scene, ViewLayer | Synchronizing object | Seat piping.002
Fra:1 Mem:276.17M (Peak 276.17M) | Time:00:01.60 | Mem:0.00M, Peak:0.00M | Scene, ViewLayer | Synchronizing object | Seat piping.003
Fra:1 Mem:276.16M (Peak 276.17M) | Time:00:01.60 | Mem:0.00M, Peak:0.00M | Scene, ViewLayer | Synchronizing object | Seat piping.004
Fra:1 Mem:276.12M (Peak 276.17M) | Time:00:01.60 | Mem:0.00M, Peak:0.00M | Scene, ViewLayer | Synchronizing object | Rear left drilled rotor perforation.051
Fra:1 Mem:276.13M (Peak 276.17M) | Time:00:01.60 | Mem:0.00M, Peak:0.00M | Scene, ViewLayer | Synchronizing object | Seat piping.005
Fra:1 Mem:276.18M (Peak 276.18M) | Time:00:01.60 | Mem:0.00M, Peak:0.00M | Scene, ViewLayer | Synchronizing object | Seat piping.006
Fra:1 Mem:276.14M (Peak 276.18M) | Time:00:01.60 | Mem:0.00M, Peak:0.00M | Scene, ViewLayer | Synchronizing object | Rear left drilled rotor perforation.052
Fra:1 Mem:276.17M (Peak 276.18M) | Time:00:01.60 | Mem:0.00M, Peak:0.00M | Scene, ViewLayer | Synchronizing object | Seat piping.007
Fra:1 Mem:276.16M (Peak 276.18M) | Time:00:01.60 | Mem:0.00M, Peak:0.00M | Scene, ViewLayer | Synchronizing object | Steering wheel spokes
Fra:1 Mem:276.16M (Peak 276.18M) | Time:00:01.60 | Mem:0.00M, Peak:0.00M | Scene, ViewLayer | Synchronizing object | Windshield wiper arm
Fra:1 Mem:276.17M (Peak 276.18M) | Time:00:01.60 | Mem:0.00M, Peak:0.00M | Scene, ViewLayer | Synchronizing object | Wiper rubber blade
Fra:1 Mem:276.17M (Peak 276.18M) | Time:00:01.60 | Mem:0.00M, Peak:0.00M | Scene, ViewLayer | Synchronizing object | Windshield wiper arm.001
Fra:1 Mem:276.17M (Peak 276.18M) | Time:00:01.60 | Mem:0.00M, Peak:0.00M | Scene, ViewLayer | Synchronizing object | Wiper rubber blade.001
Fra:1 Mem:276.21M (Peak 276.21M) | Time:00:01.60 | Mem:0.00M, Peak:0.00M | Scene, ViewLayer | Synchronizing object | Seamless curved studio cyclorama
Fra:1 Mem:276.32M (Peak 276.32M) | Time:00:01.60 | Mem:0.00M, Peak:0.00M | Scene, ViewLayer | Synchronizing object | Infinite studio floor
Fra:1 Mem:276.30M (Peak 276.32M) | Time:00:01.60 | Mem:0.00M, Peak:0.00M | Scene, ViewLayer | Synchronizing object | Flat aerodynamic underfloor
Fra:1 Mem:276.34M (Peak 276.34M) | Time:00:01.60 | Mem:0.00M, Peak:0.00M | Scene, ViewLayer | Synchronizing object | Rear left drilled rotor perforation.054
Fra:1 Mem:276.40M (Peak 276.40M) | Time:00:01.60 | Mem:0.00M, Peak:0.00M | Scene, ViewLayer | Synchronizing object | Rear left drilled rotor perforation.055
Fra:1 Mem:276.34M (Peak 276.40M) | Time:00:01.60 | Mem:0.00M, Peak:0.00M | Scene, ViewLayer | Synchronizing object | Rear left drilled rotor perforation.056
Fra:1 Mem:276.35M (Peak 276.40M) | Time:00:01.60 | Mem:0.00M, Peak:0.00M | Scene, ViewLayer | Synchronizing object | Roof rear camera blister
Fra:1 Mem:276.45M (Peak 276.45M) | Time:00:01.60 | Mem:0.00M, Peak:0.00M | Scene, ViewLayer | Synchronizing object | Lidar forward optical aperture
Fra:1 Mem:276.49M (Peak 276.49M) | Time:00:01.60 | Mem:0.00M, Peak:0.00M | Scene, ViewLayer | Synchronizing object | Roof lidar painted pod
Fra:1 Mem:276.50M (Peak 276.50M) | Time:00:01.60 | Mem:0.00M, Peak:0.00M | Scene, ViewLayer | Synchronizing object | Rear left drilled rotor perforation.057
Fra:1 Mem:276.56M (Peak 276.56M) | Time:00:01.60 | Mem:0.00M, Peak:0.00M | Scene, ViewLayer | Synchronizing object | Cup holder
Fra:1 Mem:276.54M (Peak 276.56M) | Time:00:01.60 | Mem:0.00M, Peak:0.00M | Scene, ViewLayer | Synchronizing object | Rear left drilled rotor perforation.058
Fra:1 Mem:276.65M (Peak 276.65M) | Time:00:01.60 | Mem:0.00M, Peak:0.00M | Scene, ViewLayer | Synchronizing object | Rear left drilled rotor perforation.059
Fra:1 Mem:276.62M (Peak 276.65M) | Time:00:01.60 | Mem:0.00M, Peak:0.00M | Scene, ViewLayer | Synchronizing object | Cup holder.001
Fra:1 Mem:276.66M (Peak 276.66M) | Time:00:01.60 | Mem:0.00M, Peak:0.00M | Scene, ViewLayer | Synchronizing object | Rear left drilled rotor perforation.060
Fra:1 Mem:276.67M (Peak 276.67M) | Time:00:01.60 | Mem:0.00M, Peak:0.00M | Scene, ViewLayer | Synchronizing object | Center tunnel
Fra:1 Mem:276.65M (Peak 276.67M) | Time:00:01.60 | Mem:0.00M, Peak:0.00M | Scene, ViewLayer | Synchronizing object | Rear left drilled rotor perforation.061
Fra:1 Mem:276.73M (Peak 276.73M) | Time:00:01.60 | Mem:0.00M, Peak:0.00M | Scene, ViewLayer | Synchronizing object | Rear left drilled rotor perforation.062
Fra:1 Mem:276.73M (Peak 276.73M) | Time:00:01.60 | Mem:0.00M, Peak:0.00M | Scene, ViewLayer | Synchronizing object | Steering center
Fra:1 Mem:276.75M (Peak 276.75M) | Time:00:01.60 | Mem:0.00M, Peak:0.00M | Scene, ViewLayer | Synchronizing object | Rear left drilled rotor perforation.063
Fra:1 Mem:276.76M (Peak 276.76M) | Time:00:01.60 | Mem:0.00M, Peak:0.00M | Scene, ViewLayer | Synchronizing object | Steering wheel
Fra:1 Mem:276.86M (Peak 276.86M) | Time:00:01.60 | Mem:0.00M, Peak:0.00M | Scene, ViewLayer | Synchronizing object | Rear left drilled rotor perforation.064
Fra:1 Mem:276.88M (Peak 276.88M) | Time:00:01.60 | Mem:0.00M, Peak:0.00M | Scene, ViewLayer | Synchronizing object | Screen glass
Fra:1 Mem:276.94M (Peak 276.94M) | Time:00:01.60 | Mem:0.00M, Peak:0.00M | Scene, ViewLayer | Synchronizing object | Rear left drilled rotor perforation.065
Fra:1 Mem:276.92M (Peak 276.94M) | Time:00:01.60 | Mem:0.00M, Peak:0.00M | Scene, ViewLayer | Synchronizing object | Dashboard center screen
Fra:1 Mem:276.99M (Peak 276.99M) | Time:00:01.60 | Mem:0.00M, Peak:0.00M | Scene, ViewLayer | Synchronizing object | Rear left drilled rotor perforation.066
Fra:1 Mem:276.98M (Peak 276.99M) | Time:00:01.60 | Mem:0.00M, Peak:0.00M | Scene, ViewLayer | Synchronizing object | Rear left drilled rotor perforation.067
Fra:1 Mem:276.98M (Peak 276.99M) | Time:00:01.60 | Mem:0.00M, Peak:0.00M | Scene, ViewLayer | Synchronizing object | Dashboard
Fra:1 Mem:277.04M (Peak 277.04M) | Time:00:01.60 | Mem:0.00M, Peak:0.00M | Scene, ViewLayer | Synchronizing object | Rear left drilled rotor perforation.068
Fra:1 Mem:277.04M (Peak 277.04M) | Time:00:01.60 | Mem:0.00M, Peak:0.00M | Scene, ViewLayer | Synchronizing object | Integrated head restraint.003
Fra:1 Mem:277.10M (Peak 277.10M) | Time:00:01.60 | Mem:0.00M, Peak:0.00M | Scene, ViewLayer | Synchronizing object | Rear left drilled rotor perforation.069
Fra:1 Mem:277.09M (Peak 277.10M) | Time:00:01.60 | Mem:0.00M, Peak:0.00M | Scene, ViewLayer | Synchronizing object | Contoured seat back
Fra:1 Mem:277.14M (Peak 277.14M) | Time:00:01.60 | Mem:0.00M, Peak:0.00M | Scene, ViewLayer | Synchronizing object | Rear left drilled rotor perforation.070
Fra:1 Mem:277.14M (Peak 277.14M) | Time:00:01.60 | Mem:0.00M, Peak:0.00M | Scene, ViewLayer | Synchronizing object | Seat cushion.003
Fra:1 Mem:277.19M (Peak 277.19M) | Time:00:01.60 | Mem:0.00M, Peak:0.00M | Scene, ViewLayer | Synchronizing object | Rear left drilled rotor perforation.071
Fra:1 Mem:277.20M (Peak 277.20M) | Time:00:01.61 | Mem:0.00M, Peak:0.00M | Scene, ViewLayer | Synchronizing object | Rear left brake disc bell
Fra:1 Mem:277.26M (Peak 277.26M) | Time:00:01.61 | Mem:0.00M, Peak:0.00M | Scene, ViewLayer | Synchronizing object | Rear left yellow six-piston caliper
Fra:1 Mem:277.23M (Peak 277.26M) | Time:00:01.61 | Mem:0.00M, Peak:0.00M | Scene, ViewLayer | Synchronizing object | Integrated head restraint.002
Fra:1 Mem:277.20M (Peak 277.26M) | Time:00:01.61 | Mem:0.00M, Peak:0.00M | Scene, ViewLayer | Synchronizing object | Rear left machined split spoke
Fra:1 Mem:277.36M (Peak 277.36M) | Time:00:01.61 | Mem:0.00M, Peak:0.00M | Scene, ViewLayer | Synchronizing object | Rear left black spoke pocket
Fra:1 Mem:277.36M (Peak 277.36M) | Time:00:01.61 | Mem:0.00M, Peak:0.00M | Scene, ViewLayer | Synchronizing object | Contoured seat back.003
Fra:1 Mem:277.38M (Peak 277.38M) | Time:00:01.61 | Mem:0.00M, Peak:0.00M | Scene, ViewLayer | Synchronizing object | Rear left machined split spoke.001
Fra:1 Mem:277.38M (Peak 277.38M) | Time:00:01.61 | Mem:0.00M, Peak:0.00M | Scene, ViewLayer | Synchronizing object | Rear left black spoke pocket.001
Fra:1 Mem:277.47M (Peak 277.47M) | Time:00:01.61 | Mem:0.00M, Peak:0.00M | Scene, ViewLayer | Synchronizing object | Rear left machined split spoke.002
Fra:1 Mem:277.41M (Peak 277.47M) | Time:00:01.61 | Mem:0.00M, Peak:0.00M | Scene, ViewLayer | Synchronizing object | Seat cushion.002
Fra:1 Mem:277.46M (Peak 277.47M) | Time:00:01.61 | Mem:0.00M, Peak:0.00M | Scene, ViewLayer | Synchronizing object | Rear left machined split spoke.003
Fra:1 Mem:277.57M (Peak 277.57M) | Time:00:01.61 | Mem:0.00M, Peak:0.00M | Scene, ViewLayer | Synchronizing object | Rear left black spoke pocket.003
Fra:1 Mem:277.52M (Peak 277.57M) | Time:00:01.61 | Mem:0.00M, Peak:0.00M | Scene, ViewLayer | Synchronizing object | Integrated head restraint.001
Fra:1 Mem:277.59M (Peak 277.59M) | Time:00:01.61 | Mem:0.00M, Peak:0.00M | Scene, ViewLayer | Synchronizing object | Rear left machined split spoke.004
Fra:1 Mem:277.61M (Peak 277.61M) | Time:00:01.61 | Mem:0.00M, Peak:0.00M | Scene, ViewLayer | Synchronizing object | Rear left black spoke pocket.004
Fra:1 Mem:277.72M (Peak 277.72M) | Time:00:01.61 | Mem:0.00M, Peak:0.00M | Scene, ViewLayer | Synchronizing object | Rear left machined split spoke.005
Fra:1 Mem:277.75M (Peak 277.75M) | Time:00:01.61 | Mem:0.00M, Peak:0.00M | Scene, ViewLayer | Synchronizing object | Rear left black spoke pocket.005
Fra:1 Mem:277.69M (Peak 277.75M) | Time:00:01.61 | Mem:0.00M, Peak:0.00M | Scene, ViewLayer | Synchronizing object | Rear left machined split spoke.006
Fra:1 Mem:277.75M (Peak 277.75M) | Time:00:01.61 | Mem:0.00M, Peak:0.00M | Scene, ViewLayer | Synchronizing object | Contoured seat back.002
Fra:1 Mem:277.80M (Peak 277.80M) | Time:00:01.61 | Mem:0.00M, Peak:0.00M | Scene, ViewLayer | Synchronizing object | Rear left black spoke pocket.006
Fra:1 Mem:277.79M (Peak 277.80M) | Time:00:01.61 | Mem:0.00M, Peak:0.00M | Scene, ViewLayer | Synchronizing object | Rear left machined split spoke.007
Fra:1 Mem:277.83M (Peak 277.83M) | Time:00:01.61 | Mem:0.00M, Peak:0.00M | Scene, ViewLayer | Synchronizing object | Rear left black spoke pocket.007
Fra:1 Mem:277.84M (Peak 277.84M) | Time:00:01.61 | Mem:0.00M, Peak:0.00M | Scene, ViewLayer | Synchronizing object | Rear left machined split spoke.008
Fra:1 Mem:277.95M (Peak 277.95M) | Time:00:01.61 | Mem:0.00M, Peak:0.00M | Scene, ViewLayer | Synchronizing object | Rear left black spoke pocket.008
Fra:1 Mem:277.93M (Peak 277.95M) | Time:00:01.61 | Mem:0.00M, Peak:0.00M | Scene, ViewLayer | Synchronizing object | Rear left machined split spoke.009
Fra:1 Mem:277.94M (Peak 277.95M) | Time:00:01.61 | Mem:0.00M, Peak:0.00M | Scene, ViewLayer | Synchronizing object | Rear left black spoke pocket.009
Fra:1 Mem:277.95M (Peak 277.95M) | Time:00:01.61 | Mem:0.00M, Peak:0.00M | Scene, ViewLayer | Synchronizing object | Rear left center hub
Fra:1 Mem:278.00M (Peak 278.00M) | Time:00:01.61 | Mem:0.00M, Peak:0.00M | Scene, ViewLayer | Synchronizing object | Rear left center cap ring
Fra:1 Mem:278.04M (Peak 278.04M) | Time:00:01.61 | Mem:0.00M, Peak:0.00M | Scene, ViewLayer | Synchronizing object | Rear left titanium lug nut
Fra:1 Mem:278.18M (Peak 278.18M) | Time:00:01.61 | Mem:0.00M, Peak:0.00M | Scene, ViewLayer | Synchronizing object | Rear left titanium lug nut.001
Fra:1 Mem:278.20M (Peak 278.20M) | Time:00:01.61 | Mem:0.00M, Peak:0.00M | Scene, ViewLayer | Synchronizing object | Rear left titanium lug nut.002
Fra:1 Mem:278.15M (Peak 278.20M) | Time:00:01.61 | Mem:0.00M, Peak:0.00M | Scene, ViewLayer | Synchronizing object | Rear left titanium lug nut.003
Fra:1 Mem:278.15M (Peak 278.20M) | Time:00:01.61 | Mem:0.00M, Peak:0.00M | Scene, ViewLayer | Synchronizing object | Rear left titanium lug nut.004
Fra:1 Mem:278.16M (Peak 278.20M) | Time:00:01.61 | Mem:0.00M, Peak:0.00M | Scene, ViewLayer | Synchronizing object | Rear left tire valve
Fra:1 Mem:278.16M (Peak 278.20M) | Time:00:01.61 | Mem:0.00M, Peak:0.00M | Scene, ViewLayer | Synchronizing object | Rear right | tire carcass
Fra:1 Mem:278.27M (Peak 278.27M) | Time:00:01.61 | Mem:0.00M, Peak:0.00M | Scene, ViewLayer | Synchronizing object | Rear right tire molded sidewall ring.001
Fra:1 Mem:278.28M (Peak 278.28M) | Time:00:01.61 | Mem:0.00M, Peak:0.00M | Scene, ViewLayer | Synchronizing object | Rear right tire molded sidewall ring.002
Fra:1 Mem:278.46M (Peak 278.46M) | Time:00:01.61 | Mem:0.00M, Peak:0.00M | Scene, ViewLayer | Synchronizing object | Rear right tire molded sidewall ring
Fra:1 Mem:278.56M (Peak 278.56M) | Time:00:01.61 | Mem:0.00M, Peak:0.00M | Scene, ViewLayer | Synchronizing object | Rear right directional tread | 792 blocks
Fra:1 Mem:278.65M (Peak 278.65M) | Time:00:01.61 | Mem:0.00M, Peak:0.00M | Scene, ViewLayer | Synchronizing object | Rear right cast rim barrel
Fra:1 Mem:278.98M (Peak 278.98M) | Time:00:01.61 | Mem:0.00M, Peak:0.00M | Scene, ViewLayer | Synchronizing object | Rear right diamond-cut outer flange
Fra:1 Mem:279.06M (Peak 279.06M) | Time:00:01.61 | Mem:0.00M, Peak:0.00M | Scene, ViewLayer | Synchronizing object | Rear right inner rim accent
Fra:1 Mem:279.15M (Peak 279.15M) | Time:00:01.61 | Mem:0.00M, Peak:0.00M | Scene, ViewLayer | Synchronizing object | Seat cushion.001
Fra:1 Mem:279.41M (Peak 279.41M) | Time:00:01.61 | Mem:0.00M, Peak:0.00M | Scene, ViewLayer | Synchronizing object | Rear right brake rotor
Fra:1 Mem:279.48M (Peak 279.48M) | Time:00:01.61 | Mem:0.00M, Peak:0.00M | Scene, ViewLayer | Synchronizing object | Rear right rotor outer scoring
Fra:1 Mem:279.48M (Peak 279.48M) | Time:00:01.61 | Mem:0.00M, Peak:0.00M | Scene, ViewLayer | Synchronizing object | Integrated head restraint
Fra:1 Mem:279.66M (Peak 279.66M) | Time:00:01.61 | Mem:0.00M, Peak:0.00M | Scene, ViewLayer | Synchronizing object | Rear right drilled rotor perforation
Fra:1 Mem:279.62M (Peak 279.66M) | Time:00:01.61 | Mem:0.00M, Peak:0.00M | Scene, ViewLayer | Synchronizing object | Rear right drilled rotor perforation.001
Fra:1 Mem:279.66M (Peak 279.66M) | Time:00:01.61 | Mem:0.00M, Peak:0.00M | Scene, ViewLayer | Synchronizing object | Rear right drilled rotor perforation.002
Fra:1 Mem:279.65M (Peak 279.66M) | Time:00:01.61 | Mem:0.00M, Peak:0.00M | Scene, ViewLayer | Synchronizing object | Rear right drilled rotor perforation.003
Fra:1 Mem:279.62M (Peak 279.66M) | Time:00:01.61 | Mem:0.00M, Peak:0.00M | Scene, ViewLayer | Synchronizing object | Contoured seat back.001
Fra:1 Mem:279.63M (Peak 279.66M) | Time:00:01.61 | Mem:0.00M, Peak:0.00M | Scene, ViewLayer | Synchronizing object | Rear right drilled rotor perforation.004
Fra:1 Mem:279.72M (Peak 279.72M) | Time:00:01.61 | Mem:0.00M, Peak:0.00M | Scene, ViewLayer | Synchronizing object | Rear right drilled rotor perforation.005
Fra:1 Mem:279.67M (Peak 279.72M) | Time:00:01.61 | Mem:0.00M, Peak:0.00M | Scene, ViewLayer | Synchronizing object | Rear right drilled rotor perforation.007
Fra:1 Mem:279.67M (Peak 279.72M) | Time:00:01.61 | Mem:0.00M, Peak:0.00M | Scene, ViewLayer | Synchronizing object | Seat cushion
Fra:1 Mem:279.74M (Peak 279.74M) | Time:00:01.61 | Mem:0.00M, Peak:0.00M | Scene, ViewLayer | Synchronizing object | Rear right drilled rotor perforation.008
Fra:1 Mem:279.75M (Peak 279.75M) | Time:00:01.61 | Mem:0.00M, Peak:0.00M | Scene, ViewLayer | Synchronizing object | Dark cabin tub
Fra:1 Mem:279.74M (Peak 279.75M) | Time:00:01.61 | Mem:0.00M, Peak:0.00M | Scene, ViewLayer | Synchronizing object | Rear right drilled rotor perforation.009
Fra:1 Mem:279.81M (Peak 279.81M) | Time:00:01.61 | Mem:0.00M, Peak:0.00M | Scene, ViewLayer | Synchronizing object | Rear right drilled rotor perforation.010
Fra:1 Mem:279.77M (Peak 279.81M) | Time:00:01.61 | Mem:0.00M, Peak:0.00M | Scene, ViewLayer | Synchronizing object | Rear right tire valve
Fra:1 Mem:279.80M (Peak 279.81M) | Time:00:01.61 | Mem:0.00M, Peak:0.00M | Scene, ViewLayer | Synchronizing object | Rear right drilled rotor perforation.011
Fra:1 Mem:279.82M (Peak 279.82M) | Time:00:01.61 | Mem:0.00M, Peak:0.00M | Scene, ViewLayer | Synchronizing object | Rear right titanium lug nut.004
Fra:1 Mem:279.84M (Peak 279.84M) | Time:00:01.61 | Mem:0.00M, Peak:0.00M | Scene, ViewLayer | Synchronizing object | Rear right titanium lug nut.003
Fra:1 Mem:279.82M (Peak 279.84M) | Time:00:01.61 | Mem:0.00M, Peak:0.00M | Scene, ViewLayer | Synchronizing object | Rear right drilled rotor perforation.012
Fra:1 Mem:279.83M (Peak 279.84M) | Time:00:01.61 | Mem:0.00M, Peak:0.00M | Scene, ViewLayer | Synchronizing object | Rear right titanium lug nut.002
Fra:1 Mem:279.85M (Peak 279.85M) | Time:00:01.61 | Mem:0.00M, Peak:0.00M | Scene, ViewLayer | Synchronizing object | Rear right titanium lug nut.001
Fra:1 Mem:279.88M (Peak 279.88M) | Time:00:01.62 | Mem:0.00M, Peak:0.00M | Scene, ViewLayer | Synchronizing object | Rear right drilled rotor perforation.013
Fra:1 Mem:279.90M (Peak 279.90M) | Time:00:01.62 | Mem:0.00M, Peak:0.00M | Scene, ViewLayer | Synchronizing object | Rear right titanium lug nut
Fra:1 Mem:279.88M (Peak 279.90M) | Time:00:01.62 | Mem:0.00M, Peak:0.00M | Scene, ViewLayer | Synchronizing object | Rear right drilled rotor perforation.014
Fra:1 Mem:279.88M (Peak 279.90M) | Time:00:01.62 | Mem:0.00M, Peak:0.00M | Scene, ViewLayer | Synchronizing object | Rear right drilled rotor perforation.015
Fra:1 Mem:279.91M (Peak 279.91M) | Time:00:01.62 | Mem:0.00M, Peak:0.00M | Scene, ViewLayer | Synchronizing object | Rear right drilled rotor perforation.016
Fra:1 Mem:279.95M (Peak 279.95M) | Time:00:01.62 | Mem:0.00M, Peak:0.00M | Scene, ViewLayer | Synchronizing object | Rear right center cap ring
Fra:1 Mem:280.08M (Peak 280.08M) | Time:00:01.62 | Mem:0.00M, Peak:0.00M | Scene, ViewLayer | Synchronizing object | Rear right drilled rotor perforation.017
Fra:1 Mem:280.07M (Peak 280.08M) | Time:00:01.62 | Mem:0.00M, Peak:0.00M | Scene, ViewLayer | Synchronizing object | Rear right center hub
Fra:1 Mem:280.07M (Peak 280.08M) | Time:00:01.62 | Mem:0.00M, Peak:0.00M | Scene, ViewLayer | Synchronizing object | Rear right drilled rotor perforation.018
Fra:1 Mem:280.14M (Peak 280.14M) | Time:00:01.62 | Mem:0.00M, Peak:0.00M | Scene, ViewLayer | Synchronizing object | Rear right drilled rotor perforation.019
Fra:1 Mem:280.21M (Peak 280.21M) | Time:00:01.62 | Mem:0.00M, Peak:0.00M | Scene, ViewLayer | Synchronizing object | Rear right drilled rotor perforation.020
Fra:1 Mem:280.17M (Peak 280.21M) | Time:00:01.62 | Mem:0.00M, Peak:0.00M | Scene, ViewLayer | Synchronizing object | Rear right black spoke pocket.009
Fra:1 Mem:280.18M (Peak 280.21M) | Time:00:01.62 | Mem:0.00M, Peak:0.00M | Scene, ViewLayer | Synchronizing object | Rear right drilled rotor perforation.021
Fra:1 Mem:280.21M (Peak 280.21M) | Time:00:01.62 | Mem:0.00M, Peak:0.00M | Scene, ViewLayer | Synchronizing object | Rear right drilled rotor perforation.022
Fra:1 Mem:280.19M (Peak 280.21M) | Time:00:01.62 | Mem:0.00M, Peak:0.00M | Scene, ViewLayer | Synchronizing object | Rear right drilled rotor perforation.023
Fra:1 Mem:280.23M (Peak 280.23M) | Time:00:01.62 | Mem:0.00M, Peak:0.00M | Scene, ViewLayer | Synchronizing object | Rear right machined split spoke.009
Fra:1 Mem:280.21M (Peak 280.23M) | Time:00:01.62 | Mem:0.00M, Peak:0.00M | Scene, ViewLayer | Synchronizing object | Rear right drilled rotor perforation.024
Fra:1 Mem:280.28M (Peak 280.28M) | Time:00:01.62 | Mem:0.00M, Peak:0.00M | Scene, ViewLayer | Synchronizing object | Rear right drilled rotor perforation.025
Fra:1 Mem:280.28M (Peak 280.28M) | Time:00:01.62 | Mem:0.00M, Peak:0.00M | Scene, ViewLayer | Synchronizing object | Rear right black spoke pocket.008
Fra:1 Mem:280.28M (Peak 280.28M) | Time:00:01.62 | Mem:0.00M, Peak:0.00M | Scene, ViewLayer | Synchronizing object | Rear right drilled rotor perforation.026
Fra:1 Mem:280.30M (Peak 280.30M) | Time:00:01.62 | Mem:0.00M, Peak:0.00M | Scene, ViewLayer | Synchronizing object | Rear right drilled rotor perforation.027
Fra:1 Mem:280.32M (Peak 280.32M) | Time:00:01.62 | Mem:0.00M, Peak:0.00M | Scene, ViewLayer | Synchronizing object | Rear right drilled rotor perforation.028
Fra:1 Mem:280.30M (Peak 280.32M) | Time:00:01.62 | Mem:0.00M, Peak:0.00M | Scene, ViewLayer | Synchronizing object | Rear right drilled rotor perforation.029
Fra:1 Mem:280.35M (Peak 280.35M) | Time:00:01.62 | Mem:0.00M, Peak:0.00M | Scene, ViewLayer | Synchronizing object | Rear right drilled rotor perforation.030
Fra:1 Mem:280.42M (Peak 280.42M) | Time:00:01.62 | Mem:0.00M, Peak:0.00M | Scene, ViewLayer | Synchronizing object | Rear right drilled rotor perforation.031
Fra:1 Mem:280.39M (Peak 280.42M) | Time:00:01.62 | Mem:0.00M, Peak:0.00M | Scene, ViewLayer | Synchronizing object | Rear right black spoke pocket.007
Fra:1 Mem:280.41M (Peak 280.42M) | Time:00:01.62 | Mem:0.00M, Peak:0.00M | Scene, ViewLayer | Synchronizing object | Rear right drilled rotor perforation.032
Fra:1 Mem:280.45M (Peak 280.45M) | Time:00:01.62 | Mem:0.00M, Peak:0.00M | Scene, ViewLayer | Synchronizing object | Rear right machined split spoke.007
Fra:1 Mem:280.44M (Peak 280.45M) | Time:00:01.62 | Mem:0.00M, Peak:0.00M | Scene, ViewLayer | Synchronizing object | Rear right drilled rotor perforation.033
Fra:1 Mem:280.49M (Peak 280.49M) | Time:00:01.62 | Mem:0.00M, Peak:0.00M | Scene, ViewLayer | Synchronizing object | Rear right drilled rotor perforation.034
Fra:1 Mem:280.50M (Peak 280.50M) | Time:00:01.62 | Mem:0.00M, Peak:0.00M | Scene, ViewLayer | Synchronizing object | Rear right black spoke pocket.006
Fra:1 Mem:280.48M (Peak 280.50M) | Time:00:01.62 | Mem:0.00M, Peak:0.00M | Scene, ViewLayer | Synchronizing object | Rear right drilled rotor perforation.036
Fra:1 Mem:280.59M (Peak 280.59M) | Time:00:01.62 | Mem:0.00M, Peak:0.00M | Scene, ViewLayer | Synchronizing object | Rear right drilled rotor perforation.037
Fra:1 Mem:280.56M (Peak 280.59M) | Time:00:01.62 | Mem:0.00M, Peak:0.00M | Scene, ViewLayer | Synchronizing object | Rear right machined split spoke.006
Fra:1 Mem:280.56M (Peak 280.59M) | Time:00:01.62 | Mem:0.00M, Peak:0.00M | Scene, ViewLayer | Synchronizing object | Rear right drilled rotor perforation.038
Fra:1 Mem:280.64M (Peak 280.64M) | Time:00:01.62 | Mem:0.00M, Peak:0.00M | Scene, ViewLayer | Synchronizing object | Rear right drilled rotor perforation.039
Fra:1 Mem:280.62M (Peak 280.64M) | Time:00:01.62 | Mem:0.00M, Peak:0.00M | Scene, ViewLayer | Synchronizing object | Rear right drilled rotor perforation.040
Fra:1 Mem:280.60M (Peak 280.64M) | Time:00:01.62 | Mem:0.00M, Peak:0.00M | Scene, ViewLayer | Synchronizing object | Rear right drilled rotor perforation.041
Fra:1 Mem:280.70M (Peak 280.70M) | Time:00:01.62 | Mem:0.00M, Peak:0.00M | Scene, ViewLayer | Synchronizing object | Rear right drilled rotor perforation.042
Fra:1 Mem:280.65M (Peak 280.70M) | Time:00:01.62 | Mem:0.00M, Peak:0.00M | Scene, ViewLayer | Synchronizing object | Rear right machined split spoke.005
Fra:1 Mem:280.77M (Peak 280.77M) | Time:00:01.62 | Mem:0.00M, Peak:0.00M | Scene, ViewLayer | Synchronizing object | Rear right drilled rotor perforation.044
Fra:1 Mem:280.73M (Peak 280.77M) | Time:00:01.62 | Mem:0.00M, Peak:0.00M | Scene, ViewLayer | Synchronizing object | Rear right black spoke pocket.004
Fra:1 Mem:280.79M (Peak 280.79M) | Time:00:01.62 | Mem:0.00M, Peak:0.00M | Scene, ViewLayer | Synchronizing object | Rear right drilled rotor perforation.045
Fra:1 Mem:280.80M (Peak 280.80M) | Time:00:01.62 | Mem:0.00M, Peak:0.00M | Scene, ViewLayer | Synchronizing object | Rear right drilled rotor perforation.046
Fra:1 Mem:280.79M (Peak 280.80M) | Time:00:01.62 | Mem:0.00M, Peak:0.00M | Scene, ViewLayer | Synchronizing object | Rear right machined split spoke.004
Fra:1 Mem:280.86M (Peak 280.86M) | Time:00:01.62 | Mem:0.00M, Peak:0.00M | Scene, ViewLayer | Synchronizing object | Rear right drilled rotor perforation.047
Fra:1 Mem:280.83M (Peak 280.86M) | Time:00:01.62 | Mem:0.00M, Peak:0.00M | Scene, ViewLayer | Synchronizing object | Rear right drilled rotor perforation.048
Fra:1 Mem:280.88M (Peak 280.88M) | Time:00:01.62 | Mem:0.00M, Peak:0.00M | Scene, ViewLayer | Synchronizing object | Rear right black spoke pocket.003
Fra:1 Mem:280.86M (Peak 280.88M) | Time:00:01.62 | Mem:0.00M, Peak:0.00M | Scene, ViewLayer | Synchronizing object | Rear right drilled rotor perforation.049
Fra:1 Mem:280.93M (Peak 280.93M) | Time:00:01.62 | Mem:0.00M, Peak:0.00M | Scene, ViewLayer | Synchronizing object | Rear right drilled rotor perforation.050
Fra:1 Mem:280.95M (Peak 280.95M) | Time:00:01.62 | Mem:0.00M, Peak:0.00M | Scene, ViewLayer | Synchronizing object | Rear right machined split spoke.003
Fra:1 Mem:280.88M (Peak 280.95M) | Time:00:01.62 | Mem:0.00M, Peak:0.00M | Scene, ViewLayer | Synchronizing object | Rear right drilled rotor perforation.052
Fra:1 Mem:280.93M (Peak 280.95M) | Time:00:01.62 | Mem:0.00M, Peak:0.00M | Scene, ViewLayer | Synchronizing object | Rear right drilled rotor perforation.053
Fra:1 Mem:280.98M (Peak 280.98M) | Time:00:01.62 | Mem:0.00M, Peak:0.00M | Scene, ViewLayer | Synchronizing object | Rear right drilled rotor perforation.054
Fra:1 Mem:280.99M (Peak 280.99M) | Time:00:01.62 | Mem:0.00M, Peak:0.00M | Scene, ViewLayer | Synchronizing object | Rear right black spoke pocket.002
Fra:1 Mem:280.99M (Peak 280.99M) | Time:00:01.62 | Mem:0.00M, Peak:0.00M | Scene, ViewLayer | Synchronizing object | Rear right drilled rotor perforation.055
Fra:1 Mem:281.04M (Peak 281.04M) | Time:00:01.62 | Mem:0.00M, Peak:0.00M | Scene, ViewLayer | Synchronizing object | Rear right drilled rotor perforation.056
Fra:1 Mem:281.01M (Peak 281.04M) | Time:00:01.62 | Mem:0.00M, Peak:0.00M | Scene, ViewLayer | Synchronizing object | Rear right machined split spoke.002
Fra:1 Mem:281.08M (Peak 281.08M) | Time:00:01.62 | Mem:0.00M, Peak:0.00M | Scene, ViewLayer | Synchronizing object | Rear right drilled rotor perforation.058
Fra:1 Mem:281.10M (Peak 281.10M) | Time:00:01.62 | Mem:0.00M, Peak:0.00M | Scene, ViewLayer | Synchronizing object | Rear right drilled rotor perforation.059
Fra:1 Mem:281.11M (Peak 281.11M) | Time:00:01.62 | Mem:0.00M, Peak:0.00M | Scene, ViewLayer | Synchronizing object | Rear right black spoke pocket.001
Fra:1 Mem:281.11M (Peak 281.11M) | Time:00:01.62 | Mem:0.00M, Peak:0.00M | Scene, ViewLayer | Synchronizing object | Rear right drilled rotor perforation.060
Fra:1 Mem:281.19M (Peak 281.19M) | Time:00:01.62 | Mem:0.00M, Peak:0.00M | Scene, ViewLayer | Synchronizing object | Rear right drilled rotor perforation.061
Fra:1 Mem:281.14M (Peak 281.19M) | Time:00:01.62 | Mem:0.00M, Peak:0.00M | Scene, ViewLayer | Synchronizing object | Rear right machined split spoke.001
Fra:1 Mem:281.15M (Peak 281.19M) | Time:00:01.62 | Mem:0.00M, Peak:0.00M | Scene, ViewLayer | Synchronizing object | Rear right drilled rotor perforation.062
Fra:1 Mem:281.18M (Peak 281.19M) | Time:00:01.62 | Mem:0.00M, Peak:0.00M | Scene, ViewLayer | Synchronizing object | Rear right black spoke pocket
Fra:1 Mem:281.19M (Peak 281.19M) | Time:00:01.62 | Mem:0.00M, Peak:0.00M | Scene, ViewLayer | Synchronizing object | Rear right drilled rotor perforation.064
Fra:1 Mem:281.28M (Peak 281.28M) | Time:00:01.62 | Mem:0.00M, Peak:0.00M | Scene, ViewLayer | Synchronizing object | Rear right machined split spoke
Fra:1 Mem:281.29M (Peak 281.29M) | Time:00:01.62 | Mem:0.00M, Peak:0.00M | Scene, ViewLayer | Synchronizing object | Rear right yellow six-piston caliper
Fra:1 Mem:281.28M (Peak 281.29M) | Time:00:01.62 | Mem:0.00M, Peak:0.00M | Scene, ViewLayer | Synchronizing object | Rear right drilled rotor perforation.065
Fra:1 Mem:281.35M (Peak 281.35M) | Time:00:01.62 | Mem:0.00M, Peak:0.00M | Scene, ViewLayer | Synchronizing object | Rear right brake disc bell
Fra:1 Mem:281.35M (Peak 281.35M) | Time:00:01.62 | Mem:0.00M, Peak:0.00M | Scene, ViewLayer | Synchronizing object | Rear right drilled rotor perforation.066
Fra:1 Mem:281.37M (Peak 281.37M) | Time:00:01.62 | Mem:0.00M, Peak:0.00M | Scene, ViewLayer | Synchronizing object | Rear right drilled rotor perforation.067
Fra:1 Mem:281.37M (Peak 281.37M) | Time:00:01.62 | Mem:0.00M, Peak:0.00M | Scene, ViewLayer | Synchronizing object | Rear right drilled rotor perforation.069
Fra:1 Mem:281.47M (Peak 281.47M) | Time:00:01.62 | Mem:0.00M, Peak:0.00M | Scene, ViewLayer | Synchronizing object | Rear right drilled rotor perforation.070
Fra:1 Mem:281.43M (Peak 281.47M) | Time:00:01.62 | Mem:0.00M, Peak:0.00M | Scene, ViewLayer | Initializing
Fra:1 Mem:197.16M (Peak 281.47M) | Time:00:01.67 | Mem:0.00M, Peak:0.00M | Scene, ViewLayer | Waiting for render to start
Fra:1 Mem:197.16M (Peak 281.47M) | Time:00:01.67 | Mem:0.00M, Peak:0.00M | Scene, ViewLayer | Loading render kernels (may take a few minutes the first time)
Fra:1 Mem:197.16M (Peak 281.47M) | Time:00:01.67 | Mem:0.00M, Peak:0.00M | Scene, ViewLayer | Updating Scene
Fra:1 Mem:197.16M (Peak 281.47M) | Time:00:01.67 | Mem:0.00M, Peak:0.00M | Scene, ViewLayer | Updating Shaders
Fra:1 Mem:197.18M (Peak 281.47M) | Time:00:01.68 | Mem:0.01M, Peak:0.01M | Scene, ViewLayer | Updating Procedurals
Fra:1 Mem:197.18M (Peak 281.47M) | Time:00:01.68 | Mem:0.01M, Peak:0.01M | Scene, ViewLayer | Updating Background
Fra:1 Mem:197.18M (Peak 281.47M) | Time:00:01.68 | Mem:0.01M, Peak:0.01M | Scene, ViewLayer | Updating Camera
Fra:1 Mem:197.18M (Peak 281.47M) | Time:00:01.68 | Mem:0.01M, Peak:0.01M | Scene, ViewLayer | Updating Meshes Flags
Fra:1 Mem:197.18M (Peak 281.47M) | Time:00:01.68 | Mem:0.01M, Peak:0.01M | Scene, ViewLayer | Updating Objects
Fra:1 Mem:197.18M (Peak 281.47M) | Time:00:01.68 | Mem:0.01M, Peak:0.01M | Scene, ViewLayer | Updating Objects | Copying Transformations to device
Fra:1 Mem:197.33M (Peak 281.47M) | Time:00:01.68 | Mem:0.16M, Peak:0.16M | Scene, ViewLayer | Updating Objects | Applying Static Transformations
Fra:1 Mem:197.33M (Peak 281.47M) | Time:00:01.68 | Mem:0.16M, Peak:0.16M | Scene, ViewLayer | Updating Particle Systems
Fra:1 Mem:197.33M (Peak 281.47M) | Time:00:01.68 | Mem:0.16M, Peak:0.16M | Scene, ViewLayer | Updating Particle Systems | Copying Particles to device
Fra:1 Mem:197.33M (Peak 281.47M) | Time:00:01.68 | Mem:0.16M, Peak:0.16M | Scene, ViewLayer | Updating Meshes
Fra:1 Mem:211.92M (Peak 281.47M) | Time:00:01.74 | Mem:0.16M, Peak:0.16M | Scene, ViewLayer | Updating Mesh | Computing attributes
Fra:1 Mem:218.52M (Peak 281.47M) | Time:00:01.74 | Mem:0.21M, Peak:0.21M | Scene, ViewLayer | Updating Mesh | Copying Attributes to device
Fra:1 Mem:218.41M (Peak 281.47M) | Time:00:01.75 | Mem:6.66M, Peak:6.66M | Scene, ViewLayer | Updating Scene BVH | Building
Fra:1 Mem:218.43M (Peak 281.47M) | Time:00:01.75 | Mem:6.66M, Peak:6.66M | Scene, ViewLayer | Updating Scene BVH | Building BVH
Fra:1 Mem:218.43M (Peak 281.47M) | Time:00:01.75 | Mem:35.83M, Peak:35.83M | Scene, ViewLayer | Updating Scene BVH | Building BVH 0%
Fra:1 Mem:218.43M (Peak 281.47M) | Time:00:02.00 | Mem:77.83M, Peak:77.83M | Scene, ViewLayer | Updating Scene BVH | Building BVH 70%
Fra:1 Mem:218.43M (Peak 281.47M) | Time:00:02.10 | Mem:66.66M, Peak:95.83M | Scene, ViewLayer | Updating Scene BVH | Copying BVH to device
Fra:1 Mem:218.43M (Peak 281.47M) | Time:00:02.10 | Mem:66.66M, Peak:95.83M | Scene, ViewLayer | Updating Mesh | Computing normals
Fra:1 Mem:254.41M (Peak 281.47M) | Time:00:02.14 | Mem:66.66M, Peak:95.83M | Scene, ViewLayer | Updating Mesh | Copying Mesh to device
Fra:1 Mem:254.41M (Peak 281.47M) | Time:00:02.14 | Mem:102.64M, Peak:102.64M | Scene, ViewLayer | Updating Objects Flags
Fra:1 Mem:254.41M (Peak 281.47M) | Time:00:02.14 | Mem:102.65M, Peak:102.65M | Scene, ViewLayer | Updating Primitive Offsets
Fra:1 Mem:254.42M (Peak 281.47M) | Time:00:02.14 | Mem:102.65M, Peak:102.65M | Scene, ViewLayer | Updating Images
Fra:1 Mem:254.42M (Peak 281.47M) | Time:00:02.14 | Mem:102.65M, Peak:102.65M | Scene, ViewLayer | Updating Camera Volume
Fra:1 Mem:254.42M (Peak 281.47M) | Time:00:02.14 | Mem:102.65M, Peak:102.65M | Scene, ViewLayer | Updating Lookup Tables
Fra:1 Mem:254.42M (Peak 281.47M) | Time:00:02.14 | Mem:102.65M, Peak:102.65M | Scene, ViewLayer | Updating Lights
Fra:1 Mem:254.42M (Peak 281.47M) | Time:00:02.14 | Mem:102.65M, Peak:102.65M | Scene, ViewLayer | Updating Lights | Computing distribution
Fra:1 Mem:254.42M (Peak 281.47M) | Time:00:02.14 | Mem:102.65M, Peak:102.65M | Scene, ViewLayer | Updating Lights | Computing tree
Fra:1 Mem:256.06M (Peak 281.47M) | Time:00:02.19 | Mem:104.30M, Peak:104.30M | Scene, ViewLayer | Updating Integrator
Fra:1 Mem:257.06M (Peak 281.47M) | Time:00:02.19 | Mem:105.30M, Peak:105.30M | Scene, ViewLayer | Updating Film
Fra:1 Mem:257.07M (Peak 281.47M) | Time:00:02.19 | Mem:105.30M, Peak:105.30M | Scene, ViewLayer | Updating Lookup Tables
Fra:1 Mem:257.07M (Peak 281.47M) | Time:00:02.19 | Mem:105.30M, Peak:105.30M | Scene, ViewLayer | Updating Baking
Fra:1 Mem:257.07M (Peak 281.47M) | Time:00:02.19 | Mem:105.30M, Peak:105.30M | Scene, ViewLayer | Updating Device | Writing constant memory
Fra:1 Mem:257.08M (Peak 281.47M) | Time:00:02.19 | Mem:105.30M, Peak:105.30M | Scene, ViewLayer | Sample 0/24
Fra:1 Mem:302.55M (Peak 302.55M) | Time:00:04.95 | Remaining:01:03.51 | Mem:150.76M, Peak:150.76M | Scene, ViewLayer | Sample 1/24
Fra:1 Mem:302.55M (Peak 302.55M) | Time:00:19.63 | Remaining:00:29.06 | Mem:150.76M, Peak:150.76M | Scene, ViewLayer | Sample 9/24
Fra:1 Mem:321.69M (Peak 350.41M) | Time:00:49.68 | Mem:150.76M, Peak:150.76M | Scene, ViewLayer | Sample 24/24
Fra:1 Mem:321.69M (Peak 350.41M) | Time:00:49.68 | Mem:150.76M, Peak:150.76M | Scene, ViewLayer | Finished
Saved: 'C:\MyProjects\TempProject (OpenAI)\su7\renders\draft_05_rear_hero.png'
 Time: 00:49.86 (Saving: 00:00.14)

Info: Saved "Xiaomi_SU7_Max.blend"
Info: Saved "Xiaomi_SU7_Max.blend"
SU7_BUILD_COMPLETE {'blender': '3.6.23', 'objects': 776, 'mesh_vertices': 172450, 'body_length_m': 4.997, 'wheelbase_m': 3.0, 'iteration': '05'}

Blender quit
