TBBmalloc: skip allocation functions replacement in ucrtbase.dll: unknown prologue for function _msize
Blender 3.6.23 (hash e467db79ca8c built 2025-06-17 03:22:43)
Read prefs: "C:\Users\admin\AppData\Roaming\Blender Foundation\Blender\3.6\config\userpref.blend"
Info: Total files 5 | Changed 5 | Failed 0
Fra:1 Mem:176.36M (Peak 176.36M) | Time:00:01.71 | Mem:0.00M, Peak:0.00M | Scene, ViewLayer | Synchronizing object | Unified aluminum body | welded hood, quarters and bumpers
Fra:1 Mem:176.36M (Peak 176.36M) | Time:00:01.71 | Mem:0.00M, Peak:0.00M | Scene, ViewLayer | Synchronizing object | Window perimeter | satin black surround
Fra:1 Mem:180.21M (Peak 180.21M) | Time:00:01.71 | Mem:0.00M, Peak:0.00M | Scene, ViewLayer | Synchronizing object | B pillar black trim
Fra:1 Mem:180.25M (Peak 180.25M) | Time:00:01.71 | Mem:0.00M, Peak:0.00M | Scene, ViewLayer | Synchronizing object | B pillar black trim.001
Fra:1 Mem:180.29M (Peak 180.29M) | Time:00:01.71 | Mem:0.00M, Peak:0.00M | Scene, ViewLayer | Synchronizing object | B pillar black trim.002
Fra:1 Mem:180.30M (Peak 180.30M) | Time:00:01.71 | Mem:0.00M, Peak:0.00M | Scene, ViewLayer | Synchronizing object | Compound curved greenhouse | panoramic glazing
Fra:1 Mem:180.73M (Peak 180.73M) | Time:00:01.71 | Mem:0.00M, Peak:0.00M | Scene, ViewLayer | Synchronizing object | Rear quarter glass division
Fra:1 Mem:180.76M (Peak 180.76M) | Time:00:01.71 | Mem:0.00M, Peak:0.00M | Scene, ViewLayer | Synchronizing object | Roof drip molding
Fra:1 Mem:180.87M (Peak 180.87M) | Time:00:01.71 | Mem:0.00M, Peak:0.00M | Scene, ViewLayer | Synchronizing object | Window perimeter | satin black surround.001
Fra:1 Mem:181.28M (Peak 181.28M) | Time:00:01.71 | Mem:0.00M, Peak:0.00M | Scene, ViewLayer | Synchronizing object | B pillar black trim.003
Fra:1 Mem:182.15M (Peak 182.15M) | Time:00:01.71 | Mem:0.00M, Peak:0.00M | Scene, ViewLayer | Synchronizing object | B pillar black trim.004
Fra:1 Mem:182.45M (Peak 182.45M) | Time:00:01.71 | Mem:0.00M, Peak:0.00M | Scene, ViewLayer | Synchronizing object | B pillar black trim.005
Fra:1 Mem:182.49M (Peak 182.49M) | Time:00:01.71 | Mem:0.00M, Peak:0.00M | Scene, ViewLayer | Synchronizing object | Rear quarter glass division.001
Fra:1 Mem:182.53M (Peak 182.53M) | Time:00:01.71 | Mem:0.00M, Peak:0.00M | Scene, ViewLayer | Synchronizing object | Roof drip molding.001
Fra:1 Mem:182.91M (Peak 182.91M) | Time:00:01.71 | Mem:0.00M, Peak:0.00M | Scene, ViewLayer | Synchronizing object | Panoramic roof transverse joint
Fra:1 Mem:182.97M (Peak 182.97M) | Time:00:01.71 | Mem:0.00M, Peak:0.00M | Scene, ViewLayer | Synchronizing object | Panoramic roof transverse joint.001
Fra:1 Mem:183.04M (Peak 183.04M) | Time:00:01.71 | Mem:0.00M, Peak:0.00M | Scene, ViewLayer | Synchronizing object | Hood precision shut line
Fra:1 Mem:183.15M (Peak 183.15M) | Time:00:01.71 | Mem:0.00M, Peak:0.00M | Scene, ViewLayer | Synchronizing object | Front door leading gap
Fra:1 Mem:183.34M (Peak 183.34M) | Time:00:01.71 | Mem:0.00M, Peak:0.00M | Scene, ViewLayer | Synchronizing object | B pillar door gap
Fra:1 Mem:183.41M (Peak 183.41M) | Time:00:01.71 | Mem:0.00M, Peak:0.00M | Scene, ViewLayer | Synchronizing object | Rear door trailing gap
Fra:1 Mem:183.48M (Peak 183.48M) | Time:00:01.71 | Mem:0.00M, Peak:0.00M | Scene, ViewLayer | Synchronizing object | Rocker sill
Fra:1 Mem:183.54M (Peak 183.54M) | Time:00:01.72 | Mem:0.00M, Peak:0.00M | Scene, ViewLayer | Synchronizing object | Rocker silver edge
Fra:1 Mem:183.61M (Peak 183.61M) | Time:00:01.72 | Mem:0.00M, Peak:0.00M | Scene, ViewLayer | Synchronizing object | Handle finger undercut
Fra:1 Mem:183.61M (Peak 183.61M) | Time:00:01.72 | Mem:0.00M, Peak:0.00M | Scene, ViewLayer | Synchronizing object | Handle finger undercut.001
Fra:1 Mem:183.61M (Peak 183.61M) | Time:00:01.72 | Mem:0.00M, Peak:0.00M | Scene, ViewLayer | Synchronizing object | Charging door
Fra:1 Mem:183.67M (Peak 183.67M) | Time:00:01.72 | Mem:0.00M, Peak:0.00M | Scene, ViewLayer | Synchronizing object | Fender blade polished edge
Fra:1 Mem:183.67M (Peak 183.67M) | Time:00:01.72 | Mem:0.00M, Peak:0.00M | Scene, ViewLayer | Synchronizing object | Mirror stalk
Fra:1 Mem:183.67M (Peak 183.67M) | Time:00:01.72 | Mem:0.00M, Peak:0.00M | Scene, ViewLayer | Synchronizing object | Mirror LED indicator
Fra:1 Mem:183.71M (Peak 183.71M) | Time:00:01.72 | Mem:0.00M, Peak:0.00M | Scene, ViewLayer | Synchronizing object | Rolled painted wheel arch lip
Fra:1 Mem:183.81M (Peak 183.81M) | Time:00:01.72 | Mem:0.00M, Peak:0.00M | Scene, ViewLayer | Synchronizing object | Wheelhouse dark reveal
Fra:1 Mem:183.92M (Peak 183.92M) | Time:00:01.72 | Mem:0.00M, Peak:0.00M | Scene, ViewLayer | Synchronizing object | Rolled painted wheel arch lip.001
Fra:1 Mem:184.02M (Peak 184.02M) | Time:00:01.72 | Mem:0.00M, Peak:0.00M | Scene, ViewLayer | Synchronizing object | Wheelhouse dark reveal.001
Fra:1 Mem:184.13M (Peak 184.13M) | Time:00:01.72 | Mem:0.00M, Peak:0.00M | Scene, ViewLayer | Synchronizing object | Hood precision shut line.001
Fra:1 Mem:184.24M (Peak 184.24M) | Time:00:01.72 | Mem:0.00M, Peak:0.00M | Scene, ViewLayer | Synchronizing object | Front door leading gap.001
Fra:1 Mem:184.30M (Peak 184.30M) | Time:00:01.72 | Mem:0.00M, Peak:0.00M | Scene, ViewLayer | Synchronizing object | B pillar door gap.001
Fra:1 Mem:184.37M (Peak 184.37M) | Time:00:01.72 | Mem:0.00M, Peak:0.00M | Scene, ViewLayer | Synchronizing object | Rear door trailing gap.001
Fra:1 Mem:184.43M (Peak 184.43M) | Time:00:01.72 | Mem:0.00M, Peak:0.00M | Scene, ViewLayer | Synchronizing object | Rocker sill.001
Fra:1 Mem:184.50M (Peak 184.50M) | Time:00:01.72 | Mem:0.00M, Peak:0.00M | Scene, ViewLayer | Synchronizing object | Rocker silver edge.001
Fra:1 Mem:184.57M (Peak 184.57M) | Time:00:01.72 | Mem:0.00M, Peak:0.00M | Scene, ViewLayer | Synchronizing object | Handle finger undercut.002
Fra:1 Mem:184.57M (Peak 184.57M) | Time:00:01.72 | Mem:0.00M, Peak:0.00M | Scene, ViewLayer | Synchronizing object | Handle finger undercut.003
Fra:1 Mem:184.57M (Peak 184.57M) | Time:00:01.72 | Mem:0.00M, Peak:0.00M | Scene, ViewLayer | Synchronizing object | Fender blade polished edge.001
Fra:1 Mem:184.57M (Peak 184.57M) | Time:00:01.72 | Mem:0.00M, Peak:0.00M | Scene, ViewLayer | Synchronizing object | Smooth continuous side glass
Fra:1 Mem:184.57M (Peak 184.57M) | Time:00:01.72 | Mem:0.00M, Peak:0.00M | Scene, ViewLayer | Synchronizing object | Mirror stalk.001
Fra:1 Mem:184.62M (Peak 184.62M) | Time:00:01.72 | Mem:0.00M, Peak:0.00M | Scene, ViewLayer | Synchronizing object | Smooth continuous side glass.001
Fra:1 Mem:184.81M (Peak 184.81M) | Time:00:01.72 | Mem:0.00M, Peak:0.00M | Scene, ViewLayer | Synchronizing object | Mirror LED indicator.001
Fra:1 Mem:185.16M (Peak 185.16M) | Time:00:01.72 | Mem:0.00M, Peak:0.00M | Scene, ViewLayer | Synchronizing object | Rolled painted wheel arch lip.002
Fra:1 Mem:185.14M (Peak 185.16M) | Time:00:01.72 | Mem:0.00M, Peak:0.00M | Scene, ViewLayer | Synchronizing object | Flush door handle | Aqua Blue
Fra:1 Mem:185.26M (Peak 185.26M) | Time:00:01.72 | Mem:0.00M, Peak:0.00M | Scene, ViewLayer | Synchronizing object | Wheelhouse dark reveal.002
Fra:1 Mem:185.36M (Peak 185.36M) | Time:00:01.72 | Mem:0.00M, Peak:0.00M | Scene, ViewLayer | Synchronizing object | Rolled painted wheel arch lip.003
Fra:1 Mem:193.04M (Peak 193.04M) | Time:00:01.72 | Mem:0.00M, Peak:0.00M | Scene, ViewLayer | Synchronizing object | Wheelhouse dark reveal.003
Fra:1 Mem:193.16M (Peak 193.16M) | Time:00:01.72 | Mem:0.00M, Peak:0.00M | Scene, ViewLayer | Synchronizing object | Headlight rubber gasket
Fra:1 Mem:193.19M (Peak 193.19M) | Time:00:01.72 | Mem:0.00M, Peak:0.00M | Scene, ViewLayer | Synchronizing object | Headlight thin polished housing
Fra:1 Mem:193.23M (Peak 193.23M) | Time:00:01.72 | Mem:0.00M, Peak:0.00M | Scene, ViewLayer | Synchronizing object | Signature diagonal DRL
Fra:1 Mem:193.28M (Peak 193.28M) | Time:00:01.72 | Mem:0.00M, Peak:0.00M | Scene, ViewLayer | Synchronizing object | Lower optical return guide
Fra:1 Mem:193.33M (Peak 193.33M) | Time:00:01.72 | Mem:0.00M, Peak:0.00M | Scene, ViewLayer | Synchronizing object | Corner intake rim
Fra:1 Mem:195.78M (Peak 195.78M) | Time:00:01.72 | Mem:0.00M, Peak:0.00M | Scene, ViewLayer | Synchronizing object | Air curtain inner fin
Fra:1 Mem:195.78M (Peak 195.78M) | Time:00:01.72 | Mem:0.00M, Peak:0.00M | Scene, ViewLayer | Synchronizing object | Headlight rubber gasket.001
Fra:1 Mem:195.82M (Peak 195.82M) | Time:00:01.72 | Mem:0.00M, Peak:0.00M | Scene, ViewLayer | Synchronizing object | Headlight thin polished housing.001
Fra:1 Mem:195.85M (Peak 195.85M) | Time:00:01.72 | Mem:0.00M, Peak:0.00M | Scene, ViewLayer | Synchronizing object | Signature diagonal DRL.001
Fra:1 Mem:195.91M (Peak 195.91M) | Time:00:01.72 | Mem:0.00M, Peak:0.00M | Scene, ViewLayer | Synchronizing object | Lower optical return guide.001
Fra:1 Mem:195.96M (Peak 195.96M) | Time:00:01.72 | Mem:0.00M, Peak:0.00M | Scene, ViewLayer | Synchronizing object | Corner intake rim.001
Fra:1 Mem:195.98M (Peak 195.98M) | Time:00:01.72 | Mem:0.00M, Peak:0.00M | Scene, ViewLayer | Synchronizing object | Air curtain inner fin.001
Fra:1 Mem:198.41M (Peak 198.41M) | Time:00:01.72 | Mem:0.00M, Peak:0.00M | Scene, ViewLayer | Synchronizing object | Satin front intake frame
Fra:1 Mem:198.44M (Peak 198.44M) | Time:00:01.72 | Mem:0.00M, Peak:0.00M | Scene, ViewLayer | Synchronizing object | Painted intake ring
Fra:1 Mem:198.46M (Peak 198.46M) | Time:00:01.72 | Mem:0.00M, Peak:0.00M | Scene, ViewLayer | Synchronizing object | Painted intake ring.001
Fra:1 Mem:198.47M (Peak 198.47M) | Time:00:01.72 | Mem:0.00M, Peak:0.00M | Scene, ViewLayer | Synchronizing object | Horizontal grille louver
Fra:1 Mem:198.51M (Peak 198.51M) | Time:00:01.72 | Mem:0.00M, Peak:0.00M | Scene, ViewLayer | Synchronizing object | Horizontal grille louver.001
Fra:1 Mem:198.54M (Peak 198.54M) | Time:00:01.72 | Mem:0.00M, Peak:0.00M | Scene, ViewLayer | Synchronizing object | Horizontal grille louver.002
Fra:1 Mem:198.57M (Peak 198.57M) | Time:00:01.72 | Mem:0.00M, Peak:0.00M | Scene, ViewLayer | Synchronizing object | Horizontal grille louver.003
Fra:1 Mem:198.61M (Peak 198.61M) | Time:00:01.72 | Mem:0.00M, Peak:0.00M | Scene, ViewLayer | Synchronizing object | Grille vertical reinforcement
Fra:1 Mem:198.61M (Peak 198.61M) | Time:00:01.72 | Mem:0.00M, Peak:0.00M | Scene, ViewLayer | Synchronizing object | Grille vertical reinforcement.001
Fra:1 Mem:198.61M (Peak 198.61M) | Time:00:01.72 | Mem:0.00M, Peak:0.00M | Scene, ViewLayer | Synchronizing object | Grille vertical reinforcement.002
Fra:1 Mem:198.61M (Peak 198.61M) | Time:00:01.72 | Mem:0.00M, Peak:0.00M | Scene, ViewLayer | Synchronizing object | Grille vertical reinforcement.003
Fra:1 Mem:198.61M (Peak 198.61M) | Time:00:01.72 | Mem:0.00M, Peak:0.00M | Scene, ViewLayer | Synchronizing object | Grille vertical reinforcement.004
Fra:1 Mem:198.62M (Peak 198.62M) | Time:00:01.72 | Mem:0.00M, Peak:0.00M | Scene, ViewLayer | Synchronizing object | Grille vertical reinforcement.005
Fra:1 Mem:198.62M (Peak 198.62M) | Time:00:01.73 | Mem:0.00M, Peak:0.00M | Scene, ViewLayer | Synchronizing object | Grille vertical reinforcement.006
Fra:1 Mem:198.62M (Peak 198.62M) | Time:00:01.73 | Mem:0.00M, Peak:0.00M | Scene, ViewLayer | Synchronizing object | Grille vertical reinforcement.007
Fra:1 Mem:198.62M (Peak 198.62M) | Time:00:01.73 | Mem:0.00M, Peak:0.00M | Scene, ViewLayer | Synchronizing object | Grille vertical reinforcement.008
Fra:1 Mem:198.62M (Peak 198.62M) | Time:00:01.73 | Mem:0.00M, Peak:0.00M | Scene, ViewLayer | Synchronizing object | Grille vertical reinforcement.009
Fra:1 Mem:198.62M (Peak 198.62M) | Time:00:01.73 | Mem:0.00M, Peak:0.00M | Scene, ViewLayer | Synchronizing object | Grille vertical reinforcement.010
Fra:1 Mem:198.63M (Peak 198.63M) | Time:00:01.73 | Mem:0.00M, Peak:0.00M | Scene, ViewLayer | Synchronizing object | Front splitter blade
Fra:1 Mem:198.74M (Peak 198.74M) | Time:00:01.73 | Mem:0.00M, Peak:0.00M | Scene, ViewLayer | Synchronizing object | Front plate lettering
Fra:1 Mem:199.71M (Peak 199.86M) | Time:00:01.73 | Mem:0.00M, Peak:0.00M | Scene, ViewLayer | Synchronizing object | Hood mi insignia
Fra:1 Mem:199.94M (Peak 199.94M) | Time:00:01.73 | Mem:0.00M, Peak:0.00M | Scene, ViewLayer | Synchronizing object | Rear lamp outer seal
Fra:1 Mem:199.98M (Peak 199.98M) | Time:00:01.73 | Mem:0.00M, Peak:0.00M | Scene, ViewLayer | Synchronizing object | Continuous halo rear LED
Fra:1 Mem:200.02M (Peak 200.02M) | Time:00:01.73 | Mem:0.00M, Peak:0.00M | Scene, ViewLayer | Synchronizing object | Lower full-width LED filament
Fra:1 Mem:200.20M (Peak 200.20M) | Time:00:01.73 | Mem:0.00M, Peak:0.00M | Scene, ViewLayer | Synchronizing object | Inner taillight return
Fra:1 Mem:200.20M (Peak 200.20M) | Time:00:01.73 | Mem:0.00M, Peak:0.00M | Scene, ViewLayer | Synchronizing object | Rear vent rim
Fra:1 Mem:200.22M (Peak 200.22M) | Time:00:01.73 | Mem:0.00M, Peak:0.00M | Scene, ViewLayer | Synchronizing object | Trunk panel shut line
Fra:1 Mem:200.29M (Peak 200.29M) | Time:00:01.73 | Mem:0.00M, Peak:0.00M | Scene, ViewLayer | Synchronizing object | Inner taillight return.001
Fra:1 Mem:200.30M (Peak 200.30M) | Time:00:01.73 | Mem:0.00M, Peak:0.00M | Scene, ViewLayer | Synchronizing object | Rear vent rim.001
Fra:1 Mem:200.32M (Peak 200.32M) | Time:00:01.73 | Mem:0.00M, Peak:0.00M | Scene, ViewLayer | Synchronizing object | Trunk panel shut line.001
Fra:1 Mem:200.39M (Peak 200.39M) | Time:00:01.73 | Mem:0.00M, Peak:0.00M | Scene, ViewLayer | Synchronizing object | Rear diffuser painted buttress
Fra:1 Mem:200.46M (Peak 200.46M) | Time:00:01.73 | Mem:0.00M, Peak:0.00M | Scene, ViewLayer | Synchronizing object | Rear diffuser painted buttress.001
Fra:1 Mem:200.53M (Peak 200.53M) | Time:00:01.73 | Mem:0.00M, Peak:0.00M | Scene, ViewLayer | Synchronizing object | Rear diffuser lower lip
Fra:1 Mem:200.64M (Peak 200.64M) | Time:00:01.73 | Mem:0.00M, Peak:0.00M | Scene, ViewLayer | Synchronizing object | Rear plate SU7
Fra:1 Mem:200.93M (Peak 200.93M) | Time:00:01.73 | Mem:0.00M, Peak:0.00M | Scene, ViewLayer | Synchronizing object | Rear spaced Xiaomi lettering
Fra:1 Mem:201.61M (Peak 201.61M) | Time:00:01.74 | Mem:0.00M, Peak:0.00M | Scene, ViewLayer | Synchronizing object | Rear model badge
Fra:1 Mem:201.90M (Peak 201.90M) | Time:00:01.74 | Mem:0.00M, Peak:0.00M | Scene, ViewLayer | Synchronizing object | Rear Max badge
Fra:1 Mem:202.18M (Peak 202.18M) | Time:00:01.74 | Mem:0.00M, Peak:0.00M | Scene, ViewLayer | Synchronizing object | Rear manufacturer badge
Fra:1 Mem:202.38M (Peak 202.38M) | Time:00:01.74 | Mem:0.00M, Peak:0.00M | Scene, ViewLayer | Synchronizing object | Integrated rear deck ducktail
Fra:1 Mem:202.51M (Peak 202.51M) | Time:00:01.74 | Mem:0.00M, Peak:0.00M | Scene, ViewLayer | Synchronizing object | Retractable spoiler shut line
Fra:1 Mem:202.64M (Peak 202.64M) | Time:00:01.74 | Mem:0.00M, Peak:0.00M | Scene, ViewLayer | Synchronizing object | Front left caliper marking
Fra:1 Mem:203.36M (Peak 203.36M) | Time:00:01.74 | Mem:0.00M, Peak:0.00M | Scene, ViewLayer | Synchronizing object | Front left center mi logo
Fra:1 Mem:206.00M (Peak 206.00M) | Time:00:01.74 | Mem:0.00M, Peak:0.00M | Scene, ViewLayer | Synchronizing object | Front left sidewall lettering
Fra:1 Mem:206.03M (Peak 206.03M) | Time:00:01.74 | Mem:0.00M, Peak:0.00M | Scene, ViewLayer | Synchronizing object | Front left sidewall lettering.001
Fra:1 Mem:206.09M (Peak 206.09M) | Time:00:01.74 | Mem:0.00M, Peak:0.00M | Scene, ViewLayer | Synchronizing object | Front left sidewall lettering.002
Fra:1 Mem:203.83M (Peak 206.09M) | Time:00:01.75 | Mem:0.00M, Peak:0.00M | Scene, ViewLayer | Synchronizing object | Front left sidewall lettering.003
Fra:1 Mem:203.84M (Peak 206.09M) | Time:00:01.75 | Mem:0.00M, Peak:0.00M | Scene, ViewLayer | Synchronizing object | Front left sidewall lettering.004
Fra:1 Mem:203.86M (Peak 206.09M) | Time:00:01.75 | Mem:0.00M, Peak:0.00M | Scene, ViewLayer | Synchronizing object | Front left sidewall lettering.005
Fra:1 Mem:203.86M (Peak 206.09M) | Time:00:01.75 | Mem:0.00M, Peak:0.00M | Scene, ViewLayer | Synchronizing object | Flush door handle recess.001
Fra:1 Mem:203.87M (Peak 206.09M) | Time:00:01.75 | Mem:0.00M, Peak:0.00M | Scene, ViewLayer | Synchronizing object | Front left sidewall lettering.006
Fra:1 Mem:203.88M (Peak 206.09M) | Time:00:01.75 | Mem:0.00M, Peak:0.00M | Scene, ViewLayer | Synchronizing object | Front left sidewall lettering.007
Fra:1 Mem:203.91M (Peak 206.09M) | Time:00:01.75 | Mem:0.00M, Peak:0.00M | Scene, ViewLayer | Synchronizing object | Front left sidewall lettering.008
Fra:1 Mem:203.98M (Peak 206.09M) | Time:00:01.75 | Mem:0.00M, Peak:0.00M | Scene, ViewLayer | Synchronizing object | Front left sidewall lettering.009
Fra:1 Mem:204.05M (Peak 206.09M) | Time:00:01.75 | Mem:0.00M, Peak:0.00M | Scene, ViewLayer | Synchronizing object | Front left sidewall lettering.010
Fra:1 Mem:204.06M (Peak 206.09M) | Time:00:01.75 | Mem:0.00M, Peak:0.00M | Scene, ViewLayer | Synchronizing object | Front left sidewall lettering.011
Fra:1 Mem:204.20M (Peak 206.09M) | Time:00:01.75 | Mem:0.00M, Peak:0.00M | Scene, ViewLayer | Synchronizing object | Front left sidewall lettering.012
Fra:1 Mem:204.21M (Peak 206.09M) | Time:00:01.75 | Mem:0.00M, Peak:0.00M | Scene, ViewLayer | Synchronizing object | Front left sidewall lettering.013
Fra:1 Mem:204.21M (Peak 206.09M) | Time:00:01.75 | Mem:0.00M, Peak:0.00M | Scene, ViewLayer | Synchronizing object | Front left sidewall lettering.014
Fra:1 Mem:204.38M (Peak 206.09M) | Time:00:01.75 | Mem:0.00M, Peak:0.00M | Scene, ViewLayer | Synchronizing object | Front left sidewall lettering.015
Fra:1 Mem:204.46M (Peak 206.09M) | Time:00:01.75 | Mem:0.00M, Peak:0.00M | Scene, ViewLayer | Synchronizing object | Front left sidewall lettering.016
Fra:1 Mem:204.59M (Peak 206.09M) | Time:00:01.75 | Mem:0.00M, Peak:0.00M | Scene, ViewLayer | Synchronizing object | Front left sidewall lettering.017
Fra:1 Mem:204.72M (Peak 206.09M) | Time:00:01.75 | Mem:0.00M, Peak:0.00M | Scene, ViewLayer | Synchronizing object | Front left sidewall lettering.018
Fra:1 Mem:204.61M (Peak 206.09M) | Time:00:01.75 | Mem:0.00M, Peak:0.00M | Scene, ViewLayer | Synchronizing object | Front left sidewall lettering.019
Fra:1 Mem:204.60M (Peak 206.09M) | Time:00:01.75 | Mem:0.00M, Peak:0.00M | Scene, ViewLayer | Synchronizing object | Flush door handle | Aqua Blue.001
Fra:1 Mem:204.59M (Peak 206.09M) | Time:00:01.75 | Mem:0.00M, Peak:0.00M | Scene, ViewLayer | Synchronizing object | Side camera lens.001
Fra:1 Mem:204.59M (Peak 206.09M) | Time:00:01.75 | Mem:0.00M, Peak:0.00M | Scene, ViewLayer | Synchronizing object | Mirror black lower housing.001
Fra:1 Mem:204.72M (Peak 206.09M) | Time:00:01.75 | Mem:0.00M, Peak:0.00M | Scene, ViewLayer | Synchronizing object | Front left sidewall lettering.021
Fra:1 Mem:204.83M (Peak 206.09M) | Time:00:01.75 | Mem:0.00M, Peak:0.00M | Scene, ViewLayer | Synchronizing object | Mirror painted upper cap.001
Fra:1 Mem:204.83M (Peak 206.09M) | Time:00:01.75 | Mem:0.00M, Peak:0.00M | Scene, ViewLayer | Synchronizing object | Wheelhouse liner
Fra:1 Mem:204.94M (Peak 206.09M) | Time:00:01.75 | Mem:0.00M, Peak:0.00M | Scene, ViewLayer | Synchronizing object | Wheelhouse liner.001
Fra:1 Mem:205.05M (Peak 206.09M) | Time:00:01.75 | Mem:0.00M, Peak:0.00M | Scene, ViewLayer | Synchronizing object | Flush door handle recess.002
Fra:1 Mem:205.05M (Peak 206.09M) | Time:00:01.75 | Mem:0.00M, Peak:0.00M | Scene, ViewLayer | Synchronizing object | Flush door handle | Aqua Blue.002
Fra:1 Mem:205.08M (Peak 206.09M) | Time:00:01.75 | Mem:0.00M, Peak:0.00M | Scene, ViewLayer | Synchronizing object | Flush door handle recess.003
Fra:1 Mem:205.17M (Peak 206.09M) | Time:00:01.75 | Mem:0.00M, Peak:0.00M | Scene, ViewLayer | Synchronizing object | Flush door handle | Aqua Blue.003
Fra:1 Mem:205.20M (Peak 206.09M) | Time:00:01.75 | Mem:0.00M, Peak:0.00M | Scene, ViewLayer | Synchronizing object | Front fender black air blade.001
Fra:1 Mem:205.22M (Peak 206.09M) | Time:00:01.75 | Mem:0.00M, Peak:0.00M | Scene, ViewLayer | Synchronizing object | Side camera lens
Fra:1 Mem:205.22M (Peak 206.09M) | Time:00:01.75 | Mem:0.00M, Peak:0.00M | Scene, ViewLayer | Synchronizing object | Mirror black lower housing
Fra:1 Mem:205.45M (Peak 206.09M) | Time:00:01.75 | Mem:0.00M, Peak:0.00M | Scene, ViewLayer | Synchronizing object | Mirror painted upper cap
Fra:1 Mem:205.63M (Peak 206.09M) | Time:00:01.75 | Mem:0.00M, Peak:0.00M | Scene, ViewLayer | Synchronizing object | Mirror reflective glass
Fra:1 Mem:205.83M (Peak 206.09M) | Time:00:01.75 | Mem:0.00M, Peak:0.00M | Scene, ViewLayer | Synchronizing object | Wheelhouse liner.002
Fra:1 Mem:205.89M (Peak 206.09M) | Time:00:01.75 | Mem:0.00M, Peak:0.00M | Scene, ViewLayer | Synchronizing object | Wheelhouse liner.003
Fra:1 Mem:206.01M (Peak 206.09M) | Time:00:01.75 | Mem:0.00M, Peak:0.00M | Scene, ViewLayer | Synchronizing object | Waterdrop headlight | smoked lens
Fra:1 Mem:206.03M (Peak 206.09M) | Time:00:01.75 | Mem:0.00M, Peak:0.00M | Scene, ViewLayer | Synchronizing object | Individual LED projector.001
Fra:1 Mem:206.06M (Peak 206.09M) | Time:00:01.75 | Mem:0.00M, Peak:0.00M | Scene, ViewLayer | Synchronizing object | Projector optic.001
Fra:1 Mem:206.21M (Peak 206.21M) | Time:00:01.75 | Mem:0.00M, Peak:0.00M | Scene, ViewLayer | Synchronizing object | Individual LED projector.002
Fra:1 Mem:206.38M (Peak 206.38M) | Time:00:01.75 | Mem:0.00M, Peak:0.00M | Scene, ViewLayer | Synchronizing object | Projector optic.002
Fra:1 Mem:206.48M (Peak 206.48M) | Time:00:01.75 | Mem:0.00M, Peak:0.00M | Scene, ViewLayer | Synchronizing object | Individual LED projector.003
Fra:1 Mem:206.58M (Peak 206.58M) | Time:00:01.75 | Mem:0.00M, Peak:0.00M | Scene, ViewLayer | Synchronizing object | Projector optic.003
Fra:1 Mem:206.61M (Peak 206.61M) | Time:00:01.75 | Mem:0.00M, Peak:0.00M | Scene, ViewLayer | Synchronizing object | Individual LED projector.004
Fra:1 Mem:206.75M (Peak 206.75M) | Time:00:01.75 | Mem:0.00M, Peak:0.00M | Scene, ViewLayer | Synchronizing object | Projector optic.004
Fra:1 Mem:206.76M (Peak 206.76M) | Time:00:01.75 | Mem:0.00M, Peak:0.00M | Scene, ViewLayer | Synchronizing object | Vertical corner air curtain
Fra:1 Mem:206.80M (Peak 206.80M) | Time:00:01.75 | Mem:0.00M, Peak:0.00M | Scene, ViewLayer | Synchronizing object | Waterdrop headlight | smoked lens.001
Fra:1 Mem:206.85M (Peak 206.85M) | Time:00:01.75 | Mem:0.00M, Peak:0.00M | Scene, ViewLayer | Synchronizing object | Individual LED projector.005
Fra:1 Mem:207.01M (Peak 207.01M) | Time:00:01.75 | Mem:0.00M, Peak:0.00M | Scene, ViewLayer | Synchronizing object | Projector optic.005
Fra:1 Mem:207.03M (Peak 207.03M) | Time:00:01.75 | Mem:0.00M, Peak:0.00M | Scene, ViewLayer | Synchronizing object | Individual LED projector.006
Fra:1 Mem:207.29M (Peak 207.29M) | Time:00:01.75 | Mem:0.00M, Peak:0.00M | Scene, ViewLayer | Synchronizing object | Projector optic.006
Fra:1 Mem:207.20M (Peak 207.29M) | Time:00:01.75 | Mem:0.00M, Peak:0.00M | Scene, ViewLayer | Synchronizing object | Individual LED projector.007
Fra:1 Mem:207.36M (Peak 207.36M) | Time:00:01.75 | Mem:0.00M, Peak:0.00M | Scene, ViewLayer | Synchronizing object | Projector optic.007
Fra:1 Mem:207.37M (Peak 207.37M) | Time:00:01.75 | Mem:0.00M, Peak:0.00M | Scene, ViewLayer | Synchronizing object | Individual LED projector
Fra:1 Mem:207.53M (Peak 207.53M) | Time:00:01.75 | Mem:0.00M, Peak:0.00M | Scene, ViewLayer | Synchronizing object | Projector optic
Fra:1 Mem:207.54M (Peak 207.54M) | Time:00:01.75 | Mem:0.00M, Peak:0.00M | Scene, ViewLayer | Synchronizing object | Vertical corner air curtain.001
Fra:1 Mem:207.56M (Peak 207.56M) | Time:00:01.75 | Mem:0.00M, Peak:0.00M | Scene, ViewLayer | Synchronizing object | Wide trapezoidal front lower intake
Fra:1 Mem:207.58M (Peak 207.58M) | Time:00:01.75 | Mem:0.00M, Peak:0.00M | Scene, ViewLayer | Synchronizing object | Front right center mi logo
Fra:1 Mem:207.70M (Peak 207.70M) | Time:00:01.75 | Mem:0.00M, Peak:0.00M | Scene, ViewLayer | Synchronizing object | Sculpted Aqua Blue intake side surround.001
Fra:1 Mem:207.89M (Peak 207.89M) | Time:00:01.78 | Mem:0.00M, Peak:0.00M | Scene, ViewLayer | Synchronizing object | Front license plate bracket
Fra:1 Mem:207.92M (Peak 207.92M) | Time:00:01.78 | Mem:0.00M, Peak:0.00M | Scene, ViewLayer | Synchronizing object | Front license plate
Fra:1 Mem:207.96M (Peak 207.96M) | Time:00:01.78 | Mem:0.00M, Peak:0.00M | Scene, ViewLayer | Synchronizing object | Ultrasonic parking sensor
Fra:1 Mem:207.98M (Peak 207.98M) | Time:00:01.78 | Mem:0.00M, Peak:0.00M | Scene, ViewLayer | Synchronizing object | License plate screw
Fra:1 Mem:208.01M (Peak 208.01M) | Time:00:01.78 | Mem:0.00M, Peak:0.00M | Scene, ViewLayer | Synchronizing object | Ultrasonic parking sensor.001
Fra:1 Mem:208.09M (Peak 208.09M) | Time:00:01.78 | Mem:0.00M, Peak:0.00M | Scene, ViewLayer | Synchronizing object | License plate screw.001
Fra:1 Mem:208.11M (Peak 208.11M) | Time:00:01.78 | Mem:0.00M, Peak:0.00M | Scene, ViewLayer | Synchronizing object | Xiaomi hood emblem
Fra:1 Mem:208.12M (Peak 208.12M) | Time:00:01.78 | Mem:0.00M, Peak:0.00M | Scene, ViewLayer | Synchronizing object | Front perception camera
Fra:1 Mem:208.26M (Peak 208.26M) | Time:00:01.78 | Mem:0.00M, Peak:0.00M | Scene, ViewLayer | Synchronizing object | Full-width smoked rear lamp housing
Fra:1 Mem:208.28M (Peak 208.28M) | Time:00:01.78 | Mem:0.00M, Peak:0.00M | Scene, ViewLayer | Synchronizing object | Halo rear red optical bed
Fra:1 Mem:208.32M (Peak 208.32M) | Time:00:01.78 | Mem:0.00M, Peak:0.00M | Scene, ViewLayer | Synchronizing object | Rear bumper side air outlet
Fra:1 Mem:208.33M (Peak 208.33M) | Time:00:01.78 | Mem:0.00M, Peak:0.00M | Scene, ViewLayer | Synchronizing object | Rear lower reflector
Fra:1 Mem:208.43M (Peak 208.43M) | Time:00:01.78 | Mem:0.00M, Peak:0.00M | Scene, ViewLayer | Synchronizing object | Rear bumper side air outlet.001
Fra:1 Mem:208.42M (Peak 208.43M) | Time:00:01.78 | Mem:0.00M, Peak:0.00M | Scene, ViewLayer | Synchronizing object | Rear lower reflector.001
Fra:1 Mem:208.48M (Peak 208.48M) | Time:00:01.78 | Mem:0.00M, Peak:0.00M | Scene, ViewLayer | Synchronizing object | Rear diffuser black valance
Fra:1 Mem:208.46M (Peak 208.48M) | Time:00:01.78 | Mem:0.00M, Peak:0.00M | Scene, ViewLayer | Synchronizing object | Underfloor diffuser strake
Fra:1 Mem:208.54M (Peak 208.54M) | Time:00:01.78 | Mem:0.00M, Peak:0.00M | Scene, ViewLayer | Synchronizing object | Underfloor diffuser strake.001
Fra:1 Mem:208.52M (Peak 208.54M) | Time:00:01.78 | Mem:0.00M, Peak:0.00M | Scene, ViewLayer | Synchronizing object | Underfloor diffuser strake.002
Fra:1 Mem:208.60M (Peak 208.60M) | Time:00:01.78 | Mem:0.00M, Peak:0.00M | Scene, ViewLayer | Synchronizing object | Underfloor diffuser strake.003
Fra:1 Mem:208.58M (Peak 208.60M) | Time:00:01.78 | Mem:0.00M, Peak:0.00M | Scene, ViewLayer | Synchronizing object | Underfloor diffuser strake.004
Fra:1 Mem:208.68M (Peak 208.68M) | Time:00:01.78 | Mem:0.00M, Peak:0.00M | Scene, ViewLayer | Synchronizing object | Rear plate bracket
Fra:1 Mem:208.70M (Peak 208.70M) | Time:00:01.78 | Mem:0.00M, Peak:0.00M | Scene, ViewLayer | Synchronizing object | Rear license plate
Fra:1 Mem:208.73M (Peak 208.73M) | Time:00:01.78 | Mem:0.00M, Peak:0.00M | Scene, ViewLayer | Synchronizing object | Rear parking camera
Fra:1 Mem:208.78M (Peak 208.78M) | Time:00:01.78 | Mem:0.00M, Peak:0.00M | Scene, ViewLayer | Synchronizing object | Front left | tire carcass
Fra:1 Mem:208.81M (Peak 208.81M) | Time:00:01.78 | Mem:0.00M, Peak:0.00M | Scene, ViewLayer | Synchronizing object | Front left tire molded sidewall ring.001
Fra:1 Mem:209.00M (Peak 209.00M) | Time:00:01.78 | Mem:0.00M, Peak:0.00M | Scene, ViewLayer | Synchronizing object | Front left tire molded sidewall ring.002
Fra:1 Mem:209.00M (Peak 209.00M) | Time:00:01.78 | Mem:0.00M, Peak:0.00M | Scene, ViewLayer | Synchronizing object | Front left tire molded sidewall ring
Fra:1 Mem:209.26M (Peak 209.26M) | Time:00:01.78 | Mem:0.00M, Peak:0.00M | Scene, ViewLayer | Synchronizing object | Front left directional tread | 792 blocks
Fra:1 Mem:209.36M (Peak 209.36M) | Time:00:01.78 | Mem:0.00M, Peak:0.00M | Scene, ViewLayer | Synchronizing object | Front left cast rim barrel
Fra:1 Mem:209.97M (Peak 209.97M) | Time:00:01.79 | Mem:0.00M, Peak:0.00M | Scene, ViewLayer | Synchronizing object | Front left diamond-cut outer flange
Fra:1 Mem:210.10M (Peak 210.10M) | Time:00:01.79 | Mem:0.00M, Peak:0.00M | Scene, ViewLayer | Synchronizing object | Front left inner rim accent
Fra:1 Mem:210.27M (Peak 210.27M) | Time:00:01.79 | Mem:0.00M, Peak:0.00M | Scene, ViewLayer | Synchronizing object | Front left brake rotor
Fra:1 Mem:210.31M (Peak 210.31M) | Time:00:01.79 | Mem:0.00M, Peak:0.00M | Scene, ViewLayer | Synchronizing object | Front left rotor outer scoring
Fra:1 Mem:210.52M (Peak 210.52M) | Time:00:01.79 | Mem:0.00M, Peak:0.00M | Scene, ViewLayer | Synchronizing object | Front left drilled rotor perforation
Fra:1 Mem:210.51M (Peak 210.52M) | Time:00:01.79 | Mem:0.00M, Peak:0.00M | Scene, ViewLayer | Synchronizing object | Front left drilled rotor perforation.001
Fra:1 Mem:210.61M (Peak 210.61M) | Time:00:01.79 | Mem:0.00M, Peak:0.00M | Scene, ViewLayer | Synchronizing object | Front left drilled rotor perforation.002
Fra:1 Mem:210.57M (Peak 210.61M) | Time:00:01.79 | Mem:0.00M, Peak:0.00M | Scene, ViewLayer | Synchronizing object | Front left drilled rotor perforation.004
Fra:1 Mem:210.65M (Peak 210.65M) | Time:00:01.79 | Mem:0.00M, Peak:0.00M | Scene, ViewLayer | Synchronizing object | Front left drilled rotor perforation.005
Fra:1 Mem:210.63M (Peak 210.65M) | Time:00:01.79 | Mem:0.00M, Peak:0.00M | Scene, ViewLayer | Synchronizing object | Front left drilled rotor perforation.006
Fra:1 Mem:210.70M (Peak 210.70M) | Time:00:01.79 | Mem:0.00M, Peak:0.00M | Scene, ViewLayer | Synchronizing object | Front left drilled rotor perforation.007
Fra:1 Mem:210.66M (Peak 210.70M) | Time:00:01.79 | Mem:0.00M, Peak:0.00M | Scene, ViewLayer | Synchronizing object | Front left drilled rotor perforation.008
Fra:1 Mem:210.66M (Peak 210.70M) | Time:00:01.79 | Mem:0.00M, Peak:0.00M | Scene, ViewLayer | Synchronizing object | Front left drilled rotor perforation.009
Fra:1 Mem:210.69M (Peak 210.70M) | Time:00:01.79 | Mem:0.00M, Peak:0.00M | Scene, ViewLayer | Synchronizing object | Front right sidewall lettering.002
Fra:1 Mem:210.70M (Peak 210.70M) | Time:00:01.79 | Mem:0.00M, Peak:0.00M | Scene, ViewLayer | Synchronizing object | Front left drilled rotor perforation.011
Fra:1 Mem:210.88M (Peak 210.88M) | Time:00:01.79 | Mem:0.00M, Peak:0.00M | Scene, ViewLayer | Synchronizing object | Front left drilled rotor perforation.012
Fra:1 Mem:210.89M (Peak 210.89M) | Time:00:01.79 | Mem:0.00M, Peak:0.00M | Scene, ViewLayer | Synchronizing object | Front right sidewall lettering.003
Fra:1 Mem:210.90M (Peak 210.90M) | Time:00:01.79 | Mem:0.00M, Peak:0.00M | Scene, ViewLayer | Synchronizing object | Front right sidewall lettering.004
Fra:1 Mem:210.92M (Peak 210.92M) | Time:00:01.79 | Mem:0.00M, Peak:0.00M | Scene, ViewLayer | Synchronizing object | Front right sidewall lettering.005
Fra:1 Mem:210.93M (Peak 210.93M) | Time:00:01.79 | Mem:0.00M, Peak:0.00M | Scene, ViewLayer | Synchronizing object | Front right sidewall lettering.006
Fra:1 Mem:210.93M (Peak 210.93M) | Time:00:01.79 | Mem:0.00M, Peak:0.00M | Scene, ViewLayer | Synchronizing object | Front right sidewall lettering.007
Fra:1 Mem:210.95M (Peak 210.95M) | Time:00:01.79 | Mem:0.00M, Peak:0.00M | Scene, ViewLayer | Synchronizing object | Front right sidewall lettering.008
Fra:1 Mem:211.03M (Peak 211.03M) | Time:00:01.79 | Mem:0.00M, Peak:0.00M | Scene, ViewLayer | Synchronizing object | Front right sidewall lettering.009
Fra:1 Mem:211.03M (Peak 211.03M) | Time:00:01.79 | Mem:0.00M, Peak:0.00M | Scene, ViewLayer | Synchronizing object | Front right sidewall lettering.010
Fra:1 Mem:211.04M (Peak 211.04M) | Time:00:01.79 | Mem:0.00M, Peak:0.00M | Scene, ViewLayer | Synchronizing object | Front right sidewall lettering.011
Fra:1 Mem:211.18M (Peak 211.18M) | Time:00:01.79 | Mem:0.00M, Peak:0.00M | Scene, ViewLayer | Synchronizing object | Front right sidewall lettering.012
Fra:1 Mem:211.15M (Peak 211.18M) | Time:00:01.79 | Mem:0.00M, Peak:0.00M | Scene, ViewLayer | Synchronizing object | Front left drilled rotor perforation.014
Fra:1 Mem:211.17M (Peak 211.18M) | Time:00:01.79 | Mem:0.00M, Peak:0.00M | Scene, ViewLayer | Synchronizing object | Front right sidewall lettering.013
Fra:1 Mem:211.18M (Peak 211.18M) | Time:00:01.79 | Mem:0.00M, Peak:0.00M | Scene, ViewLayer | Synchronizing object | Front right sidewall lettering.014
Fra:1 Mem:211.35M (Peak 211.35M) | Time:00:01.79 | Mem:0.00M, Peak:0.00M | Scene, ViewLayer | Synchronizing object | Front left drilled rotor perforation.015
Fra:1 Mem:211.35M (Peak 211.35M) | Time:00:01.79 | Mem:0.00M, Peak:0.00M | Scene, ViewLayer | Synchronizing object | Front right sidewall lettering.015
Fra:1 Mem:211.46M (Peak 211.46M) | Time:00:01.79 | Mem:0.00M, Peak:0.00M | Scene, ViewLayer | Synchronizing object | Front right sidewall lettering.016
Fra:1 Mem:211.44M (Peak 211.46M) | Time:00:01.79 | Mem:0.00M, Peak:0.00M | Scene, ViewLayer | Synchronizing object | Front left drilled rotor perforation.016
Fra:1 Mem:211.61M (Peak 211.61M) | Time:00:01.79 | Mem:0.00M, Peak:0.00M | Scene, ViewLayer | Synchronizing object | Front right sidewall lettering.017
Fra:1 Mem:211.59M (Peak 211.61M) | Time:00:01.79 | Mem:0.00M, Peak:0.00M | Scene, ViewLayer | Synchronizing object | Front left drilled rotor perforation.017
Fra:1 Mem:211.74M (Peak 211.74M) | Time:00:01.79 | Mem:0.00M, Peak:0.00M | Scene, ViewLayer | Synchronizing object | Front right sidewall lettering.018
Fra:1 Mem:211.74M (Peak 211.74M) | Time:00:01.79 | Mem:0.00M, Peak:0.00M | Scene, ViewLayer | Synchronizing object | Front left drilled rotor perforation.018
Fra:1 Mem:211.75M (Peak 211.75M) | Time:00:01.79 | Mem:0.00M, Peak:0.00M | Scene, ViewLayer | Synchronizing object | Front right sidewall lettering.019
Fra:1 Mem:211.80M (Peak 211.80M) | Time:00:01.79 | Mem:0.00M, Peak:0.00M | Scene, ViewLayer | Synchronizing object | Front left drilled rotor perforation.019
Fra:1 Mem:211.79M (Peak 211.80M) | Time:00:01.79 | Mem:0.00M, Peak:0.00M | Scene, ViewLayer | Synchronizing object | Front left drilled rotor perforation.020
Fra:1 Mem:211.80M (Peak 211.80M) | Time:00:01.79 | Mem:0.00M, Peak:0.00M | Scene, ViewLayer | Synchronizing object | Front left drilled rotor perforation.021
Fra:1 Mem:211.81M (Peak 211.81M) | Time:00:01.79 | Mem:0.00M, Peak:0.00M | Scene, ViewLayer | Synchronizing object | Front left drilled rotor perforation.022
Fra:1 Mem:211.85M (Peak 211.85M) | Time:00:01.79 | Mem:0.00M, Peak:0.00M | Scene, ViewLayer | Synchronizing object | Front left drilled rotor perforation.023
Fra:1 Mem:211.83M (Peak 211.85M) | Time:00:01.79 | Mem:0.00M, Peak:0.00M | Scene, ViewLayer | Synchronizing object | Front left drilled rotor perforation.024
Fra:1 Mem:211.90M (Peak 211.90M) | Time:00:01.79 | Mem:0.00M, Peak:0.00M | Scene, ViewLayer | Synchronizing object | Front right sidewall lettering.020
Fra:1 Mem:211.90M (Peak 211.90M) | Time:00:01.80 | Mem:0.00M, Peak:0.00M | Scene, ViewLayer | Synchronizing object | Front right sidewall lettering.021
Fra:1 Mem:211.87M (Peak 211.90M) | Time:00:01.80 | Mem:0.00M, Peak:0.00M | Scene, ViewLayer | Synchronizing object | Front left drilled rotor perforation.025
Fra:1 Mem:211.90M (Peak 211.90M) | Time:00:01.80 | Mem:0.00M, Peak:0.00M | Scene, ViewLayer | Synchronizing object | Front left drilled rotor perforation.027
Fra:1 Mem:211.96M (Peak 211.96M) | Time:00:01.80 | Mem:0.00M, Peak:0.00M | Scene, ViewLayer | Synchronizing object | Front left drilled rotor perforation.028
Fra:1 Mem:211.96M (Peak 211.96M) | Time:00:01.80 | Mem:0.00M, Peak:0.00M | Scene, ViewLayer | Synchronizing object | Front left drilled rotor perforation.029
Fra:1 Mem:212.00M (Peak 212.00M) | Time:00:01.80 | Mem:0.00M, Peak:0.00M | Scene, ViewLayer | Synchronizing object | Front left drilled rotor perforation.030
Fra:1 Mem:212.02M (Peak 212.02M) | Time:00:01.80 | Mem:0.00M, Peak:0.00M | Scene, ViewLayer | Synchronizing object | Front left drilled rotor perforation.031
Fra:1 Mem:212.02M (Peak 212.02M) | Time:00:01.80 | Mem:0.00M, Peak:0.00M | Scene, ViewLayer | Synchronizing object | Front left drilled rotor perforation.032
Fra:1 Mem:212.05M (Peak 212.05M) | Time:00:01.80 | Mem:0.00M, Peak:0.00M | Scene, ViewLayer | Synchronizing object | Rear left caliper marking
Fra:1 Mem:212.07M (Peak 212.07M) | Time:00:01.80 | Mem:0.00M, Peak:0.00M | Scene, ViewLayer | Synchronizing object | Front left drilled rotor perforation.034
Fra:1 Mem:212.20M (Peak 212.20M) | Time:00:01.80 | Mem:0.00M, Peak:0.00M | Scene, ViewLayer | Synchronizing object | Front left drilled rotor perforation.035
Fra:1 Mem:212.55M (Peak 212.55M) | Time:00:01.80 | Mem:0.00M, Peak:0.00M | Scene, ViewLayer | Synchronizing object | Front left drilled rotor perforation.036
Fra:1 Mem:212.62M (Peak 212.62M) | Time:00:01.80 | Mem:0.00M, Peak:0.00M | Scene, ViewLayer | Synchronizing object | Front left drilled rotor perforation.037
Fra:1 Mem:212.73M (Peak 212.73M) | Time:00:01.80 | Mem:0.00M, Peak:0.00M | Scene, ViewLayer | Synchronizing object | Front left drilled rotor perforation.038
Fra:1 Mem:212.77M (Peak 212.77M) | Time:00:01.80 | Mem:0.00M, Peak:0.00M | Scene, ViewLayer | Synchronizing object | Front left drilled rotor perforation.039
Fra:1 Mem:212.76M (Peak 212.77M) | Time:00:01.80 | Mem:0.00M, Peak:0.00M | Scene, ViewLayer | Synchronizing object | Front left drilled rotor perforation.040
Fra:1 Mem:212.84M (Peak 212.84M) | Time:00:01.80 | Mem:0.00M, Peak:0.00M | Scene, ViewLayer | Synchronizing object | Front left drilled rotor perforation.041
Fra:1 Mem:212.83M (Peak 212.84M) | Time:00:01.80 | Mem:0.00M, Peak:0.00M | Scene, ViewLayer | Synchronizing object | Front left drilled rotor perforation.042
Fra:1 Mem:212.86M (Peak 212.85M) | Time:00:01.80 | Mem:0.00M, Peak:0.00M | Scene, ViewLayer | Synchronizing object | Front left drilled rotor perforation.043
Fra:1 Mem:212.89M (Peak 212.89M) | Time:00:01.80 | Mem:0.00M, Peak:0.00M | Scene, ViewLayer | Synchronizing object | Front left drilled rotor perforation.044
Fra:1 Mem:212.88M (Peak 212.89M) | Time:00:01.80 | Mem:0.00M, Peak:0.00M | Scene, ViewLayer | Synchronizing object | Rear left center mi logo
Fra:1 Mem:213.11M (Peak 213.11M) | Time:00:01.80 | Mem:0.00M, Peak:0.00M | Scene, ViewLayer | Synchronizing object | Front left drilled rotor perforation.047
Fra:1 Mem:213.17M (Peak 213.17M) | Time:00:01.80 | Mem:0.00M, Peak:0.00M | Scene, ViewLayer | Synchronizing object | Front left drilled rotor perforation.048
Fra:1 Mem:213.13M (Peak 213.17M) | Time:00:01.80 | Mem:0.00M, Peak:0.00M | Scene, ViewLayer | Synchronizing object | Front left drilled rotor perforation.049
Fra:1 Mem:213.21M (Peak 213.21M) | Time:00:01.80 | Mem:0.00M, Peak:0.00M | Scene, ViewLayer | Synchronizing object | Front left drilled rotor perforation.050
Fra:1 Mem:213.21M (Peak 213.21M) | Time:00:01.80 | Mem:0.00M, Peak:0.00M | Scene, ViewLayer | Synchronizing object | Rear left sidewall lettering
Fra:1 Mem:213.21M (Peak 213.21M) | Time:00:01.80 | Mem:0.00M, Peak:0.00M | Scene, ViewLayer | Synchronizing object | Front left drilled rotor perforation.051
Fra:1 Mem:213.24M (Peak 213.24M) | Time:00:01.80 | Mem:0.00M, Peak:0.00M | Scene, ViewLayer | Synchronizing object | Rear left sidewall lettering.001
Fra:1 Mem:213.25M (Peak 213.25M) | Time:00:01.80 | Mem:0.00M, Peak:0.00M | Scene, ViewLayer | Synchronizing object | Rear left sidewall lettering.002
Fra:1 Mem:213.27M (Peak 213.27M) | Time:00:01.80 | Mem:0.00M, Peak:0.00M | Scene, ViewLayer | Synchronizing object | Front left drilled rotor perforation.053
Fra:1 Mem:213.38M (Peak 213.38M) | Time:00:01.80 | Mem:0.00M, Peak:0.00M | Scene, ViewLayer | Synchronizing object | Front left drilled rotor perforation.054
Fra:1 Mem:213.40M (Peak 213.40M) | Time:00:01.80 | Mem:0.00M, Peak:0.00M | Scene, ViewLayer | Synchronizing object | Rear left sidewall lettering.003
Fra:1 Mem:213.39M (Peak 213.40M) | Time:00:01.80 | Mem:0.00M, Peak:0.00M | Scene, ViewLayer | Synchronizing object | Front left drilled rotor perforation.055
Fra:1 Mem:213.44M (Peak 213.44M) | Time:00:01.80 | Mem:0.00M, Peak:0.00M | Scene, ViewLayer | Synchronizing object | Rear left sidewall lettering.004
Fra:1 Mem:213.50M (Peak 213.50M) | Time:00:01.80 | Mem:0.00M, Peak:0.00M | Scene, ViewLayer | Synchronizing object | Rear left sidewall lettering.005
Fra:1 Mem:213.49M (Peak 213.50M) | Time:00:01.80 | Mem:0.00M, Peak:0.00M | Scene, ViewLayer | Synchronizing object | Front left drilled rotor perforation.056
Fra:1 Mem:213.45M (Peak 213.50M) | Time:00:01.80 | Mem:0.00M, Peak:0.00M | Scene, ViewLayer | Synchronizing object | Rear left sidewall lettering.006
Fra:1 Mem:213.50M (Peak 213.50M) | Time:00:01.80 | Mem:0.00M, Peak:0.00M | Scene, ViewLayer | Synchronizing object | Front left drilled rotor perforation.057
Fra:1 Mem:213.51M (Peak 213.51M) | Time:00:01.80 | Mem:0.00M, Peak:0.00M | Scene, ViewLayer | Synchronizing object | Rear left sidewall lettering.007
Fra:1 Mem:213.57M (Peak 213.57M) | Time:00:01.80 | Mem:0.00M, Peak:0.00M | Scene, ViewLayer | Synchronizing object | Rear left sidewall lettering.008
Fra:1 Mem:213.60M (Peak 213.60M) | Time:00:01.80 | Mem:0.00M, Peak:0.00M | Scene, ViewLayer | Synchronizing object | Front left drilled rotor perforation.058
Fra:1 Mem:213.60M (Peak 213.60M) | Time:00:01.80 | Mem:0.00M, Peak:0.00M | Scene, ViewLayer | Synchronizing object | Front left drilled rotor perforation.059
Fra:1 Mem:213.62M (Peak 213.62M) | Time:00:01.80 | Mem:0.00M, Peak:0.00M | Scene, ViewLayer | Synchronizing object | Rear left sidewall lettering.009
Fra:1 Mem:213.67M (Peak 213.67M) | Time:00:01.80 | Mem:0.00M, Peak:0.00M | Scene, ViewLayer | Synchronizing object | Rear left sidewall lettering.010
Fra:1 Mem:213.67M (Peak 213.67M) | Time:00:01.80 | Mem:0.00M, Peak:0.00M | Scene, ViewLayer | Synchronizing object | Front left drilled rotor perforation.061
Fra:1 Mem:213.66M (Peak 213.67M) | Time:00:01.80 | Mem:0.00M, Peak:0.00M | Scene, ViewLayer | Synchronizing object | Front left drilled rotor perforation.062
Fra:1 Mem:213.71M (Peak 213.71M) | Time:00:01.80 | Mem:0.00M, Peak:0.00M | Scene, ViewLayer | Synchronizing object | Rear left sidewall lettering.011
Fra:1 Mem:213.75M (Peak 213.75M) | Time:00:01.80 | Mem:0.00M, Peak:0.00M | Scene, ViewLayer | Synchronizing object | Front left drilled rotor perforation.063
Fra:1 Mem:213.72M (Peak 213.75M) | Time:00:01.80 | Mem:0.00M, Peak:0.00M | Scene, ViewLayer | Synchronizing object | Front left drilled rotor perforation.064
Fra:1 Mem:213.81M (Peak 213.81M) | Time:00:01.80 | Mem:0.00M, Peak:0.00M | Scene, ViewLayer | Synchronizing object | Front left drilled rotor perforation.065
Fra:1 Mem:213.87M (Peak 213.87M) | Time:00:01.80 | Mem:0.00M, Peak:0.00M | Scene, ViewLayer | Synchronizing object | Front left drilled rotor perforation.066
Fra:1 Mem:213.92M (Peak 213.92M) | Time:00:01.80 | Mem:0.00M, Peak:0.00M | Scene, ViewLayer | Synchronizing object | Front left drilled rotor perforation.067
Fra:1 Mem:213.89M (Peak 213.92M) | Time:00:01.80 | Mem:0.00M, Peak:0.00M | Scene, ViewLayer | Synchronizing object | Front left drilled rotor perforation.068
Fra:1 Mem:213.91M (Peak 213.92M) | Time:00:01.80 | Mem:0.00M, Peak:0.00M | Scene, ViewLayer | Synchronizing object | Front left drilled rotor perforation.069
Fra:1 Mem:213.93M (Peak 213.93M) | Time:00:01.80 | Mem:0.00M, Peak:0.00M | Scene, ViewLayer | Synchronizing object | Front left drilled rotor perforation.070
Fra:1 Mem:213.94M (Peak 213.94M) | Time:00:01.80 | Mem:0.00M, Peak:0.00M | Scene, ViewLayer | Synchronizing object | Front left drilled rotor perforation.071
Fra:1 Mem:213.93M (Peak 213.94M) | Time:00:01.80 | Mem:0.00M, Peak:0.00M | Scene, ViewLayer | Synchronizing object | Front left brake disc bell
Fra:1 Mem:213.98M (Peak 213.98M) | Time:00:01.80 | Mem:0.00M, Peak:0.00M | Scene, ViewLayer | Synchronizing object | Front left yellow six-piston caliper
Fra:1 Mem:214.02M (Peak 214.02M) | Time:00:01.80 | Mem:0.00M, Peak:0.00M | Scene, ViewLayer | Synchronizing object | Front left machined split spoke
Fra:1 Mem:214.09M (Peak 214.09M) | Time:00:01.80 | Mem:0.00M, Peak:0.00M | Scene, ViewLayer | Synchronizing object | Front left black spoke pocket
Fra:1 Mem:214.07M (Peak 214.09M) | Time:00:01.80 | Mem:0.00M, Peak:0.00M | Scene, ViewLayer | Synchronizing object | Front left machined split spoke.001
Fra:1 Mem:214.09M (Peak 214.09M) | Time:00:01.80 | Mem:0.00M, Peak:0.00M | Scene, ViewLayer | Synchronizing object | Front left black spoke pocket.001
Fra:1 Mem:214.13M (Peak 214.13M) | Time:00:01.80 | Mem:0.00M, Peak:0.00M | Scene, ViewLayer | Synchronizing object | Front left machined split spoke.002
Fra:1 Mem:214.17M (Peak 214.17M) | Time:00:01.80 | Mem:0.00M, Peak:0.00M | Scene, ViewLayer | Synchronizing object | Front left black spoke pocket.002
Fra:1 Mem:214.16M (Peak 214.17M) | Time:00:01.80 | Mem:0.00M, Peak:0.00M | Scene, ViewLayer | Synchronizing object | Front left machined split spoke.003
Fra:1 Mem:214.16M (Peak 214.17M) | Time:00:01.80 | Mem:0.00M, Peak:0.00M | Scene, ViewLayer | Synchronizing object | Rear left sidewall lettering.013
Fra:1 Mem:214.21M (Peak 214.21M) | Time:00:01.80 | Mem:0.00M, Peak:0.00M | Scene, ViewLayer | Synchronizing object | Rear left sidewall lettering.014
Fra:1 Mem:214.40M (Peak 214.40M) | Time:00:01.80 | Mem:0.00M, Peak:0.00M | Scene, ViewLayer | Synchronizing object | Front left machined split spoke.004
Fra:1 Mem:214.45M (Peak 214.45M) | Time:00:01.80 | Mem:0.00M, Peak:0.00M | Scene, ViewLayer | Synchronizing object | Front left black spoke pocket.004
Fra:1 Mem:214.46M (Peak 214.46M) | Time:00:01.80 | Mem:0.00M, Peak:0.00M | Scene, ViewLayer | Synchronizing object | Rear left sidewall lettering.015
Fra:1 Mem:214.49M (Peak 214.49M) | Time:00:01.80 | Mem:0.00M, Peak:0.00M | Scene, ViewLayer | Synchronizing object | Front left black spoke pocket.005
Fra:1 Mem:214.47M (Peak 214.49M) | Time:00:01.80 | Mem:0.00M, Peak:0.00M | Scene, ViewLayer | Synchronizing object | Front left machined split spoke.006
Fra:1 Mem:214.63M (Peak 214.63M) | Time:00:01.80 | Mem:0.00M, Peak:0.00M | Scene, ViewLayer | Synchronizing object | Rear left sidewall lettering.016
Fra:1 Mem:214.64M (Peak 214.64M) | Time:00:01.80 | Mem:0.00M, Peak:0.00M | Scene, ViewLayer | Synchronizing object | Front left black spoke pocket.006
Fra:1 Mem:214.74M (Peak 214.74M) | Time:00:01.80 | Mem:0.00M, Peak:0.00M | Scene, ViewLayer | Synchronizing object | Front left machined split spoke.007
Fra:1 Mem:214.83M (Peak 214.83M) | Time:00:01.80 | Mem:0.00M, Peak:0.00M | Scene, ViewLayer | Synchronizing object | Front left black spoke pocket.007
Fra:1 Mem:214.85M (Peak 214.85M) | Time:00:01.80 | Mem:0.00M, Peak:0.00M | Scene, ViewLayer | Synchronizing object | Front left machined split spoke.008
Fra:1 Mem:214.88M (Peak 214.88M) | Time:00:01.80 | Mem:0.00M, Peak:0.00M | Scene, ViewLayer | Synchronizing object | Front left black spoke pocket.008
Fra:1 Mem:214.94M (Peak 214.94M) | Time:00:01.80 | Mem:0.00M, Peak:0.00M | Scene, ViewLayer | Synchronizing object | Rear left sidewall lettering.017
Fra:1 Mem:215.02M (Peak 215.02M) | Time:00:01.81 | Mem:0.00M, Peak:0.00M | Scene, ViewLayer | Synchronizing object | Front left machined split spoke.009
Fra:1 Mem:215.07M (Peak 215.07M) | Time:00:01.81 | Mem:0.00M, Peak:0.00M | Scene, ViewLayer | Synchronizing object | Rear left sidewall lettering.018
Fra:1 Mem:215.13M (Peak 215.13M) | Time:00:01.81 | Mem:0.00M, Peak:0.00M | Scene, ViewLayer | Synchronizing object | Rear left sidewall lettering.019
Fra:1 Mem:215.14M (Peak 215.14M) | Time:00:01.81 | Mem:0.00M, Peak:0.00M | Scene, ViewLayer | Synchronizing object | Rear left sidewall lettering.020
Fra:1 Mem:215.12M (Peak 215.14M) | Time:00:01.81 | Mem:0.00M, Peak:0.00M | Scene, ViewLayer | Synchronizing object | Front left black spoke pocket.009
Fra:1 Mem:215.09M (Peak 215.14M) | Time:00:01.81 | Mem:0.00M, Peak:0.00M | Scene, ViewLayer | Synchronizing object | Front left center hub
Fra:1 Mem:215.14M (Peak 215.14M) | Time:00:01.81 | Mem:0.00M, Peak:0.00M | Scene, ViewLayer | Synchronizing object | Front left center cap ring
Fra:1 Mem:215.29M (Peak 215.29M) | Time:00:01.81 | Mem:0.00M, Peak:0.00M | Scene, ViewLayer | Synchronizing object | Rear left sidewall lettering.021
Fra:1 Mem:215.30M (Peak 215.30M) | Time:00:01.81 | Mem:0.00M, Peak:0.00M | Scene, ViewLayer | Synchronizing object | Front left titanium lug nut
Fra:1 Mem:215.31M (Peak 215.31M) | Time:00:01.81 | Mem:0.00M, Peak:0.00M | Scene, ViewLayer | Synchronizing object | Front left titanium lug nut.001
Fra:1 Mem:215.31M (Peak 215.31M) | Time:00:01.81 | Mem:0.00M, Peak:0.00M | Scene, ViewLayer | Synchronizing object | Front left titanium lug nut.002
Fra:1 Mem:215.31M (Peak 215.31M) | Time:00:01.81 | Mem:0.00M, Peak:0.00M | Scene, ViewLayer | Synchronizing object | Front left titanium lug nut.004
Fra:1 Mem:215.31M (Peak 215.31M) | Time:00:01.81 | Mem:0.00M, Peak:0.00M | Scene, ViewLayer | Synchronizing object | Front left tire valve
Fra:1 Mem:215.34M (Peak 215.34M) | Time:00:01.81 | Mem:0.00M, Peak:0.00M | Scene, ViewLayer | Synchronizing object | Front right | tire carcass
Fra:1 Mem:215.33M (Peak 215.34M) | Time:00:01.81 | Mem:0.00M, Peak:0.00M | Scene, ViewLayer | Synchronizing object | Front right tire molded sidewall ring.001
Fra:1 Mem:215.61M (Peak 215.61M) | Time:00:01.81 | Mem:0.00M, Peak:0.00M | Scene, ViewLayer | Synchronizing object | Front right tire molded sidewall ring.002
Fra:1 Mem:215.71M (Peak 215.71M) | Time:00:01.81 | Mem:0.00M, Peak:0.00M | Scene, ViewLayer | Synchronizing object | Front right tire molded sidewall ring
Fra:1 Mem:215.84M (Peak 215.84M) | Time:00:01.81 | Mem:0.00M, Peak:0.00M | Scene, ViewLayer | Synchronizing object | Front right directional tread | 792 blocks
Fra:1 Mem:215.86M (Peak 215.86M) | Time:00:01.81 | Mem:0.00M, Peak:0.00M | Scene, ViewLayer | Synchronizing object | Rear right caliper marking
Fra:1 Mem:216.12M (Peak 216.12M) | Time:00:01.81 | Mem:0.00M, Peak:0.00M | Scene, ViewLayer | Synchronizing object | Front right cast rim barrel
Fra:1 Mem:216.68M (Peak 216.68M) | Time:00:01.81 | Mem:0.00M, Peak:0.00M | Scene, ViewLayer | Synchronizing object | Front right diamond-cut outer flange
Fra:1 Mem:217.03M (Peak 217.03M) | Time:00:01.81 | Mem:0.00M, Peak:0.00M | Scene, ViewLayer | Synchronizing object | Front right inner rim accent
Fra:1 Mem:217.37M (Peak 217.37M) | Time:00:01.81 | Mem:0.00M, Peak:0.00M | Scene, ViewLayer | Synchronizing object | Front right brake rotor
Fra:1 Mem:217.48M (Peak 217.48M) | Time:00:01.81 | Mem:0.00M, Peak:0.00M | Scene, ViewLayer | Synchronizing object | Front right rotor outer scoring
Fra:1 Mem:217.70M (Peak 217.71M) | Time:00:01.81 | Mem:0.00M, Peak:0.00M | Scene, ViewLayer | Synchronizing object | Front right drilled rotor perforation
Fra:1 Mem:217.74M (Peak 217.74M) | Time:00:01.81 | Mem:0.00M, Peak:0.00M | Scene, ViewLayer | Synchronizing object | Front right drilled rotor perforation.001
Fra:1 Mem:217.84M (Peak 217.84M) | Time:00:01.81 | Mem:0.00M, Peak:0.00M | Scene, ViewLayer | Synchronizing object | Front right drilled rotor perforation.002
Fra:1 Mem:218.02M (Peak 218.02M) | Time:00:01.81 | Mem:0.00M, Peak:0.00M | Scene, ViewLayer | Synchronizing object | Front right drilled rotor perforation.003
Fra:1 Mem:218.03M (Peak 218.03M) | Time:00:01.81 | Mem:0.00M, Peak:0.00M | Scene, ViewLayer | Synchronizing object | Front right drilled rotor perforation.004
Fra:1 Mem:218.08M (Peak 218.08M) | Time:00:01.81 | Mem:0.00M, Peak:0.00M | Scene, ViewLayer | Synchronizing object | Front right drilled rotor perforation.005
Fra:1 Mem:218.07M (Peak 218.08M) | Time:00:01.81 | Mem:0.00M, Peak:0.00M | Scene, ViewLayer | Synchronizing object | Front right drilled rotor perforation.006
Fra:1 Mem:218.12M (Peak 218.12M) | Time:00:01.81 | Mem:0.00M, Peak:0.00M | Scene, ViewLayer | Synchronizing object | Rear right sidewall lettering
Fra:1 Mem:218.12M (Peak 218.12M) | Time:00:01.81 | Mem:0.00M, Peak:0.00M | Scene, ViewLayer | Synchronizing object | Front right drilled rotor perforation.007
Fra:1 Mem:218.11M (Peak 218.12M) | Time:00:01.81 | Mem:0.00M, Peak:0.00M | Scene, ViewLayer | Synchronizing object | Rear right sidewall lettering.001
Fra:1 Mem:218.10M (Peak 218.12M) | Time:00:01.81 | Mem:0.00M, Peak:0.00M | Scene, ViewLayer | Synchronizing object | Front right drilled rotor perforation.008
Fra:1 Mem:218.11M (Peak 218.12M) | Time:00:01.81 | Mem:0.00M, Peak:0.00M | Scene, ViewLayer | Synchronizing object | Rear right sidewall lettering.002
Fra:1 Mem:218.21M (Peak 218.21M) | Time:00:01.81 | Mem:0.00M, Peak:0.00M | Scene, ViewLayer | Synchronizing object | Front right drilled rotor perforation.010
Fra:1 Mem:218.34M (Peak 218.34M) | Time:00:01.81 | Mem:0.00M, Peak:0.00M | Scene, ViewLayer | Synchronizing object | Front right drilled rotor perforation.011
Fra:1 Mem:218.33M (Peak 218.34M) | Time:00:01.81 | Mem:0.00M, Peak:0.00M | Scene, ViewLayer | Synchronizing object | Front right drilled rotor perforation.012
Fra:1 Mem:218.32M (Peak 218.34M) | Time:00:01.81 | Mem:0.00M, Peak:0.00M | Scene, ViewLayer | Synchronizing object | Front right drilled rotor perforation.013
Fra:1 Mem:218.37M (Peak 218.37M) | Time:00:01.81 | Mem:0.00M, Peak:0.00M | Scene, ViewLayer | Synchronizing object | Rear right sidewall lettering.003
Fra:1 Mem:218.40M (Peak 218.40M) | Time:00:01.81 | Mem:0.00M, Peak:0.00M | Scene, ViewLayer | Synchronizing object | Front right drilled rotor perforation.014
Fra:1 Mem:218.40M (Peak 218.40M) | Time:00:01.81 | Mem:0.00M, Peak:0.00M | Scene, ViewLayer | Synchronizing object | Rear right sidewall lettering.004
Fra:1 Mem:218.40M (Peak 218.40M) | Time:00:01.81 | Mem:0.00M, Peak:0.00M | Scene, ViewLayer | Synchronizing object | Front right drilled rotor perforation.015
Fra:1 Mem:218.42M (Peak 218.42M) | Time:00:01.81 | Mem:0.00M, Peak:0.00M | Scene, ViewLayer | Synchronizing object | Front right drilled rotor perforation.016
Fra:1 Mem:218.43M (Peak 218.43M) | Time:00:01.81 | Mem:0.00M, Peak:0.00M | Scene, ViewLayer | Synchronizing object | Front right drilled rotor perforation.017
Fra:1 Mem:218.46M (Peak 218.46M) | Time:00:01.81 | Mem:0.00M, Peak:0.00M | Scene, ViewLayer | Synchronizing object | Rear right sidewall lettering.006
Fra:1 Mem:218.54M (Peak 218.54M) | Time:00:01.81 | Mem:0.00M, Peak:0.00M | Scene, ViewLayer | Synchronizing object | Rear right sidewall lettering.007
Fra:1 Mem:218.46M (Peak 218.54M) | Time:00:01.81 | Mem:0.00M, Peak:0.00M | Scene, ViewLayer | Synchronizing object | Front right drilled rotor perforation.018
Fra:1 Mem:218.47M (Peak 218.54M) | Time:00:01.81 | Mem:0.00M, Peak:0.00M | Scene, ViewLayer | Synchronizing object | Rear right sidewall lettering.008
Fra:1 Mem:218.51M (Peak 218.54M) | Time:00:01.81 | Mem:0.00M, Peak:0.00M | Scene, ViewLayer | Synchronizing object | Front right drilled rotor perforation.020
Fra:1 Mem:218.61M (Peak 218.61M) | Time:00:01.81 | Mem:0.00M, Peak:0.00M | Scene, ViewLayer | Synchronizing object | Rear right sidewall lettering.009
Fra:1 Mem:218.66M (Peak 218.66M) | Time:00:01.81 | Mem:0.00M, Peak:0.00M | Scene, ViewLayer | Synchronizing object | Rear right sidewall lettering.010
Fra:1 Mem:218.58M (Peak 218.66M) | Time:00:01.81 | Mem:0.00M, Peak:0.00M | Scene, ViewLayer | Synchronizing object | Front right drilled rotor perforation.021
Fra:1 Mem:218.58M (Peak 218.66M) | Time:00:01.81 | Mem:0.00M, Peak:0.00M | Scene, ViewLayer | Synchronizing object | Front right drilled rotor perforation.023
Fra:1 Mem:218.69M (Peak 218.69M) | Time:00:01.81 | Mem:0.00M, Peak:0.00M | Scene, ViewLayer | Synchronizing object | Front right drilled rotor perforation.024
Fra:1 Mem:218.79M (Peak 218.79M) | Time:00:01.81 | Mem:0.00M, Peak:0.00M | Scene, ViewLayer | Synchronizing object | Front right drilled rotor perforation.025
Fra:1 Mem:218.78M (Peak 218.79M) | Time:00:01.81 | Mem:0.00M, Peak:0.00M | Scene, ViewLayer | Synchronizing object | Front right drilled rotor perforation.026
Fra:1 Mem:218.81M (Peak 218.81M) | Time:00:01.81 | Mem:0.00M, Peak:0.00M | Scene, ViewLayer | Synchronizing object | Rear right sidewall lettering.012
Fra:1 Mem:218.83M (Peak 218.83M) | Time:00:01.81 | Mem:0.00M, Peak:0.00M | Scene, ViewLayer | Synchronizing object | Front right drilled rotor perforation.027
Fra:1 Mem:218.84M (Peak 218.84M) | Time:00:01.81 | Mem:0.00M, Peak:0.00M | Scene, ViewLayer | Synchronizing object | Front right drilled rotor perforation.028
Fra:1 Mem:218.87M (Peak 218.87M) | Time:00:01.81 | Mem:0.00M, Peak:0.00M | Scene, ViewLayer | Synchronizing object | Rear right sidewall lettering.013
Fra:1 Mem:218.91M (Peak 218.91M) | Time:00:01.81 | Mem:0.00M, Peak:0.00M | Scene, ViewLayer | Synchronizing object | Rear right sidewall lettering.014
Fra:1 Mem:218.91M (Peak 218.91M) | Time:00:01.81 | Mem:0.00M, Peak:0.00M | Scene, ViewLayer | Synchronizing object | Front right drilled rotor perforation.029
Fra:1 Mem:218.93M (Peak 218.93M) | Time:00:01.81 | Mem:0.00M, Peak:0.00M | Scene, ViewLayer | Synchronizing object | Front right drilled rotor perforation.030
Fra:1 Mem:219.04M (Peak 219.04M) | Time:00:01.81 | Mem:0.00M, Peak:0.00M | Scene, ViewLayer | Synchronizing object | Front right drilled rotor perforation.031
Fra:1 Mem:219.04M (Peak 219.04M) | Time:00:01.81 | Mem:0.00M, Peak:0.00M | Scene, ViewLayer | Synchronizing object | Front right drilled rotor perforation.033
Fra:1 Mem:219.11M (Peak 219.11M) | Time:00:01.81 | Mem:0.00M, Peak:0.00M | Scene, ViewLayer | Synchronizing object | Rear right sidewall lettering.015
Fra:1 Mem:219.21M (Peak 219.21M) | Time:00:01.81 | Mem:0.00M, Peak:0.00M | Scene, ViewLayer | Synchronizing object | Rear right sidewall lettering.016
Fra:1 Mem:219.15M (Peak 219.21M) | Time:00:01.81 | Mem:0.00M, Peak:0.00M | Scene, ViewLayer | Synchronizing object | Front right drilled rotor perforation.034
Fra:1 Mem:219.19M (Peak 219.21M) | Time:00:01.81 | Mem:0.00M, Peak:0.00M | Scene, ViewLayer | Synchronizing object | Front right drilled rotor perforation.036
Fra:1 Mem:219.36M (Peak 219.36M) | Time:00:01.82 | Mem:0.00M, Peak:0.00M | Scene, ViewLayer | Synchronizing object | Front right drilled rotor perforation.037
Fra:1 Mem:219.37M (Peak 219.37M) | Time:00:01.82 | Mem:0.00M, Peak:0.00M | Scene, ViewLayer | Synchronizing object | Rear right sidewall lettering.017
Fra:1 Mem:219.39M (Peak 219.39M) | Time:00:01.82 | Mem:0.00M, Peak:0.00M | Scene, ViewLayer | Synchronizing object | Front right drilled rotor perforation.038
Fra:1 Mem:219.45M (Peak 219.45M) | Time:00:01.82 | Mem:0.00M, Peak:0.00M | Scene, ViewLayer | Synchronizing object | Front right drilled rotor perforation.039
Fra:1 Mem:219.56M (Peak 219.56M) | Time:00:01.82 | Mem:0.00M, Peak:0.00M | Scene, ViewLayer | Synchronizing object | Front right drilled rotor perforation.040
Fra:1 Mem:219.55M (Peak 219.56M) | Time:00:01.82 | Mem:0.00M, Peak:0.00M | Scene, ViewLayer | Synchronizing object | Rear right sidewall lettering.018
Fra:1 Mem:219.57M (Peak 219.57M) | Time:00:01.82 | Mem:0.00M, Peak:0.00M | Scene, ViewLayer | Synchronizing object | Front right drilled rotor perforation.041
Fra:1 Mem:219.55M (Peak 219.57M) | Time:00:01.82 | Mem:0.00M, Peak:0.00M | Scene, ViewLayer | Synchronizing object | Front right drilled rotor perforation.042
Fra:1 Mem:219.59M (Peak 219.60M) | Time:00:01.82 | Mem:0.00M, Peak:0.00M | Scene, ViewLayer | Synchronizing object | Rear right sidewall lettering.020
Fra:1 Mem:219.58M (Peak 219.60M) | Time:00:01.82 | Mem:0.00M, Peak:0.00M | Scene, ViewLayer | Synchronizing object | Front right drilled rotor perforation.043
Fra:1 Mem:219.61M (Peak 219.61M) | Time:00:01.82 | Mem:0.00M, Peak:0.00M | Scene, ViewLayer | Synchronizing object | Front right drilled rotor perforation.044
Fra:1 Mem:219.60M (Peak 219.61M) | Time:00:01.82 | Mem:0.00M, Peak:0.00M | Scene, ViewLayer | Synchronizing object | Front right drilled rotor perforation.045
Fra:1 Mem:219.62M (Peak 219.62M) | Time:00:01.82 | Mem:0.00M, Peak:0.00M | Scene, ViewLayer | Synchronizing object | Front right drilled rotor perforation.046
Fra:1 Mem:219.62M (Peak 219.62M) | Time:00:01.82 | Mem:0.00M, Peak:0.00M | Scene, ViewLayer | Synchronizing object | Seat piping
Fra:1 Mem:219.68M (Peak 219.68M) | Time:00:01.82 | Mem:0.00M, Peak:0.00M | Scene, ViewLayer | Synchronizing object | Front right drilled rotor perforation.047
Fra:1 Mem:219.72M (Peak 219.72M) | Time:00:01.82 | Mem:0.00M, Peak:0.00M | Scene, ViewLayer | Synchronizing object | Front right drilled rotor perforation.048
Fra:1 Mem:219.69M (Peak 219.72M) | Time:00:01.82 | Mem:0.00M, Peak:0.00M | Scene, ViewLayer | Synchronizing object | Front right drilled rotor perforation.049
Fra:1 Mem:219.69M (Peak 219.72M) | Time:00:01.82 | Mem:0.00M, Peak:0.00M | Scene, ViewLayer | Synchronizing object | Front right drilled rotor perforation.050
Fra:1 Mem:219.70M (Peak 219.72M) | Time:00:01.82 | Mem:0.00M, Peak:0.00M | Scene, ViewLayer | Synchronizing object | Seat piping.001
Fra:1 Mem:219.69M (Peak 219.72M) | Time:00:01.82 | Mem:0.00M, Peak:0.00M | Scene, ViewLayer | Synchronizing object | Front right drilled rotor perforation.052
Fra:1 Mem:219.75M (Peak 219.75M) | Time:00:01.82 | Mem:0.00M, Peak:0.00M | Scene, ViewLayer | Synchronizing object | Seat piping.002
Fra:1 Mem:219.78M (Peak 219.78M) | Time:00:01.82 | Mem:0.00M, Peak:0.00M | Scene, ViewLayer | Synchronizing object | Seat piping.003
Fra:1 Mem:219.77M (Peak 219.78M) | Time:00:01.82 | Mem:0.00M, Peak:0.00M | Scene, ViewLayer | Synchronizing object | Front right drilled rotor perforation.053
Fra:1 Mem:219.75M (Peak 219.78M) | Time:00:01.82 | Mem:0.00M, Peak:0.00M | Scene, ViewLayer | Synchronizing object | Seat piping.004
Fra:1 Mem:219.77M (Peak 219.78M) | Time:00:01.82 | Mem:0.00M, Peak:0.00M | Scene, ViewLayer | Synchronizing object | Front right drilled rotor perforation.054
Fra:1 Mem:219.76M (Peak 219.78M) | Time:00:01.82 | Mem:0.00M, Peak:0.00M | Scene, ViewLayer | Synchronizing object | Front right drilled rotor perforation.055
Fra:1 Mem:219.83M (Peak 219.83M) | Time:00:01.82 | Mem:0.00M, Peak:0.00M | Scene, ViewLayer | Synchronizing object | Front right drilled rotor perforation.056
Fra:1 Mem:219.82M (Peak 219.83M) | Time:00:01.82 | Mem:0.00M, Peak:0.00M | Scene, ViewLayer | Synchronizing object | Front right drilled rotor perforation.057
Fra:1 Mem:219.88M (Peak 219.88M) | Time:00:01.82 | Mem:0.00M, Peak:0.00M | Scene, ViewLayer | Synchronizing object | Seat piping.006
Fra:1 Mem:219.82M (Peak 219.88M) | Time:00:01.82 | Mem:0.00M, Peak:0.00M | Scene, ViewLayer | Synchronizing object | Front right drilled rotor perforation.059
Fra:1 Mem:219.87M (Peak 219.88M) | Time:00:01.82 | Mem:0.00M, Peak:0.00M | Scene, ViewLayer | Synchronizing object | Seat piping.007
Fra:1 Mem:219.85M (Peak 219.88M) | Time:00:01.82 | Mem:0.00M, Peak:0.00M | Scene, ViewLayer | Synchronizing object | Front right drilled rotor perforation.060
Fra:1 Mem:219.90M (Peak 219.90M) | Time:00:01.82 | Mem:0.00M, Peak:0.00M | Scene, ViewLayer | Synchronizing object | Steering wheel spokes
Fra:1 Mem:219.87M (Peak 219.90M) | Time:00:01.82 | Mem:0.00M, Peak:0.00M | Scene, ViewLayer | Synchronizing object | Front right drilled rotor perforation.062
Fra:1 Mem:219.92M (Peak 219.92M) | Time:00:01.82 | Mem:0.00M, Peak:0.00M | Scene, ViewLayer | Synchronizing object | Windshield wiper arm
Fra:1 Mem:219.90M (Peak 219.92M) | Time:00:01.82 | Mem:0.00M, Peak:0.00M | Scene, ViewLayer | Synchronizing object | Wiper rubber blade
Fra:1 Mem:219.92M (Peak 219.92M) | Time:00:01.82 | Mem:0.00M, Peak:0.00M | Scene, ViewLayer | Synchronizing object | Windshield wiper arm.001
Fra:1 Mem:219.91M (Peak 219.92M) | Time:00:01.82 | Mem:0.00M, Peak:0.00M | Scene, ViewLayer | Synchronizing object | Wiper rubber blade.001
Fra:1 Mem:219.92M (Peak 219.92M) | Time:00:01.82 | Mem:0.00M, Peak:0.00M | Scene, ViewLayer | Synchronizing object | Infinite studio floor
Fra:1 Mem:219.92M (Peak 219.92M) | Time:00:01.82 | Mem:0.00M, Peak:0.00M | Scene, ViewLayer | Synchronizing object | Flat aerodynamic underfloor
Fra:1 Mem:219.95M (Peak 219.95M) | Time:00:01.82 | Mem:0.00M, Peak:0.00M | Scene, ViewLayer | Synchronizing object | Roof rear camera blister
Fra:1 Mem:220.04M (Peak 220.04M) | Time:00:01.82 | Mem:0.00M, Peak:0.00M | Scene, ViewLayer | Synchronizing object | Lidar forward optical aperture
Fra:1 Mem:220.16M (Peak 220.16M) | Time:00:01.82 | Mem:0.00M, Peak:0.00M | Scene, ViewLayer | Synchronizing object | Roof lidar painted pod
Fra:1 Mem:220.15M (Peak 220.16M) | Time:00:01.82 | Mem:0.00M, Peak:0.00M | Scene, ViewLayer | Synchronizing object | Front right drilled rotor perforation.065
Fra:1 Mem:220.23M (Peak 220.23M) | Time:00:01.82 | Mem:0.00M, Peak:0.00M | Scene, ViewLayer | Synchronizing object | Cup holder
Fra:1 Mem:220.26M (Peak 220.26M) | Time:00:01.82 | Mem:0.00M, Peak:0.00M | Scene, ViewLayer | Synchronizing object | Front right drilled rotor perforation.066
Fra:1 Mem:220.38M (Peak 220.38M) | Time:00:01.82 | Mem:0.00M, Peak:0.00M | Scene, ViewLayer | Synchronizing object | Front right drilled rotor perforation.067
Fra:1 Mem:220.31M (Peak 220.38M) | Time:00:01.82 | Mem:0.00M, Peak:0.00M | Scene, ViewLayer | Synchronizing object | Front right drilled rotor perforation.068
Fra:1 Mem:220.32M (Peak 220.38M) | Time:00:01.82 | Mem:0.00M, Peak:0.00M | Scene, ViewLayer | Synchronizing object | Cup holder.001
Fra:1 Mem:220.34M (Peak 220.38M) | Time:00:01.82 | Mem:0.00M, Peak:0.00M | Scene, ViewLayer | Synchronizing object | Front right drilled rotor perforation.069
Fra:1 Mem:220.38M (Peak 220.38M) | Time:00:01.82 | Mem:0.00M, Peak:0.00M | Scene, ViewLayer | Synchronizing object | Front right drilled rotor perforation.070
Fra:1 Mem:220.35M (Peak 220.38M) | Time:00:01.82 | Mem:0.00M, Peak:0.00M | Scene, ViewLayer | Synchronizing object | Front right drilled rotor perforation.071
Fra:1 Mem:220.37M (Peak 220.38M) | Time:00:01.82 | Mem:0.00M, Peak:0.00M | Scene, ViewLayer | Synchronizing object | Front right brake disc bell
Fra:1 Mem:220.54M (Peak 220.54M) | Time:00:01.82 | Mem:0.00M, Peak:0.00M | Scene, ViewLayer | Synchronizing object | Center tunnel
Fra:1 Mem:220.52M (Peak 220.54M) | Time:00:01.82 | Mem:0.00M, Peak:0.00M | Scene, ViewLayer | Synchronizing object | Front right yellow six-piston caliper
Fra:1 Mem:220.55M (Peak 220.55M) | Time:00:01.82 | Mem:0.00M, Peak:0.00M | Scene, ViewLayer | Synchronizing object | Front right machined split spoke
Fra:1 Mem:220.55M (Peak 220.55M) | Time:00:01.82 | Mem:0.00M, Peak:0.00M | Scene, ViewLayer | Synchronizing object | Steering center
Fra:1 Mem:220.64M (Peak 220.64M) | Time:00:01.82 | Mem:0.00M, Peak:0.00M | Scene, ViewLayer | Synchronizing object | Front right black spoke pocket
Fra:1 Mem:220.61M (Peak 220.64M) | Time:00:01.82 | Mem:0.00M, Peak:0.00M | Scene, ViewLayer | Synchronizing object | Steering wheel
Fra:1 Mem:220.69M (Peak 220.69M) | Time:00:01.82 | Mem:0.00M, Peak:0.00M | Scene, ViewLayer | Synchronizing object | Front right machined split spoke.001
Fra:1 Mem:220.73M (Peak 220.73M) | Time:00:01.82 | Mem:0.00M, Peak:0.00M | Scene, ViewLayer | Synchronizing object | Screen glass
Fra:1 Mem:220.82M (Peak 220.82M) | Time:00:01.83 | Mem:0.00M, Peak:0.00M | Scene, ViewLayer | Synchronizing object | Front right black spoke pocket.001
Fra:1 Mem:220.85M (Peak 220.85M) | Time:00:01.83 | Mem:0.00M, Peak:0.00M | Scene, ViewLayer | Synchronizing object | Front right machined split spoke.002
Fra:1 Mem:220.80M (Peak 220.85M) | Time:00:01.83 | Mem:0.00M, Peak:0.00M | Scene, ViewLayer | Synchronizing object | Front right black spoke pocket.002
Fra:1 Mem:220.97M (Peak 220.97M) | Time:00:01.83 | Mem:0.00M, Peak:0.00M | Scene, ViewLayer | Synchronizing object | Front right machined split spoke.003
Fra:1 Mem:220.99M (Peak 220.99M) | Time:00:01.83 | Mem:0.00M, Peak:0.00M | Scene, ViewLayer | Synchronizing object | Dashboard
Fra:1 Mem:220.99M (Peak 220.99M) | Time:00:01.83 | Mem:0.00M, Peak:0.00M | Scene, ViewLayer | Synchronizing object | Front right black spoke pocket.003
Fra:1 Mem:221.04M (Peak 221.04M) | Time:00:01.83 | Mem:0.00M, Peak:0.00M | Scene, ViewLayer | Synchronizing object | Front right machined split spoke.004
Fra:1 Mem:221.08M (Peak 221.08M) | Time:00:01.83 | Mem:0.00M, Peak:0.00M | Scene, ViewLayer | Synchronizing object | Front right black spoke pocket.004
Fra:1 Mem:221.06M (Peak 221.08M) | Time:00:01.83 | Mem:0.00M, Peak:0.00M | Scene, ViewLayer | Synchronizing object | Integrated head restraint.003
Fra:1 Mem:221.03M (Peak 221.08M) | Time:00:01.83 | Mem:0.00M, Peak:0.00M | Scene, ViewLayer | Synchronizing object | Front right black spoke pocket.005
Fra:1 Mem:221.19M (Peak 221.19M) | Time:00:01.83 | Mem:0.00M, Peak:0.00M | Scene, ViewLayer | Synchronizing object | Front right machined split spoke.006
Fra:1 Mem:221.18M (Peak 221.19M) | Time:00:01.83 | Mem:0.00M, Peak:0.00M | Scene, ViewLayer | Synchronizing object | Contoured seat back
Fra:1 Mem:221.24M (Peak 221.24M) | Time:00:01.83 | Mem:0.00M, Peak:0.00M | Scene, ViewLayer | Synchronizing object | Front right black spoke pocket.006
Fra:1 Mem:221.26M (Peak 221.26M) | Time:00:01.83 | Mem:0.00M, Peak:0.00M | Scene, ViewLayer | Synchronizing object | Front right machined split spoke.007
Fra:1 Mem:221.27M (Peak 221.27M) | Time:00:01.83 | Mem:0.00M, Peak:0.00M | Scene, ViewLayer | Synchronizing object | Seat cushion.003
Fra:1 Mem:221.31M (Peak 221.31M) | Time:00:01.83 | Mem:0.00M, Peak:0.00M | Scene, ViewLayer | Synchronizing object | Front right black spoke pocket.007
Fra:1 Mem:221.35M (Peak 221.35M) | Time:00:01.83 | Mem:0.00M, Peak:0.00M | Scene, ViewLayer | Synchronizing object | Front right machined split spoke.008
Fra:1 Mem:221.33M (Peak 221.35M) | Time:00:01.83 | Mem:0.00M, Peak:0.00M | Scene, ViewLayer | Synchronizing object | Integrated head restraint.002
Fra:1 Mem:221.36M (Peak 221.36M) | Time:00:01.83 | Mem:0.00M, Peak:0.00M | Scene, ViewLayer | Synchronizing object | Front right black spoke pocket.008
Fra:1 Mem:221.39M (Peak 221.39M) | Time:00:01.83 | Mem:0.00M, Peak:0.00M | Scene, ViewLayer | Synchronizing object | Front right machined split spoke.009
Fra:1 Mem:221.37M (Peak 221.39M) | Time:00:01.83 | Mem:0.00M, Peak:0.00M | Scene, ViewLayer | Synchronizing object | Front right black spoke pocket.009
Fra:1 Mem:221.51M (Peak 221.51M) | Time:00:01.83 | Mem:0.00M, Peak:0.00M | Scene, ViewLayer | Synchronizing object | Front right center hub
Fra:1 Mem:221.49M (Peak 221.51M) | Time:00:01.83 | Mem:0.00M, Peak:0.00M | Scene, ViewLayer | Synchronizing object | Front right center cap ring
Fra:1 Mem:221.66M (Peak 221.66M) | Time:00:01.83 | Mem:0.00M, Peak:0.00M | Scene, ViewLayer | Synchronizing object | Seat cushion.002
Fra:1 Mem:221.67M (Peak 221.67M) | Time:00:01.83 | Mem:0.00M, Peak:0.00M | Scene, ViewLayer | Synchronizing object | Front right titanium lug nut
Fra:1 Mem:221.74M (Peak 221.74M) | Time:00:01.83 | Mem:0.00M, Peak:0.00M | Scene, ViewLayer | Synchronizing object | Front right titanium lug nut.001
Fra:1 Mem:221.69M (Peak 221.74M) | Time:00:01.83 | Mem:0.00M, Peak:0.00M | Scene, ViewLayer | Synchronizing object | Front right titanium lug nut.002
Fra:1 Mem:221.67M (Peak 221.74M) | Time:00:01.83 | Mem:0.00M, Peak:0.00M | Scene, ViewLayer | Synchronizing object | Front right titanium lug nut.003
Fra:1 Mem:221.77M (Peak 221.77M) | Time:00:01.83 | Mem:0.00M, Peak:0.00M | Scene, ViewLayer | Synchronizing object | Front right titanium lug nut.004
Fra:1 Mem:221.76M (Peak 221.77M) | Time:00:01.83 | Mem:0.00M, Peak:0.00M | Scene, ViewLayer | Synchronizing object | Front right tire valve
Fra:1 Mem:221.78M (Peak 221.78M) | Time:00:01.83 | Mem:0.00M, Peak:0.00M | Scene, ViewLayer | Synchronizing object | Contoured seat back.002
Fra:1 Mem:221.82M (Peak 221.82M) | Time:00:01.83 | Mem:0.00M, Peak:0.00M | Scene, ViewLayer | Synchronizing object | Rear left | tire carcass
Fra:1 Mem:221.84M (Peak 221.84M) | Time:00:01.83 | Mem:0.00M, Peak:0.00M | Scene, ViewLayer | Synchronizing object | Rear left tire molded sidewall ring.001
Fra:1 Mem:221.99M (Peak 221.99M) | Time:00:01.83 | Mem:0.00M, Peak:0.00M | Scene, ViewLayer | Synchronizing object | Rear left tire molded sidewall ring.002
Fra:1 Mem:222.08M (Peak 222.08M) | Time:00:01.83 | Mem:0.00M, Peak:0.00M | Scene, ViewLayer | Synchronizing object | Seat cushion.001
Fra:1 Mem:222.48M (Peak 222.48M) | Time:00:01.83 | Mem:0.00M, Peak:0.00M | Scene, ViewLayer | Synchronizing object | Rear left cast rim barrel
Fra:1 Mem:223.00M (Peak 223.00M) | Time:00:01.83 | Mem:0.00M, Peak:0.00M | Scene, ViewLayer | Synchronizing object | Rear left diamond-cut outer flange
Fra:1 Mem:223.06M (Peak 223.06M) | Time:00:01.83 | Mem:0.00M, Peak:0.00M | Scene, ViewLayer | Synchronizing object | Rear left inner rim accent
Fra:1 Mem:223.09M (Peak 223.09M) | Time:00:01.83 | Mem:0.00M, Peak:0.00M | Scene, ViewLayer | Synchronizing object | Integrated head restraint
Fra:1 Mem:223.24M (Peak 223.24M) | Time:00:01.83 | Mem:0.00M, Peak:0.00M | Scene, ViewLayer | Synchronizing object | Rear left brake rotor
Fra:1 Mem:223.35M (Peak 223.35M) | Time:00:01.83 | Mem:0.00M, Peak:0.00M | Scene, ViewLayer | Synchronizing object | Rear left rotor outer scoring
Fra:1 Mem:223.54M (Peak 223.54M) | Time:00:01.83 | Mem:0.00M, Peak:0.00M | Scene, ViewLayer | Synchronizing object | Rear left drilled rotor perforation
Fra:1 Mem:223.60M (Peak 223.60M) | Time:00:01.83 | Mem:0.00M, Peak:0.00M | Scene, ViewLayer | Synchronizing object | Rear left drilled rotor perforation.001
Fra:1 Mem:223.60M (Peak 223.60M) | Time:00:01.83 | Mem:0.00M, Peak:0.00M | Scene, ViewLayer | Synchronizing object | Rear left drilled rotor perforation.002
Fra:1 Mem:223.62M (Peak 223.62M) | Time:00:01.83 | Mem:0.00M, Peak:0.00M | Scene, ViewLayer | Synchronizing object | Rear left drilled rotor perforation.003
Fra:1 Mem:223.64M (Peak 223.64M) | Time:00:01.83 | Mem:0.00M, Peak:0.00M | Scene, ViewLayer | Synchronizing object | Rear left drilled rotor perforation.004
Fra:1 Mem:223.66M (Peak 223.66M) | Time:00:01.83 | Mem:0.00M, Peak:0.00M | Scene, ViewLayer | Synchronizing object | Rear left drilled rotor perforation.005
Fra:1 Mem:223.67M (Peak 223.67M) | Time:00:01.83 | Mem:0.00M, Peak:0.00M | Scene, ViewLayer | Synchronizing object | Rear left drilled rotor perforation.006
Fra:1 Mem:223.73M (Peak 223.73M) | Time:00:01.83 | Mem:0.00M, Peak:0.00M | Scene, ViewLayer | Synchronizing object | Rear left drilled rotor perforation.007
Fra:1 Mem:223.69M (Peak 223.73M) | Time:00:01.83 | Mem:0.00M, Peak:0.00M | Scene, ViewLayer | Synchronizing object | Rear left drilled rotor perforation.008
Fra:1 Mem:223.71M (Peak 223.73M) | Time:00:01.83 | Mem:0.00M, Peak:0.00M | Scene, ViewLayer | Synchronizing object | Contoured seat back.001
Fra:1 Mem:223.77M (Peak 223.77M) | Time:00:01.83 | Mem:0.00M, Peak:0.00M | Scene, ViewLayer | Synchronizing object | Rear left drilled rotor perforation.009
Fra:1 Mem:223.75M (Peak 223.77M) | Time:00:01.83 | Mem:0.00M, Peak:0.00M | Scene, ViewLayer | Synchronizing object | Rear left drilled rotor perforation.010
Fra:1 Mem:223.81M (Peak 223.81M) | Time:00:01.83 | Mem:0.00M, Peak:0.00M | Scene, ViewLayer | Synchronizing object | Rear left drilled rotor perforation.011
Fra:1 Mem:223.81M (Peak 223.81M) | Time:00:01.83 | Mem:0.00M, Peak:0.00M | Scene, ViewLayer | Synchronizing object | Rear left drilled rotor perforation.012
Fra:1 Mem:223.82M (Peak 223.82M) | Time:00:01.84 | Mem:0.00M, Peak:0.00M | Scene, ViewLayer | Synchronizing object | Rear left drilled rotor perforation.013
Fra:1 Mem:223.84M (Peak 223.84M) | Time:00:01.84 | Mem:0.00M, Peak:0.00M | Scene, ViewLayer | Synchronizing object | Rear left drilled rotor perforation.014
Fra:1 Mem:223.82M (Peak 223.84M) | Time:00:01.84 | Mem:0.00M, Peak:0.00M | Scene, ViewLayer | Synchronizing object | Rear left drilled rotor perforation.015
Fra:1 Mem:223.85M (Peak 223.85M) | Time:00:01.84 | Mem:0.00M, Peak:0.00M | Scene, ViewLayer | Synchronizing object | Rear left drilled rotor perforation.016
Fra:1 Mem:223.88M (Peak 223.88M) | Time:00:01.84 | Mem:0.00M, Peak:0.00M | Scene, ViewLayer | Synchronizing object | Rear left drilled rotor perforation.017
Fra:1 Mem:223.89M (Peak 223.89M) | Time:00:01.84 | Mem:0.00M, Peak:0.00M | Scene, ViewLayer | Synchronizing object | Rear left drilled rotor perforation.018
Fra:1 Mem:223.89M (Peak 223.89M) | Time:00:01.84 | Mem:0.00M, Peak:0.00M | Scene, ViewLayer | Synchronizing object | Rear left drilled rotor perforation.019
Fra:1 Mem:223.90M (Peak 223.90M) | Time:00:01.84 | Mem:0.00M, Peak:0.00M | Scene, ViewLayer | Synchronizing object | Rear left drilled rotor perforation.020
Fra:1 Mem:223.96M (Peak 223.96M) | Time:00:01.84 | Mem:0.00M, Peak:0.00M | Scene, ViewLayer | Synchronizing object | Rear left drilled rotor perforation.021
Fra:1 Mem:223.95M (Peak 223.96M) | Time:00:01.84 | Mem:0.00M, Peak:0.00M | Scene, ViewLayer | Synchronizing object | Rear left drilled rotor perforation.022
Fra:1 Mem:223.95M (Peak 223.96M) | Time:00:01.84 | Mem:0.00M, Peak:0.00M | Scene, ViewLayer | Synchronizing object | Rear left drilled rotor perforation.023
Fra:1 Mem:223.97M (Peak 223.97M) | Time:00:01.84 | Mem:0.00M, Peak:0.00M | Scene, ViewLayer | Synchronizing object | Rear left drilled rotor perforation.024
Fra:1 Mem:223.99M (Peak 223.99M) | Time:00:01.84 | Mem:0.00M, Peak:0.00M | Scene, ViewLayer | Synchronizing object | Rear left drilled rotor perforation.025
Fra:1 Mem:223.98M (Peak 223.99M) | Time:00:01.84 | Mem:0.00M, Peak:0.00M | Scene, ViewLayer | Synchronizing object | Rear left drilled rotor perforation.027
Fra:1 Mem:224.00M (Peak 224.00M) | Time:00:01.84 | Mem:0.00M, Peak:0.00M | Scene, ViewLayer | Synchronizing object | Rear left drilled rotor perforation.028
Fra:1 Mem:224.01M (Peak 224.01M) | Time:00:01.84 | Mem:0.00M, Peak:0.00M | Scene, ViewLayer | Synchronizing object | Rear left drilled rotor perforation.029
Fra:1 Mem:224.03M (Peak 224.03M) | Time:00:01.84 | Mem:0.00M, Peak:0.00M | Scene, ViewLayer | Synchronizing object | Rear left drilled rotor perforation.030
Fra:1 Mem:224.07M (Peak 224.07M) | Time:00:01.84 | Mem:0.00M, Peak:0.00M | Scene, ViewLayer | Synchronizing object | Rear left drilled rotor perforation.031
Fra:1 Mem:224.11M (Peak 224.11M) | Time:00:01.84 | Mem:0.00M, Peak:0.00M | Scene, ViewLayer | Synchronizing object | Rear left drilled rotor perforation.032
Fra:1 Mem:224.08M (Peak 224.11M) | Time:00:01.84 | Mem:0.00M, Peak:0.00M | Scene, ViewLayer | Synchronizing object | Rear left drilled rotor perforation.033
Fra:1 Mem:224.13M (Peak 224.13M) | Time:00:01.84 | Mem:0.00M, Peak:0.00M | Scene, ViewLayer | Synchronizing object | Rear left drilled rotor perforation.034
Fra:1 Mem:224.13M (Peak 224.13M) | Time:00:01.84 | Mem:0.00M, Peak:0.00M | Scene, ViewLayer | Synchronizing object | Rear left drilled rotor perforation.035
Fra:1 Mem:224.14M (Peak 224.14M) | Time:00:01.84 | Mem:0.00M, Peak:0.00M | Scene, ViewLayer | Synchronizing object | Rear left drilled rotor perforation.036
Fra:1 Mem:224.15M (Peak 224.15M) | Time:00:01.84 | Mem:0.00M, Peak:0.00M | Scene, ViewLayer | Synchronizing object | Rear left drilled rotor perforation.037
Fra:1 Mem:224.17M (Peak 224.17M) | Time:00:01.84 | Mem:0.00M, Peak:0.00M | Scene, ViewLayer | Synchronizing object | Rear left drilled rotor perforation.038
Fra:1 Mem:224.18M (Peak 224.18M) | Time:00:01.84 | Mem:0.00M, Peak:0.00M | Scene, ViewLayer | Synchronizing object | Rear left drilled rotor perforation.039
Fra:1 Mem:224.22M (Peak 224.22M) | Time:00:01.84 | Mem:0.00M, Peak:0.00M | Scene, ViewLayer | Synchronizing object | Rear left drilled rotor perforation.040
Fra:1 Mem:224.19M (Peak 224.22M) | Time:00:01.84 | Mem:0.00M, Peak:0.00M | Scene, ViewLayer | Synchronizing object | Rear left drilled rotor perforation.041
Fra:1 Mem:224.22M (Peak 224.22M) | Time:00:01.84 | Mem:0.00M, Peak:0.00M | Scene, ViewLayer | Synchronizing object | Rear left drilled rotor perforation.042
Fra:1 Mem:224.17M (Peak 224.22M) | Time:00:01.84 | Mem:0.00M, Peak:0.00M | Scene, ViewLayer | Synchronizing object | Rear left drilled rotor perforation.043
Fra:1 Mem:224.24M (Peak 224.24M) | Time:00:01.84 | Mem:0.00M, Peak:0.00M | Scene, ViewLayer | Synchronizing object | Rear left drilled rotor perforation.044
Fra:1 Mem:224.20M (Peak 224.24M) | Time:00:01.84 | Mem:0.00M, Peak:0.00M | Scene, ViewLayer | Synchronizing object | Seat cushion
Fra:1 Mem:224.29M (Peak 224.29M) | Time:00:01.84 | Mem:0.00M, Peak:0.00M | Scene, ViewLayer | Synchronizing object | Rear left drilled rotor perforation.046
Fra:1 Mem:224.32M (Peak 224.32M) | Time:00:01.84 | Mem:0.00M, Peak:0.00M | Scene, ViewLayer | Synchronizing object | Rear left drilled rotor perforation.047
Fra:1 Mem:224.31M (Peak 224.32M) | Time:00:01.84 | Mem:0.00M, Peak:0.00M | Scene, ViewLayer | Synchronizing object | Dark cabin tub
Fra:1 Mem:224.34M (Peak 224.34M) | Time:00:01.84 | Mem:0.00M, Peak:0.00M | Scene, ViewLayer | Synchronizing object | Rear left drilled rotor perforation.048
Fra:1 Mem:224.38M (Peak 224.38M) | Time:00:01.84 | Mem:0.00M, Peak:0.00M | Scene, ViewLayer | Synchronizing object | Rear left drilled rotor perforation.049
Fra:1 Mem:224.38M (Peak 224.38M) | Time:00:01.84 | Mem:0.00M, Peak:0.00M | Scene, ViewLayer | Synchronizing object | Rear left drilled rotor perforation.050
Fra:1 Mem:224.41M (Peak 224.41M) | Time:00:01.84 | Mem:0.00M, Peak:0.00M | Scene, ViewLayer | Synchronizing object | Rear left drilled rotor perforation.051
Fra:1 Mem:224.38M (Peak 224.41M) | Time:00:01.84 | Mem:0.00M, Peak:0.00M | Scene, ViewLayer | Synchronizing object | Rear right tire valve
Fra:1 Mem:224.39M (Peak 224.41M) | Time:00:01.84 | Mem:0.00M, Peak:0.00M | Scene, ViewLayer | Synchronizing object | Rear left drilled rotor perforation.052
Fra:1 Mem:224.42M (Peak 224.42M) | Time:00:01.84 | Mem:0.00M, Peak:0.00M | Scene, ViewLayer | Synchronizing object | Rear left drilled rotor perforation.053
Fra:1 Mem:224.44M (Peak 224.44M) | Time:00:01.84 | Mem:0.00M, Peak:0.00M | Scene, ViewLayer | Synchronizing object | Rear right titanium lug nut.004
Fra:1 Mem:224.42M (Peak 224.44M) | Time:00:01.84 | Mem:0.00M, Peak:0.00M | Scene, ViewLayer | Synchronizing object | Rear left drilled rotor perforation.054
Fra:1 Mem:224.46M (Peak 224.46M) | Time:00:01.84 | Mem:0.00M, Peak:0.00M | Scene, ViewLayer | Synchronizing object | Rear left drilled rotor perforation.055
Fra:1 Mem:224.48M (Peak 224.48M) | Time:00:01.84 | Mem:0.00M, Peak:0.00M | Scene, ViewLayer | Synchronizing object | Rear right titanium lug nut.003
Fra:1 Mem:224.45M (Peak 224.48M) | Time:00:01.84 | Mem:0.00M, Peak:0.00M | Scene, ViewLayer | Synchronizing object | Rear left drilled rotor perforation.057
Fra:1 Mem:224.52M (Peak 224.52M) | Time:00:01.85 | Mem:0.00M, Peak:0.00M | Scene, ViewLayer | Synchronizing object | Rear right titanium lug nut.002
Fra:1 Mem:224.49M (Peak 224.52M) | Time:00:01.85 | Mem:0.00M, Peak:0.00M | Scene, ViewLayer | Synchronizing object | Rear left drilled rotor perforation.058
Fra:1 Mem:224.53M (Peak 224.53M) | Time:00:01.85 | Mem:0.00M, Peak:0.00M | Scene, ViewLayer | Synchronizing object | Rear left drilled rotor perforation.059
Fra:1 Mem:224.50M (Peak 224.53M) | Time:00:01.85 | Mem:0.00M, Peak:0.00M | Scene, ViewLayer | Synchronizing object | Rear left drilled rotor perforation.060
Fra:1 Mem:224.55M (Peak 224.55M) | Time:00:01.85 | Mem:0.00M, Peak:0.00M | Scene, ViewLayer | Synchronizing object | Rear left drilled rotor perforation.061
Fra:1 Mem:224.59M (Peak 224.59M) | Time:00:01.85 | Mem:0.00M, Peak:0.00M | Scene, ViewLayer | Synchronizing object | Rear right titanium lug nut
Fra:1 Mem:224.60M (Peak 224.60M) | Time:00:01.85 | Mem:0.00M, Peak:0.00M | Scene, ViewLayer | Synchronizing object | Rear left drilled rotor perforation.062
Fra:1 Mem:224.59M (Peak 224.60M) | Time:00:01.85 | Mem:0.00M, Peak:0.00M | Scene, ViewLayer | Synchronizing object | Rear left drilled rotor perforation.063
Fra:1 Mem:224.65M (Peak 224.65M) | Time:00:01.85 | Mem:0.00M, Peak:0.00M | Scene, ViewLayer | Synchronizing object | Rear right center cap ring
Fra:1 Mem:224.63M (Peak 224.65M) | Time:00:01.85 | Mem:0.00M, Peak:0.00M | Scene, ViewLayer | Synchronizing object | Rear left drilled rotor perforation.064
Fra:1 Mem:224.70M (Peak 224.70M) | Time:00:01.85 | Mem:0.00M, Peak:0.00M | Scene, ViewLayer | Synchronizing object | Rear left drilled rotor perforation.065
Fra:1 Mem:224.83M (Peak 224.83M) | Time:00:01.85 | Mem:0.00M, Peak:0.00M | Scene, ViewLayer | Synchronizing object | Rear right center hub
Fra:1 Mem:224.80M (Peak 224.83M) | Time:00:01.85 | Mem:0.00M, Peak:0.00M | Scene, ViewLayer | Synchronizing object | Rear left drilled rotor perforation.066
Fra:1 Mem:224.78M (Peak 224.83M) | Time:00:01.85 | Mem:0.00M, Peak:0.00M | Scene, ViewLayer | Synchronizing object | Rear left drilled rotor perforation.067
Fra:1 Mem:224.88M (Peak 224.88M) | Time:00:01.85 | Mem:0.00M, Peak:0.00M | Scene, ViewLayer | Synchronizing object | Rear left drilled rotor perforation.068
Fra:1 Mem:224.88M (Peak 224.88M) | Time:00:01.85 | Mem:0.00M, Peak:0.00M | Scene, ViewLayer | Synchronizing object | Rear left drilled rotor perforation.069
Fra:1 Mem:224.95M (Peak 224.95M) | Time:00:01.85 | Mem:0.00M, Peak:0.00M | Scene, ViewLayer | Synchronizing object | Rear left drilled rotor perforation.070
Fra:1 Mem:224.90M (Peak 224.95M) | Time:00:01.85 | Mem:0.00M, Peak:0.00M | Scene, ViewLayer | Synchronizing object | Rear left drilled rotor perforation.071
Fra:1 Mem:224.86M (Peak 224.95M) | Time:00:01.85 | Mem:0.00M, Peak:0.00M | Scene, ViewLayer | Synchronizing object | Rear left brake disc bell
Fra:1 Mem:224.93M (Peak 224.95M) | Time:00:01.85 | Mem:0.00M, Peak:0.00M | Scene, ViewLayer | Synchronizing object | Rear left yellow six-piston caliper
Fra:1 Mem:225.00M (Peak 225.00M) | Time:00:01.85 | Mem:0.00M, Peak:0.00M | Scene, ViewLayer | Synchronizing object | Rear left machined split spoke
Fra:1 Mem:224.98M (Peak 225.00M) | Time:00:01.85 | Mem:0.00M, Peak:0.00M | Scene, ViewLayer | Synchronizing object | Rear right machined split spoke.009
Fra:1 Mem:225.10M (Peak 225.10M) | Time:00:01.85 | Mem:0.00M, Peak:0.00M | Scene, ViewLayer | Synchronizing object | Rear left black spoke pocket
Fra:1 Mem:225.10M (Peak 225.10M) | Time:00:01.85 | Mem:0.00M, Peak:0.00M | Scene, ViewLayer | Synchronizing object | Rear left machined split spoke.001
Fra:1 Mem:225.11M (Peak 225.11M) | Time:00:01.85 | Mem:0.00M, Peak:0.00M | Scene, ViewLayer | Synchronizing object | Rear right black spoke pocket.008
Fra:1 Mem:225.11M (Peak 225.11M) | Time:00:01.85 | Mem:0.00M, Peak:0.00M | Scene, ViewLayer | Synchronizing object | Rear left black spoke pocket.001
Fra:1 Mem:225.08M (Peak 225.11M) | Time:00:01.85 | Mem:0.00M, Peak:0.00M | Scene, ViewLayer | Synchronizing object | Rear left machined split spoke.002
Fra:1 Mem:225.18M (Peak 225.18M) | Time:00:01.85 | Mem:0.00M, Peak:0.00M | Scene, ViewLayer | Synchronizing object | Rear right machined split spoke.008
Fra:1 Mem:225.15M (Peak 225.18M) | Time:00:01.85 | Mem:0.00M, Peak:0.00M | Scene, ViewLayer | Synchronizing object | Rear left machined split spoke.003
Fra:1 Mem:225.26M (Peak 225.26M) | Time:00:01.85 | Mem:0.00M, Peak:0.00M | Scene, ViewLayer | Synchronizing object | Rear right black spoke pocket.007
Fra:1 Mem:225.24M (Peak 225.26M) | Time:00:01.85 | Mem:0.00M, Peak:0.00M | Scene, ViewLayer | Synchronizing object | Rear left machined split spoke.004
Fra:1 Mem:225.38M (Peak 225.38M) | Time:00:01.85 | Mem:0.00M, Peak:0.00M | Scene, ViewLayer | Synchronizing object | Rear right machined split spoke.007
Fra:1 Mem:225.31M (Peak 225.38M) | Time:00:01.85 | Mem:0.00M, Peak:0.00M | Scene, ViewLayer | Synchronizing object | Rear left machined split spoke.005
Fra:1 Mem:225.44M (Peak 225.44M) | Time:00:01.85 | Mem:0.00M, Peak:0.00M | Scene, ViewLayer | Synchronizing object | Rear left black spoke pocket.005
Fra:1 Mem:225.43M (Peak 225.44M) | Time:00:01.85 | Mem:0.00M, Peak:0.00M | Scene, ViewLayer | Synchronizing object | Rear left machined split spoke.006
Fra:1 Mem:225.44M (Peak 225.44M) | Time:00:01.85 | Mem:0.00M, Peak:0.00M | Scene, ViewLayer | Synchronizing object | Rear right black spoke pocket.006
Fra:1 Mem:225.52M (Peak 225.52M) | Time:00:01.85 | Mem:0.00M, Peak:0.00M | Scene, ViewLayer | Synchronizing object | Rear left black spoke pocket.006
Fra:1 Mem:225.50M (Peak 225.52M) | Time:00:01.85 | Mem:0.00M, Peak:0.00M | Scene, ViewLayer | Synchronizing object | Rear left machined split spoke.007
Fra:1 Mem:225.53M (Peak 225.53M) | Time:00:01.85 | Mem:0.00M, Peak:0.00M | Scene, ViewLayer | Synchronizing object | Rear right machined split spoke.006
Fra:1 Mem:225.53M (Peak 225.53M) | Time:00:01.85 | Mem:0.00M, Peak:0.00M | Scene, ViewLayer | Synchronizing object | Rear left machined split spoke.008
Fra:1 Mem:225.59M (Peak 225.59M) | Time:00:01.85 | Mem:0.00M, Peak:0.00M | Scene, ViewLayer | Synchronizing object | Rear left black spoke pocket.007
Fra:1 Mem:225.63M (Peak 225.63M) | Time:00:01.85 | Mem:0.00M, Peak:0.00M | Scene, ViewLayer | Synchronizing object | Rear left black spoke pocket.008
Fra:1 Mem:225.67M (Peak 225.67M) | Time:00:01.85 | Mem:0.00M, Peak:0.00M | Scene, ViewLayer | Synchronizing object | Rear left machined split spoke.009
Fra:1 Mem:225.68M (Peak 225.68M) | Time:00:01.85 | Mem:0.00M, Peak:0.00M | Scene, ViewLayer | Synchronizing object | Rear left black spoke pocket.009
Fra:1 Mem:225.77M (Peak 225.77M) | Time:00:01.85 | Mem:0.00M, Peak:0.00M | Scene, ViewLayer | Synchronizing object | Rear right machined split spoke.005
Fra:1 Mem:225.71M (Peak 225.77M) | Time:00:01.85 | Mem:0.00M, Peak:0.00M | Scene, ViewLayer | Synchronizing object | Rear left center hub
Fra:1 Mem:225.79M (Peak 225.79M) | Time:00:01.85 | Mem:0.00M, Peak:0.00M | Scene, ViewLayer | Synchronizing object | Rear left center cap ring
Fra:1 Mem:225.93M (Peak 225.93M) | Time:00:01.85 | Mem:0.00M, Peak:0.00M | Scene, ViewLayer | Synchronizing object | Rear right black spoke pocket.004
Fra:1 Mem:225.97M (Peak 225.97M) | Time:00:01.85 | Mem:0.00M, Peak:0.00M | Scene, ViewLayer | Synchronizing object | Rear right machined split spoke.004
Fra:1 Mem:225.98M (Peak 225.98M) | Time:00:01.85 | Mem:0.00M, Peak:0.00M | Scene, ViewLayer | Synchronizing object | Rear left titanium lug nut
Fra:1 Mem:225.97M (Peak 225.98M) | Time:00:01.85 | Mem:0.00M, Peak:0.00M | Scene, ViewLayer | Synchronizing object | Rear right black spoke pocket.003
Fra:1 Mem:226.00M (Peak 226.00M) | Time:00:01.85 | Mem:0.00M, Peak:0.00M | Scene, ViewLayer | Synchronizing object | Rear left titanium lug nut.001
Fra:1 Mem:225.98M (Peak 226.00M) | Time:00:01.85 | Mem:0.00M, Peak:0.00M | Scene, ViewLayer | Synchronizing object | Rear right machined split spoke.003
Fra:1 Mem:226.05M (Peak 226.05M) | Time:00:01.85 | Mem:0.00M, Peak:0.00M | Scene, ViewLayer | Synchronizing object | Rear left titanium lug nut.002
Fra:1 Mem:226.04M (Peak 226.05M) | Time:00:01.85 | Mem:0.00M, Peak:0.00M | Scene, ViewLayer | Synchronizing object | Rear right black spoke pocket.002
Fra:1 Mem:226.04M (Peak 226.05M) | Time:00:01.85 | Mem:0.00M, Peak:0.00M | Scene, ViewLayer | Synchronizing object | Rear left titanium lug nut.003
Fra:1 Mem:226.10M (Peak 226.10M) | Time:00:01.85 | Mem:0.00M, Peak:0.00M | Scene, ViewLayer | Synchronizing object | Rear left titanium lug nut.004
Fra:1 Mem:226.07M (Peak 226.10M) | Time:00:01.85 | Mem:0.00M, Peak:0.00M | Scene, ViewLayer | Synchronizing object | Rear right machined split spoke.002
Fra:1 Mem:226.09M (Peak 226.10M) | Time:00:01.85 | Mem:0.00M, Peak:0.00M | Scene, ViewLayer | Synchronizing object | Rear left tire valve
Fra:1 Mem:226.12M (Peak 226.12M) | Time:00:01.85 | Mem:0.00M, Peak:0.00M | Scene, ViewLayer | Synchronizing object | Rear right black spoke pocket.001
Fra:1 Mem:226.13M (Peak 226.13M) | Time:00:01.85 | Mem:0.00M, Peak:0.00M | Scene, ViewLayer | Synchronizing object | Rear right | tire carcass
Fra:1 Mem:226.30M (Peak 226.30M) | Time:00:01.85 | Mem:0.00M, Peak:0.00M | Scene, ViewLayer | Synchronizing object | Rear right tire molded sidewall ring.001
Fra:1 Mem:226.31M (Peak 226.31M) | Time:00:01.85 | Mem:0.00M, Peak:0.00M | Scene, ViewLayer | Synchronizing object | Rear right machined split spoke.001
Fra:1 Mem:226.48M (Peak 226.48M) | Time:00:01.85 | Mem:0.00M, Peak:0.00M | Scene, ViewLayer | Synchronizing object | Rear right tire molded sidewall ring.002
Fra:1 Mem:226.60M (Peak 226.60M) | Time:00:01.85 | Mem:0.00M, Peak:0.00M | Scene, ViewLayer | Synchronizing object | Rear right tire molded sidewall ring
Fra:1 Mem:226.60M (Peak 226.60M) | Time:00:01.85 | Mem:0.00M, Peak:0.00M | Scene, ViewLayer | Synchronizing object | Rear right black spoke pocket
Fra:1 Mem:226.76M (Peak 226.76M) | Time:00:01.85 | Mem:0.00M, Peak:0.00M | Scene, ViewLayer | Synchronizing object | Rear right directional tread | 792 blocks
Fra:1 Mem:226.91M (Peak 226.91M) | Time:00:01.85 | Mem:0.00M, Peak:0.00M | Scene, ViewLayer | Synchronizing object | Rear right machined split spoke
Fra:1 Mem:227.38M (Peak 227.38M) | Time:00:01.86 | Mem:0.00M, Peak:0.00M | Scene, ViewLayer | Synchronizing object | Rear right yellow six-piston caliper
Fra:1 Mem:227.45M (Peak 227.45M) | Time:00:01.86 | Mem:0.00M, Peak:0.00M | Scene, ViewLayer | Synchronizing object | Rear right brake disc bell
Fra:1 Mem:227.48M (Peak 227.48M) | Time:00:01.86 | Mem:0.00M, Peak:0.00M | Scene, ViewLayer | Synchronizing object | Rear right cast rim barrel
Fra:1 Mem:227.62M (Peak 227.62M) | Time:00:01.86 | Mem:0.00M, Peak:0.00M | Scene, ViewLayer | Synchronizing object | Rear right diamond-cut outer flange
Fra:1 Mem:227.76M (Peak 227.76M) | Time:00:01.86 | Mem:0.00M, Peak:0.00M | Scene, ViewLayer | Synchronizing object | Rear right inner rim accent
Fra:1 Mem:227.71M (Peak 227.76M) | Time:00:01.86 | Mem:0.00M, Peak:0.00M | Scene, ViewLayer | Synchronizing object | Rear right brake rotor
Fra:1 Mem:227.89M (Peak 227.89M) | Time:00:01.86 | Mem:0.00M, Peak:0.00M | Scene, ViewLayer | Synchronizing object | Rear right drilled rotor perforation.070
Fra:1 Mem:227.94M (Peak 227.94M) | Time:00:01.86 | Mem:0.00M, Peak:0.00M | Scene, ViewLayer | Synchronizing object | Rear right rotor outer scoring
Fra:1 Mem:228.08M (Peak 228.08M) | Time:00:01.86 | Mem:0.00M, Peak:0.00M | Scene, ViewLayer | Synchronizing object | Rear right drilled rotor perforation.069
Fra:1 Mem:228.14M (Peak 228.14M) | Time:00:01.86 | Mem:0.00M, Peak:0.00M | Scene, ViewLayer | Synchronizing object | Rear right drilled rotor perforation
Fra:1 Mem:228.13M (Peak 228.14M) | Time:00:01.86 | Mem:0.00M, Peak:0.00M | Scene, ViewLayer | Synchronizing object | Rear right drilled rotor perforation.068
Fra:1 Mem:228.10M (Peak 228.14M) | Time:00:01.86 | Mem:0.00M, Peak:0.00M | Scene, ViewLayer | Synchronizing object | Rear right drilled rotor perforation.067
Fra:1 Mem:228.11M (Peak 228.14M) | Time:00:01.86 | Mem:0.00M, Peak:0.00M | Scene, ViewLayer | Synchronizing object | Rear right drilled rotor perforation.001
Fra:1 Mem:228.11M (Peak 228.14M) | Time:00:01.86 | Mem:0.00M, Peak:0.00M | Scene, ViewLayer | Synchronizing object | Rear right drilled rotor perforation.002
Fra:1 Mem:228.15M (Peak 228.15M) | Time:00:01.86 | Mem:0.00M, Peak:0.00M | Scene, ViewLayer | Synchronizing object | Rear right drilled rotor perforation.066
Fra:1 Mem:228.22M (Peak 228.22M) | Time:00:01.86 | Mem:0.00M, Peak:0.00M | Scene, ViewLayer | Synchronizing object | Rear right drilled rotor perforation.003
Fra:1 Mem:228.13M (Peak 228.22M) | Time:00:01.86 | Mem:0.00M, Peak:0.00M | Scene, ViewLayer | Synchronizing object | Rear right drilled rotor perforation.004
Fra:1 Mem:228.18M (Peak 228.22M) | Time:00:01.86 | Mem:0.00M, Peak:0.00M | Scene, ViewLayer | Synchronizing object | Rear right drilled rotor perforation.005
Fra:1 Mem:228.17M (Peak 228.22M) | Time:00:01.86 | Mem:0.00M, Peak:0.00M | Scene, ViewLayer | Synchronizing object | Rear right drilled rotor perforation.064
Fra:1 Mem:228.24M (Peak 228.24M) | Time:00:01.86 | Mem:0.00M, Peak:0.00M | Scene, ViewLayer | Synchronizing object | Rear right drilled rotor perforation.007
Fra:1 Mem:228.21M (Peak 228.24M) | Time:00:01.86 | Mem:0.00M, Peak:0.00M | Scene, ViewLayer | Synchronizing object | Rear right drilled rotor perforation.008
Fra:1 Mem:228.34M (Peak 228.34M) | Time:00:01.86 | Mem:0.00M, Peak:0.00M | Scene, ViewLayer | Synchronizing object | Rear right drilled rotor perforation.009
Fra:1 Mem:228.29M (Peak 228.34M) | Time:00:01.86 | Mem:0.00M, Peak:0.00M | Scene, ViewLayer | Synchronizing object | Rear right drilled rotor perforation.010
Fra:1 Mem:228.30M (Peak 228.34M) | Time:00:01.86 | Mem:0.00M, Peak:0.00M | Scene, ViewLayer | Synchronizing object | Rear right drilled rotor perforation.062
Fra:1 Mem:228.31M (Peak 228.34M) | Time:00:01.86 | Mem:0.00M, Peak:0.00M | Scene, ViewLayer | Synchronizing object | Rear right drilled rotor perforation.011
Fra:1 Mem:228.30M (Peak 228.34M) | Time:00:01.86 | Mem:0.00M, Peak:0.00M | Scene, ViewLayer | Synchronizing object | Rear right drilled rotor perforation.012
Fra:1 Mem:228.36M (Peak 228.36M) | Time:00:01.86 | Mem:0.00M, Peak:0.00M | Scene, ViewLayer | Synchronizing object | Rear right drilled rotor perforation.060
Fra:1 Mem:228.43M (Peak 228.43M) | Time:00:01.86 | Mem:0.00M, Peak:0.00M | Scene, ViewLayer | Synchronizing object | Rear right drilled rotor perforation.014
Fra:1 Mem:228.37M (Peak 228.43M) | Time:00:01.86 | Mem:0.00M, Peak:0.00M | Scene, ViewLayer | Synchronizing object | Rear right drilled rotor perforation.016
Fra:1 Mem:228.44M (Peak 228.44M) | Time:00:01.86 | Mem:0.00M, Peak:0.00M | Scene, ViewLayer | Synchronizing object | Rear right drilled rotor perforation.059
Fra:1 Mem:228.47M (Peak 228.47M) | Time:00:01.86 | Mem:0.00M, Peak:0.00M | Scene, ViewLayer | Synchronizing object | Rear right drilled rotor perforation.018
Fra:1 Mem:228.42M (Peak 228.47M) | Time:00:01.86 | Mem:0.00M, Peak:0.00M | Scene, ViewLayer | Synchronizing object | Rear right drilled rotor perforation.058
Fra:1 Mem:228.52M (Peak 228.52M) | Time:00:01.86 | Mem:0.00M, Peak:0.00M | Scene, ViewLayer | Synchronizing object | Rear right drilled rotor perforation.020
Fra:1 Mem:228.47M (Peak 228.52M) | Time:00:01.86 | Mem:0.00M, Peak:0.00M | Scene, ViewLayer | Synchronizing object | Rear right drilled rotor perforation.022
Fra:1 Mem:228.57M (Peak 228.56M) | Time:00:01.86 | Mem:0.00M, Peak:0.00M | Scene, ViewLayer | Synchronizing object | Rear right drilled rotor perforation.023
Fra:1 Mem:228.55M (Peak 228.56M) | Time:00:01.86 | Mem:0.00M, Peak:0.00M | Scene, ViewLayer | Synchronizing object | Rear right drilled rotor perforation.056
Fra:1 Mem:228.56M (Peak 228.56M) | Time:00:01.86 | Mem:0.00M, Peak:0.00M | Scene, ViewLayer | Synchronizing object | Rear right drilled rotor perforation.024
Fra:1 Mem:228.58M (Peak 228.58M) | Time:00:01.86 | Mem:0.00M, Peak:0.00M | Scene, ViewLayer | Synchronizing object | Rear right drilled rotor perforation.025
Fra:1 Mem:228.58M (Peak 228.58M) | Time:00:01.86 | Mem:0.00M, Peak:0.00M | Scene, ViewLayer | Synchronizing object | Rear right drilled rotor perforation.055
Fra:1 Mem:228.62M (Peak 228.62M) | Time:00:01.86 | Mem:0.00M, Peak:0.00M | Scene, ViewLayer | Synchronizing object | Rear right drilled rotor perforation.026
Fra:1 Mem:228.60M (Peak 228.62M) | Time:00:01.86 | Mem:0.00M, Peak:0.00M | Scene, ViewLayer | Synchronizing object | Rear right drilled rotor perforation.027
Fra:1 Mem:228.62M (Peak 228.62M) | Time:00:01.86 | Mem:0.00M, Peak:0.00M | Scene, ViewLayer | Synchronizing object | Rear right drilled rotor perforation.054
Fra:1 Mem:228.68M (Peak 228.68M) | Time:00:01.86 | Mem:0.00M, Peak:0.00M | Scene, ViewLayer | Synchronizing object | Rear right drilled rotor perforation.028
Fra:1 Mem:228.66M (Peak 228.68M) | Time:00:01.86 | Mem:0.00M, Peak:0.00M | Scene, ViewLayer | Synchronizing object | Rear right drilled rotor perforation.029
Fra:1 Mem:228.65M (Peak 228.68M) | Time:00:01.86 | Mem:0.00M, Peak:0.00M | Scene, ViewLayer | Synchronizing object | Rear right drilled rotor perforation.053
Fra:1 Mem:228.68M (Peak 228.68M) | Time:00:01.86 | Mem:0.00M, Peak:0.00M | Scene, ViewLayer | Synchronizing object | Rear right drilled rotor perforation.030
Fra:1 Mem:228.72M (Peak 228.72M) | Time:00:01.86 | Mem:0.00M, Peak:0.00M | Scene, ViewLayer | Synchronizing object | Rear right drilled rotor perforation.031
Fra:1 Mem:228.71M (Peak 228.72M) | Time:00:01.86 | Mem:0.00M, Peak:0.00M | Scene, ViewLayer | Synchronizing object | Rear right drilled rotor perforation.032
Fra:1 Mem:228.72M (Peak 228.72M) | Time:00:01.86 | Mem:0.00M, Peak:0.00M | Scene, ViewLayer | Synchronizing object | Rear right drilled rotor perforation.052
Fra:1 Mem:228.73M (Peak 228.73M) | Time:00:01.86 | Mem:0.00M, Peak:0.00M | Scene, ViewLayer | Synchronizing object | Rear right drilled rotor perforation.033
Fra:1 Mem:228.77M (Peak 228.77M) | Time:00:01.86 | Mem:0.00M, Peak:0.00M | Scene, ViewLayer | Synchronizing object | Rear right drilled rotor perforation.034
Fra:1 Mem:228.77M (Peak 228.77M) | Time:00:01.86 | Mem:0.00M, Peak:0.00M | Scene, ViewLayer | Synchronizing object | Rear right drilled rotor perforation.051
Fra:1 Mem:228.76M (Peak 228.77M) | Time:00:01.86 | Mem:0.00M, Peak:0.00M | Scene, ViewLayer | Synchronizing object | Rear right drilled rotor perforation.035
Fra:1 Mem:228.80M (Peak 228.80M) | Time:00:01.86 | Mem:0.00M, Peak:0.00M | Scene, ViewLayer | Synchronizing object | Rear right drilled rotor perforation.050
Fra:1 Mem:228.78M (Peak 228.80M) | Time:00:01.86 | Mem:0.00M, Peak:0.00M | Scene, ViewLayer | Synchronizing object | Rear right drilled rotor perforation.036
Fra:1 Mem:228.83M (Peak 228.83M) | Time:00:01.86 | Mem:0.00M, Peak:0.00M | Scene, ViewLayer | Synchronizing object | Rear right drilled rotor perforation.037
Fra:1 Mem:228.81M (Peak 228.83M) | Time:00:01.86 | Mem:0.00M, Peak:0.00M | Scene, ViewLayer | Synchronizing object | Rear right drilled rotor perforation.049
Fra:1 Mem:228.83M (Peak 228.83M) | Time:00:01.86 | Mem:0.00M, Peak:0.00M | Scene, ViewLayer | Synchronizing object | Rear right drilled rotor perforation.038
Fra:1 Mem:228.89M (Peak 228.89M) | Time:00:01.86 | Mem:0.00M, Peak:0.00M | Scene, ViewLayer | Synchronizing object | Rear right drilled rotor perforation.048
Fra:1 Mem:228.85M (Peak 228.89M) | Time:00:01.86 | Mem:0.00M, Peak:0.00M | Scene, ViewLayer | Synchronizing object | Rear right drilled rotor perforation.039
Fra:1 Mem:228.90M (Peak 228.90M) | Time:00:01.86 | Mem:0.00M, Peak:0.00M | Scene, ViewLayer | Synchronizing object | Rear right drilled rotor perforation.040
Fra:1 Mem:228.91M (Peak 228.91M) | Time:00:01.86 | Mem:0.00M, Peak:0.00M | Scene, ViewLayer | Synchronizing object | Rear right drilled rotor perforation.047
Fra:1 Mem:228.90M (Peak 228.91M) | Time:00:01.86 | Mem:0.00M, Peak:0.00M | Scene, ViewLayer | Synchronizing object | Rear right drilled rotor perforation.041
Fra:1 Mem:228.96M (Peak 228.96M) | Time:00:01.86 | Mem:0.00M, Peak:0.00M | Scene, ViewLayer | Synchronizing object | Rear right drilled rotor perforation.042
Fra:1 Mem:228.94M (Peak 228.96M) | Time:00:01.86 | Mem:0.00M, Peak:0.00M | Scene, ViewLayer | Synchronizing object | Rear right drilled rotor perforation.043
Fra:1 Mem:228.93M (Peak 228.96M) | Time:00:01.86 | Mem:0.00M, Peak:0.00M | Scene, ViewLayer | Synchronizing object | Rear right drilled rotor perforation.046
Fra:1 Mem:228.98M (Peak 228.98M) | Time:00:01.86 | Mem:0.00M, Peak:0.00M | Scene, ViewLayer | Synchronizing object | Rear right drilled rotor perforation.045
Fra:1 Mem:228.97M (Peak 228.98M) | Time:00:01.86 | Mem:0.00M, Peak:0.00M | Scene, ViewLayer | Synchronizing object | Rear right drilled rotor perforation.044
Fra:1 Mem:229.00M (Peak 229.00M) | Time:00:01.87 | Mem:0.00M, Peak:0.00M | Scene, ViewLayer | Initializing
Fra:1 Mem:146.67M (Peak 229.00M) | Time:00:01.93 | Mem:0.00M, Peak:0.00M | Scene, ViewLayer | Waiting for render to start
Fra:1 Mem:146.68M (Peak 229.00M) | Time:00:01.93 | Mem:0.00M, Peak:0.00M | Scene, ViewLayer | Loading render kernels (may take a few minutes the first time)
Fra:1 Mem:146.68M (Peak 229.00M) | Time:00:01.93 | Mem:0.00M, Peak:0.00M | Scene, ViewLayer | Updating Scene
Fra:1 Mem:146.68M (Peak 229.00M) | Time:00:01.93 | Mem:0.00M, Peak:0.00M | Scene, ViewLayer | Updating Shaders
Fra:1 Mem:146.69M (Peak 229.00M) | Time:00:01.94 | Mem:0.01M, Peak:0.01M | Scene, ViewLayer | Updating Procedurals
Fra:1 Mem:146.69M (Peak 229.00M) | Time:00:01.94 | Mem:0.01M, Peak:0.01M | Scene, ViewLayer | Updating Background
Fra:1 Mem:146.69M (Peak 229.00M) | Time:00:01.94 | Mem:0.01M, Peak:0.01M | Scene, ViewLayer | Updating Camera
Fra:1 Mem:146.69M (Peak 229.00M) | Time:00:01.94 | Mem:0.01M, Peak:0.01M | Scene, ViewLayer | Updating Meshes Flags
Fra:1 Mem:146.69M (Peak 229.00M) | Time:00:01.94 | Mem:0.01M, Peak:0.01M | Scene, ViewLayer | Updating Objects
Fra:1 Mem:146.69M (Peak 229.00M) | Time:00:01.94 | Mem:0.01M, Peak:0.01M | Scene, ViewLayer | Updating Objects | Copying Transformations to device
Fra:1 Mem:146.85M (Peak 229.00M) | Time:00:01.94 | Mem:0.16M, Peak:0.16M | Scene, ViewLayer | Updating Objects | Applying Static Transformations
Fra:1 Mem:146.85M (Peak 229.00M) | Time:00:01.94 | Mem:0.16M, Peak:0.16M | Scene, ViewLayer | Updating Particle Systems
Fra:1 Mem:146.85M (Peak 229.00M) | Time:00:01.94 | Mem:0.16M, Peak:0.16M | Scene, ViewLayer | Updating Particle Systems | Copying Particles to device
Fra:1 Mem:146.85M (Peak 229.00M) | Time:00:01.94 | Mem:0.16M, Peak:0.16M | Scene, ViewLayer | Updating Meshes
Fra:1 Mem:160.99M (Peak 229.00M) | Time:00:01.98 | Mem:0.16M, Peak:0.16M | Scene, ViewLayer | Updating Mesh | Computing attributes
Fra:1 Mem:167.55M (Peak 229.00M) | Time:00:01.99 | Mem:0.21M, Peak:0.21M | Scene, ViewLayer | Updating Mesh | Copying Attributes to device
Fra:1 Mem:167.44M (Peak 229.00M) | Time:00:01.99 | Mem:6.61M, Peak:6.61M | Scene, ViewLayer | Updating Scene BVH | Building
Fra:1 Mem:167.45M (Peak 229.00M) | Time:00:01.99 | Mem:6.61M, Peak:6.61M | Scene, ViewLayer | Updating Scene BVH | Building BVH
Fra:1 Mem:167.45M (Peak 229.00M) | Time:00:01.99 | Mem:34.90M, Peak:34.90M | Scene, ViewLayer | Updating Scene BVH | Building BVH 0%
Fra:1 Mem:167.45M (Peak 229.00M) | Time:00:02.17 | Mem:66.61M, Peak:94.90M | Scene, ViewLayer | Updating Scene BVH | Copying BVH to device
Fra:1 Mem:167.45M (Peak 229.00M) | Time:00:02.17 | Mem:66.61M, Peak:94.90M | Scene, ViewLayer | Updating Mesh | Computing normals
Fra:1 Mem:202.21M (Peak 229.00M) | Time:00:02.20 | Mem:66.61M, Peak:94.90M | Scene, ViewLayer | Updating Mesh | Copying Mesh to device
Fra:1 Mem:202.21M (Peak 229.00M) | Time:00:02.20 | Mem:101.37M, Peak:101.37M | Scene, ViewLayer | Updating Objects Flags
Fra:1 Mem:202.21M (Peak 229.00M) | Time:00:02.20 | Mem:101.37M, Peak:101.37M | Scene, ViewLayer | Updating Primitive Offsets
Fra:1 Mem:202.21M (Peak 229.00M) | Time:00:02.20 | Mem:101.37M, Peak:101.37M | Scene, ViewLayer | Updating Images
Fra:1 Mem:202.21M (Peak 229.00M) | Time:00:02.20 | Mem:101.37M, Peak:101.37M | Scene, ViewLayer | Updating Camera Volume
Fra:1 Mem:202.21M (Peak 229.00M) | Time:00:02.20 | Mem:101.37M, Peak:101.37M | Scene, ViewLayer | Updating Lookup Tables
Fra:1 Mem:202.21M (Peak 229.00M) | Time:00:02.20 | Mem:101.37M, Peak:101.37M | Scene, ViewLayer | Updating Lights
Fra:1 Mem:202.21M (Peak 229.00M) | Time:00:02.20 | Mem:101.38M, Peak:101.38M | Scene, ViewLayer | Updating Lights | Computing distribution
Fra:1 Mem:202.21M (Peak 229.00M) | Time:00:02.20 | Mem:101.38M, Peak:101.38M | Scene, ViewLayer | Updating Lights | Computing tree
Fra:1 Mem:203.66M (Peak 229.00M) | Time:00:02.23 | Mem:102.82M, Peak:102.82M | Scene, ViewLayer | Updating Integrator
Fra:1 Mem:204.66M (Peak 229.00M) | Time:00:02.23 | Mem:103.82M, Peak:103.82M | Scene, ViewLayer | Updating Film
Fra:1 Mem:204.66M (Peak 229.00M) | Time:00:02.23 | Mem:103.82M, Peak:103.82M | Scene, ViewLayer | Updating Lookup Tables
Fra:1 Mem:204.66M (Peak 229.00M) | Time:00:02.23 | Mem:103.83M, Peak:103.83M | Scene, ViewLayer | Updating Baking
Fra:1 Mem:204.66M (Peak 229.00M) | Time:00:02.23 | Mem:103.83M, Peak:103.83M | Scene, ViewLayer | Updating Device | Writing constant memory
Fra:1 Mem:204.67M (Peak 229.00M) | Time:00:02.23 | Mem:103.83M, Peak:103.83M | Scene, ViewLayer | Sample 0/24
Fra:1 Mem:261.52M (Peak 261.52M) | Time:00:03.70 | Remaining:00:33.70 | Mem:160.65M, Peak:160.65M | Scene, ViewLayer | Sample 1/24
Fra:1 Mem:261.52M (Peak 261.52M) | Time:00:23.36 | Remaining:00:08.69 | Mem:160.65M, Peak:160.65M | Scene, ViewLayer | Sample 17/24
Fra:1 Mem:285.45M (Peak 321.34M) | Time:00:36.12 | Mem:160.65M, Peak:160.65M | Scene, ViewLayer | Sample 24/24
Fra:1 Mem:285.45M (Peak 321.34M) | Time:00:36.12 | Mem:160.65M, Peak:160.65M | Scene, ViewLayer | Finished
Saved: 'C:\MyProjects\TempProject (OpenAI)\su7\renders\draft_02_front_hero.png'
 Time: 00:36.77 (Saving: 00:00.61)

Fra:1 Mem:179.11M (Peak 179.11M) | Time:00:01.44 | Mem:0.00M, Peak:0.00M | Scene, ViewLayer | Synchronizing object | Unified aluminum body | welded hood, quarters and bumpers
Fra:1 Mem:179.11M (Peak 179.11M) | Time:00:01.44 | Mem:0.00M, Peak:0.00M | Scene, ViewLayer | Synchronizing object | Window perimeter | satin black surround
Fra:1 Mem:184.25M (Peak 184.25M) | Time:00:01.44 | Mem:0.00M, Peak:0.00M | Scene, ViewLayer | Synchronizing object | B pillar black trim
Fra:1 Mem:184.29M (Peak 184.29M) | Time:00:01.44 | Mem:0.00M, Peak:0.00M | Scene, ViewLayer | Synchronizing object | B pillar black trim.001
Fra:1 Mem:184.60M (Peak 184.60M) | Time:00:01.44 | Mem:0.00M, Peak:0.00M | Scene, ViewLayer | Synchronizing object | B pillar black trim.002
Fra:1 Mem:184.64M (Peak 184.64M) | Time:00:01.44 | Mem:0.00M, Peak:0.00M | Scene, ViewLayer | Synchronizing object | Rear quarter glass division
Fra:1 Mem:184.67M (Peak 184.67M) | Time:00:01.44 | Mem:0.00M, Peak:0.00M | Scene, ViewLayer | Synchronizing object | Roof drip molding
Fra:1 Mem:184.78M (Peak 184.78M) | Time:00:01.44 | Mem:0.00M, Peak:0.00M | Scene, ViewLayer | Synchronizing object | Window perimeter | satin black surround.001
Fra:1 Mem:184.99M (Peak 184.99M) | Time:00:01.44 | Mem:0.00M, Peak:0.00M | Scene, ViewLayer | Synchronizing object | B pillar black trim.003
Fra:1 Mem:185.03M (Peak 185.03M) | Time:00:01.44 | Mem:0.00M, Peak:0.00M | Scene, ViewLayer | Synchronizing object | B pillar black trim.004
Fra:1 Mem:185.07M (Peak 185.07M) | Time:00:01.44 | Mem:0.00M, Peak:0.00M | Scene, ViewLayer | Synchronizing object | B pillar black trim.005
Fra:1 Mem:185.11M (Peak 185.11M) | Time:00:01.44 | Mem:0.00M, Peak:0.00M | Scene, ViewLayer | Synchronizing object | Rear quarter glass division.001
Fra:1 Mem:185.15M (Peak 185.15M) | Time:00:01.44 | Mem:0.00M, Peak:0.00M | Scene, ViewLayer | Synchronizing object | Roof drip molding.001
Fra:1 Mem:185.26M (Peak 185.26M) | Time:00:01.44 | Mem:0.00M, Peak:0.00M | Scene, ViewLayer | Synchronizing object | Panoramic roof transverse joint
Fra:1 Mem:185.32M (Peak 185.32M) | Time:00:01.44 | Mem:0.00M, Peak:0.00M | Scene, ViewLayer | Synchronizing object | Panoramic roof transverse joint.001
Fra:1 Mem:185.36M (Peak 185.36M) | Time:00:01.44 | Mem:0.00M, Peak:0.00M | Scene, ViewLayer | Synchronizing object | Smooth continuous side glass
Fra:1 Mem:185.52M (Peak 185.52M) | Time:00:01.44 | Mem:0.00M, Peak:0.00M | Scene, ViewLayer | Synchronizing object | Hood precision shut line
Fra:1 Mem:185.70M (Peak 185.70M) | Time:00:01.44 | Mem:0.00M, Peak:0.00M | Scene, ViewLayer | Synchronizing object | Smooth continuous side glass.001
Fra:1 Mem:185.76M (Peak 185.76M) | Time:00:01.44 | Mem:0.00M, Peak:0.00M | Scene, ViewLayer | Synchronizing object | Front door leading gap
Fra:1 Mem:185.97M (Peak 185.97M) | Time:00:01.44 | Mem:0.00M, Peak:0.00M | Scene, ViewLayer | Synchronizing object | B pillar door gap
Fra:1 Mem:186.04M (Peak 186.04M) | Time:00:01.44 | Mem:0.00M, Peak:0.00M | Scene, ViewLayer | Synchronizing object | Rear door trailing gap
Fra:1 Mem:186.10M (Peak 186.10M) | Time:00:01.44 | Mem:0.00M, Peak:0.00M | Scene, ViewLayer | Synchronizing object | Rocker sill
Fra:1 Mem:186.17M (Peak 186.17M) | Time:00:01.44 | Mem:0.00M, Peak:0.00M | Scene, ViewLayer | Synchronizing object | Rocker silver edge
Fra:1 Mem:186.23M (Peak 186.23M) | Time:00:01.44 | Mem:0.00M, Peak:0.00M | Scene, ViewLayer | Synchronizing object | Handle finger undercut
Fra:1 Mem:186.24M (Peak 186.24M) | Time:00:01.44 | Mem:0.00M, Peak:0.00M | Scene, ViewLayer | Synchronizing object | Handle finger undercut.001
Fra:1 Mem:186.24M (Peak 186.24M) | Time:00:01.44 | Mem:0.00M, Peak:0.00M | Scene, ViewLayer | Synchronizing object | Charging door
Fra:1 Mem:186.29M (Peak 186.29M) | Time:00:01.44 | Mem:0.00M, Peak:0.00M | Scene, ViewLayer | Synchronizing object | Fender blade polished edge
Fra:1 Mem:186.29M (Peak 186.29M) | Time:00:01.44 | Mem:0.00M, Peak:0.00M | Scene, ViewLayer | Synchronizing object | Flush door handle recess
Fra:1 Mem:186.30M (Peak 186.30M) | Time:00:01.44 | Mem:0.00M, Peak:0.00M | Scene, ViewLayer | Synchronizing object | Mirror stalk
Fra:1 Mem:186.31M (Peak 186.31M) | Time:00:01.44 | Mem:0.00M, Peak:0.00M | Scene, ViewLayer | Synchronizing object | Flush door handle | Aqua Blue
Fra:1 Mem:186.37M (Peak 186.37M) | Time:00:01.44 | Mem:0.00M, Peak:0.00M | Scene, ViewLayer | Synchronizing object | Mirror LED indicator
Fra:1 Mem:186.47M (Peak 186.47M) | Time:00:01.45 | Mem:0.00M, Peak:0.00M | Scene, ViewLayer | Synchronizing object | Rolled painted wheel arch lip
Fra:1 Mem:186.54M (Peak 186.54M) | Time:00:01.45 | Mem:0.00M, Peak:0.00M | Scene, ViewLayer | Synchronizing object | Wheelhouse dark reveal
Fra:1 Mem:186.63M (Peak 186.63M) | Time:00:01.45 | Mem:0.00M, Peak:0.00M | Scene, ViewLayer | Synchronizing object | Flush door handle recess.001
Fra:1 Mem:186.61M (Peak 186.63M) | Time:00:01.45 | Mem:0.00M, Peak:0.00M | Scene, ViewLayer | Synchronizing object | Flush door handle | Aqua Blue.001
Fra:1 Mem:186.66M (Peak 186.66M) | Time:00:01.45 | Mem:0.00M, Peak:0.00M | Scene, ViewLayer | Synchronizing object | Rolled painted wheel arch lip.001
Fra:1 Mem:186.87M (Peak 186.87M) | Time:00:01.45 | Mem:0.00M, Peak:0.00M | Scene, ViewLayer | Synchronizing object | Wheelhouse dark reveal.001
Fra:1 Mem:186.88M (Peak 186.88M) | Time:00:01.45 | Mem:0.00M, Peak:0.00M | Scene, ViewLayer | Synchronizing object | Front fender black air blade
Fra:1 Mem:186.88M (Peak 186.88M) | Time:00:01.45 | Mem:0.00M, Peak:0.00M | Scene, ViewLayer | Synchronizing object | Hood precision shut line.001
Fra:1 Mem:186.97M (Peak 186.97M) | Time:00:01.45 | Mem:0.00M, Peak:0.00M | Scene, ViewLayer | Synchronizing object | Mirror black lower housing.001
Fra:1 Mem:187.06M (Peak 187.06M) | Time:00:01.45 | Mem:0.00M, Peak:0.00M | Scene, ViewLayer | Synchronizing object | Mirror painted upper cap.001
Fra:1 Mem:187.08M (Peak 187.08M) | Time:00:01.45 | Mem:0.00M, Peak:0.00M | Scene, ViewLayer | Synchronizing object | Front door leading gap.001
Fra:1 Mem:187.19M (Peak 187.19M) | Time:00:01.45 | Mem:0.00M, Peak:0.00M | Scene, ViewLayer | Synchronizing object | Mirror reflective glass.001
Fra:1 Mem:187.26M (Peak 187.26M) | Time:00:01.45 | Mem:0.00M, Peak:0.00M | Scene, ViewLayer | Synchronizing object | B pillar door gap.001
Fra:1 Mem:187.31M (Peak 187.31M) | Time:00:01.45 | Mem:0.00M, Peak:0.00M | Scene, ViewLayer | Synchronizing object | Wheelhouse liner
Fra:1 Mem:187.34M (Peak 187.34M) | Time:00:01.45 | Mem:0.00M, Peak:0.00M | Scene, ViewLayer | Synchronizing object | Wheelhouse liner.001
Fra:1 Mem:187.36M (Peak 187.36M) | Time:00:01.45 | Mem:0.00M, Peak:0.00M | Scene, ViewLayer | Synchronizing object | Rear door trailing gap.001
Fra:1 Mem:187.49M (Peak 187.49M) | Time:00:01.45 | Mem:0.00M, Peak:0.00M | Scene, ViewLayer | Synchronizing object | Rocker sill.001
Fra:1 Mem:187.56M (Peak 187.56M) | Time:00:01.45 | Mem:0.00M, Peak:0.00M | Scene, ViewLayer | Synchronizing object | Rocker silver edge.001
Fra:1 Mem:195.20M (Peak 195.20M) | Time:00:01.45 | Mem:0.00M, Peak:0.00M | Scene, ViewLayer | Synchronizing object | Handle finger undercut.002
Fra:1 Mem:195.20M (Peak 195.20M) | Time:00:01.45 | Mem:0.00M, Peak:0.00M | Scene, ViewLayer | Synchronizing object | Handle finger undercut.003
Fra:1 Mem:195.20M (Peak 195.20M) | Time:00:01.45 | Mem:0.00M, Peak:0.00M | Scene, ViewLayer | Synchronizing object | Fender blade polished edge.001
Fra:1 Mem:195.21M (Peak 195.21M) | Time:00:01.45 | Mem:0.00M, Peak:0.00M | Scene, ViewLayer | Synchronizing object | Mirror stalk.001
Fra:1 Mem:195.21M (Peak 195.21M) | Time:00:01.45 | Mem:0.00M, Peak:0.00M | Scene, ViewLayer | Synchronizing object | Mirror LED indicator.001
Fra:1 Mem:195.25M (Peak 195.25M) | Time:00:01.45 | Mem:0.00M, Peak:0.00M | Scene, ViewLayer | Synchronizing object | Rolled painted wheel arch lip.002
Fra:1 Mem:195.35M (Peak 195.35M) | Time:00:01.45 | Mem:0.00M, Peak:0.00M | Scene, ViewLayer | Synchronizing object | Wheelhouse dark reveal.002
Fra:1 Mem:195.46M (Peak 195.46M) | Time:00:01.45 | Mem:0.00M, Peak:0.00M | Scene, ViewLayer | Synchronizing object | Rolled painted wheel arch lip.003
Fra:1 Mem:195.56M (Peak 195.56M) | Time:00:01.45 | Mem:0.00M, Peak:0.00M | Scene, ViewLayer | Synchronizing object | Wheelhouse dark reveal.003
Fra:1 Mem:195.67M (Peak 195.67M) | Time:00:01.45 | Mem:0.00M, Peak:0.00M | Scene, ViewLayer | Synchronizing object | Headlight rubber gasket
Fra:1 Mem:195.70M (Peak 195.70M) | Time:00:01.45 | Mem:0.00M, Peak:0.00M | Scene, ViewLayer | Synchronizing object | Headlight thin polished housing
Fra:1 Mem:195.74M (Peak 195.74M) | Time:00:01.45 | Mem:0.00M, Peak:0.00M | Scene, ViewLayer | Synchronizing object | Signature diagonal DRL
Fra:1 Mem:195.79M (Peak 195.79M) | Time:00:01.45 | Mem:0.00M, Peak:0.00M | Scene, ViewLayer | Synchronizing object | Lower optical return guide
Fra:1 Mem:198.27M (Peak 198.27M) | Time:00:01.45 | Mem:0.00M, Peak:0.00M | Scene, ViewLayer | Synchronizing object | Corner intake rim
Fra:1 Mem:198.29M (Peak 198.29M) | Time:00:01.45 | Mem:0.00M, Peak:0.00M | Scene, ViewLayer | Synchronizing object | Air curtain inner fin
Fra:1 Mem:198.29M (Peak 198.29M) | Time:00:01.45 | Mem:0.00M, Peak:0.00M | Scene, ViewLayer | Synchronizing object | Headlight rubber gasket.001
Fra:1 Mem:198.33M (Peak 198.33M) | Time:00:01.45 | Mem:0.00M, Peak:0.00M | Scene, ViewLayer | Synchronizing object | Headlight thin polished housing.001
Fra:1 Mem:198.36M (Peak 198.36M) | Time:00:01.45 | Mem:0.00M, Peak:0.00M | Scene, ViewLayer | Synchronizing object | Signature diagonal DRL.001
Fra:1 Mem:198.42M (Peak 198.42M) | Time:00:01.45 | Mem:0.00M, Peak:0.00M | Scene, ViewLayer | Synchronizing object | Lower optical return guide.001
Fra:1 Mem:198.47M (Peak 198.47M) | Time:00:01.45 | Mem:0.00M, Peak:0.00M | Scene, ViewLayer | Synchronizing object | Corner intake rim.001
Fra:1 Mem:198.50M (Peak 198.50M) | Time:00:01.45 | Mem:0.00M, Peak:0.00M | Scene, ViewLayer | Synchronizing object | Air curtain inner fin.001
Fra:1 Mem:200.92M (Peak 200.92M) | Time:00:01.45 | Mem:0.00M, Peak:0.00M | Scene, ViewLayer | Synchronizing object | Flush door handle | Aqua Blue.002
Fra:1 Mem:200.95M (Peak 200.95M) | Time:00:01.45 | Mem:0.00M, Peak:0.00M | Scene, ViewLayer | Synchronizing object | Satin front intake frame
Fra:1 Mem:201.09M (Peak 201.09M) | Time:00:01.45 | Mem:0.00M, Peak:0.00M | Scene, ViewLayer | Synchronizing object | Painted intake ring
Fra:1 Mem:201.00M (Peak 201.09M) | Time:00:01.45 | Mem:0.00M, Peak:0.00M | Scene, ViewLayer | Synchronizing object | Painted intake ring.001
Fra:1 Mem:201.11M (Peak 201.11M) | Time:00:01.45 | Mem:0.00M, Peak:0.00M | Scene, ViewLayer | Synchronizing object | Horizontal grille louver
Fra:1 Mem:201.18M (Peak 201.18M) | Time:00:01.46 | Mem:0.00M, Peak:0.00M | Scene, ViewLayer | Synchronizing object | Horizontal grille louver.001
Fra:1 Mem:201.16M (Peak 201.18M) | Time:00:01.46 | Mem:0.00M, Peak:0.00M | Scene, ViewLayer | Synchronizing object | Horizontal grille louver.002
Fra:1 Mem:201.14M (Peak 201.18M) | Time:00:01.46 | Mem:0.00M, Peak:0.00M | Scene, ViewLayer | Synchronizing object | Flush door handle | Aqua Blue.003
Fra:1 Mem:201.15M (Peak 201.18M) | Time:00:01.46 | Mem:0.00M, Peak:0.00M | Scene, ViewLayer | Synchronizing object | Horizontal grille louver.003
Fra:1 Mem:201.22M (Peak 201.22M) | Time:00:01.46 | Mem:0.00M, Peak:0.00M | Scene, ViewLayer | Synchronizing object | Grille vertical reinforcement
Fra:1 Mem:201.30M (Peak 201.30M) | Time:00:01.46 | Mem:0.00M, Peak:0.00M | Scene, ViewLayer | Synchronizing object | Grille vertical reinforcement.001
Fra:1 Mem:201.31M (Peak 201.31M) | Time:00:01.46 | Mem:0.00M, Peak:0.00M | Scene, ViewLayer | Synchronizing object | Grille vertical reinforcement.002
Fra:1 Mem:201.33M (Peak 201.33M) | Time:00:01.46 | Mem:0.00M, Peak:0.00M | Scene, ViewLayer | Synchronizing object | Grille vertical reinforcement.003
Fra:1 Mem:201.27M (Peak 201.33M) | Time:00:01.46 | Mem:0.00M, Peak:0.00M | Scene, ViewLayer | Synchronizing object | Grille vertical reinforcement.004
Fra:1 Mem:201.29M (Peak 201.33M) | Time:00:01.46 | Mem:0.00M, Peak:0.00M | Scene, ViewLayer | Synchronizing object | Front fender black air blade.001
Fra:1 Mem:201.26M (Peak 201.33M) | Time:00:01.46 | Mem:0.00M, Peak:0.00M | Scene, ViewLayer | Synchronizing object | Side camera lens
Fra:1 Mem:201.27M (Peak 201.33M) | Time:00:01.46 | Mem:0.00M, Peak:0.00M | Scene, ViewLayer | Synchronizing object | Grille vertical reinforcement.005
Fra:1 Mem:201.33M (Peak 201.33M) | Time:00:01.46 | Mem:0.00M, Peak:0.00M | Scene, ViewLayer | Synchronizing object | Mirror painted upper cap
Fra:1 Mem:201.46M (Peak 201.46M) | Time:00:01.46 | Mem:0.00M, Peak:0.00M | Scene, ViewLayer | Synchronizing object | Grille vertical reinforcement.006
Fra:1 Mem:201.46M (Peak 201.46M) | Time:00:01.46 | Mem:0.00M, Peak:0.00M | Scene, ViewLayer | Synchronizing object | Grille vertical reinforcement.007
Fra:1 Mem:201.46M (Peak 201.46M) | Time:00:01.46 | Mem:0.00M, Peak:0.00M | Scene, ViewLayer | Synchronizing object | Wheelhouse liner.002
Fra:1 Mem:201.54M (Peak 201.54M) | Time:00:01.46 | Mem:0.00M, Peak:0.00M | Scene, ViewLayer | Synchronizing object | Grille vertical reinforcement.008
Fra:1 Mem:201.55M (Peak 201.55M) | Time:00:01.46 | Mem:0.00M, Peak:0.00M | Scene, ViewLayer | Synchronizing object | Grille vertical reinforcement.009
Fra:1 Mem:201.55M (Peak 201.55M) | Time:00:01.46 | Mem:0.00M, Peak:0.00M | Scene, ViewLayer | Synchronizing object | Wheelhouse liner.003
Fra:1 Mem:201.55M (Peak 201.55M) | Time:00:01.46 | Mem:0.00M, Peak:0.00M | Scene, ViewLayer | Synchronizing object | Grille vertical reinforcement.010
Fra:1 Mem:201.57M (Peak 201.57M) | Time:00:01.46 | Mem:0.00M, Peak:0.00M | Scene, ViewLayer | Synchronizing object | Front splitter blade
Fra:1 Mem:201.59M (Peak 201.59M) | Time:00:01.46 | Mem:0.00M, Peak:0.00M | Scene, ViewLayer | Synchronizing object | Waterdrop headlight | smoked lens
Fra:1 Mem:201.69M (Peak 201.69M) | Time:00:01.46 | Mem:0.00M, Peak:0.00M | Scene, ViewLayer | Synchronizing object | Individual LED projector.001
Fra:1 Mem:201.77M (Peak 201.77M) | Time:00:01.46 | Mem:0.00M, Peak:0.00M | Scene, ViewLayer | Synchronizing object | Front plate lettering
Fra:1 Mem:201.96M (Peak 201.96M) | Time:00:01.46 | Mem:0.00M, Peak:0.00M | Scene, ViewLayer | Synchronizing object | Projector optic.001
Fra:1 Mem:202.03M (Peak 202.03M) | Time:00:01.46 | Mem:0.00M, Peak:0.00M | Scene, ViewLayer | Synchronizing object | Individual LED projector.002
Fra:1 Mem:202.52M (Peak 202.52M) | Time:00:01.46 | Mem:0.00M, Peak:0.00M | Scene, ViewLayer | Synchronizing object | Projector optic.002
Fra:1 Mem:202.89M (Peak 202.89M) | Time:00:01.46 | Mem:0.00M, Peak:0.00M | Scene, ViewLayer | Synchronizing object | Individual LED projector.003
Fra:1 Mem:202.96M (Peak 202.96M) | Time:00:01.46 | Mem:0.00M, Peak:0.00M | Scene, ViewLayer | Synchronizing object | Projector optic.003
Fra:1 Mem:203.02M (Peak 203.02M) | Time:00:01.46 | Mem:0.00M, Peak:0.00M | Scene, ViewLayer | Synchronizing object | Individual LED projector.004
Fra:1 Mem:203.16M (Peak 203.16M) | Time:00:01.46 | Mem:0.00M, Peak:0.00M | Scene, ViewLayer | Synchronizing object | Projector optic.004
Fra:1 Mem:203.22M (Peak 203.22M) | Time:00:01.46 | Mem:0.00M, Peak:0.00M | Scene, ViewLayer | Synchronizing object | Vertical corner air curtain
Fra:1 Mem:203.24M (Peak 203.24M) | Time:00:01.46 | Mem:0.00M, Peak:0.00M | Scene, ViewLayer | Synchronizing object | Waterdrop headlight | smoked lens.001
Fra:1 Mem:203.26M (Peak 203.26M) | Time:00:01.46 | Mem:0.00M, Peak:0.00M | Scene, ViewLayer | Synchronizing object | Hood mi insignia
Fra:1 Mem:203.31M (Peak 203.31M) | Time:00:01.46 | Mem:0.00M, Peak:0.00M | Scene, ViewLayer | Synchronizing object | Individual LED projector.005
Fra:1 Mem:203.54M (Peak 203.54M) | Time:00:01.46 | Mem:0.00M, Peak:0.00M | Scene, ViewLayer | Synchronizing object | Projector optic.005
Fra:1 Mem:203.62M (Peak 203.62M) | Time:00:01.46 | Mem:0.00M, Peak:0.00M | Scene, ViewLayer | Synchronizing object | Individual LED projector.006
Fra:1 Mem:203.69M (Peak 203.69M) | Time:00:01.46 | Mem:0.00M, Peak:0.00M | Scene, ViewLayer | Synchronizing object | Rear lamp outer seal
Fra:1 Mem:203.72M (Peak 203.72M) | Time:00:01.46 | Mem:0.00M, Peak:0.00M | Scene, ViewLayer | Synchronizing object | Projector optic.006
Fra:1 Mem:203.80M (Peak 203.80M) | Time:00:01.46 | Mem:0.00M, Peak:0.00M | Scene, ViewLayer | Synchronizing object | Continuous halo rear LED
Fra:1 Mem:203.81M (Peak 203.81M) | Time:00:01.46 | Mem:0.00M, Peak:0.00M | Scene, ViewLayer | Synchronizing object | Individual LED projector.007
Fra:1 Mem:203.91M (Peak 203.91M) | Time:00:01.46 | Mem:0.00M, Peak:0.00M | Scene, ViewLayer | Synchronizing object | Lower full-width LED filament
Fra:1 Mem:203.95M (Peak 203.95M) | Time:00:01.46 | Mem:0.00M, Peak:0.00M | Scene, ViewLayer | Synchronizing object | Projector optic.007
Fra:1 Mem:204.16M (Peak 204.16M) | Time:00:01.46 | Mem:0.00M, Peak:0.00M | Scene, ViewLayer | Synchronizing object | Individual LED projector
Fra:1 Mem:204.16M (Peak 204.16M) | Time:00:01.46 | Mem:0.00M, Peak:0.00M | Scene, ViewLayer | Synchronizing object | Inner taillight return
Fra:1 Mem:204.21M (Peak 204.21M) | Time:00:01.46 | Mem:0.00M, Peak:0.00M | Scene, ViewLayer | Synchronizing object | Rear vent rim
Fra:1 Mem:204.25M (Peak 204.25M) | Time:00:01.46 | Mem:0.00M, Peak:0.00M | Scene, ViewLayer | Synchronizing object | Trunk panel shut line
Fra:1 Mem:204.27M (Peak 204.27M) | Time:00:01.46 | Mem:0.00M, Peak:0.00M | Scene, ViewLayer | Synchronizing object | Projector optic
Fra:1 Mem:204.39M (Peak 204.39M) | Time:00:01.46 | Mem:0.00M, Peak:0.00M | Scene, ViewLayer | Synchronizing object | Inner taillight return.001
Fra:1 Mem:204.39M (Peak 204.39M) | Time:00:01.46 | Mem:0.00M, Peak:0.00M | Scene, ViewLayer | Synchronizing object | Vertical corner air curtain.001
Fra:1 Mem:204.39M (Peak 204.39M) | Time:00:01.46 | Mem:0.00M, Peak:0.00M | Scene, ViewLayer | Synchronizing object | Rear vent rim.001
Fra:1 Mem:204.43M (Peak 204.43M) | Time:00:01.46 | Mem:0.00M, Peak:0.00M | Scene, ViewLayer | Synchronizing object | Wide trapezoidal front lower intake
Fra:1 Mem:204.44M (Peak 204.44M) | Time:00:01.46 | Mem:0.00M, Peak:0.00M | Scene, ViewLayer | Synchronizing object | Trunk panel shut line.001
Fra:1 Mem:204.45M (Peak 204.45M) | Time:00:01.46 | Mem:0.00M, Peak:0.00M | Scene, ViewLayer | Synchronizing object | Sculpted Aqua Blue intake side surround
Fra:1 Mem:204.52M (Peak 204.52M) | Time:00:01.46 | Mem:0.00M, Peak:0.00M | Scene, ViewLayer | Synchronizing object | Sculpted Aqua Blue intake side surround.001
Fra:1 Mem:204.54M (Peak 204.54M) | Time:00:01.46 | Mem:0.00M, Peak:0.00M | Scene, ViewLayer | Synchronizing object | Front license plate bracket
Fra:1 Mem:204.54M (Peak 204.54M) | Time:00:01.46 | Mem:0.00M, Peak:0.00M | Scene, ViewLayer | Synchronizing object | Rear diffuser painted buttress
Fra:1 Mem:204.68M (Peak 204.68M) | Time:00:01.46 | Mem:0.00M, Peak:0.00M | Scene, ViewLayer | Synchronizing object | Rear diffuser painted buttress.001
Fra:1 Mem:204.71M (Peak 204.71M) | Time:00:01.46 | Mem:0.00M, Peak:0.00M | Scene, ViewLayer | Synchronizing object | Front license plate
Fra:1 Mem:204.73M (Peak 204.73M) | Time:00:01.46 | Mem:0.00M, Peak:0.00M | Scene, ViewLayer | Synchronizing object | Rear diffuser lower lip
Fra:1 Mem:204.85M (Peak 204.85M) | Time:00:01.46 | Mem:0.00M, Peak:0.00M | Scene, ViewLayer | Synchronizing object | Ultrasonic parking sensor
Fra:1 Mem:204.90M (Peak 204.90M) | Time:00:01.46 | Mem:0.00M, Peak:0.00M | Scene, ViewLayer | Synchronizing object | Rear plate SU7
Fra:1 Mem:205.15M (Peak 205.15M) | Time:00:01.46 | Mem:0.00M, Peak:0.00M | Scene, ViewLayer | Synchronizing object | License plate screw
Fra:1 Mem:205.21M (Peak 205.21M) | Time:00:01.46 | Mem:0.00M, Peak:0.00M | Scene, ViewLayer | Synchronizing object | Rear spaced Xiaomi lettering
Fra:1 Mem:205.31M (Peak 205.31M) | Time:00:01.46 | Mem:0.00M, Peak:0.00M | Scene, ViewLayer | Synchronizing object | Ultrasonic parking sensor.001
Fra:1 Mem:205.84M (Peak 205.84M) | Time:00:01.46 | Mem:0.00M, Peak:0.00M | Scene, ViewLayer | Synchronizing object | License plate screw.001
Fra:1 Mem:205.89M (Peak 205.89M) | Time:00:01.46 | Mem:0.00M, Peak:0.00M | Scene, ViewLayer | Synchronizing object | Rear model badge
Fra:1 Mem:206.16M (Peak 206.16M) | Time:00:01.46 | Mem:0.00M, Peak:0.00M | Scene, ViewLayer | Synchronizing object | Xiaomi hood emblem
Fra:1 Mem:206.29M (Peak 206.29M) | Time:00:01.46 | Mem:0.00M, Peak:0.00M | Scene, ViewLayer | Synchronizing object | Front perception camera
Fra:1 Mem:206.31M (Peak 206.31M) | Time:00:01.46 | Mem:0.00M, Peak:0.00M | Scene, ViewLayer | Synchronizing object | Rear Max badge
Fra:1 Mem:206.60M (Peak 206.60M) | Time:00:01.47 | Mem:0.00M, Peak:0.00M | Scene, ViewLayer | Synchronizing object | Full-width smoked rear lamp housing
Fra:1 Mem:206.60M (Peak 206.60M) | Time:00:01.47 | Mem:0.00M, Peak:0.00M | Scene, ViewLayer | Synchronizing object | Rear manufacturer badge
Fra:1 Mem:206.80M (Peak 206.80M) | Time:00:01.47 | Mem:0.00M, Peak:0.00M | Scene, ViewLayer | Synchronizing object | Integrated rear deck ducktail
Fra:1 Mem:206.93M (Peak 206.93M) | Time:00:01.47 | Mem:0.00M, Peak:0.00M | Scene, ViewLayer | Synchronizing object | Retractable spoiler shut line
Fra:1 Mem:207.06M (Peak 207.06M) | Time:00:01.47 | Mem:0.00M, Peak:0.00M | Scene, ViewLayer | Synchronizing object | Halo rear red optical bed
Fra:1 Mem:207.09M (Peak 207.09M) | Time:00:01.47 | Mem:0.00M, Peak:0.00M | Scene, ViewLayer | Synchronizing object | Rear bumper side air outlet
Fra:1 Mem:207.11M (Peak 207.11M) | Time:00:01.47 | Mem:0.00M, Peak:0.00M | Scene, ViewLayer | Synchronizing object | Rear lower reflector
Fra:1 Mem:207.11M (Peak 207.11M) | Time:00:01.47 | Mem:0.00M, Peak:0.00M | Scene, ViewLayer | Synchronizing object | Front left caliper marking
Fra:1 Mem:207.68M (Peak 207.68M) | Time:00:01.47 | Mem:0.00M, Peak:0.00M | Scene, ViewLayer | Synchronizing object | Rear bumper side air outlet.001
Fra:1 Mem:207.80M (Peak 207.80M) | Time:00:01.47 | Mem:0.00M, Peak:0.00M | Scene, ViewLayer | Synchronizing object | Rear lower reflector.001
Fra:1 Mem:207.88M (Peak 207.88M) | Time:00:01.47 | Mem:0.00M, Peak:0.00M | Scene, ViewLayer | Synchronizing object | Front left center mi logo
Fra:1 Mem:208.11M (Peak 208.11M) | Time:00:01.47 | Mem:0.00M, Peak:0.00M | Scene, ViewLayer | Synchronizing object | Front left sidewall lettering
Fra:1 Mem:208.13M (Peak 208.13M) | Time:00:01.47 | Mem:0.00M, Peak:0.00M | Scene, ViewLayer | Synchronizing object | Front left sidewall lettering.001
Fra:1 Mem:208.13M (Peak 208.13M) | Time:00:01.47 | Mem:0.00M, Peak:0.00M | Scene, ViewLayer | Synchronizing object | Front left sidewall lettering.002
Fra:1 Mem:208.27M (Peak 208.27M) | Time:00:01.47 | Mem:0.00M, Peak:0.00M | Scene, ViewLayer | Synchronizing object | Front left sidewall lettering.003
Fra:1 Mem:208.29M (Peak 208.29M) | Time:00:01.47 | Mem:0.00M, Peak:0.00M | Scene, ViewLayer | Synchronizing object | Front left sidewall lettering.004
Fra:1 Mem:208.30M (Peak 208.30M) | Time:00:01.47 | Mem:0.00M, Peak:0.00M | Scene, ViewLayer | Synchronizing object | Front left sidewall lettering.005
Fra:1 Mem:208.31M (Peak 208.31M) | Time:00:01.47 | Mem:0.00M, Peak:0.00M | Scene, ViewLayer | Synchronizing object | Front left sidewall lettering.006
Fra:1 Mem:208.32M (Peak 208.32M) | Time:00:01.47 | Mem:0.00M, Peak:0.00M | Scene, ViewLayer | Synchronizing object | Front left sidewall lettering.007
Fra:1 Mem:208.33M (Peak 208.33M) | Time:00:01.47 | Mem:0.00M, Peak:0.00M | Scene, ViewLayer | Synchronizing object | Front left sidewall lettering.008
Fra:1 Mem:208.41M (Peak 208.41M) | Time:00:01.47 | Mem:0.00M, Peak:0.00M | Scene, ViewLayer | Synchronizing object | Front left sidewall lettering.009
Fra:1 Mem:208.42M (Peak 208.42M) | Time:00:01.47 | Mem:0.00M, Peak:0.00M | Scene, ViewLayer | Synchronizing object | Front left sidewall lettering.010
Fra:1 Mem:208.43M (Peak 208.43M) | Time:00:01.47 | Mem:0.00M, Peak:0.00M | Scene, ViewLayer | Synchronizing object | Front left sidewall lettering.011
Fra:1 Mem:208.56M (Peak 208.56M) | Time:00:01.47 | Mem:0.00M, Peak:0.00M | Scene, ViewLayer | Synchronizing object | Front left sidewall lettering.012
Fra:1 Mem:208.57M (Peak 208.57M) | Time:00:01.47 | Mem:0.00M, Peak:0.00M | Scene, ViewLayer | Synchronizing object | Front left sidewall lettering.013
Fra:1 Mem:208.57M (Peak 208.57M) | Time:00:01.47 | Mem:0.00M, Peak:0.00M | Scene, ViewLayer | Synchronizing object | Front left sidewall lettering.014
Fra:1 Mem:208.74M (Peak 208.74M) | Time:00:01.47 | Mem:0.00M, Peak:0.00M | Scene, ViewLayer | Synchronizing object | Front left sidewall lettering.015
Fra:1 Mem:208.82M (Peak 208.82M) | Time:00:01.47 | Mem:0.00M, Peak:0.00M | Scene, ViewLayer | Synchronizing object | Front left sidewall lettering.016
Fra:1 Mem:208.85M (Peak 208.85M) | Time:00:01.47 | Mem:0.00M, Peak:0.00M | Scene, ViewLayer | Synchronizing object | Rear diffuser black valance
Fra:1 Mem:208.97M (Peak 208.97M) | Time:00:01.47 | Mem:0.00M, Peak:0.00M | Scene, ViewLayer | Synchronizing object | Underfloor diffuser strake
Fra:1 Mem:208.98M (Peak 208.98M) | Time:00:01.47 | Mem:0.00M, Peak:0.00M | Scene, ViewLayer | Synchronizing object | Front left sidewall lettering.017
Fra:1 Mem:209.18M (Peak 209.18M) | Time:00:01.47 | Mem:0.00M, Peak:0.00M | Scene, ViewLayer | Synchronizing object | Front left sidewall lettering.018
Fra:1 Mem:209.14M (Peak 209.18M) | Time:00:01.47 | Mem:0.00M, Peak:0.00M | Scene, ViewLayer | Synchronizing object | Front left sidewall lettering.019
Fra:1 Mem:209.16M (Peak 209.18M) | Time:00:01.47 | Mem:0.00M, Peak:0.00M | Scene, ViewLayer | Synchronizing object | Front left sidewall lettering.020
Fra:1 Mem:209.21M (Peak 209.21M) | Time:00:01.47 | Mem:0.00M, Peak:0.00M | Scene, ViewLayer | Synchronizing object | Front left sidewall lettering.021
Fra:1 Mem:209.18M (Peak 209.21M) | Time:00:01.47 | Mem:0.00M, Peak:0.00M | Scene, ViewLayer | Synchronizing object | Underfloor diffuser strake.001
Fra:1 Mem:209.22M (Peak 209.22M) | Time:00:01.47 | Mem:0.00M, Peak:0.00M | Scene, ViewLayer | Synchronizing object | Underfloor diffuser strake.002
Fra:1 Mem:209.27M (Peak 209.27M) | Time:00:01.47 | Mem:0.00M, Peak:0.00M | Scene, ViewLayer | Synchronizing object | Underfloor diffuser strake.003
Fra:1 Mem:209.27M (Peak 209.27M) | Time:00:01.47 | Mem:0.00M, Peak:0.00M | Scene, ViewLayer | Synchronizing object | Front right caliper marking
Fra:1 Mem:209.94M (Peak 209.94M) | Time:00:01.47 | Mem:0.00M, Peak:0.00M | Scene, ViewLayer | Synchronizing object | Underfloor diffuser strake.004
Fra:1 Mem:209.98M (Peak 209.98M) | Time:00:01.48 | Mem:0.00M, Peak:0.00M | Scene, ViewLayer | Synchronizing object | Rear plate bracket
Fra:1 Mem:210.06M (Peak 210.06M) | Time:00:01.48 | Mem:0.00M, Peak:0.00M | Scene, ViewLayer | Synchronizing object | Rear license plate
Fra:1 Mem:210.13M (Peak 210.13M) | Time:00:01.48 | Mem:0.00M, Peak:0.00M | Scene, ViewLayer | Synchronizing object | Front right center mi logo
Fra:1 Mem:210.26M (Peak 210.26M) | Time:00:01.48 | Mem:0.00M, Peak:0.00M | Scene, ViewLayer | Synchronizing object | Rear parking camera
Fra:1 Mem:210.37M (Peak 210.37M) | Time:00:01.48 | Mem:0.00M, Peak:0.00M | Scene, ViewLayer | Synchronizing object | Front left | tire carcass
Fra:1 Mem:210.51M (Peak 210.51M) | Time:00:01.48 | Mem:0.00M, Peak:0.00M | Scene, ViewLayer | Synchronizing object | Front right sidewall lettering
Fra:1 Mem:210.53M (Peak 210.53M) | Time:00:01.48 | Mem:0.00M, Peak:0.00M | Scene, ViewLayer | Synchronizing object | Front right sidewall lettering.001
Fra:1 Mem:210.53M (Peak 210.53M) | Time:00:01.48 | Mem:0.00M, Peak:0.00M | Scene, ViewLayer | Synchronizing object | Front right sidewall lettering.002
Fra:1 Mem:210.66M (Peak 210.66M) | Time:00:01.48 | Mem:0.00M, Peak:0.00M | Scene, ViewLayer | Synchronizing object | Front left tire molded sidewall ring.001
Fra:1 Mem:210.77M (Peak 210.77M) | Time:00:01.48 | Mem:0.00M, Peak:0.00M | Scene, ViewLayer | Synchronizing object | Front right sidewall lettering.003
Fra:1 Mem:210.79M (Peak 210.79M) | Time:00:01.48 | Mem:0.00M, Peak:0.00M | Scene, ViewLayer | Synchronizing object | Front right sidewall lettering.004
Fra:1 Mem:210.81M (Peak 210.81M) | Time:00:01.48 | Mem:0.00M, Peak:0.00M | Scene, ViewLayer | Synchronizing object | Front right sidewall lettering.005
Fra:1 Mem:210.81M (Peak 210.81M) | Time:00:01.48 | Mem:0.00M, Peak:0.00M | Scene, ViewLayer | Synchronizing object | Front left tire molded sidewall ring.002
Fra:1 Mem:210.88M (Peak 210.88M) | Time:00:01.48 | Mem:0.00M, Peak:0.00M | Scene, ViewLayer | Synchronizing object | Front right sidewall lettering.006
Fra:1 Mem:210.92M (Peak 210.92M) | Time:00:01.48 | Mem:0.00M, Peak:0.00M | Scene, ViewLayer | Synchronizing object | Front right sidewall lettering.007
Fra:1 Mem:210.94M (Peak 210.94M) | Time:00:01.48 | Mem:0.00M, Peak:0.00M | Scene, ViewLayer | Synchronizing object | Front right sidewall lettering.008
Fra:1 Mem:211.02M (Peak 211.02M) | Time:00:01.48 | Mem:0.00M, Peak:0.00M | Scene, ViewLayer | Synchronizing object | Front right sidewall lettering.009
Fra:1 Mem:211.02M (Peak 211.02M) | Time:00:01.48 | Mem:0.00M, Peak:0.00M | Scene, ViewLayer | Synchronizing object | Front right sidewall lettering.010
Fra:1 Mem:211.03M (Peak 211.03M) | Time:00:01.48 | Mem:0.00M, Peak:0.00M | Scene, ViewLayer | Synchronizing object | Front right sidewall lettering.011
Fra:1 Mem:211.16M (Peak 211.16M) | Time:00:01.48 | Mem:0.00M, Peak:0.00M | Scene, ViewLayer | Synchronizing object | Front right sidewall lettering.012
Fra:1 Mem:211.18M (Peak 211.18M) | Time:00:01.48 | Mem:0.00M, Peak:0.00M | Scene, ViewLayer | Synchronizing object | Front right sidewall lettering.013
Fra:1 Mem:211.18M (Peak 211.18M) | Time:00:01.48 | Mem:0.00M, Peak:0.00M | Scene, ViewLayer | Synchronizing object | Front right sidewall lettering.014
Fra:1 Mem:211.35M (Peak 211.35M) | Time:00:01.48 | Mem:0.00M, Peak:0.00M | Scene, ViewLayer | Synchronizing object | Front right sidewall lettering.015
Fra:1 Mem:211.43M (Peak 211.43M) | Time:00:01.48 | Mem:0.00M, Peak:0.00M | Scene, ViewLayer | Synchronizing object | Front right sidewall lettering.016
Fra:1 Mem:211.56M (Peak 211.56M) | Time:00:01.48 | Mem:0.00M, Peak:0.00M | Scene, ViewLayer | Synchronizing object | Front right sidewall lettering.017
Fra:1 Mem:211.69M (Peak 211.69M) | Time:00:01.48 | Mem:0.00M, Peak:0.00M | Scene, ViewLayer | Synchronizing object | Front right sidewall lettering.018
Fra:1 Mem:211.70M (Peak 211.70M) | Time:00:01.48 | Mem:0.00M, Peak:0.00M | Scene, ViewLayer | Synchronizing object | Front right sidewall lettering.019
Fra:1 Mem:211.70M (Peak 211.70M) | Time:00:01.48 | Mem:0.00M, Peak:0.00M | Scene, ViewLayer | Synchronizing object | Front right sidewall lettering.020
Fra:1 Mem:211.72M (Peak 211.72M) | Time:00:01.48 | Mem:0.00M, Peak:0.00M | Scene, ViewLayer | Synchronizing object | Front right sidewall lettering.021
Fra:1 Mem:211.76M (Peak 211.76M) | Time:00:01.48 | Mem:0.00M, Peak:0.00M | Scene, ViewLayer | Synchronizing object | Rear left caliper marking
Fra:1 Mem:214.87M (Peak 214.87M) | Time:00:01.48 | Mem:0.00M, Peak:0.00M | Scene, ViewLayer | Synchronizing object | Rear left center mi logo
Fra:1 Mem:212.67M (Peak 214.87M) | Time:00:01.49 | Mem:0.00M, Peak:0.00M | Scene, ViewLayer | Synchronizing object | Rear left sidewall lettering
Fra:1 Mem:212.69M (Peak 214.87M) | Time:00:01.49 | Mem:0.00M, Peak:0.00M | Scene, ViewLayer | Synchronizing object | Rear left sidewall lettering.001
Fra:1 Mem:212.70M (Peak 214.87M) | Time:00:01.49 | Mem:0.00M, Peak:0.00M | Scene, ViewLayer | Synchronizing object | Rear left sidewall lettering.002
Fra:1 Mem:212.81M (Peak 214.87M) | Time:00:01.49 | Mem:0.00M, Peak:0.00M | Scene, ViewLayer | Synchronizing object | Front left tire molded sidewall ring
Fra:1 Mem:212.89M (Peak 214.87M) | Time:00:01.49 | Mem:0.00M, Peak:0.00M | Scene, ViewLayer | Synchronizing object | Rear left sidewall lettering.003
Fra:1 Mem:212.92M (Peak 214.87M) | Time:00:01.49 | Mem:0.00M, Peak:0.00M | Scene, ViewLayer | Synchronizing object | Rear left sidewall lettering.004
Fra:1 Mem:212.96M (Peak 214.87M) | Time:00:01.49 | Mem:0.00M, Peak:0.00M | Scene, ViewLayer | Synchronizing object | Rear left sidewall lettering.005
Fra:1 Mem:212.98M (Peak 214.87M) | Time:00:01.49 | Mem:0.00M, Peak:0.00M | Scene, ViewLayer | Synchronizing object | Rear left sidewall lettering.006
Fra:1 Mem:212.99M (Peak 214.87M) | Time:00:01.49 | Mem:0.00M, Peak:0.00M | Scene, ViewLayer | Synchronizing object | Rear left sidewall lettering.007
Fra:1 Mem:213.00M (Peak 214.87M) | Time:00:01.49 | Mem:0.00M, Peak:0.00M | Scene, ViewLayer | Synchronizing object | Front left directional tread | 792 blocks
Fra:1 Mem:213.00M (Peak 214.87M) | Time:00:01.49 | Mem:0.00M, Peak:0.00M | Scene, ViewLayer | Synchronizing object | Rear left sidewall lettering.008
Fra:1 Mem:213.50M (Peak 214.87M) | Time:00:01.49 | Mem:0.00M, Peak:0.00M | Scene, ViewLayer | Synchronizing object | Rear left sidewall lettering.009
Fra:1 Mem:213.60M (Peak 214.87M) | Time:00:01.49 | Mem:0.00M, Peak:0.00M | Scene, ViewLayer | Synchronizing object | Rear left sidewall lettering.010
Fra:1 Mem:213.61M (Peak 214.87M) | Time:00:01.49 | Mem:0.00M, Peak:0.00M | Scene, ViewLayer | Synchronizing object | Rear left sidewall lettering.011
Fra:1 Mem:213.84M (Peak 214.87M) | Time:00:01.49 | Mem:0.00M, Peak:0.00M | Scene, ViewLayer | Synchronizing object | Rear left sidewall lettering.012
Fra:1 Mem:213.75M (Peak 214.87M) | Time:00:01.49 | Mem:0.00M, Peak:0.00M | Scene, ViewLayer | Synchronizing object | Front left cast rim barrel
Fra:1 Mem:213.80M (Peak 214.87M) | Time:00:01.49 | Mem:0.00M, Peak:0.00M | Scene, ViewLayer | Synchronizing object | Rear left sidewall lettering.013
Fra:1 Mem:213.83M (Peak 214.87M) | Time:00:01.49 | Mem:0.00M, Peak:0.00M | Scene, ViewLayer | Synchronizing object | Rear left sidewall lettering.014
Fra:1 Mem:213.99M (Peak 214.87M) | Time:00:01.49 | Mem:0.00M, Peak:0.00M | Scene, ViewLayer | Synchronizing object | Front left diamond-cut outer flange
Fra:1 Mem:214.11M (Peak 214.87M) | Time:00:01.49 | Mem:0.00M, Peak:0.00M | Scene, ViewLayer | Synchronizing object | Rear left sidewall lettering.015
Fra:1 Mem:214.18M (Peak 214.87M) | Time:00:01.49 | Mem:0.00M, Peak:0.00M | Scene, ViewLayer | Synchronizing object | Front left inner rim accent
Fra:1 Mem:214.20M (Peak 214.87M) | Time:00:01.49 | Mem:0.00M, Peak:0.00M | Scene, ViewLayer | Synchronizing object | Rear left sidewall lettering.016
Fra:1 Mem:214.41M (Peak 214.87M) | Time:00:01.49 | Mem:0.00M, Peak:0.00M | Scene, ViewLayer | Synchronizing object | Front left brake rotor
Fra:1 Mem:214.45M (Peak 214.87M) | Time:00:01.49 | Mem:0.00M, Peak:0.00M | Scene, ViewLayer | Synchronizing object | Rear left sidewall lettering.017
Fra:1 Mem:214.63M (Peak 214.87M) | Time:00:01.49 | Mem:0.00M, Peak:0.00M | Scene, ViewLayer | Synchronizing object | Rear left sidewall lettering.018
Fra:1 Mem:214.64M (Peak 214.87M) | Time:00:01.49 | Mem:0.00M, Peak:0.00M | Scene, ViewLayer | Synchronizing object | Rear left sidewall lettering.019
Fra:1 Mem:214.64M (Peak 214.87M) | Time:00:01.49 | Mem:0.00M, Peak:0.00M | Scene, ViewLayer | Synchronizing object | Rear left sidewall lettering.020
Fra:1 Mem:214.61M (Peak 214.87M) | Time:00:01.49 | Mem:0.00M, Peak:0.00M | Scene, ViewLayer | Synchronizing object | Rear left sidewall lettering.021
Fra:1 Mem:214.63M (Peak 214.87M) | Time:00:01.49 | Mem:0.00M, Peak:0.00M | Scene, ViewLayer | Synchronizing object | Front left rotor outer scoring
Fra:1 Mem:214.74M (Peak 214.87M) | Time:00:01.49 | Mem:0.00M, Peak:0.00M | Scene, ViewLayer | Synchronizing object | Front left drilled rotor perforation
Fra:1 Mem:214.76M (Peak 214.87M) | Time:00:01.49 | Mem:0.00M, Peak:0.00M | Scene, ViewLayer | Synchronizing object | Front left drilled rotor perforation.001
Fra:1 Mem:214.78M (Peak 214.87M) | Time:00:01.49 | Mem:0.00M, Peak:0.00M | Scene, ViewLayer | Synchronizing object | Front left drilled rotor perforation.002
Fra:1 Mem:214.81M (Peak 214.87M) | Time:00:01.49 | Mem:0.00M, Peak:0.00M | Scene, ViewLayer | Synchronizing object | Rear right caliper marking
Fra:1 Mem:215.25M (Peak 215.25M) | Time:00:01.49 | Mem:0.00M, Peak:0.00M | Scene, ViewLayer | Synchronizing object | Front left drilled rotor perforation.003
Fra:1 Mem:215.35M (Peak 215.35M) | Time:00:01.49 | Mem:0.00M, Peak:0.00M | Scene, ViewLayer | Synchronizing object | Front left drilled rotor perforation.004
Fra:1 Mem:215.48M (Peak 215.48M) | Time:00:01.49 | Mem:0.00M, Peak:0.00M | Scene, ViewLayer | Synchronizing object | Front left drilled rotor perforation.005
Fra:1 Mem:215.48M (Peak 215.48M) | Time:00:01.49 | Mem:0.00M, Peak:0.00M | Scene, ViewLayer | Synchronizing object | Front left drilled rotor perforation.006
Fra:1 Mem:215.54M (Peak 215.54M) | Time:00:01.49 | Mem:0.00M, Peak:0.00M | Scene, ViewLayer | Synchronizing object | Front left drilled rotor perforation.007
Fra:1 Mem:215.57M (Peak 215.57M) | Time:00:01.49 | Mem:0.00M, Peak:0.00M | Scene, ViewLayer | Synchronizing object | Front left drilled rotor perforation.008
Fra:1 Mem:215.59M (Peak 215.59M) | Time:00:01.49 | Mem:0.00M, Peak:0.00M | Scene, ViewLayer | Synchronizing object | Front left drilled rotor perforation.009
Fra:1 Mem:215.58M (Peak 215.59M) | Time:00:01.49 | Mem:0.00M, Peak:0.00M | Scene, ViewLayer | Synchronizing object | Rear right center mi logo
Fra:1 Mem:215.65M (Peak 215.65M) | Time:00:01.49 | Mem:0.00M, Peak:0.00M | Scene, ViewLayer | Synchronizing object | Front left drilled rotor perforation.010
Fra:1 Mem:215.81M (Peak 215.81M) | Time:00:01.49 | Mem:0.00M, Peak:0.00M | Scene, ViewLayer | Synchronizing object | Front left drilled rotor perforation.011
Fra:1 Mem:215.86M (Peak 215.86M) | Time:00:01.49 | Mem:0.00M, Peak:0.00M | Scene, ViewLayer | Synchronizing object | Front left drilled rotor perforation.012
Fra:1 Mem:215.84M (Peak 215.86M) | Time:00:01.49 | Mem:0.00M, Peak:0.00M | Scene, ViewLayer | Synchronizing object | Front left drilled rotor perforation.013
Fra:1 Mem:215.94M (Peak 215.94M) | Time:00:01.49 | Mem:0.00M, Peak:0.00M | Scene, ViewLayer | Synchronizing object | Rear right sidewall lettering.001
Fra:1 Mem:215.98M (Peak 215.98M) | Time:00:01.49 | Mem:0.00M, Peak:0.00M | Scene, ViewLayer | Synchronizing object | Rear right sidewall lettering.002
Fra:1 Mem:216.00M (Peak 216.00M) | Time:00:01.49 | Mem:0.00M, Peak:0.00M | Scene, ViewLayer | Synchronizing object | Front left drilled rotor perforation.014
Fra:1 Mem:216.05M (Peak 216.05M) | Time:00:01.49 | Mem:0.00M, Peak:0.00M | Scene, ViewLayer | Synchronizing object | Front left drilled rotor perforation.015
Fra:1 Mem:216.10M (Peak 216.10M) | Time:00:01.49 | Mem:0.00M, Peak:0.00M | Scene, ViewLayer | Synchronizing object | Rear right sidewall lettering.003
Fra:1 Mem:216.06M (Peak 216.10M) | Time:00:01.49 | Mem:0.00M, Peak:0.00M | Scene, ViewLayer | Synchronizing object | Front left drilled rotor perforation.016
Fra:1 Mem:216.12M (Peak 216.12M) | Time:00:01.49 | Mem:0.00M, Peak:0.00M | Scene, ViewLayer | Synchronizing object | Rear right sidewall lettering.004
Fra:1 Mem:216.18M (Peak 216.18M) | Time:00:01.49 | Mem:0.00M, Peak:0.00M | Scene, ViewLayer | Synchronizing object | Rear right sidewall lettering.005
Fra:1 Mem:216.18M (Peak 216.18M) | Time:00:01.49 | Mem:0.00M, Peak:0.00M | Scene, ViewLayer | Synchronizing object | Rear right sidewall lettering.006
Fra:1 Mem:216.14M (Peak 216.18M) | Time:00:01.49 | Mem:0.00M, Peak:0.00M | Scene, ViewLayer | Synchronizing object | Front left drilled rotor perforation.017
Fra:1 Mem:216.13M (Peak 216.18M) | Time:00:01.49 | Mem:0.00M, Peak:0.00M | Scene, ViewLayer | Synchronizing object | Rear right sidewall lettering.007
Fra:1 Mem:216.16M (Peak 216.18M) | Time:00:01.49 | Mem:0.00M, Peak:0.00M | Scene, ViewLayer | Synchronizing object | Front left drilled rotor perforation.018
Fra:1 Mem:216.16M (Peak 216.18M) | Time:00:01.49 | Mem:0.00M, Peak:0.00M | Scene, ViewLayer | Synchronizing object | Front left drilled rotor perforation.019
Fra:1 Mem:216.28M (Peak 216.28M) | Time:00:01.49 | Mem:0.00M, Peak:0.00M | Scene, ViewLayer | Synchronizing object | Rear right sidewall lettering.009
Fra:1 Mem:216.27M (Peak 216.28M) | Time:00:01.49 | Mem:0.00M, Peak:0.00M | Scene, ViewLayer | Synchronizing object | Rear right sidewall lettering.010
Fra:1 Mem:216.25M (Peak 216.28M) | Time:00:01.49 | Mem:0.00M, Peak:0.00M | Scene, ViewLayer | Synchronizing object | Front left drilled rotor perforation.020
Fra:1 Mem:216.27M (Peak 216.28M) | Time:00:01.49 | Mem:0.00M, Peak:0.00M | Scene, ViewLayer | Synchronizing object | Rear right sidewall lettering.011
Fra:1 Mem:216.28M (Peak 216.28M) | Time:00:01.49 | Mem:0.00M, Peak:0.00M | Scene, ViewLayer | Synchronizing object | Front left drilled rotor perforation.021
Fra:1 Mem:216.30M (Peak 216.30M) | Time:00:01.49 | Mem:0.00M, Peak:0.00M | Scene, ViewLayer | Synchronizing object | Front left drilled rotor perforation.022
Fra:1 Mem:216.31M (Peak 216.31M) | Time:00:01.49 | Mem:0.00M, Peak:0.00M | Scene, ViewLayer | Synchronizing object | Front left drilled rotor perforation.023
Fra:1 Mem:216.37M (Peak 216.37M) | Time:00:01.49 | Mem:0.00M, Peak:0.00M | Scene, ViewLayer | Synchronizing object | Front left drilled rotor perforation.024
Fra:1 Mem:216.37M (Peak 216.37M) | Time:00:01.49 | Mem:0.00M, Peak:0.00M | Scene, ViewLayer | Synchronizing object | Front left drilled rotor perforation.025
Fra:1 Mem:216.35M (Peak 216.37M) | Time:00:01.49 | Mem:0.00M, Peak:0.00M | Scene, ViewLayer | Synchronizing object | Front left drilled rotor perforation.026
Fra:1 Mem:216.36M (Peak 216.37M) | Time:00:01.49 | Mem:0.00M, Peak:0.00M | Scene, ViewLayer | Synchronizing object | Front left drilled rotor perforation.027
Fra:1 Mem:216.38M (Peak 216.38M) | Time:00:01.49 | Mem:0.00M, Peak:0.00M | Scene, ViewLayer | Synchronizing object | Front left drilled rotor perforation.028
Fra:1 Mem:216.39M (Peak 216.39M) | Time:00:01.49 | Mem:0.00M, Peak:0.00M | Scene, ViewLayer | Synchronizing object | Front left drilled rotor perforation.029
Fra:1 Mem:216.40M (Peak 216.40M) | Time:00:01.49 | Mem:0.00M, Peak:0.00M | Scene, ViewLayer | Synchronizing object | Front left drilled rotor perforation.030
Fra:1 Mem:216.44M (Peak 216.44M) | Time:00:01.49 | Mem:0.00M, Peak:0.00M | Scene, ViewLayer | Synchronizing object | Front left drilled rotor perforation.031
Fra:1 Mem:216.45M (Peak 216.45M) | Time:00:01.49 | Mem:0.00M, Peak:0.00M | Scene, ViewLayer | Synchronizing object | Front left drilled rotor perforation.032
Fra:1 Mem:216.45M (Peak 216.45M) | Time:00:01.50 | Mem:0.00M, Peak:0.00M | Scene, ViewLayer | Synchronizing object | Front left drilled rotor perforation.033
Fra:1 Mem:216.48M (Peak 216.48M) | Time:00:01.50 | Mem:0.00M, Peak:0.00M | Scene, ViewLayer | Synchronizing object | Front left drilled rotor perforation.034
Fra:1 Mem:216.49M (Peak 216.49M) | Time:00:01.50 | Mem:0.00M, Peak:0.00M | Scene, ViewLayer | Synchronizing object | Front left drilled rotor perforation.035
Fra:1 Mem:216.51M (Peak 216.51M) | Time:00:01.50 | Mem:0.00M, Peak:0.00M | Scene, ViewLayer | Synchronizing object | Front left drilled rotor perforation.036
Fra:1 Mem:216.52M (Peak 216.52M) | Time:00:01.50 | Mem:0.00M, Peak:0.00M | Scene, ViewLayer | Synchronizing object | Front left drilled rotor perforation.037
Fra:1 Mem:216.53M (Peak 216.53M) | Time:00:01.50 | Mem:0.00M, Peak:0.00M | Scene, ViewLayer | Synchronizing object | Front left drilled rotor perforation.038
Fra:1 Mem:216.55M (Peak 216.55M) | Time:00:01.50 | Mem:0.00M, Peak:0.00M | Scene, ViewLayer | Synchronizing object | Front left drilled rotor perforation.039
Fra:1 Mem:216.55M (Peak 216.55M) | Time:00:01.50 | Mem:0.00M, Peak:0.00M | Scene, ViewLayer | Synchronizing object | Front left drilled rotor perforation.040
Fra:1 Mem:216.54M (Peak 216.55M) | Time:00:01.50 | Mem:0.00M, Peak:0.00M | Scene, ViewLayer | Synchronizing object | Front left drilled rotor perforation.041
Fra:1 Mem:216.62M (Peak 216.62M) | Time:00:01.50 | Mem:0.00M, Peak:0.00M | Scene, ViewLayer | Synchronizing object | Front left drilled rotor perforation.042
Fra:1 Mem:216.60M (Peak 216.62M) | Time:00:01.50 | Mem:0.00M, Peak:0.00M | Scene, ViewLayer | Synchronizing object | Front left drilled rotor perforation.043
Fra:1 Mem:216.62M (Peak 216.62M) | Time:00:01.50 | Mem:0.00M, Peak:0.00M | Scene, ViewLayer | Synchronizing object | Front left drilled rotor perforation.044
Fra:1 Mem:216.63M (Peak 216.63M) | Time:00:01.50 | Mem:0.00M, Peak:0.00M | Scene, ViewLayer | Synchronizing object | Front left drilled rotor perforation.045
Fra:1 Mem:216.67M (Peak 216.67M) | Time:00:01.50 | Mem:0.00M, Peak:0.00M | Scene, ViewLayer | Synchronizing object | Front left drilled rotor perforation.046
Fra:1 Mem:216.68M (Peak 216.68M) | Time:00:01.50 | Mem:0.00M, Peak:0.00M | Scene, ViewLayer | Synchronizing object | Front left drilled rotor perforation.047
Fra:1 Mem:216.83M (Peak 216.83M) | Time:00:01.50 | Mem:0.00M, Peak:0.00M | Scene, ViewLayer | Synchronizing object | Front left drilled rotor perforation.048
Fra:1 Mem:216.81M (Peak 216.83M) | Time:00:01.50 | Mem:0.00M, Peak:0.00M | Scene, ViewLayer | Synchronizing object | Rear right sidewall lettering.012
Fra:1 Mem:216.81M (Peak 216.83M) | Time:00:01.50 | Mem:0.00M, Peak:0.00M | Scene, ViewLayer | Synchronizing object | Front left drilled rotor perforation.049
Fra:1 Mem:216.82M (Peak 216.83M) | Time:00:01.50 | Mem:0.00M, Peak:0.00M | Scene, ViewLayer | Synchronizing object | Rear right sidewall lettering.013
Fra:1 Mem:216.86M (Peak 216.86M) | Time:00:01.50 | Mem:0.00M, Peak:0.00M | Scene, ViewLayer | Synchronizing object | Rear right sidewall lettering.014
Fra:1 Mem:216.88M (Peak 216.88M) | Time:00:01.50 | Mem:0.00M, Peak:0.00M | Scene, ViewLayer | Synchronizing object | Front left drilled rotor perforation.051
Fra:1 Mem:216.85M (Peak 216.88M) | Time:00:01.50 | Mem:0.00M, Peak:0.00M | Scene, ViewLayer | Synchronizing object | Front left drilled rotor perforation.052
Fra:1 Mem:217.05M (Peak 217.05M) | Time:00:01.50 | Mem:0.00M, Peak:0.00M | Scene, ViewLayer | Synchronizing object | Front left drilled rotor perforation.053
Fra:1 Mem:217.08M (Peak 217.08M) | Time:00:01.50 | Mem:0.00M, Peak:0.00M | Scene, ViewLayer | Synchronizing object | Front left drilled rotor perforation.054
Fra:1 Mem:217.08M (Peak 217.08M) | Time:00:01.50 | Mem:0.00M, Peak:0.00M | Scene, ViewLayer | Synchronizing object | Front left drilled rotor perforation.055
Fra:1 Mem:217.10M (Peak 217.10M) | Time:00:01.50 | Mem:0.00M, Peak:0.00M | Scene, ViewLayer | Synchronizing object | Rear right sidewall lettering.015
Fra:1 Mem:217.18M (Peak 217.18M) | Time:00:01.50 | Mem:0.00M, Peak:0.00M | Scene, ViewLayer | Synchronizing object | Front left drilled rotor perforation.056
Fra:1 Mem:217.18M (Peak 217.18M) | Time:00:01.50 | Mem:0.00M, Peak:0.00M | Scene, ViewLayer | Synchronizing object | Front left drilled rotor perforation.057
Fra:1 Mem:217.22M (Peak 217.22M) | Time:00:01.50 | Mem:0.00M, Peak:0.00M | Scene, ViewLayer | Synchronizing object | Rear right sidewall lettering.016
Fra:1 Mem:217.23M (Peak 217.23M) | Time:00:01.50 | Mem:0.00M, Peak:0.00M | Scene, ViewLayer | Synchronizing object | Front left drilled rotor perforation.058
Fra:1 Mem:217.29M (Peak 217.29M) | Time:00:01.50 | Mem:0.00M, Peak:0.00M | Scene, ViewLayer | Synchronizing object | Front left drilled rotor perforation.059
Fra:1 Mem:217.36M (Peak 217.36M) | Time:00:01.50 | Mem:0.00M, Peak:0.00M | Scene, ViewLayer | Synchronizing object | Front left drilled rotor perforation.060
Fra:1 Mem:217.38M (Peak 217.38M) | Time:00:01.50 | Mem:0.00M, Peak:0.00M | Scene, ViewLayer | Synchronizing object | Front left drilled rotor perforation.061
Fra:1 Mem:217.42M (Peak 217.42M) | Time:00:01.50 | Mem:0.00M, Peak:0.00M | Scene, ViewLayer | Synchronizing object | Rear right sidewall lettering.017
Fra:1 Mem:217.39M (Peak 217.42M) | Time:00:01.50 | Mem:0.00M, Peak:0.00M | Scene, ViewLayer | Synchronizing object | Front left drilled rotor perforation.062
Fra:1 Mem:217.56M (Peak 217.56M) | Time:00:01.50 | Mem:0.00M, Peak:0.00M | Scene, ViewLayer | Synchronizing object | Front left drilled rotor perforation.063
Fra:1 Mem:217.54M (Peak 217.56M) | Time:00:01.50 | Mem:0.00M, Peak:0.00M | Scene, ViewLayer | Synchronizing object | Front left drilled rotor perforation.064
Fra:1 Mem:217.55M (Peak 217.56M) | Time:00:01.50 | Mem:0.00M, Peak:0.00M | Scene, ViewLayer | Synchronizing object | Front left drilled rotor perforation.065
Fra:1 Mem:217.60M (Peak 217.60M) | Time:00:01.50 | Mem:0.00M, Peak:0.00M | Scene, ViewLayer | Synchronizing object | Rear right sidewall lettering.018
Fra:1 Mem:217.60M (Peak 217.60M) | Time:00:01.50 | Mem:0.00M, Peak:0.00M | Scene, ViewLayer | Synchronizing object | Front left drilled rotor perforation.066
Fra:1 Mem:217.58M (Peak 217.60M) | Time:00:01.50 | Mem:0.00M, Peak:0.00M | Scene, ViewLayer | Synchronizing object | Front left drilled rotor perforation.067
Fra:1 Mem:217.61M (Peak 217.61M) | Time:00:01.50 | Mem:0.00M, Peak:0.00M | Scene, ViewLayer | Synchronizing object | Rear right sidewall lettering.019
Fra:1 Mem:217.63M (Peak 217.63M) | Time:00:01.50 | Mem:0.00M, Peak:0.00M | Scene, ViewLayer | Synchronizing object | Front left drilled rotor perforation.068
Fra:1 Mem:217.63M (Peak 217.63M) | Time:00:01.50 | Mem:0.00M, Peak:0.00M | Scene, ViewLayer | Synchronizing object | Front left drilled rotor perforation.069
Fra:1 Mem:217.62M (Peak 217.63M) | Time:00:01.50 | Mem:0.00M, Peak:0.00M | Scene, ViewLayer | Synchronizing object | Front left drilled rotor perforation.070
Fra:1 Mem:217.70M (Peak 217.70M) | Time:00:01.50 | Mem:0.00M, Peak:0.00M | Scene, ViewLayer | Synchronizing object | Rear right sidewall lettering.021
Fra:1 Mem:217.67M (Peak 217.70M) | Time:00:01.50 | Mem:0.00M, Peak:0.00M | Scene, ViewLayer | Synchronizing object | Front left drilled rotor perforation.071
Fra:1 Mem:217.69M (Peak 217.70M) | Time:00:01.50 | Mem:0.00M, Peak:0.00M | Scene, ViewLayer | Synchronizing object | Front left brake disc bell
Fra:1 Mem:217.74M (Peak 217.74M) | Time:00:01.50 | Mem:0.00M, Peak:0.00M | Scene, ViewLayer | Synchronizing object | Seat piping
Fra:1 Mem:217.77M (Peak 217.77M) | Time:00:01.50 | Mem:0.00M, Peak:0.00M | Scene, ViewLayer | Synchronizing object | Front left yellow six-piston caliper
Fra:1 Mem:217.79M (Peak 217.79M) | Time:00:01.50 | Mem:0.00M, Peak:0.00M | Scene, ViewLayer | Synchronizing object | Seat piping.001
Fra:1 Mem:217.86M (Peak 217.87M) | Time:00:01.50 | Mem:0.00M, Peak:0.00M | Scene, ViewLayer | Synchronizing object | Seat piping.002
Fra:1 Mem:217.83M (Peak 217.87M) | Time:00:01.50 | Mem:0.00M, Peak:0.00M | Scene, ViewLayer | Synchronizing object | Seat piping.003
Fra:1 Mem:217.77M (Peak 217.87M) | Time:00:01.50 | Mem:0.00M, Peak:0.00M | Scene, ViewLayer | Synchronizing object | Front left black spoke pocket
Fra:1 Mem:217.83M (Peak 217.87M) | Time:00:01.50 | Mem:0.00M, Peak:0.00M | Scene, ViewLayer | Synchronizing object | Seat piping.004
Fra:1 Mem:217.84M (Peak 217.87M) | Time:00:01.50 | Mem:0.00M, Peak:0.00M | Scene, ViewLayer | Synchronizing object | Seat piping.005
Fra:1 Mem:217.86M (Peak 217.87M) | Time:00:01.50 | Mem:0.00M, Peak:0.00M | Scene, ViewLayer | Synchronizing object | Front left machined split spoke.001
Fra:1 Mem:217.93M (Peak 217.93M) | Time:00:01.50 | Mem:0.00M, Peak:0.00M | Scene, ViewLayer | Synchronizing object | Seat piping.006
Fra:1 Mem:217.88M (Peak 217.93M) | Time:00:01.50 | Mem:0.00M, Peak:0.00M | Scene, ViewLayer | Synchronizing object | Seat piping.007
Fra:1 Mem:217.90M (Peak 217.93M) | Time:00:01.50 | Mem:0.00M, Peak:0.00M | Scene, ViewLayer | Synchronizing object | Front left black spoke pocket.001
Fra:1 Mem:217.88M (Peak 217.93M) | Time:00:01.50 | Mem:0.00M, Peak:0.00M | Scene, ViewLayer | Synchronizing object | Front left machined split spoke.002
Fra:1 Mem:217.96M (Peak 217.96M) | Time:00:01.50 | Mem:0.00M, Peak:0.00M | Scene, ViewLayer | Synchronizing object | Windshield wiper arm
Fra:1 Mem:217.92M (Peak 217.96M) | Time:00:01.50 | Mem:0.00M, Peak:0.00M | Scene, ViewLayer | Synchronizing object | Wiper rubber blade
Fra:1 Mem:217.93M (Peak 217.96M) | Time:00:01.50 | Mem:0.00M, Peak:0.00M | Scene, ViewLayer | Synchronizing object | Windshield wiper arm.001
Fra:1 Mem:217.94M (Peak 217.96M) | Time:00:01.50 | Mem:0.00M, Peak:0.00M | Scene, ViewLayer | Synchronizing object | Wiper rubber blade.001
Fra:1 Mem:217.94M (Peak 217.96M) | Time:00:01.50 | Mem:0.00M, Peak:0.00M | Scene, ViewLayer | Synchronizing object | Front left black spoke pocket.002
Fra:1 Mem:217.96M (Peak 217.96M) | Time:00:01.50 | Mem:0.00M, Peak:0.00M | Scene, ViewLayer | Synchronizing object | Infinite studio floor
Fra:1 Mem:217.99M (Peak 217.99M) | Time:00:01.50 | Mem:0.00M, Peak:0.00M | Scene, ViewLayer | Synchronizing object | Flat aerodynamic underfloor
Fra:1 Mem:217.98M (Peak 217.99M) | Time:00:01.50 | Mem:0.00M, Peak:0.00M | Scene, ViewLayer | Synchronizing object | Front left machined split spoke.003
Fra:1 Mem:218.03M (Peak 218.03M) | Time:00:01.50 | Mem:0.00M, Peak:0.00M | Scene, ViewLayer | Synchronizing object | Front left black spoke pocket.003
Fra:1 Mem:218.08M (Peak 218.08M) | Time:00:01.51 | Mem:0.00M, Peak:0.00M | Scene, ViewLayer | Synchronizing object | Roof rear camera blister
Fra:1 Mem:218.12M (Peak 218.12M) | Time:00:01.51 | Mem:0.00M, Peak:0.00M | Scene, ViewLayer | Synchronizing object | Front left machined split spoke.004
Fra:1 Mem:218.14M (Peak 218.14M) | Time:00:01.51 | Mem:0.00M, Peak:0.00M | Scene, ViewLayer | Synchronizing object | Lidar forward optical aperture
Fra:1 Mem:218.22M (Peak 218.22M) | Time:00:01.51 | Mem:0.00M, Peak:0.00M | Scene, ViewLayer | Synchronizing object | Roof lidar painted pod
Fra:1 Mem:218.32M (Peak 218.32M) | Time:00:01.51 | Mem:0.00M, Peak:0.00M | Scene, ViewLayer | Synchronizing object | Cup holder
Fra:1 Mem:218.32M (Peak 218.32M) | Time:00:01.51 | Mem:0.00M, Peak:0.00M | Scene, ViewLayer | Synchronizing object | Front left black spoke pocket.004
Fra:1 Mem:218.41M (Peak 218.41M) | Time:00:01.51 | Mem:0.00M, Peak:0.00M | Scene, ViewLayer | Synchronizing object | Front left machined split spoke.005
Fra:1 Mem:218.37M (Peak 218.41M) | Time:00:01.51 | Mem:0.00M, Peak:0.00M | Scene, ViewLayer | Synchronizing object | Cup holder.001
Fra:1 Mem:218.42M (Peak 218.42M) | Time:00:01.51 | Mem:0.00M, Peak:0.00M | Scene, ViewLayer | Synchronizing object | Front left black spoke pocket.005
Fra:1 Mem:218.53M (Peak 218.53M) | Time:00:01.51 | Mem:0.00M, Peak:0.00M | Scene, ViewLayer | Synchronizing object | Front left machined split spoke.006
Fra:1 Mem:218.50M (Peak 218.53M) | Time:00:01.51 | Mem:0.00M, Peak:0.00M | Scene, ViewLayer | Synchronizing object | Center tunnel
Fra:1 Mem:218.54M (Peak 218.54M) | Time:00:01.51 | Mem:0.00M, Peak:0.00M | Scene, ViewLayer | Synchronizing object | Front left machined split spoke.007
Fra:1 Mem:218.48M (Peak 218.54M) | Time:00:01.51 | Mem:0.00M, Peak:0.00M | Scene, ViewLayer | Synchronizing object | Front left black spoke pocket.007
Fra:1 Mem:218.55M (Peak 218.55M) | Time:00:01.51 | Mem:0.00M, Peak:0.00M | Scene, ViewLayer | Synchronizing object | Steering center
Fra:1 Mem:218.61M (Peak 218.61M) | Time:00:01.51 | Mem:0.00M, Peak:0.00M | Scene, ViewLayer | Synchronizing object | Front left machined split spoke.008
Fra:1 Mem:218.62M (Peak 218.62M) | Time:00:01.51 | Mem:0.00M, Peak:0.00M | Scene, ViewLayer | Synchronizing object | Steering wheel
Fra:1 Mem:218.77M (Peak 218.77M) | Time:00:01.51 | Mem:0.00M, Peak:0.00M | Scene, ViewLayer | Synchronizing object | Screen glass
Fra:1 Mem:218.80M (Peak 218.80M) | Time:00:01.51 | Mem:0.00M, Peak:0.00M | Scene, ViewLayer | Synchronizing object | Front left black spoke pocket.008
Fra:1 Mem:218.82M (Peak 218.82M) | Time:00:01.51 | Mem:0.00M, Peak:0.00M | Scene, ViewLayer | Synchronizing object | Dashboard center screen
Fra:1 Mem:218.83M (Peak 218.83M) | Time:00:01.51 | Mem:0.00M, Peak:0.00M | Scene, ViewLayer | Synchronizing object | Front left machined split spoke.009
Fra:1 Mem:218.85M (Peak 218.85M) | Time:00:01.51 | Mem:0.00M, Peak:0.00M | Scene, ViewLayer | Synchronizing object | Dashboard
Fra:1 Mem:218.93M (Peak 218.93M) | Time:00:01.51 | Mem:0.00M, Peak:0.00M | Scene, ViewLayer | Synchronizing object | Front left black spoke pocket.009
Fra:1 Mem:218.92M (Peak 218.93M) | Time:00:01.51 | Mem:0.00M, Peak:0.00M | Scene, ViewLayer | Synchronizing object | Front left center hub
Fra:1 Mem:218.91M (Peak 218.93M) | Time:00:01.51 | Mem:0.00M, Peak:0.00M | Scene, ViewLayer | Synchronizing object | Integrated head restraint.003
Fra:1 Mem:218.98M (Peak 218.98M) | Time:00:01.51 | Mem:0.00M, Peak:0.00M | Scene, ViewLayer | Synchronizing object | Contoured seat back
Fra:1 Mem:219.07M (Peak 219.07M) | Time:00:01.51 | Mem:0.00M, Peak:0.00M | Scene, ViewLayer | Synchronizing object | Seat cushion.003
Fra:1 Mem:219.10M (Peak 219.10M) | Time:00:01.51 | Mem:0.00M, Peak:0.00M | Scene, ViewLayer | Synchronizing object | Integrated head restraint.002
Fra:1 Mem:219.13M (Peak 219.13M) | Time:00:01.51 | Mem:0.00M, Peak:0.00M | Scene, ViewLayer | Synchronizing object | Contoured seat back.003
Fra:1 Mem:219.15M (Peak 219.15M) | Time:00:01.51 | Mem:0.00M, Peak:0.00M | Scene, ViewLayer | Synchronizing object | Front left center cap ring
Fra:1 Mem:219.26M (Peak 219.26M) | Time:00:01.51 | Mem:0.00M, Peak:0.00M | Scene, ViewLayer | Synchronizing object | Front left titanium lug nut
Fra:1 Mem:219.24M (Peak 219.26M) | Time:00:01.51 | Mem:0.00M, Peak:0.00M | Scene, ViewLayer | Synchronizing object | Seat cushion.002
Fra:1 Mem:219.24M (Peak 219.26M) | Time:00:01.51 | Mem:0.00M, Peak:0.00M | Scene, ViewLayer | Synchronizing object | Front left titanium lug nut.001
Fra:1 Mem:219.31M (Peak 219.31M) | Time:00:01.51 | Mem:0.00M, Peak:0.00M | Scene, ViewLayer | Synchronizing object | Front left titanium lug nut.002
Fra:1 Mem:219.30M (Peak 219.31M) | Time:00:01.51 | Mem:0.00M, Peak:0.00M | Scene, ViewLayer | Synchronizing object | Integrated head restraint.001
Fra:1 Mem:219.28M (Peak 219.31M) | Time:00:01.51 | Mem:0.00M, Peak:0.00M | Scene, ViewLayer | Synchronizing object | Front left titanium lug nut.003
Fra:1 Mem:219.35M (Peak 219.35M) | Time:00:01.51 | Mem:0.00M, Peak:0.00M | Scene, ViewLayer | Synchronizing object | Front left titanium lug nut.004
Fra:1 Mem:219.33M (Peak 219.35M) | Time:00:01.51 | Mem:0.00M, Peak:0.00M | Scene, ViewLayer | Synchronizing object | Front left tire valve
Fra:1 Mem:219.29M (Peak 219.35M) | Time:00:01.51 | Mem:0.00M, Peak:0.00M | Scene, ViewLayer | Synchronizing object | Contoured seat back.002
Fra:1 Mem:219.36M (Peak 219.36M) | Time:00:01.51 | Mem:0.00M, Peak:0.00M | Scene, ViewLayer | Synchronizing object | Front right | tire carcass
Fra:1 Mem:219.45M (Peak 219.45M) | Time:00:01.51 | Mem:0.00M, Peak:0.00M | Scene, ViewLayer | Synchronizing object | Front right tire molded sidewall ring.001
Fra:1 Mem:219.55M (Peak 219.55M) | Time:00:01.51 | Mem:0.00M, Peak:0.00M | Scene, ViewLayer | Synchronizing object | Front right tire molded sidewall ring.002
Fra:1 Mem:219.65M (Peak 219.65M) | Time:00:01.51 | Mem:0.00M, Peak:0.00M | Scene, ViewLayer | Synchronizing object | Seat cushion.001
Fra:1 Mem:219.68M (Peak 219.68M) | Time:00:01.51 | Mem:0.00M, Peak:0.00M | Scene, ViewLayer | Synchronizing object | Front right tire molded sidewall ring
Fra:1 Mem:219.83M (Peak 219.83M) | Time:00:01.51 | Mem:0.00M, Peak:0.00M | Scene, ViewLayer | Synchronizing object | Front right directional tread | 792 blocks
Fra:1 Mem:219.91M (Peak 219.91M) | Time:00:01.51 | Mem:0.00M, Peak:0.00M | Scene, ViewLayer | Synchronizing object | Integrated head restraint
Fra:1 Mem:220.38M (Peak 220.38M) | Time:00:01.51 | Mem:0.00M, Peak:0.00M | Scene, ViewLayer | Synchronizing object | Contoured seat back.001
Fra:1 Mem:220.42M (Peak 220.42M) | Time:00:01.51 | Mem:0.00M, Peak:0.00M | Scene, ViewLayer | Synchronizing object | Front right cast rim barrel
Fra:1 Mem:220.42M (Peak 220.42M) | Time:00:01.51 | Mem:0.00M, Peak:0.00M | Scene, ViewLayer | Synchronizing object | Seat cushion
Fra:1 Mem:220.56M (Peak 220.56M) | Time:00:01.51 | Mem:0.00M, Peak:0.00M | Scene, ViewLayer | Synchronizing object | Front right diamond-cut outer flange
Fra:1 Mem:220.63M (Peak 220.63M) | Time:00:01.51 | Mem:0.00M, Peak:0.00M | Scene, ViewLayer | Synchronizing object | Dark cabin tub
Fra:1 Mem:220.70M (Peak 220.70M) | Time:00:01.52 | Mem:0.00M, Peak:0.00M | Scene, ViewLayer | Synchronizing object | Front right inner rim accent
Fra:1 Mem:220.76M (Peak 220.76M) | Time:00:01.52 | Mem:0.00M, Peak:0.00M | Scene, ViewLayer | Synchronizing object | Front right brake rotor
Fra:1 Mem:220.83M (Peak 220.83M) | Time:00:01.52 | Mem:0.00M, Peak:0.00M | Scene, ViewLayer | Synchronizing object | Front right rotor outer scoring
Fra:1 Mem:220.82M (Peak 220.83M) | Time:00:01.52 | Mem:0.00M, Peak:0.00M | Scene, ViewLayer | Synchronizing object | Rear right titanium lug nut.004
Fra:1 Mem:220.94M (Peak 220.94M) | Time:00:01.52 | Mem:0.00M, Peak:0.00M | Scene, ViewLayer | Synchronizing object | Rear right titanium lug nut.003
Fra:1 Mem:220.91M (Peak 220.94M) | Time:00:01.52 | Mem:0.00M, Peak:0.00M | Scene, ViewLayer | Synchronizing object | Rear right titanium lug nut.002
Fra:1 Mem:220.89M (Peak 220.94M) | Time:00:01.52 | Mem:0.00M, Peak:0.00M | Scene, ViewLayer | Synchronizing object | Front right drilled rotor perforation
Fra:1 Mem:220.86M (Peak 220.94M) | Time:00:01.52 | Mem:0.00M, Peak:0.00M | Scene, ViewLayer | Synchronizing object | Rear right titanium lug nut.001
Fra:1 Mem:220.87M (Peak 220.94M) | Time:00:01.52 | Mem:0.00M, Peak:0.00M | Scene, ViewLayer | Synchronizing object | Front right drilled rotor perforation.001
Fra:1 Mem:220.90M (Peak 220.94M) | Time:00:01.52 | Mem:0.00M, Peak:0.00M | Scene, ViewLayer | Synchronizing object | Rear right titanium lug nut
Fra:1 Mem:220.87M (Peak 220.94M) | Time:00:01.52 | Mem:0.00M, Peak:0.00M | Scene, ViewLayer | Synchronizing object | Front right drilled rotor perforation.002
Fra:1 Mem:220.93M (Peak 220.94M) | Time:00:01.52 | Mem:0.00M, Peak:0.00M | Scene, ViewLayer | Synchronizing object | Front right drilled rotor perforation.003
Fra:1 Mem:220.94M (Peak 220.94M) | Time:00:01.52 | Mem:0.00M, Peak:0.00M | Scene, ViewLayer | Synchronizing object | Rear right center cap ring
Fra:1 Mem:221.01M (Peak 221.01M) | Time:00:01.52 | Mem:0.00M, Peak:0.00M | Scene, ViewLayer | Synchronizing object | Front right drilled rotor perforation.004
Fra:1 Mem:221.05M (Peak 221.05M) | Time:00:01.52 | Mem:0.00M, Peak:0.00M | Scene, ViewLayer | Synchronizing object | Rear right center hub
Fra:1 Mem:221.08M (Peak 221.08M) | Time:00:01.52 | Mem:0.00M, Peak:0.00M | Scene, ViewLayer | Synchronizing object | Front right drilled rotor perforation.005
Fra:1 Mem:221.14M (Peak 221.14M) | Time:00:01.52 | Mem:0.00M, Peak:0.00M | Scene, ViewLayer | Synchronizing object | Front right drilled rotor perforation.006
Fra:1 Mem:221.16M (Peak 221.16M) | Time:00:01.52 | Mem:0.00M, Peak:0.00M | Scene, ViewLayer | Synchronizing object | Front right drilled rotor perforation.007
Fra:1 Mem:221.11M (Peak 221.16M) | Time:00:01.52 | Mem:0.00M, Peak:0.00M | Scene, ViewLayer | Synchronizing object | Rear right black spoke pocket.009
Fra:1 Mem:221.11M (Peak 221.16M) | Time:00:01.52 | Mem:0.00M, Peak:0.00M | Scene, ViewLayer | Synchronizing object | Front right drilled rotor perforation.008
Fra:1 Mem:221.20M (Peak 221.20M) | Time:00:01.52 | Mem:0.00M, Peak:0.00M | Scene, ViewLayer | Synchronizing object | Front right drilled rotor perforation.009
Fra:1 Mem:221.16M (Peak 221.20M) | Time:00:01.52 | Mem:0.00M, Peak:0.00M | Scene, ViewLayer | Synchronizing object | Rear right machined split spoke.009
Fra:1 Mem:221.17M (Peak 221.20M) | Time:00:01.52 | Mem:0.00M, Peak:0.00M | Scene, ViewLayer | Synchronizing object | Front right drilled rotor perforation.010
Fra:1 Mem:221.23M (Peak 221.23M) | Time:00:01.52 | Mem:0.00M, Peak:0.00M | Scene, ViewLayer | Synchronizing object | Front right drilled rotor perforation.011
Fra:1 Mem:221.24M (Peak 221.24M) | Time:00:01.52 | Mem:0.00M, Peak:0.00M | Scene, ViewLayer | Synchronizing object | Front right drilled rotor perforation.012
Fra:1 Mem:221.26M (Peak 221.26M) | Time:00:01.52 | Mem:0.00M, Peak:0.00M | Scene, ViewLayer | Synchronizing object | Front right drilled rotor perforation.013
Fra:1 Mem:221.27M (Peak 221.27M) | Time:00:01.52 | Mem:0.00M, Peak:0.00M | Scene, ViewLayer | Synchronizing object | Front right drilled rotor perforation.014
Fra:1 Mem:221.30M (Peak 221.30M) | Time:00:01.52 | Mem:0.00M, Peak:0.00M | Scene, ViewLayer | Synchronizing object | Front right drilled rotor perforation.015
Fra:1 Mem:221.30M (Peak 221.30M) | Time:00:01.52 | Mem:0.00M, Peak:0.00M | Scene, ViewLayer | Synchronizing object | Front right drilled rotor perforation.016
Fra:1 Mem:221.29M (Peak 221.30M) | Time:00:01.52 | Mem:0.00M, Peak:0.00M | Scene, ViewLayer | Synchronizing object | Front right drilled rotor perforation.017
Fra:1 Mem:221.32M (Peak 221.32M) | Time:00:01.52 | Mem:0.00M, Peak:0.00M | Scene, ViewLayer | Synchronizing object | Front right drilled rotor perforation.018
Fra:1 Mem:221.36M (Peak 221.36M) | Time:00:01.52 | Mem:0.00M, Peak:0.00M | Scene, ViewLayer | Synchronizing object | Rear right black spoke pocket.008
Fra:1 Mem:221.36M (Peak 221.36M) | Time:00:01.52 | Mem:0.00M, Peak:0.00M | Scene, ViewLayer | Synchronizing object | Front right drilled rotor perforation.019
Fra:1 Mem:221.39M (Peak 221.39M) | Time:00:01.52 | Mem:0.00M, Peak:0.00M | Scene, ViewLayer | Synchronizing object | Front right drilled rotor perforation.020
Fra:1 Mem:221.40M (Peak 221.40M) | Time:00:01.52 | Mem:0.00M, Peak:0.00M | Scene, ViewLayer | Synchronizing object | Front right drilled rotor perforation.021
Fra:1 Mem:221.39M (Peak 221.40M) | Time:00:01.52 | Mem:0.00M, Peak:0.00M | Scene, ViewLayer | Synchronizing object | Rear right machined split spoke.008
Fra:1 Mem:221.39M (Peak 221.40M) | Time:00:01.52 | Mem:0.00M, Peak:0.00M | Scene, ViewLayer | Synchronizing object | Front right drilled rotor perforation.022
Fra:1 Mem:221.43M (Peak 221.43M) | Time:00:01.52 | Mem:0.00M, Peak:0.00M | Scene, ViewLayer | Synchronizing object | Front right drilled rotor perforation.023
Fra:1 Mem:221.47M (Peak 221.47M) | Time:00:01.52 | Mem:0.00M, Peak:0.00M | Scene, ViewLayer | Synchronizing object | Rear right black spoke pocket.007
Fra:1 Mem:221.48M (Peak 221.48M) | Time:00:01.52 | Mem:0.00M, Peak:0.00M | Scene, ViewLayer | Synchronizing object | Front right drilled rotor perforation.024
Fra:1 Mem:221.51M (Peak 221.51M) | Time:00:01.52 | Mem:0.00M, Peak:0.00M | Scene, ViewLayer | Synchronizing object | Rear right machined split spoke.007
Fra:1 Mem:221.48M (Peak 221.51M) | Time:00:01.52 | Mem:0.00M, Peak:0.00M | Scene, ViewLayer | Synchronizing object | Front right drilled rotor perforation.025
Fra:1 Mem:221.54M (Peak 221.54M) | Time:00:01.52 | Mem:0.00M, Peak:0.00M | Scene, ViewLayer | Synchronizing object | Front right drilled rotor perforation.026
Fra:1 Mem:221.52M (Peak 221.54M) | Time:00:01.52 | Mem:0.00M, Peak:0.00M | Scene, ViewLayer | Synchronizing object | Rear right black spoke pocket.006
Fra:1 Mem:221.57M (Peak 221.57M) | Time:00:01.52 | Mem:0.00M, Peak:0.00M | Scene, ViewLayer | Synchronizing object | Front right drilled rotor perforation.027
Fra:1 Mem:221.60M (Peak 221.60M) | Time:00:01.52 | Mem:0.00M, Peak:0.00M | Scene, ViewLayer | Synchronizing object | Rear right machined split spoke.006
Fra:1 Mem:221.57M (Peak 221.60M) | Time:00:01.52 | Mem:0.00M, Peak:0.00M | Scene, ViewLayer | Synchronizing object | Front right drilled rotor perforation.028
Fra:1 Mem:221.63M (Peak 221.63M) | Time:00:01.52 | Mem:0.00M, Peak:0.00M | Scene, ViewLayer | Synchronizing object | Front right drilled rotor perforation.029
Fra:1 Mem:221.61M (Peak 221.63M) | Time:00:01.52 | Mem:0.00M, Peak:0.00M | Scene, ViewLayer | Synchronizing object | Rear right black spoke pocket.005
Fra:1 Mem:221.74M (Peak 221.74M) | Time:00:01.52 | Mem:0.00M, Peak:0.00M | Scene, ViewLayer | Synchronizing object | Front right drilled rotor perforation.030
Fra:1 Mem:221.75M (Peak 221.75M) | Time:00:01.52 | Mem:0.00M, Peak:0.00M | Scene, ViewLayer | Synchronizing object | Front right drilled rotor perforation.031
Fra:1 Mem:221.80M (Peak 221.80M) | Time:00:01.52 | Mem:0.00M, Peak:0.00M | Scene, ViewLayer | Synchronizing object | Front right drilled rotor perforation.032
Fra:1 Mem:221.80M (Peak 221.80M) | Time:00:01.52 | Mem:0.00M, Peak:0.00M | Scene, ViewLayer | Synchronizing object | Front right drilled rotor perforation.033
Fra:1 Mem:221.89M (Peak 221.89M) | Time:00:01.52 | Mem:0.00M, Peak:0.00M | Scene, ViewLayer | Synchronizing object | Front right drilled rotor perforation.034
Fra:1 Mem:221.87M (Peak 221.89M) | Time:00:01.52 | Mem:0.00M, Peak:0.00M | Scene, ViewLayer | Synchronizing object | Front right drilled rotor perforation.035
Fra:1 Mem:221.88M (Peak 221.89M) | Time:00:01.52 | Mem:0.00M, Peak:0.00M | Scene, ViewLayer | Synchronizing object | Rear right machined split spoke.004
Fra:1 Mem:221.99M (Peak 221.99M) | Time:00:01.52 | Mem:0.00M, Peak:0.00M | Scene, ViewLayer | Synchronizing object | Front right drilled rotor perforation.036
Fra:1 Mem:221.94M (Peak 221.99M) | Time:00:01.52 | Mem:0.00M, Peak:0.00M | Scene, ViewLayer | Synchronizing object | Front right drilled rotor perforation.037
Fra:1 Mem:221.95M (Peak 221.99M) | Time:00:01.52 | Mem:0.00M, Peak:0.00M | Scene, ViewLayer | Synchronizing object | Front right drilled rotor perforation.038
Fra:1 Mem:221.94M (Peak 221.99M) | Time:00:01.52 | Mem:0.00M, Peak:0.00M | Scene, ViewLayer | Synchronizing object | Rear right black spoke pocket.003
Fra:1 Mem:222.02M (Peak 222.02M) | Time:00:01.52 | Mem:0.00M, Peak:0.00M | Scene, ViewLayer | Synchronizing object | Front right drilled rotor perforation.039
Fra:1 Mem:222.01M (Peak 222.02M) | Time:00:01.52 | Mem:0.00M, Peak:0.00M | Scene, ViewLayer | Synchronizing object | Front right drilled rotor perforation.040
Fra:1 Mem:222.02M (Peak 222.02M) | Time:00:01.52 | Mem:0.00M, Peak:0.00M | Scene, ViewLayer | Synchronizing object | Rear right machined split spoke.003
Fra:1 Mem:222.03M (Peak 222.03M) | Time:00:01.52 | Mem:0.00M, Peak:0.00M | Scene, ViewLayer | Synchronizing object | Front right drilled rotor perforation.042
Fra:1 Mem:222.13M (Peak 222.13M) | Time:00:01.52 | Mem:0.00M, Peak:0.00M | Scene, ViewLayer | Synchronizing object | Front right drilled rotor perforation.043
Fra:1 Mem:222.10M (Peak 222.13M) | Time:00:01.52 | Mem:0.00M, Peak:0.00M | Scene, ViewLayer | Synchronizing object | Front right drilled rotor perforation.044
Fra:1 Mem:222.09M (Peak 222.13M) | Time:00:01.52 | Mem:0.00M, Peak:0.00M | Scene, ViewLayer | Synchronizing object | Front right drilled rotor perforation.045
Fra:1 Mem:222.10M (Peak 222.13M) | Time:00:01.52 | Mem:0.00M, Peak:0.00M | Scene, ViewLayer | Synchronizing object | Front right drilled rotor perforation.046
Fra:1 Mem:222.11M (Peak 222.13M) | Time:00:01.52 | Mem:0.00M, Peak:0.00M | Scene, ViewLayer | Synchronizing object | Front right drilled rotor perforation.047
Fra:1 Mem:222.13M (Peak 222.13M) | Time:00:01.52 | Mem:0.00M, Peak:0.00M | Scene, ViewLayer | Synchronizing object | Front right drilled rotor perforation.048
Fra:1 Mem:222.18M (Peak 222.18M) | Time:00:01.52 | Mem:0.00M, Peak:0.00M | Scene, ViewLayer | Synchronizing object | Front right drilled rotor perforation.049
Fra:1 Mem:222.16M (Peak 222.18M) | Time:00:01.52 | Mem:0.00M, Peak:0.00M | Scene, ViewLayer | Synchronizing object | Rear right machined split spoke.002
Fra:1 Mem:222.18M (Peak 222.18M) | Time:00:01.52 | Mem:0.00M, Peak:0.00M | Scene, ViewLayer | Synchronizing object | Front right drilled rotor perforation.050
Fra:1 Mem:222.23M (Peak 222.23M) | Time:00:01.52 | Mem:0.00M, Peak:0.00M | Scene, ViewLayer | Synchronizing object | Front right drilled rotor perforation.051
Fra:1 Mem:222.28M (Peak 222.28M) | Time:00:01.53 | Mem:0.00M, Peak:0.00M | Scene, ViewLayer | Synchronizing object | Front right drilled rotor perforation.052
Fra:1 Mem:222.30M (Peak 222.30M) | Time:00:01.53 | Mem:0.00M, Peak:0.00M | Scene, ViewLayer | Synchronizing object | Front right drilled rotor perforation.053
Fra:1 Mem:222.28M (Peak 222.30M) | Time:00:01.53 | Mem:0.00M, Peak:0.00M | Scene, ViewLayer | Synchronizing object | Rear right black spoke pocket.001
Fra:1 Mem:222.30M (Peak 222.30M) | Time:00:01.53 | Mem:0.00M, Peak:0.00M | Scene, ViewLayer | Synchronizing object | Rear right machined split spoke.001
Fra:1 Mem:222.32M (Peak 222.32M) | Time:00:01.53 | Mem:0.00M, Peak:0.00M | Scene, ViewLayer | Synchronizing object | Rear right black spoke pocket
Fra:1 Mem:222.35M (Peak 222.35M) | Time:00:01.53 | Mem:0.00M, Peak:0.00M | Scene, ViewLayer | Synchronizing object | Rear right machined split spoke
Fra:1 Mem:222.38M (Peak 222.38M) | Time:00:01.53 | Mem:0.00M, Peak:0.00M | Scene, ViewLayer | Synchronizing object | Rear right yellow six-piston caliper
Fra:1 Mem:222.43M (Peak 222.43M) | Time:00:01.53 | Mem:0.00M, Peak:0.00M | Scene, ViewLayer | Synchronizing object | Rear right brake disc bell
Fra:1 Mem:222.49M (Peak 222.49M) | Time:00:01.53 | Mem:0.00M, Peak:0.00M | Scene, ViewLayer | Synchronizing object | Front right drilled rotor perforation.056
Fra:1 Mem:222.46M (Peak 222.49M) | Time:00:01.53 | Mem:0.00M, Peak:0.00M | Scene, ViewLayer | Synchronizing object | Front right drilled rotor perforation.057
Fra:1 Mem:222.48M (Peak 222.49M) | Time:00:01.53 | Mem:0.00M, Peak:0.00M | Scene, ViewLayer | Synchronizing object | Front right drilled rotor perforation.058
Fra:1 Mem:222.54M (Peak 222.54M) | Time:00:01.53 | Mem:0.00M, Peak:0.00M | Scene, ViewLayer | Synchronizing object | Front right drilled rotor perforation.059
Fra:1 Mem:222.56M (Peak 222.56M) | Time:00:01.53 | Mem:0.00M, Peak:0.00M | Scene, ViewLayer | Synchronizing object | Rear right drilled rotor perforation.070
Fra:1 Mem:222.54M (Peak 222.56M) | Time:00:01.53 | Mem:0.00M, Peak:0.00M | Scene, ViewLayer | Synchronizing object | Front right drilled rotor perforation.060
Fra:1 Mem:222.58M (Peak 222.58M) | Time:00:01.53 | Mem:0.00M, Peak:0.00M | Scene, ViewLayer | Synchronizing object | Rear right drilled rotor perforation.069
Fra:1 Mem:222.61M (Peak 222.61M) | Time:00:01.53 | Mem:0.00M, Peak:0.00M | Scene, ViewLayer | Synchronizing object | Front right drilled rotor perforation.062
Fra:1 Mem:222.61M (Peak 222.61M) | Time:00:01.53 | Mem:0.00M, Peak:0.00M | Scene, ViewLayer | Synchronizing object | Rear right drilled rotor perforation.068
Fra:1 Mem:222.60M (Peak 222.61M) | Time:00:01.53 | Mem:0.00M, Peak:0.00M | Scene, ViewLayer | Synchronizing object | Front right drilled rotor perforation.063
Fra:1 Mem:222.60M (Peak 222.61M) | Time:00:01.53 | Mem:0.00M, Peak:0.00M | Scene, ViewLayer | Synchronizing object | Rear right drilled rotor perforation.067
Fra:1 Mem:222.65M (Peak 222.65M) | Time:00:01.53 | Mem:0.00M, Peak:0.00M | Scene, ViewLayer | Synchronizing object | Front right drilled rotor perforation.064
Fra:1 Mem:222.64M (Peak 222.65M) | Time:00:01.53 | Mem:0.00M, Peak:0.00M | Scene, ViewLayer | Synchronizing object | Rear right drilled rotor perforation.066
Fra:1 Mem:222.69M (Peak 222.69M) | Time:00:01.53 | Mem:0.00M, Peak:0.00M | Scene, ViewLayer | Synchronizing object | Front right drilled rotor perforation.065
Fra:1 Mem:222.69M (Peak 222.69M) | Time:00:01.53 | Mem:0.00M, Peak:0.00M | Scene, ViewLayer | Synchronizing object | Front right drilled rotor perforation.066
Fra:1 Mem:222.67M (Peak 222.69M) | Time:00:01.53 | Mem:0.00M, Peak:0.00M | Scene, ViewLayer | Synchronizing object | Front right drilled rotor perforation.067
Fra:1 Mem:222.75M (Peak 222.75M) | Time:00:01.53 | Mem:0.00M, Peak:0.00M | Scene, ViewLayer | Synchronizing object | Front right drilled rotor perforation.068
Fra:1 Mem:222.76M (Peak 222.76M) | Time:00:01.53 | Mem:0.00M, Peak:0.00M | Scene, ViewLayer | Synchronizing object | Front right drilled rotor perforation.069
Fra:1 Mem:222.77M (Peak 222.77M) | Time:00:01.53 | Mem:0.00M, Peak:0.00M | Scene, ViewLayer | Synchronizing object | Rear right drilled rotor perforation.065
Fra:1 Mem:222.75M (Peak 222.77M) | Time:00:01.53 | Mem:0.00M, Peak:0.00M | Scene, ViewLayer | Synchronizing object | Front right drilled rotor perforation.071
Fra:1 Mem:222.77M (Peak 222.77M) | Time:00:01.53 | Mem:0.00M, Peak:0.00M | Scene, ViewLayer | Synchronizing object | Rear right drilled rotor perforation.064
Fra:1 Mem:222.81M (Peak 222.81M) | Time:00:01.53 | Mem:0.00M, Peak:0.00M | Scene, ViewLayer | Synchronizing object | Rear right drilled rotor perforation.063
Fra:1 Mem:222.81M (Peak 222.81M) | Time:00:01.53 | Mem:0.00M, Peak:0.00M | Scene, ViewLayer | Synchronizing object | Front right brake disc bell
Fra:1 Mem:222.82M (Peak 222.82M) | Time:00:01.53 | Mem:0.00M, Peak:0.00M | Scene, ViewLayer | Synchronizing object | Rear right drilled rotor perforation.062
Fra:1 Mem:222.88M (Peak 222.88M) | Time:00:01.53 | Mem:0.00M, Peak:0.00M | Scene, ViewLayer | Synchronizing object | Rear right drilled rotor perforation.061
Fra:1 Mem:222.94M (Peak 222.94M) | Time:00:01.53 | Mem:0.00M, Peak:0.00M | Scene, ViewLayer | Synchronizing object | Rear right drilled rotor perforation.060
Fra:1 Mem:222.90M (Peak 222.94M) | Time:00:01.53 | Mem:0.00M, Peak:0.00M | Scene, ViewLayer | Synchronizing object | Front right yellow six-piston caliper
Fra:1 Mem:222.88M (Peak 222.94M) | Time:00:01.53 | Mem:0.00M, Peak:0.00M | Scene, ViewLayer | Synchronizing object | Rear right drilled rotor perforation.059
Fra:1 Mem:222.94M (Peak 222.94M) | Time:00:01.53 | Mem:0.00M, Peak:0.00M | Scene, ViewLayer | Synchronizing object | Front right machined split spoke
Fra:1 Mem:223.00M (Peak 223.00M) | Time:00:01.53 | Mem:0.00M, Peak:0.00M | Scene, ViewLayer | Synchronizing object | Rear right drilled rotor perforation.058
Fra:1 Mem:223.02M (Peak 223.02M) | Time:00:01.53 | Mem:0.00M, Peak:0.00M | Scene, ViewLayer | Synchronizing object | Front right black spoke pocket
Fra:1 Mem:222.99M (Peak 223.02M) | Time:00:01.53 | Mem:0.00M, Peak:0.00M | Scene, ViewLayer | Synchronizing object | Rear right drilled rotor perforation.057
Fra:1 Mem:223.06M (Peak 223.06M) | Time:00:01.53 | Mem:0.00M, Peak:0.00M | Scene, ViewLayer | Synchronizing object | Rear right drilled rotor perforation.056
Fra:1 Mem:223.04M (Peak 223.06M) | Time:00:01.53 | Mem:0.00M, Peak:0.00M | Scene, ViewLayer | Synchronizing object | Front right machined split spoke.001
Fra:1 Mem:223.09M (Peak 223.09M) | Time:00:01.53 | Mem:0.00M, Peak:0.00M | Scene, ViewLayer | Synchronizing object | Rear right drilled rotor perforation.055
Fra:1 Mem:223.10M (Peak 223.10M) | Time:00:01.53 | Mem:0.00M, Peak:0.00M | Scene, ViewLayer | Synchronizing object | Rear right drilled rotor perforation.054
Fra:1 Mem:223.08M (Peak 223.10M) | Time:00:01.54 | Mem:0.00M, Peak:0.00M | Scene, ViewLayer | Synchronizing object | Front right black spoke pocket.001
Fra:1 Mem:223.14M (Peak 223.14M) | Time:00:01.54 | Mem:0.00M, Peak:0.00M | Scene, ViewLayer | Synchronizing object | Rear right drilled rotor perforation.053
Fra:1 Mem:223.13M (Peak 223.14M) | Time:00:01.54 | Mem:0.00M, Peak:0.00M | Scene, ViewLayer | Synchronizing object | Front right machined split spoke.002
Fra:1 Mem:223.13M (Peak 223.14M) | Time:00:01.54 | Mem:0.00M, Peak:0.00M | Scene, ViewLayer | Synchronizing object | Rear right drilled rotor perforation.052
Fra:1 Mem:223.16M (Peak 223.16M) | Time:00:01.54 | Mem:0.00M, Peak:0.00M | Scene, ViewLayer | Synchronizing object | Front right black spoke pocket.002
Fra:1 Mem:223.16M (Peak 223.16M) | Time:00:01.54 | Mem:0.00M, Peak:0.00M | Scene, ViewLayer | Synchronizing object | Front right machined split spoke.003
Fra:1 Mem:223.23M (Peak 223.23M) | Time:00:01.54 | Mem:0.00M, Peak:0.00M | Scene, ViewLayer | Synchronizing object | Front right black spoke pocket.003
Fra:1 Mem:223.27M (Peak 223.27M) | Time:00:01.54 | Mem:0.00M, Peak:0.00M | Scene, ViewLayer | Synchronizing object | Rear right drilled rotor perforation.050
Fra:1 Mem:223.34M (Peak 223.34M) | Time:00:01.54 | Mem:0.00M, Peak:0.00M | Scene, ViewLayer | Synchronizing object | Front right machined split spoke.004
Fra:1 Mem:223.31M (Peak 223.34M) | Time:00:01.54 | Mem:0.00M, Peak:0.00M | Scene, ViewLayer | Synchronizing object | Rear right drilled rotor perforation.049
Fra:1 Mem:223.33M (Peak 223.34M) | Time:00:01.54 | Mem:0.00M, Peak:0.00M | Scene, ViewLayer | Synchronizing object | Rear right drilled rotor perforation.048
Fra:1 Mem:223.33M (Peak 223.34M) | Time:00:01.54 | Mem:0.00M, Peak:0.00M | Scene, ViewLayer | Synchronizing object | Front right black spoke pocket.004
Fra:1 Mem:223.38M (Peak 223.38M) | Time:00:01.54 | Mem:0.00M, Peak:0.00M | Scene, ViewLayer | Synchronizing object | Rear right drilled rotor perforation.047
Fra:1 Mem:223.36M (Peak 223.38M) | Time:00:01.54 | Mem:0.00M, Peak:0.00M | Scene, ViewLayer | Synchronizing object | Front right machined split spoke.005
Fra:1 Mem:223.41M (Peak 223.41M) | Time:00:01.54 | Mem:0.00M, Peak:0.00M | Scene, ViewLayer | Synchronizing object | Rear right drilled rotor perforation.046
Fra:1 Mem:223.44M (Peak 223.44M) | Time:00:01.54 | Mem:0.00M, Peak:0.00M | Scene, ViewLayer | Synchronizing object | Rear right drilled rotor perforation.045
Fra:1 Mem:223.41M (Peak 223.44M) | Time:00:01.54 | Mem:0.00M, Peak:0.00M | Scene, ViewLayer | Synchronizing object | Front right black spoke pocket.005
Fra:1 Mem:223.45M (Peak 223.45M) | Time:00:01.54 | Mem:0.00M, Peak:0.00M | Scene, ViewLayer | Synchronizing object | Rear right drilled rotor perforation.044
Fra:1 Mem:223.49M (Peak 223.49M) | Time:00:01.54 | Mem:0.00M, Peak:0.00M | Scene, ViewLayer | Synchronizing object | Front right machined split spoke.006
Fra:1 Mem:223.54M (Peak 223.54M) | Time:00:01.54 | Mem:0.00M, Peak:0.00M | Scene, ViewLayer | Synchronizing object | Front right black spoke pocket.006
Fra:1 Mem:223.48M (Peak 223.54M) | Time:00:01.54 | Mem:0.00M, Peak:0.00M | Scene, ViewLayer | Synchronizing object | Rear right drilled rotor perforation.043
Fra:1 Mem:223.58M (Peak 223.58M) | Time:00:01.54 | Mem:0.00M, Peak:0.00M | Scene, ViewLayer | Synchronizing object | Front right machined split spoke.007
Fra:1 Mem:223.61M (Peak 223.61M) | Time:00:01.54 | Mem:0.00M, Peak:0.00M | Scene, ViewLayer | Synchronizing object | Rear right drilled rotor perforation.042
Fra:1 Mem:223.63M (Peak 223.63M) | Time:00:01.54 | Mem:0.00M, Peak:0.00M | Scene, ViewLayer | Synchronizing object | Front right black spoke pocket.007
Fra:1 Mem:223.57M (Peak 223.63M) | Time:00:01.54 | Mem:0.00M, Peak:0.00M | Scene, ViewLayer | Synchronizing object | Rear right drilled rotor perforation.041
Fra:1 Mem:223.65M (Peak 223.65M) | Time:00:01.54 | Mem:0.00M, Peak:0.00M | Scene, ViewLayer | Synchronizing object | Rear right drilled rotor perforation.040
Fra:1 Mem:223.65M (Peak 223.65M) | Time:00:01.54 | Mem:0.00M, Peak:0.00M | Scene, ViewLayer | Synchronizing object | Front right black spoke pocket.008
Fra:1 Mem:223.65M (Peak 223.65M) | Time:00:01.54 | Mem:0.00M, Peak:0.00M | Scene, ViewLayer | Synchronizing object | Rear right drilled rotor perforation.039
Fra:1 Mem:223.72M (Peak 223.72M) | Time:00:01.54 | Mem:0.00M, Peak:0.00M | Scene, ViewLayer | Synchronizing object | Front right machined split spoke.009
Fra:1 Mem:223.72M (Peak 223.72M) | Time:00:01.54 | Mem:0.00M, Peak:0.00M | Scene, ViewLayer | Synchronizing object | Rear right drilled rotor perforation.038
Fra:1 Mem:223.80M (Peak 223.80M) | Time:00:01.54 | Mem:0.00M, Peak:0.00M | Scene, ViewLayer | Synchronizing object | Rear right drilled rotor perforation.037
Fra:1 Mem:223.76M (Peak 223.80M) | Time:00:01.54 | Mem:0.00M, Peak:0.00M | Scene, ViewLayer | Synchronizing object | Front right black spoke pocket.009
Fra:1 Mem:223.79M (Peak 223.80M) | Time:00:01.54 | Mem:0.00M, Peak:0.00M | Scene, ViewLayer | Synchronizing object | Front right center hub
Fra:1 Mem:223.77M (Peak 223.80M) | Time:00:01.54 | Mem:0.00M, Peak:0.00M | Scene, ViewLayer | Synchronizing object | Rear right drilled rotor perforation.036
Fra:1 Mem:223.85M (Peak 223.85M) | Time:00:01.54 | Mem:0.00M, Peak:0.00M | Scene, ViewLayer | Synchronizing object | Rear right drilled rotor perforation.035
Fra:1 Mem:223.94M (Peak 223.94M) | Time:00:01.54 | Mem:0.00M, Peak:0.00M | Scene, ViewLayer | Synchronizing object | Front right center cap ring
Fra:1 Mem:223.90M (Peak 223.94M) | Time:00:01.54 | Mem:0.00M, Peak:0.00M | Scene, ViewLayer | Synchronizing object | Rear right drilled rotor perforation.034
Fra:1 Mem:223.95M (Peak 223.95M) | Time:00:01.54 | Mem:0.00M, Peak:0.00M | Scene, ViewLayer | Synchronizing object | Front right titanium lug nut
Fra:1 Mem:223.98M (Peak 223.98M) | Time:00:01.54 | Mem:0.00M, Peak:0.00M | Scene, ViewLayer | Synchronizing object | Front right titanium lug nut.001
Fra:1 Mem:223.97M (Peak 223.98M) | Time:00:01.54 | Mem:0.00M, Peak:0.00M | Scene, ViewLayer | Synchronizing object | Front right titanium lug nut.002
Fra:1 Mem:223.97M (Peak 223.98M) | Time:00:01.54 | Mem:0.00M, Peak:0.00M | Scene, ViewLayer | Synchronizing object | Front right titanium lug nut.003
Fra:1 Mem:223.98M (Peak 223.98M) | Time:00:01.54 | Mem:0.00M, Peak:0.00M | Scene, ViewLayer | Synchronizing object | Front right titanium lug nut.004
Fra:1 Mem:223.99M (Peak 223.99M) | Time:00:01.54 | Mem:0.00M, Peak:0.00M | Scene, ViewLayer | Synchronizing object | Front right tire valve
Fra:1 Mem:224.00M (Peak 224.00M) | Time:00:01.54 | Mem:0.00M, Peak:0.00M | Scene, ViewLayer | Synchronizing object | Rear left | tire carcass
Fra:1 Mem:224.16M (Peak 224.16M) | Time:00:01.54 | Mem:0.00M, Peak:0.00M | Scene, ViewLayer | Synchronizing object | Rear left tire molded sidewall ring.001
Fra:1 Mem:224.26M (Peak 224.26M) | Time:00:01.54 | Mem:0.00M, Peak:0.00M | Scene, ViewLayer | Synchronizing object | Rear left tire molded sidewall ring.002
Fra:1 Mem:224.36M (Peak 224.36M) | Time:00:01.54 | Mem:0.00M, Peak:0.00M | Scene, ViewLayer | Synchronizing object | Rear left tire molded sidewall ring
Fra:1 Mem:224.46M (Peak 224.46M) | Time:00:01.54 | Mem:0.00M, Peak:0.00M | Scene, ViewLayer | Synchronizing object | Rear left directional tread | 792 blocks
Fra:1 Mem:224.96M (Peak 224.96M) | Time:00:01.54 | Mem:0.00M, Peak:0.00M | Scene, ViewLayer | Synchronizing object | Rear left cast rim barrel
Fra:1 Mem:225.04M (Peak 225.04M) | Time:00:01.54 | Mem:0.00M, Peak:0.00M | Scene, ViewLayer | Synchronizing object | Rear left diamond-cut outer flange
Fra:1 Mem:225.14M (Peak 225.14M) | Time:00:01.54 | Mem:0.00M, Peak:0.00M | Scene, ViewLayer | Synchronizing object | Rear left inner rim accent
Fra:1 Mem:225.25M (Peak 225.25M) | Time:00:01.54 | Mem:0.00M, Peak:0.00M | Scene, ViewLayer | Synchronizing object | Rear left brake rotor
Fra:1 Mem:225.28M (Peak 225.28M) | Time:00:01.55 | Mem:0.00M, Peak:0.00M | Scene, ViewLayer | Synchronizing object | Rear left rotor outer scoring
Fra:1 Mem:225.42M (Peak 225.42M) | Time:00:01.55 | Mem:0.00M, Peak:0.00M | Scene, ViewLayer | Synchronizing object | Rear left drilled rotor perforation
Fra:1 Mem:225.41M (Peak 225.42M) | Time:00:01.55 | Mem:0.00M, Peak:0.00M | Scene, ViewLayer | Synchronizing object | Rear right drilled rotor perforation.031
Fra:1 Mem:225.45M (Peak 225.45M) | Time:00:01.55 | Mem:0.00M, Peak:0.00M | Scene, ViewLayer | Synchronizing object | Rear left drilled rotor perforation.001
Fra:1 Mem:225.43M (Peak 225.45M) | Time:00:01.55 | Mem:0.00M, Peak:0.00M | Scene, ViewLayer | Synchronizing object | Rear right drilled rotor perforation.030
Fra:1 Mem:225.51M (Peak 225.51M) | Time:00:01.55 | Mem:0.00M, Peak:0.00M | Scene, ViewLayer | Synchronizing object | Rear left drilled rotor perforation.002
Fra:1 Mem:225.51M (Peak 225.51M) | Time:00:01.55 | Mem:0.00M, Peak:0.00M | Scene, ViewLayer | Synchronizing object | Rear left drilled rotor perforation.003
Fra:1 Mem:225.48M (Peak 225.51M) | Time:00:01.55 | Mem:0.00M, Peak:0.00M | Scene, ViewLayer | Synchronizing object | Rear right drilled rotor perforation.029
Fra:1 Mem:225.56M (Peak 225.56M) | Time:00:01.55 | Mem:0.00M, Peak:0.00M | Scene, ViewLayer | Synchronizing object | Rear left drilled rotor perforation.004
Fra:1 Mem:225.55M (Peak 225.56M) | Time:00:01.55 | Mem:0.00M, Peak:0.00M | Scene, ViewLayer | Synchronizing object | Rear left drilled rotor perforation.005
Fra:1 Mem:225.56M (Peak 225.56M) | Time:00:01.55 | Mem:0.00M, Peak:0.00M | Scene, ViewLayer | Synchronizing object | Rear right drilled rotor perforation.028
Fra:1 Mem:225.54M (Peak 225.56M) | Time:00:01.55 | Mem:0.00M, Peak:0.00M | Scene, ViewLayer | Synchronizing object | Rear left drilled rotor perforation.006
Fra:1 Mem:225.59M (Peak 225.59M) | Time:00:01.55 | Mem:0.00M, Peak:0.00M | Scene, ViewLayer | Synchronizing object | Rear right drilled rotor perforation.027
Fra:1 Mem:225.57M (Peak 225.59M) | Time:00:01.55 | Mem:0.00M, Peak:0.00M | Scene, ViewLayer | Synchronizing object | Rear left drilled rotor perforation.007
Fra:1 Mem:225.58M (Peak 225.59M) | Time:00:01.55 | Mem:0.00M, Peak:0.00M | Scene, ViewLayer | Synchronizing object | Rear left drilled rotor perforation.008
Fra:1 Mem:225.62M (Peak 225.62M) | Time:00:01.55 | Mem:0.00M, Peak:0.00M | Scene, ViewLayer | Synchronizing object | Rear right drilled rotor perforation.026
Fra:1 Mem:225.61M (Peak 225.62M) | Time:00:01.55 | Mem:0.00M, Peak:0.00M | Scene, ViewLayer | Synchronizing object | Rear left drilled rotor perforation.009
Fra:1 Mem:225.67M (Peak 225.67M) | Time:00:01.55 | Mem:0.00M, Peak:0.00M | Scene, ViewLayer | Synchronizing object | Rear right drilled rotor perforation.025
Fra:1 Mem:225.65M (Peak 225.67M) | Time:00:01.55 | Mem:0.00M, Peak:0.00M | Scene, ViewLayer | Synchronizing object | Rear left drilled rotor perforation.011
Fra:1 Mem:225.67M (Peak 225.67M) | Time:00:01.55 | Mem:0.00M, Peak:0.00M | Scene, ViewLayer | Synchronizing object | Rear right drilled rotor perforation.024
Fra:1 Mem:225.72M (Peak 225.72M) | Time:00:01.55 | Mem:0.00M, Peak:0.00M | Scene, ViewLayer | Synchronizing object | Rear left drilled rotor perforation.012
Fra:1 Mem:225.68M (Peak 225.72M) | Time:00:01.55 | Mem:0.00M, Peak:0.00M | Scene, ViewLayer | Synchronizing object | Rear right drilled rotor perforation.023
Fra:1 Mem:225.77M (Peak 225.77M) | Time:00:01.55 | Mem:0.00M, Peak:0.00M | Scene, ViewLayer | Synchronizing object | Rear left drilled rotor perforation.014
Fra:1 Mem:225.72M (Peak 225.77M) | Time:00:01.55 | Mem:0.00M, Peak:0.00M | Scene, ViewLayer | Synchronizing object | Rear left drilled rotor perforation.015
Fra:1 Mem:225.79M (Peak 225.79M) | Time:00:01.55 | Mem:0.00M, Peak:0.00M | Scene, ViewLayer | Synchronizing object | Rear left drilled rotor perforation.016
Fra:1 Mem:225.79M (Peak 225.79M) | Time:00:01.55 | Mem:0.00M, Peak:0.00M | Scene, ViewLayer | Synchronizing object | Rear left drilled rotor perforation.017
Fra:1 Mem:225.82M (Peak 225.82M) | Time:00:01.55 | Mem:0.00M, Peak:0.00M | Scene, ViewLayer | Synchronizing object | Rear right drilled rotor perforation.021
Fra:1 Mem:225.79M (Peak 225.82M) | Time:00:01.55 | Mem:0.00M, Peak:0.00M | Scene, ViewLayer | Synchronizing object | Rear left drilled rotor perforation.018
Fra:1 Mem:225.86M (Peak 225.86M) | Time:00:01.55 | Mem:0.00M, Peak:0.00M | Scene, ViewLayer | Synchronizing object | Rear left drilled rotor perforation.019
Fra:1 Mem:225.85M (Peak 225.86M) | Time:00:01.55 | Mem:0.00M, Peak:0.00M | Scene, ViewLayer | Synchronizing object | Rear right drilled rotor perforation.020
Fra:1 Mem:225.85M (Peak 225.86M) | Time:00:01.55 | Mem:0.00M, Peak:0.00M | Scene, ViewLayer | Synchronizing object | Rear left drilled rotor perforation.020
Fra:1 Mem:225.87M (Peak 225.87M) | Time:00:01.55 | Mem:0.00M, Peak:0.00M | Scene, ViewLayer | Synchronizing object | Rear left drilled rotor perforation.021
Fra:1 Mem:225.89M (Peak 225.89M) | Time:00:01.55 | Mem:0.00M, Peak:0.00M | Scene, ViewLayer | Synchronizing object | Rear right drilled rotor perforation.019
Fra:1 Mem:225.93M (Peak 225.93M) | Time:00:01.55 | Mem:0.00M, Peak:0.00M | Scene, ViewLayer | Synchronizing object | Rear left drilled rotor perforation.022
Fra:1 Mem:225.94M (Peak 225.94M) | Time:00:01.55 | Mem:0.00M, Peak:0.00M | Scene, ViewLayer | Synchronizing object | Rear left drilled rotor perforation.023
Fra:1 Mem:225.91M (Peak 225.94M) | Time:00:01.55 | Mem:0.00M, Peak:0.00M | Scene, ViewLayer | Synchronizing object | Rear left drilled rotor perforation.024
Fra:1 Mem:225.93M (Peak 225.94M) | Time:00:01.55 | Mem:0.00M, Peak:0.00M | Scene, ViewLayer | Synchronizing object | Rear right drilled rotor perforation.018
Fra:1 Mem:225.95M (Peak 225.95M) | Time:00:01.55 | Mem:0.00M, Peak:0.00M | Scene, ViewLayer | Synchronizing object | Rear left drilled rotor perforation.025
Fra:1 Mem:225.98M (Peak 225.98M) | Time:00:01.55 | Mem:0.00M, Peak:0.00M | Scene, ViewLayer | Synchronizing object | Rear right drilled rotor perforation.017
Fra:1 Mem:226.01M (Peak 226.01M) | Time:00:01.55 | Mem:0.00M, Peak:0.00M | Scene, ViewLayer | Synchronizing object | Rear left drilled rotor perforation.026
Fra:1 Mem:225.98M (Peak 226.01M) | Time:00:01.55 | Mem:0.00M, Peak:0.00M | Scene, ViewLayer | Synchronizing object | Rear right drilled rotor perforation.016
Fra:1 Mem:226.00M (Peak 226.01M) | Time:00:01.55 | Mem:0.00M, Peak:0.00M | Scene, ViewLayer | Synchronizing object | Rear left drilled rotor perforation.027
Fra:1 Mem:226.01M (Peak 226.01M) | Time:00:01.55 | Mem:0.00M, Peak:0.00M | Scene, ViewLayer | Synchronizing object | Rear right drilled rotor perforation.015
Fra:1 Mem:226.02M (Peak 226.02M) | Time:00:01.55 | Mem:0.00M, Peak:0.00M | Scene, ViewLayer | Synchronizing object | Rear left drilled rotor perforation.028
Fra:1 Mem:226.04M (Peak 226.04M) | Time:00:01.55 | Mem:0.00M, Peak:0.00M | Scene, ViewLayer | Synchronizing object | Rear right drilled rotor perforation.014
Fra:1 Mem:226.07M (Peak 226.07M) | Time:00:01.55 | Mem:0.00M, Peak:0.00M | Scene, ViewLayer | Synchronizing object | Rear left drilled rotor perforation.029
Fra:1 Mem:226.10M (Peak 226.10M) | Time:00:01.55 | Mem:0.00M, Peak:0.00M | Scene, ViewLayer | Synchronizing object | Rear right drilled rotor perforation.013
Fra:1 Mem:226.08M (Peak 226.10M) | Time:00:01.55 | Mem:0.00M, Peak:0.00M | Scene, ViewLayer | Synchronizing object | Rear left drilled rotor perforation.030
Fra:1 Mem:226.12M (Peak 226.12M) | Time:00:01.55 | Mem:0.00M, Peak:0.00M | Scene, ViewLayer | Synchronizing object | Rear right drilled rotor perforation.012
Fra:1 Mem:226.12M (Peak 226.12M) | Time:00:01.55 | Mem:0.00M, Peak:0.00M | Scene, ViewLayer | Synchronizing object | Rear left drilled rotor perforation.031
Fra:1 Mem:226.14M (Peak 226.14M) | Time:00:01.55 | Mem:0.00M, Peak:0.00M | Scene, ViewLayer | Synchronizing object | Rear right drilled rotor perforation.011
Fra:1 Mem:226.13M (Peak 226.14M) | Time:00:01.55 | Mem:0.00M, Peak:0.00M | Scene, ViewLayer | Synchronizing object | Rear left drilled rotor perforation.032
Fra:1 Mem:226.15M (Peak 226.15M) | Time:00:01.55 | Mem:0.00M, Peak:0.00M | Scene, ViewLayer | Synchronizing object | Rear left drilled rotor perforation.033
Fra:1 Mem:226.15M (Peak 226.15M) | Time:00:01.55 | Mem:0.00M, Peak:0.00M | Scene, ViewLayer | Synchronizing object | Rear right drilled rotor perforation.010
Fra:1 Mem:226.22M (Peak 226.22M) | Time:00:01.55 | Mem:0.00M, Peak:0.00M | Scene, ViewLayer | Synchronizing object | Rear right drilled rotor perforation.009
Fra:1 Mem:226.19M (Peak 226.22M) | Time:00:01.55 | Mem:0.00M, Peak:0.00M | Scene, ViewLayer | Synchronizing object | Rear left drilled rotor perforation.034
Fra:1 Mem:226.20M (Peak 226.22M) | Time:00:01.55 | Mem:0.00M, Peak:0.00M | Scene, ViewLayer | Synchronizing object | Rear right drilled rotor perforation.008
Fra:1 Mem:226.23M (Peak 226.23M) | Time:00:01.55 | Mem:0.00M, Peak:0.00M | Scene, ViewLayer | Synchronizing object | Rear left drilled rotor perforation.035
Fra:1 Mem:226.22M (Peak 226.23M) | Time:00:01.55 | Mem:0.00M, Peak:0.00M | Scene, ViewLayer | Synchronizing object | Rear right drilled rotor perforation.007
Fra:1 Mem:226.25M (Peak 226.25M) | Time:00:01.55 | Mem:0.00M, Peak:0.00M | Scene, ViewLayer | Synchronizing object | Rear right drilled rotor perforation.006
Fra:1 Mem:226.26M (Peak 226.26M) | Time:00:01.55 | Mem:0.00M, Peak:0.00M | Scene, ViewLayer | Synchronizing object | Rear left drilled rotor perforation.036
Fra:1 Mem:226.29M (Peak 226.29M) | Time:00:01.55 | Mem:0.00M, Peak:0.00M | Scene, ViewLayer | Synchronizing object | Rear right drilled rotor perforation.005
Fra:1 Mem:226.32M (Peak 226.32M) | Time:00:01.55 | Mem:0.00M, Peak:0.00M | Scene, ViewLayer | Synchronizing object | Rear left drilled rotor perforation.037
Fra:1 Mem:226.30M (Peak 226.32M) | Time:00:01.55 | Mem:0.00M, Peak:0.00M | Scene, ViewLayer | Synchronizing object | Rear left drilled rotor perforation.038
Fra:1 Mem:226.29M (Peak 226.32M) | Time:00:01.55 | Mem:0.00M, Peak:0.00M | Scene, ViewLayer | Synchronizing object | Rear right drilled rotor perforation.004
Fra:1 Mem:226.35M (Peak 226.35M) | Time:00:01.55 | Mem:0.00M, Peak:0.00M | Scene, ViewLayer | Synchronizing object | Rear left drilled rotor perforation.039
Fra:1 Mem:226.32M (Peak 226.35M) | Time:00:01.55 | Mem:0.00M, Peak:0.00M | Scene, ViewLayer | Synchronizing object | Rear right drilled rotor perforation.003
Fra:1 Mem:226.37M (Peak 226.37M) | Time:00:01.55 | Mem:0.00M, Peak:0.00M | Scene, ViewLayer | Synchronizing object | Rear right drilled rotor perforation.002
Fra:1 Mem:226.37M (Peak 226.37M) | Time:00:01.55 | Mem:0.00M, Peak:0.00M | Scene, ViewLayer | Synchronizing object | Rear left drilled rotor perforation.040
Fra:1 Mem:226.42M (Peak 226.42M) | Time:00:01.55 | Mem:0.00M, Peak:0.00M | Scene, ViewLayer | Synchronizing object | Rear right drilled rotor perforation.001
Fra:1 Mem:226.39M (Peak 226.42M) | Time:00:01.55 | Mem:0.00M, Peak:0.00M | Scene, ViewLayer | Synchronizing object | Rear left drilled rotor perforation.041
Fra:1 Mem:226.43M (Peak 226.43M) | Time:00:01.55 | Mem:0.00M, Peak:0.00M | Scene, ViewLayer | Synchronizing object | Rear left drilled rotor perforation.042
Fra:1 Mem:226.48M (Peak 226.48M) | Time:00:01.55 | Mem:0.00M, Peak:0.00M | Scene, ViewLayer | Synchronizing object | Rear right drilled rotor perforation
Fra:1 Mem:226.45M (Peak 226.48M) | Time:00:01.55 | Mem:0.00M, Peak:0.00M | Scene, ViewLayer | Synchronizing object | Rear left drilled rotor perforation.043
Fra:1 Mem:226.50M (Peak 226.50M) | Time:00:01.55 | Mem:0.00M, Peak:0.00M | Scene, ViewLayer | Synchronizing object | Rear left drilled rotor perforation.044
Fra:1 Mem:226.46M (Peak 226.50M) | Time:00:01.55 | Mem:0.00M, Peak:0.00M | Scene, ViewLayer | Synchronizing object | Rear right rotor outer scoring
Fra:1 Mem:226.57M (Peak 226.57M) | Time:00:01.55 | Mem:0.00M, Peak:0.00M | Scene, ViewLayer | Synchronizing object | Rear left drilled rotor perforation.045
Fra:1 Mem:226.57M (Peak 226.57M) | Time:00:01.55 | Mem:0.00M, Peak:0.00M | Scene, ViewLayer | Synchronizing object | Rear right brake rotor
Fra:1 Mem:226.69M (Peak 226.69M) | Time:00:01.55 | Mem:0.00M, Peak:0.00M | Scene, ViewLayer | Synchronizing object | Rear left drilled rotor perforation.047
Fra:1 Mem:226.70M (Peak 226.70M) | Time:00:01.55 | Mem:0.00M, Peak:0.00M | Scene, ViewLayer | Synchronizing object | Rear left drilled rotor perforation.048
Fra:1 Mem:226.70M (Peak 226.70M) | Time:00:01.55 | Mem:0.00M, Peak:0.00M | Scene, ViewLayer | Synchronizing object | Rear left drilled rotor perforation.049
Fra:1 Mem:226.67M (Peak 226.70M) | Time:00:01.55 | Mem:0.00M, Peak:0.00M | Scene, ViewLayer | Synchronizing object | Rear right inner rim accent
Fra:1 Mem:226.78M (Peak 226.78M) | Time:00:01.55 | Mem:0.00M, Peak:0.00M | Scene, ViewLayer | Synchronizing object | Rear left drilled rotor perforation.051
Fra:1 Mem:226.79M (Peak 226.79M) | Time:00:01.55 | Mem:0.00M, Peak:0.00M | Scene, ViewLayer | Synchronizing object | Rear right diamond-cut outer flange
Fra:1 Mem:226.89M (Peak 226.89M) | Time:00:01.56 | Mem:0.00M, Peak:0.00M | Scene, ViewLayer | Synchronizing object | Rear right cast rim barrel
Fra:1 Mem:226.97M (Peak 226.97M) | Time:00:01.56 | Mem:0.00M, Peak:0.00M | Scene, ViewLayer | Synchronizing object | Rear right directional tread | 792 blocks
Fra:1 Mem:227.06M (Peak 227.06M) | Time:00:01.56 | Mem:0.00M, Peak:0.00M | Scene, ViewLayer | Synchronizing object | Rear left drilled rotor perforation.053
Fra:1 Mem:227.07M (Peak 227.07M) | Time:00:01.56 | Mem:0.00M, Peak:0.00M | Scene, ViewLayer | Synchronizing object | Rear left drilled rotor perforation.054
Fra:1 Mem:227.53M (Peak 227.53M) | Time:00:01.56 | Mem:0.00M, Peak:0.00M | Scene, ViewLayer | Synchronizing object | Rear left drilled rotor perforation.055
Fra:1 Mem:227.64M (Peak 227.64M) | Time:00:01.56 | Mem:0.00M, Peak:0.00M | Scene, ViewLayer | Synchronizing object | Rear left drilled rotor perforation.056
Fra:1 Mem:227.57M (Peak 227.64M) | Time:00:01.56 | Mem:0.00M, Peak:0.00M | Scene, ViewLayer | Synchronizing object | Rear right tire molded sidewall ring
Fra:1 Mem:227.72M (Peak 227.72M) | Time:00:01.56 | Mem:0.00M, Peak:0.00M | Scene, ViewLayer | Synchronizing object | Rear left drilled rotor perforation.057
Fra:1 Mem:227.70M (Peak 227.72M) | Time:00:01.56 | Mem:0.00M, Peak:0.00M | Scene, ViewLayer | Synchronizing object | Rear left drilled rotor perforation.058
Fra:1 Mem:227.71M (Peak 227.72M) | Time:00:01.56 | Mem:0.00M, Peak:0.00M | Scene, ViewLayer | Synchronizing object | Rear left drilled rotor perforation.059
Fra:1 Mem:227.73M (Peak 227.73M) | Time:00:01.56 | Mem:0.00M, Peak:0.00M | Scene, ViewLayer | Synchronizing object | Rear left drilled rotor perforation.060
Fra:1 Mem:227.75M (Peak 227.75M) | Time:00:01.56 | Mem:0.00M, Peak:0.00M | Scene, ViewLayer | Synchronizing object | Rear left drilled rotor perforation.061
Fra:1 Mem:227.81M (Peak 227.81M) | Time:00:01.56 | Mem:0.00M, Peak:0.00M | Scene, ViewLayer | Synchronizing object | Rear left drilled rotor perforation.062
Fra:1 Mem:227.85M (Peak 227.85M) | Time:00:01.56 | Mem:0.00M, Peak:0.00M | Scene, ViewLayer | Synchronizing object | Rear right tire molded sidewall ring.001
Fra:1 Mem:227.84M (Peak 227.85M) | Time:00:01.56 | Mem:0.00M, Peak:0.00M | Scene, ViewLayer | Synchronizing object | Rear left drilled rotor perforation.063
Fra:1 Mem:227.98M (Peak 227.98M) | Time:00:01.56 | Mem:0.00M, Peak:0.00M | Scene, ViewLayer | Synchronizing object | Rear right | tire carcass
Fra:1 Mem:228.00M (Peak 228.00M) | Time:00:01.56 | Mem:0.00M, Peak:0.00M | Scene, ViewLayer | Synchronizing object | Rear left drilled rotor perforation.064
Fra:1 Mem:228.15M (Peak 228.15M) | Time:00:01.56 | Mem:0.00M, Peak:0.00M | Scene, ViewLayer | Synchronizing object | Rear left tire valve
Fra:1 Mem:228.13M (Peak 228.15M) | Time:00:01.56 | Mem:0.00M, Peak:0.00M | Scene, ViewLayer | Synchronizing object | Rear left drilled rotor perforation.065
Fra:1 Mem:228.17M (Peak 228.17M) | Time:00:01.56 | Mem:0.00M, Peak:0.00M | Scene, ViewLayer | Synchronizing object | Rear left titanium lug nut.004
Fra:1 Mem:228.15M (Peak 228.17M) | Time:00:01.56 | Mem:0.00M, Peak:0.00M | Scene, ViewLayer | Synchronizing object | Rear left drilled rotor perforation.067
Fra:1 Mem:228.18M (Peak 228.18M) | Time:00:01.56 | Mem:0.00M, Peak:0.00M | Scene, ViewLayer | Synchronizing object | Rear left titanium lug nut.003
Fra:1 Mem:228.18M (Peak 228.18M) | Time:00:01.56 | Mem:0.00M, Peak:0.00M | Scene, ViewLayer | Synchronizing object | Rear left drilled rotor perforation.068
Fra:1 Mem:228.20M (Peak 228.20M) | Time:00:01.56 | Mem:0.00M, Peak:0.00M | Scene, ViewLayer | Synchronizing object | Rear left titanium lug nut.002
Fra:1 Mem:228.20M (Peak 228.20M) | Time:00:01.56 | Mem:0.00M, Peak:0.00M | Scene, ViewLayer | Synchronizing object | Rear left drilled rotor perforation.069
Fra:1 Mem:228.20M (Peak 228.20M) | Time:00:01.56 | Mem:0.00M, Peak:0.00M | Scene, ViewLayer | Synchronizing object | Rear left titanium lug nut.001
Fra:1 Mem:228.22M (Peak 228.22M) | Time:00:01.56 | Mem:0.00M, Peak:0.00M | Scene, ViewLayer | Synchronizing object | Rear left drilled rotor perforation.070
Fra:1 Mem:228.23M (Peak 228.23M) | Time:00:01.56 | Mem:0.00M, Peak:0.00M | Scene, ViewLayer | Synchronizing object | Rear left titanium lug nut
Fra:1 Mem:228.25M (Peak 228.25M) | Time:00:01.56 | Mem:0.00M, Peak:0.00M | Scene, ViewLayer | Synchronizing object | Rear left drilled rotor perforation.071
Fra:1 Mem:228.24M (Peak 228.25M) | Time:00:01.56 | Mem:0.00M, Peak:0.00M | Scene, ViewLayer | Synchronizing object | Rear left center cap ring
Fra:1 Mem:228.39M (Peak 228.39M) | Time:00:01.56 | Mem:0.00M, Peak:0.00M | Scene, ViewLayer | Synchronizing object | Rear left center hub
Fra:1 Mem:228.43M (Peak 228.43M) | Time:00:01.56 | Mem:0.00M, Peak:0.00M | Scene, ViewLayer | Synchronizing object | Rear left brake disc bell
Fra:1 Mem:228.47M (Peak 228.47M) | Time:00:01.56 | Mem:0.00M, Peak:0.00M | Scene, ViewLayer | Synchronizing object | Rear left yellow six-piston caliper
Fra:1 Mem:228.57M (Peak 228.57M) | Time:00:01.56 | Mem:0.00M, Peak:0.00M | Scene, ViewLayer | Synchronizing object | Rear left machined split spoke
Fra:1 Mem:228.52M (Peak 228.57M) | Time:00:01.56 | Mem:0.00M, Peak:0.00M | Scene, ViewLayer | Synchronizing object | Rear left black spoke pocket.009
Fra:1 Mem:228.59M (Peak 228.59M) | Time:00:01.56 | Mem:0.00M, Peak:0.00M | Scene, ViewLayer | Synchronizing object | Rear left black spoke pocket
Fra:1 Mem:228.62M (Peak 228.62M) | Time:00:01.56 | Mem:0.00M, Peak:0.00M | Scene, ViewLayer | Synchronizing object | Rear left machined split spoke.009
Fra:1 Mem:228.61M (Peak 228.62M) | Time:00:01.56 | Mem:0.00M, Peak:0.00M | Scene, ViewLayer | Synchronizing object | Rear left black spoke pocket.008
Fra:1 Mem:228.66M (Peak 228.66M) | Time:00:01.57 | Mem:0.00M, Peak:0.00M | Scene, ViewLayer | Synchronizing object | Rear left machined split spoke.001
Fra:1 Mem:228.66M (Peak 228.66M) | Time:00:01.57 | Mem:0.00M, Peak:0.00M | Scene, ViewLayer | Synchronizing object | Rear left black spoke pocket.001
Fra:1 Mem:228.68M (Peak 228.68M) | Time:00:01.57 | Mem:0.00M, Peak:0.00M | Scene, ViewLayer | Synchronizing object | Rear left machined split spoke.002
Fra:1 Mem:228.66M (Peak 228.68M) | Time:00:01.57 | Mem:0.00M, Peak:0.00M | Scene, ViewLayer | Synchronizing object | Rear left black spoke pocket.002
Fra:1 Mem:228.75M (Peak 228.75M) | Time:00:01.57 | Mem:0.00M, Peak:0.00M | Scene, ViewLayer | Synchronizing object | Rear left machined split spoke.003
Fra:1 Mem:228.73M (Peak 228.75M) | Time:00:01.57 | Mem:0.00M, Peak:0.00M | Scene, ViewLayer | Synchronizing object | Rear left black spoke pocket.003
Fra:1 Mem:228.79M (Peak 228.79M) | Time:00:01.57 | Mem:0.00M, Peak:0.00M | Scene, ViewLayer | Synchronizing object | Rear left machined split spoke.004
Fra:1 Mem:228.77M (Peak 228.79M) | Time:00:01.57 | Mem:0.00M, Peak:0.00M | Scene, ViewLayer | Synchronizing object | Rear left black spoke pocket.004
Fra:1 Mem:228.83M (Peak 228.83M) | Time:00:01.57 | Mem:0.00M, Peak:0.00M | Scene, ViewLayer | Synchronizing object | Rear left machined split spoke.005
Fra:1 Mem:228.83M (Peak 228.83M) | Time:00:01.57 | Mem:0.00M, Peak:0.00M | Scene, ViewLayer | Synchronizing object | Rear left black spoke pocket.005
Fra:1 Mem:228.86M (Peak 228.86M) | Time:00:01.57 | Mem:0.00M, Peak:0.00M | Scene, ViewLayer | Synchronizing object | Rear left machined split spoke.006
Fra:1 Mem:228.91M (Peak 228.91M) | Time:00:01.57 | Mem:0.00M, Peak:0.00M | Scene, ViewLayer | Synchronizing object | Rear left black spoke pocket.006
Fra:1 Mem:229.02M (Peak 229.02M) | Time:00:01.57 | Mem:0.00M, Peak:0.00M | Scene, ViewLayer | Synchronizing object | Rear left machined split spoke.007
Fra:1 Mem:228.98M (Peak 229.02M) | Time:00:01.57 | Mem:0.00M, Peak:0.00M | Scene, ViewLayer | Synchronizing object | Rear left black spoke pocket.007
Fra:1 Mem:229.00M (Peak 229.02M) | Time:00:01.57 | Mem:0.00M, Peak:0.00M | Scene, ViewLayer | Initializing
Fra:1 Mem:146.67M (Peak 229.02M) | Time:00:01.62 | Mem:0.00M, Peak:0.00M | Scene, ViewLayer | Waiting for render to start
Fra:1 Mem:146.68M (Peak 229.02M) | Time:00:01.62 | Mem:0.00M, Peak:0.00M | Scene, ViewLayer | Loading render kernels (may take a few minutes the first time)
Fra:1 Mem:146.68M (Peak 229.02M) | Time:00:01.62 | Mem:0.00M, Peak:0.00M | Scene, ViewLayer | Updating Scene
Fra:1 Mem:146.68M (Peak 229.02M) | Time:00:01.62 | Mem:0.00M, Peak:0.00M | Scene, ViewLayer | Updating Shaders
Fra:1 Mem:146.69M (Peak 229.02M) | Time:00:01.62 | Mem:0.01M, Peak:0.01M | Scene, ViewLayer | Updating Procedurals
Fra:1 Mem:146.69M (Peak 229.02M) | Time:00:01.62 | Mem:0.01M, Peak:0.01M | Scene, ViewLayer | Updating Background
Fra:1 Mem:146.69M (Peak 229.02M) | Time:00:01.62 | Mem:0.01M, Peak:0.01M | Scene, ViewLayer | Updating Camera
Fra:1 Mem:146.69M (Peak 229.02M) | Time:00:01.62 | Mem:0.01M, Peak:0.01M | Scene, ViewLayer | Updating Meshes Flags
Fra:1 Mem:146.69M (Peak 229.02M) | Time:00:01.62 | Mem:0.01M, Peak:0.01M | Scene, ViewLayer | Updating Objects
Fra:1 Mem:146.69M (Peak 229.02M) | Time:00:01.63 | Mem:0.01M, Peak:0.01M | Scene, ViewLayer | Updating Objects | Copying Transformations to device
Fra:1 Mem:146.85M (Peak 229.02M) | Time:00:01.63 | Mem:0.16M, Peak:0.16M | Scene, ViewLayer | Updating Objects | Applying Static Transformations
Fra:1 Mem:146.85M (Peak 229.02M) | Time:00:01.63 | Mem:0.16M, Peak:0.16M | Scene, ViewLayer | Updating Particle Systems
Fra:1 Mem:146.85M (Peak 229.02M) | Time:00:01.63 | Mem:0.16M, Peak:0.16M | Scene, ViewLayer | Updating Particle Systems | Copying Particles to device
Fra:1 Mem:146.85M (Peak 229.02M) | Time:00:01.63 | Mem:0.16M, Peak:0.16M | Scene, ViewLayer | Updating Meshes
Fra:1 Mem:160.99M (Peak 229.02M) | Time:00:01.67 | Mem:0.16M, Peak:0.16M | Scene, ViewLayer | Updating Mesh | Computing attributes
Fra:1 Mem:167.55M (Peak 229.02M) | Time:00:01.68 | Mem:0.21M, Peak:0.21M | Scene, ViewLayer | Updating Mesh | Copying Attributes to device
Fra:1 Mem:167.44M (Peak 229.02M) | Time:00:01.68 | Mem:6.61M, Peak:6.61M | Scene, ViewLayer | Updating Scene BVH | Building
Fra:1 Mem:167.45M (Peak 229.02M) | Time:00:01.68 | Mem:6.61M, Peak:6.61M | Scene, ViewLayer | Updating Scene BVH | Building BVH
Fra:1 Mem:167.45M (Peak 229.02M) | Time:00:01.68 | Mem:34.90M, Peak:34.90M | Scene, ViewLayer | Updating Scene BVH | Building BVH 0%
Fra:1 Mem:167.45M (Peak 229.02M) | Time:00:01.84 | Mem:66.61M, Peak:94.90M | Scene, ViewLayer | Updating Scene BVH | Copying BVH to device
Fra:1 Mem:167.45M (Peak 229.02M) | Time:00:01.84 | Mem:66.61M, Peak:94.90M | Scene, ViewLayer | Updating Mesh | Computing normals
Fra:1 Mem:202.21M (Peak 229.02M) | Time:00:01.87 | Mem:66.61M, Peak:94.90M | Scene, ViewLayer | Updating Mesh | Copying Mesh to device
Fra:1 Mem:202.21M (Peak 229.02M) | Time:00:01.88 | Mem:101.37M, Peak:101.37M | Scene, ViewLayer | Updating Objects Flags
Fra:1 Mem:202.21M (Peak 229.02M) | Time:00:01.88 | Mem:101.37M, Peak:101.37M | Scene, ViewLayer | Updating Primitive Offsets
Fra:1 Mem:202.21M (Peak 229.02M) | Time:00:01.88 | Mem:101.37M, Peak:101.37M | Scene, ViewLayer | Updating Images
Fra:1 Mem:202.21M (Peak 229.02M) | Time:00:01.88 | Mem:101.37M, Peak:101.37M | Scene, ViewLayer | Updating Camera Volume
Fra:1 Mem:202.21M (Peak 229.02M) | Time:00:01.88 | Mem:101.37M, Peak:101.37M | Scene, ViewLayer | Updating Lookup Tables
Fra:1 Mem:202.21M (Peak 229.02M) | Time:00:01.88 | Mem:101.37M, Peak:101.37M | Scene, ViewLayer | Updating Lights
Fra:1 Mem:202.21M (Peak 229.02M) | Time:00:01.88 | Mem:101.38M, Peak:101.38M | Scene, ViewLayer | Updating Lights | Computing distribution
Fra:1 Mem:202.21M (Peak 229.02M) | Time:00:01.88 | Mem:101.38M, Peak:101.38M | Scene, ViewLayer | Updating Lights | Computing tree
Fra:1 Mem:203.66M (Peak 229.02M) | Time:00:01.93 | Mem:102.82M, Peak:102.82M | Scene, ViewLayer | Updating Integrator
Fra:1 Mem:204.66M (Peak 229.02M) | Time:00:01.93 | Mem:103.82M, Peak:103.82M | Scene, ViewLayer | Updating Film
Fra:1 Mem:204.66M (Peak 229.02M) | Time:00:01.93 | Mem:103.82M, Peak:103.82M | Scene, ViewLayer | Updating Lookup Tables
Fra:1 Mem:204.66M (Peak 229.02M) | Time:00:01.93 | Mem:103.83M, Peak:103.83M | Scene, ViewLayer | Updating Baking
Fra:1 Mem:204.66M (Peak 229.02M) | Time:00:01.93 | Mem:103.83M, Peak:103.83M | Scene, ViewLayer | Updating Device | Writing constant memory
Fra:1 Mem:204.67M (Peak 229.02M) | Time:00:01.93 | Mem:103.83M, Peak:103.83M | Scene, ViewLayer | Sample 0/24
Fra:1 Mem:261.52M (Peak 261.52M) | Time:00:03.39 | Remaining:00:33.49 | Mem:160.65M, Peak:160.65M | Scene, ViewLayer | Sample 1/24
Fra:1 Mem:261.52M (Peak 261.52M) | Time:00:24.54 | Remaining:00:09.31 | Mem:160.65M, Peak:160.65M | Scene, ViewLayer | Sample 17/24
Fra:1 Mem:285.45M (Peak 321.34M) | Time:00:37.61 | Mem:160.65M, Peak:160.65M | Scene, ViewLayer | Sample 24/24
Fra:1 Mem:285.45M (Peak 321.34M) | Time:00:37.61 | Mem:160.65M, Peak:160.65M | Scene, ViewLayer | Finished
Saved: 'C:\MyProjects\TempProject (OpenAI)\su7\renders\draft_02_side.png'
 Time: 00:37.81 (Saving: 00:00.16)

Fra:1 Mem:179.11M (Peak 179.11M) | Time:00:01.43 | Mem:0.00M, Peak:0.00M | Scene, ViewLayer | Synchronizing object | Unified aluminum body | welded hood, quarters and bumpers
Fra:1 Mem:179.11M (Peak 179.11M) | Time:00:01.43 | Mem:0.00M, Peak:0.00M | Scene, ViewLayer | Synchronizing object | Window perimeter | satin black surround
Fra:1 Mem:179.11M (Peak 179.11M) | Time:00:01.43 | Mem:0.00M, Peak:0.00M | Scene, ViewLayer | Synchronizing object | Compound curved greenhouse | panoramic glazing
Fra:1 Mem:182.96M (Peak 182.96M) | Time:00:01.43 | Mem:0.00M, Peak:0.00M | Scene, ViewLayer | Synchronizing object | B pillar black trim
Fra:1 Mem:183.20M (Peak 183.20M) | Time:00:01.43 | Mem:0.00M, Peak:0.00M | Scene, ViewLayer | Synchronizing object | B pillar black trim.001
Fra:1 Mem:184.07M (Peak 184.07M) | Time:00:01.43 | Mem:0.00M, Peak:0.00M | Scene, ViewLayer | Synchronizing object | B pillar black trim.002
Fra:1 Mem:184.37M (Peak 184.37M) | Time:00:01.43 | Mem:0.00M, Peak:0.00M | Scene, ViewLayer | Synchronizing object | Rear quarter glass division
Fra:1 Mem:184.41M (Peak 184.41M) | Time:00:01.43 | Mem:0.00M, Peak:0.00M | Scene, ViewLayer | Synchronizing object | Roof drip molding
Fra:1 Mem:184.78M (Peak 184.78M) | Time:00:01.43 | Mem:0.00M, Peak:0.00M | Scene, ViewLayer | Synchronizing object | Window perimeter | satin black surround.001
Fra:1 Mem:184.99M (Peak 184.99M) | Time:00:01.43 | Mem:0.00M, Peak:0.00M | Scene, ViewLayer | Synchronizing object | B pillar black trim.003
Fra:1 Mem:185.03M (Peak 185.03M) | Time:00:01.43 | Mem:0.00M, Peak:0.00M | Scene, ViewLayer | Synchronizing object | B pillar black trim.004
Fra:1 Mem:185.07M (Peak 185.07M) | Time:00:01.43 | Mem:0.00M, Peak:0.00M | Scene, ViewLayer | Synchronizing object | B pillar black trim.005
Fra:1 Mem:185.11M (Peak 185.11M) | Time:00:01.43 | Mem:0.00M, Peak:0.00M | Scene, ViewLayer | Synchronizing object | Rear quarter glass division.001
Fra:1 Mem:185.15M (Peak 185.15M) | Time:00:01.43 | Mem:0.00M, Peak:0.00M | Scene, ViewLayer | Synchronizing object | Roof drip molding.001
Fra:1 Mem:185.26M (Peak 185.26M) | Time:00:01.43 | Mem:0.00M, Peak:0.00M | Scene, ViewLayer | Synchronizing object | Panoramic roof transverse joint
Fra:1 Mem:185.32M (Peak 185.32M) | Time:00:01.43 | Mem:0.00M, Peak:0.00M | Scene, ViewLayer | Synchronizing object | Panoramic roof transverse joint.001
Fra:1 Mem:185.39M (Peak 185.39M) | Time:00:01.43 | Mem:0.00M, Peak:0.00M | Scene, ViewLayer | Synchronizing object | Hood precision shut line
Fra:1 Mem:185.50M (Peak 185.50M) | Time:00:01.43 | Mem:0.00M, Peak:0.00M | Scene, ViewLayer | Synchronizing object | Front door leading gap
Fra:1 Mem:185.56M (Peak 185.56M) | Time:00:01.43 | Mem:0.00M, Peak:0.00M | Scene, ViewLayer | Synchronizing object | B pillar door gap
Fra:1 Mem:185.63M (Peak 185.63M) | Time:00:01.43 | Mem:0.00M, Peak:0.00M | Scene, ViewLayer | Synchronizing object | Rear door trailing gap
Fra:1 Mem:185.69M (Peak 185.69M) | Time:00:01.43 | Mem:0.00M, Peak:0.00M | Scene, ViewLayer | Synchronizing object | Rocker sill
Fra:1 Mem:185.76M (Peak 185.76M) | Time:00:01.43 | Mem:0.00M, Peak:0.00M | Scene, ViewLayer | Synchronizing object | Rocker silver edge
Fra:1 Mem:185.83M (Peak 185.83M) | Time:00:01.43 | Mem:0.00M, Peak:0.00M | Scene, ViewLayer | Synchronizing object | Handle finger undercut
Fra:1 Mem:185.83M (Peak 185.83M) | Time:00:01.43 | Mem:0.00M, Peak:0.00M | Scene, ViewLayer | Synchronizing object | Handle finger undercut.001
Fra:1 Mem:185.83M (Peak 185.83M) | Time:00:01.44 | Mem:0.00M, Peak:0.00M | Scene, ViewLayer | Synchronizing object | Charging door
Fra:1 Mem:185.88M (Peak 185.88M) | Time:00:01.44 | Mem:0.00M, Peak:0.00M | Scene, ViewLayer | Synchronizing object | Fender blade polished edge
Fra:1 Mem:185.89M (Peak 185.89M) | Time:00:01.44 | Mem:0.00M, Peak:0.00M | Scene, ViewLayer | Synchronizing object | Mirror stalk
Fra:1 Mem:185.89M (Peak 185.89M) | Time:00:01.44 | Mem:0.00M, Peak:0.00M | Scene, ViewLayer | Synchronizing object | Mirror LED indicator
Fra:1 Mem:185.92M (Peak 185.92M) | Time:00:01.44 | Mem:0.00M, Peak:0.00M | Scene, ViewLayer | Synchronizing object | Rolled painted wheel arch lip
Fra:1 Mem:193.52M (Peak 193.52M) | Time:00:01.44 | Mem:0.00M, Peak:0.00M | Scene, ViewLayer | Synchronizing object | Smooth continuous side glass
Fra:1 Mem:193.80M (Peak 193.80M) | Time:00:01.44 | Mem:0.00M, Peak:0.00M | Scene, ViewLayer | Synchronizing object | Smooth continuous side glass.001
Fra:1 Mem:193.84M (Peak 193.84M) | Time:00:01.44 | Mem:0.00M, Peak:0.00M | Scene, ViewLayer | Synchronizing object | Wheelhouse dark reveal
Fra:1 Mem:194.00M (Peak 194.00M) | Time:00:01.44 | Mem:0.00M, Peak:0.00M | Scene, ViewLayer | Synchronizing object | Flush door handle recess
Fra:1 Mem:194.12M (Peak 194.12M) | Time:00:01.44 | Mem:0.00M, Peak:0.00M | Scene, ViewLayer | Synchronizing object | Flush door handle | Aqua Blue
Fra:1 Mem:194.24M (Peak 194.24M) | Time:00:01.44 | Mem:0.00M, Peak:0.00M | Scene, ViewLayer | Synchronizing object | Rolled painted wheel arch lip.001
Fra:1 Mem:194.36M (Peak 194.36M) | Time:00:01.44 | Mem:0.00M, Peak:0.00M | Scene, ViewLayer | Synchronizing object | Wheelhouse dark reveal.001
Fra:1 Mem:196.78M (Peak 196.79M) | Time:00:01.44 | Mem:0.00M, Peak:0.00M | Scene, ViewLayer | Synchronizing object | Flush door handle recess.001
Fra:1 Mem:196.89M (Peak 196.89M) | Time:00:01.44 | Mem:0.00M, Peak:0.00M | Scene, ViewLayer | Synchronizing object | Flush door handle | Aqua Blue.001
Fra:1 Mem:196.95M (Peak 196.95M) | Time:00:01.44 | Mem:0.00M, Peak:0.00M | Scene, ViewLayer | Synchronizing object | Hood precision shut line.001
Fra:1 Mem:196.89M (Peak 196.95M) | Time:00:01.44 | Mem:0.00M, Peak:0.00M | Scene, ViewLayer | Synchronizing object | Front fender black air blade
Fra:1 Mem:196.95M (Peak 196.95M) | Time:00:01.44 | Mem:0.00M, Peak:0.00M | Scene, ViewLayer | Synchronizing object | Side camera lens.001
Fra:1 Mem:197.01M (Peak 197.01M) | Time:00:01.44 | Mem:0.00M, Peak:0.00M | Scene, ViewLayer | Synchronizing object | Front door leading gap.001
Fra:1 Mem:197.03M (Peak 197.03M) | Time:00:01.44 | Mem:0.00M, Peak:0.00M | Scene, ViewLayer | Synchronizing object | Mirror black lower housing.001
Fra:1 Mem:197.15M (Peak 197.15M) | Time:00:01.44 | Mem:0.00M, Peak:0.00M | Scene, ViewLayer | Synchronizing object | Mirror painted upper cap.001
Fra:1 Mem:197.26M (Peak 197.26M) | Time:00:01.44 | Mem:0.00M, Peak:0.00M | Scene, ViewLayer | Synchronizing object | Mirror reflective glass.001
Fra:1 Mem:197.33M (Peak 197.33M) | Time:00:01.44 | Mem:0.00M, Peak:0.00M | Scene, ViewLayer | Synchronizing object | Wheelhouse liner
Fra:1 Mem:197.33M (Peak 197.33M) | Time:00:01.44 | Mem:0.00M, Peak:0.00M | Scene, ViewLayer | Synchronizing object | Wheelhouse liner.001
Fra:1 Mem:197.43M (Peak 197.43M) | Time:00:01.44 | Mem:0.00M, Peak:0.00M | Scene, ViewLayer | Synchronizing object | Rear door trailing gap.001
Fra:1 Mem:199.92M (Peak 199.92M) | Time:00:01.44 | Mem:0.00M, Peak:0.00M | Scene, ViewLayer | Synchronizing object | Rocker sill.001
Fra:1 Mem:199.98M (Peak 199.98M) | Time:00:01.44 | Mem:0.00M, Peak:0.00M | Scene, ViewLayer | Synchronizing object | Rocker silver edge.001
Fra:1 Mem:200.05M (Peak 200.05M) | Time:00:01.44 | Mem:0.00M, Peak:0.00M | Scene, ViewLayer | Synchronizing object | Handle finger undercut.002
Fra:1 Mem:200.05M (Peak 200.05M) | Time:00:01.44 | Mem:0.00M, Peak:0.00M | Scene, ViewLayer | Synchronizing object | Handle finger undercut.003
Fra:1 Mem:200.05M (Peak 200.05M) | Time:00:01.44 | Mem:0.00M, Peak:0.00M | Scene, ViewLayer | Synchronizing object | Fender blade polished edge.001
Fra:1 Mem:200.06M (Peak 200.06M) | Time:00:01.44 | Mem:0.00M, Peak:0.00M | Scene, ViewLayer | Synchronizing object | Mirror stalk.001
Fra:1 Mem:200.06M (Peak 200.06M) | Time:00:01.44 | Mem:0.00M, Peak:0.00M | Scene, ViewLayer | Synchronizing object | Mirror LED indicator.001
Fra:1 Mem:200.10M (Peak 200.10M) | Time:00:01.44 | Mem:0.00M, Peak:0.00M | Scene, ViewLayer | Synchronizing object | Rolled painted wheel arch lip.002
Fra:1 Mem:200.20M (Peak 200.20M) | Time:00:01.44 | Mem:0.00M, Peak:0.00M | Scene, ViewLayer | Synchronizing object | Flush door handle recess.002
Fra:1 Mem:200.20M (Peak 200.20M) | Time:00:01.44 | Mem:0.00M, Peak:0.00M | Scene, ViewLayer | Synchronizing object | Wheelhouse dark reveal.002
Fra:1 Mem:200.24M (Peak 200.24M) | Time:00:01.44 | Mem:0.00M, Peak:0.00M | Scene, ViewLayer | Synchronizing object | Flush door handle | Aqua Blue.002
Fra:1 Mem:200.38M (Peak 200.38M) | Time:00:01.44 | Mem:0.00M, Peak:0.00M | Scene, ViewLayer | Synchronizing object | Rolled painted wheel arch lip.003
Fra:1 Mem:200.47M (Peak 200.47M) | Time:00:01.44 | Mem:0.00M, Peak:0.00M | Scene, ViewLayer | Synchronizing object | Wheelhouse dark reveal.003
Fra:1 Mem:200.55M (Peak 200.55M) | Time:00:01.44 | Mem:0.00M, Peak:0.00M | Scene, ViewLayer | Synchronizing object | Flush door handle recess.003
Fra:1 Mem:200.61M (Peak 200.61M) | Time:00:01.44 | Mem:0.00M, Peak:0.00M | Scene, ViewLayer | Synchronizing object | Headlight rubber gasket
Fra:1 Mem:200.65M (Peak 200.65M) | Time:00:01.44 | Mem:0.00M, Peak:0.00M | Scene, ViewLayer | Synchronizing object | Headlight thin polished housing
Fra:1 Mem:200.68M (Peak 200.68M) | Time:00:01.44 | Mem:0.00M, Peak:0.00M | Scene, ViewLayer | Synchronizing object | Signature diagonal DRL
Fra:1 Mem:200.74M (Peak 200.74M) | Time:00:01.44 | Mem:0.00M, Peak:0.00M | Scene, ViewLayer | Synchronizing object | Lower optical return guide
Fra:1 Mem:200.79M (Peak 200.79M) | Time:00:01.44 | Mem:0.00M, Peak:0.00M | Scene, ViewLayer | Synchronizing object | Corner intake rim
Fra:1 Mem:200.81M (Peak 200.81M) | Time:00:01.44 | Mem:0.00M, Peak:0.00M | Scene, ViewLayer | Synchronizing object | Air curtain inner fin
Fra:1 Mem:200.82M (Peak 200.82M) | Time:00:01.44 | Mem:0.00M, Peak:0.00M | Scene, ViewLayer | Synchronizing object | Headlight rubber gasket.001
Fra:1 Mem:200.85M (Peak 200.85M) | Time:00:01.44 | Mem:0.00M, Peak:0.00M | Scene, ViewLayer | Synchronizing object | Headlight thin polished housing.001
Fra:1 Mem:200.89M (Peak 200.89M) | Time:00:01.44 | Mem:0.00M, Peak:0.00M | Scene, ViewLayer | Synchronizing object | Signature diagonal DRL.001
Fra:1 Mem:200.94M (Peak 200.94M) | Time:00:01.44 | Mem:0.00M, Peak:0.00M | Scene, ViewLayer | Synchronizing object | Lower optical return guide.001
Fra:1 Mem:200.99M (Peak 200.99M) | Time:00:01.44 | Mem:0.00M, Peak:0.00M | Scene, ViewLayer | Synchronizing object | Corner intake rim.001
Fra:1 Mem:201.03M (Peak 201.03M) | Time:00:01.44 | Mem:0.00M, Peak:0.00M | Scene, ViewLayer | Synchronizing object | Air curtain inner fin.001
Fra:1 Mem:200.99M (Peak 201.03M) | Time:00:01.44 | Mem:0.00M, Peak:0.00M | Scene, ViewLayer | Synchronizing object | Satin front intake frame
Fra:1 Mem:201.01M (Peak 201.03M) | Time:00:01.44 | Mem:0.00M, Peak:0.00M | Scene, ViewLayer | Synchronizing object | Flush door handle | Aqua Blue.003
Fra:1 Mem:201.01M (Peak 201.03M) | Time:00:01.45 | Mem:0.00M, Peak:0.00M | Scene, ViewLayer | Synchronizing object | Painted intake ring
Fra:1 Mem:201.04M (Peak 201.04M) | Time:00:01.45 | Mem:0.00M, Peak:0.00M | Scene, ViewLayer | Synchronizing object | Painted intake ring.001
Fra:1 Mem:201.07M (Peak 201.07M) | Time:00:01.45 | Mem:0.00M, Peak:0.00M | Scene, ViewLayer | Synchronizing object | Horizontal grille louver
Fra:1 Mem:201.15M (Peak 201.15M) | Time:00:01.45 | Mem:0.00M, Peak:0.00M | Scene, ViewLayer | Synchronizing object | Horizontal grille louver.001
Fra:1 Mem:201.15M (Peak 201.15M) | Time:00:01.45 | Mem:0.00M, Peak:0.00M | Scene, ViewLayer | Synchronizing object | Horizontal grille louver.002
Fra:1 Mem:201.21M (Peak 201.21M) | Time:00:01.45 | Mem:0.00M, Peak:0.00M | Scene, ViewLayer | Synchronizing object | Horizontal grille louver.003
Fra:1 Mem:201.21M (Peak 201.21M) | Time:00:01.45 | Mem:0.00M, Peak:0.00M | Scene, ViewLayer | Synchronizing object | Front fender black air blade.001
Fra:1 Mem:201.23M (Peak 201.23M) | Time:00:01.45 | Mem:0.00M, Peak:0.00M | Scene, ViewLayer | Synchronizing object | Grille vertical reinforcement
Fra:1 Mem:201.28M (Peak 201.28M) | Time:00:01.45 | Mem:0.00M, Peak:0.00M | Scene, ViewLayer | Synchronizing object | Side camera lens
Fra:1 Mem:201.31M (Peak 201.31M) | Time:00:01.45 | Mem:0.00M, Peak:0.00M | Scene, ViewLayer | Synchronizing object | Grille vertical reinforcement.001
Fra:1 Mem:201.31M (Peak 201.31M) | Time:00:01.45 | Mem:0.00M, Peak:0.00M | Scene, ViewLayer | Synchronizing object | Grille vertical reinforcement.002
Fra:1 Mem:201.31M (Peak 201.31M) | Time:00:01.45 | Mem:0.00M, Peak:0.00M | Scene, ViewLayer | Synchronizing object | Grille vertical reinforcement.003
Fra:1 Mem:201.36M (Peak 201.36M) | Time:00:01.45 | Mem:0.00M, Peak:0.00M | Scene, ViewLayer | Synchronizing object | Mirror black lower housing
Fra:1 Mem:201.37M (Peak 201.37M) | Time:00:01.45 | Mem:0.00M, Peak:0.00M | Scene, ViewLayer | Synchronizing object | Grille vertical reinforcement.004
Fra:1 Mem:201.39M (Peak 201.39M) | Time:00:01.45 | Mem:0.00M, Peak:0.00M | Scene, ViewLayer | Synchronizing object | Grille vertical reinforcement.005
Fra:1 Mem:201.43M (Peak 201.43M) | Time:00:01.45 | Mem:0.00M, Peak:0.00M | Scene, ViewLayer | Synchronizing object | Grille vertical reinforcement.006
Fra:1 Mem:201.40M (Peak 201.43M) | Time:00:01.45 | Mem:0.00M, Peak:0.00M | Scene, ViewLayer | Synchronizing object | Mirror painted upper cap
Fra:1 Mem:201.42M (Peak 201.43M) | Time:00:01.45 | Mem:0.00M, Peak:0.00M | Scene, ViewLayer | Synchronizing object | Mirror reflective glass
Fra:1 Mem:201.51M (Peak 201.51M) | Time:00:01.45 | Mem:0.00M, Peak:0.00M | Scene, ViewLayer | Synchronizing object | Grille vertical reinforcement.008
Fra:1 Mem:201.54M (Peak 201.54M) | Time:00:01.45 | Mem:0.00M, Peak:0.00M | Scene, ViewLayer | Synchronizing object | Wheelhouse liner.002
Fra:1 Mem:201.55M (Peak 201.55M) | Time:00:01.45 | Mem:0.00M, Peak:0.00M | Scene, ViewLayer | Synchronizing object | Grille vertical reinforcement.009
Fra:1 Mem:201.55M (Peak 201.55M) | Time:00:01.45 | Mem:0.00M, Peak:0.00M | Scene, ViewLayer | Synchronizing object | Wheelhouse liner.003
Fra:1 Mem:201.55M (Peak 201.55M) | Time:00:01.45 | Mem:0.00M, Peak:0.00M | Scene, ViewLayer | Synchronizing object | Grille vertical reinforcement.010
Fra:1 Mem:201.59M (Peak 201.59M) | Time:00:01.45 | Mem:0.00M, Peak:0.00M | Scene, ViewLayer | Synchronizing object | Individual LED projector.001
Fra:1 Mem:201.59M (Peak 201.59M) | Time:00:01.45 | Mem:0.00M, Peak:0.00M | Scene, ViewLayer | Synchronizing object | Projector optic.001
Fra:1 Mem:201.67M (Peak 201.67M) | Time:00:01.45 | Mem:0.00M, Peak:0.00M | Scene, ViewLayer | Synchronizing object | Front splitter blade
Fra:1 Mem:201.73M (Peak 201.73M) | Time:00:01.45 | Mem:0.00M, Peak:0.00M | Scene, ViewLayer | Synchronizing object | Individual LED projector.002
Fra:1 Mem:201.88M (Peak 201.88M) | Time:00:01.45 | Mem:0.00M, Peak:0.00M | Scene, ViewLayer | Synchronizing object | Projector optic.002
Fra:1 Mem:201.94M (Peak 201.94M) | Time:00:01.45 | Mem:0.00M, Peak:0.00M | Scene, ViewLayer | Synchronizing object | Individual LED projector.003
Fra:1 Mem:202.04M (Peak 202.04M) | Time:00:01.45 | Mem:0.00M, Peak:0.00M | Scene, ViewLayer | Synchronizing object | Projector optic.003
Fra:1 Mem:202.05M (Peak 202.05M) | Time:00:01.45 | Mem:0.00M, Peak:0.00M | Scene, ViewLayer | Synchronizing object | Front plate lettering
Fra:1 Mem:202.18M (Peak 202.18M) | Time:00:01.45 | Mem:0.00M, Peak:0.00M | Scene, ViewLayer | Synchronizing object | Projector optic.004
Fra:1 Mem:202.20M (Peak 202.20M) | Time:00:01.45 | Mem:0.00M, Peak:0.00M | Scene, ViewLayer | Synchronizing object | Vertical corner air curtain
Fra:1 Mem:202.46M (Peak 202.46M) | Time:00:01.45 | Mem:0.00M, Peak:0.00M | Scene, ViewLayer | Synchronizing object | Waterdrop headlight | smoked lens.001
Fra:1 Mem:202.48M (Peak 202.48M) | Time:00:01.45 | Mem:0.00M, Peak:0.00M | Scene, ViewLayer | Synchronizing object | Individual LED projector.005
Fra:1 Mem:202.49M (Peak 202.49M) | Time:00:01.45 | Mem:0.00M, Peak:0.00M | Scene, ViewLayer | Synchronizing object | Projector optic.005
Fra:1 Mem:202.61M (Peak 202.61M) | Time:00:01.45 | Mem:0.00M, Peak:0.00M | Scene, ViewLayer | Synchronizing object | Individual LED projector.006
Fra:1 Mem:202.78M (Peak 202.78M) | Time:00:01.45 | Mem:0.00M, Peak:0.00M | Scene, ViewLayer | Synchronizing object | Projector optic.006
Fra:1 Mem:203.32M (Peak 203.32M) | Time:00:01.45 | Mem:0.00M, Peak:0.00M | Scene, ViewLayer | Synchronizing object | Individual LED projector.007
Fra:1 Mem:203.32M (Peak 203.32M) | Time:00:01.45 | Mem:0.00M, Peak:0.00M | Scene, ViewLayer | Synchronizing object | Projector optic.007
Fra:1 Mem:203.55M (Peak 203.55M) | Time:00:01.45 | Mem:0.00M, Peak:0.00M | Scene, ViewLayer | Synchronizing object | Individual LED projector
Fra:1 Mem:203.69M (Peak 203.69M) | Time:00:01.45 | Mem:0.00M, Peak:0.00M | Scene, ViewLayer | Synchronizing object | Projector optic
Fra:1 Mem:203.68M (Peak 203.69M) | Time:00:01.45 | Mem:0.00M, Peak:0.00M | Scene, ViewLayer | Synchronizing object | Vertical corner air curtain.001
Fra:1 Mem:203.75M (Peak 203.75M) | Time:00:01.45 | Mem:0.00M, Peak:0.00M | Scene, ViewLayer | Synchronizing object | Wide trapezoidal front lower intake
Fra:1 Mem:203.77M (Peak 203.77M) | Time:00:01.45 | Mem:0.00M, Peak:0.00M | Scene, ViewLayer | Synchronizing object | Sculpted Aqua Blue intake side surround
Fra:1 Mem:203.78M (Peak 203.78M) | Time:00:01.45 | Mem:0.00M, Peak:0.00M | Scene, ViewLayer | Synchronizing object | Sculpted Aqua Blue intake side surround.001
Fra:1 Mem:203.85M (Peak 203.85M) | Time:00:01.45 | Mem:0.00M, Peak:0.00M | Scene, ViewLayer | Synchronizing object | Front license plate bracket
Fra:1 Mem:203.88M (Peak 203.88M) | Time:00:01.45 | Mem:0.00M, Peak:0.00M | Scene, ViewLayer | Synchronizing object | Front license plate
Fra:1 Mem:203.96M (Peak 203.96M) | Time:00:01.45 | Mem:0.00M, Peak:0.00M | Scene, ViewLayer | Synchronizing object | Ultrasonic parking sensor
Fra:1 Mem:203.93M (Peak 203.96M) | Time:00:01.45 | Mem:0.00M, Peak:0.00M | Scene, ViewLayer | Synchronizing object | Hood mi insignia
Fra:1 Mem:206.64M (Peak 206.64M) | Time:00:01.45 | Mem:0.00M, Peak:0.00M | Scene, ViewLayer | Synchronizing object | License plate screw
Fra:1 Mem:206.63M (Peak 206.64M) | Time:00:01.45 | Mem:0.00M, Peak:0.00M | Scene, ViewLayer | Synchronizing object | Ultrasonic parking sensor.001
Fra:1 Mem:206.63M (Peak 206.64M) | Time:00:01.45 | Mem:0.00M, Peak:0.00M | Scene, ViewLayer | Synchronizing object | License plate screw.001
Fra:1 Mem:206.64M (Peak 206.64M) | Time:00:01.45 | Mem:0.00M, Peak:0.00M | Scene, ViewLayer | Synchronizing object | Rear lamp outer seal
Fra:1 Mem:204.31M (Peak 206.64M) | Time:00:01.45 | Mem:0.00M, Peak:0.00M | Scene, ViewLayer | Synchronizing object | Xiaomi hood emblem
Fra:1 Mem:204.32M (Peak 206.64M) | Time:00:01.45 | Mem:0.00M, Peak:0.00M | Scene, ViewLayer | Synchronizing object | Continuous halo rear LED
Fra:1 Mem:204.33M (Peak 206.64M) | Time:00:01.45 | Mem:0.00M, Peak:0.00M | Scene, ViewLayer | Synchronizing object | Full-width smoked rear lamp housing
Fra:1 Mem:206.88M (Peak 206.88M) | Time:00:01.45 | Mem:0.00M, Peak:0.00M | Scene, ViewLayer | Synchronizing object | Halo rear red optical bed
Fra:1 Mem:206.92M (Peak 206.92M) | Time:00:01.45 | Mem:0.00M, Peak:0.00M | Scene, ViewLayer | Synchronizing object | Lower full-width LED filament
Fra:1 Mem:207.09M (Peak 207.09M) | Time:00:01.45 | Mem:0.00M, Peak:0.00M | Scene, ViewLayer | Synchronizing object | Inner taillight return
Fra:1 Mem:204.67M (Peak 207.09M) | Time:00:01.45 | Mem:0.00M, Peak:0.00M | Scene, ViewLayer | Synchronizing object | Rear bumper side air outlet
Fra:1 Mem:204.67M (Peak 207.09M) | Time:00:01.45 | Mem:0.00M, Peak:0.00M | Scene, ViewLayer | Synchronizing object | Rear vent rim
Fra:1 Mem:204.71M (Peak 207.09M) | Time:00:01.45 | Mem:0.00M, Peak:0.00M | Scene, ViewLayer | Synchronizing object | Trunk panel shut line
Fra:1 Mem:204.78M (Peak 207.09M) | Time:00:01.45 | Mem:0.00M, Peak:0.00M | Scene, ViewLayer | Synchronizing object | Rear lower reflector
Fra:1 Mem:204.78M (Peak 207.09M) | Time:00:01.45 | Mem:0.00M, Peak:0.00M | Scene, ViewLayer | Synchronizing object | Inner taillight return.001
Fra:1 Mem:204.85M (Peak 207.09M) | Time:00:01.45 | Mem:0.00M, Peak:0.00M | Scene, ViewLayer | Synchronizing object | Rear bumper side air outlet.001
Fra:1 Mem:204.85M (Peak 207.09M) | Time:00:01.45 | Mem:0.00M, Peak:0.00M | Scene, ViewLayer | Synchronizing object | Rear vent rim.001
Fra:1 Mem:204.84M (Peak 207.09M) | Time:00:01.45 | Mem:0.00M, Peak:0.00M | Scene, ViewLayer | Synchronizing object | Trunk panel shut line.001
Fra:1 Mem:204.98M (Peak 207.09M) | Time:00:01.45 | Mem:0.00M, Peak:0.00M | Scene, ViewLayer | Synchronizing object | Rear lower reflector.001
Fra:1 Mem:204.92M (Peak 207.09M) | Time:00:01.45 | Mem:0.00M, Peak:0.00M | Scene, ViewLayer | Synchronizing object | Rear diffuser painted buttress
Fra:1 Mem:205.09M (Peak 207.09M) | Time:00:01.45 | Mem:0.00M, Peak:0.00M | Scene, ViewLayer | Synchronizing object | Rear diffuser painted buttress.001
Fra:1 Mem:205.12M (Peak 207.09M) | Time:00:01.45 | Mem:0.00M, Peak:0.00M | Scene, ViewLayer | Synchronizing object | Rear diffuser lower lip
Fra:1 Mem:205.23M (Peak 207.09M) | Time:00:01.45 | Mem:0.00M, Peak:0.00M | Scene, ViewLayer | Synchronizing object | Underfloor diffuser strake
Fra:1 Mem:205.25M (Peak 207.09M) | Time:00:01.45 | Mem:0.00M, Peak:0.00M | Scene, ViewLayer | Synchronizing object | Underfloor diffuser strake.001
Fra:1 Mem:205.28M (Peak 207.09M) | Time:00:01.45 | Mem:0.00M, Peak:0.00M | Scene, ViewLayer | Synchronizing object | Rear plate SU7
Fra:1 Mem:205.50M (Peak 207.09M) | Time:00:01.45 | Mem:0.00M, Peak:0.00M | Scene, ViewLayer | Synchronizing object | Underfloor diffuser strake.002
Fra:1 Mem:205.58M (Peak 207.09M) | Time:00:01.45 | Mem:0.00M, Peak:0.00M | Scene, ViewLayer | Synchronizing object | Underfloor diffuser strake.003
Fra:1 Mem:205.68M (Peak 207.09M) | Time:00:01.45 | Mem:0.00M, Peak:0.00M | Scene, ViewLayer | Synchronizing object | Underfloor diffuser strake.004
Fra:1 Mem:205.67M (Peak 207.09M) | Time:00:01.45 | Mem:0.00M, Peak:0.00M | Scene, ViewLayer | Synchronizing object | Rear spaced Xiaomi lettering
Fra:1 Mem:205.80M (Peak 207.09M) | Time:00:01.45 | Mem:0.00M, Peak:0.00M | Scene, ViewLayer | Synchronizing object | Rear plate bracket
Fra:1 Mem:206.41M (Peak 207.09M) | Time:00:01.45 | Mem:0.00M, Peak:0.00M | Scene, ViewLayer | Synchronizing object | Rear license plate
Fra:1 Mem:206.43M (Peak 207.09M) | Time:00:01.45 | Mem:0.00M, Peak:0.00M | Scene, ViewLayer | Synchronizing object | Rear model badge
Fra:1 Mem:206.72M (Peak 207.09M) | Time:00:01.46 | Mem:0.00M, Peak:0.00M | Scene, ViewLayer | Synchronizing object | Rear Max badge
Fra:1 Mem:207.00M (Peak 207.09M) | Time:00:01.46 | Mem:0.00M, Peak:0.00M | Scene, ViewLayer | Synchronizing object | Rear manufacturer badge
Fra:1 Mem:207.19M (Peak 207.19M) | Time:00:01.46 | Mem:0.00M, Peak:0.00M | Scene, ViewLayer | Synchronizing object | Integrated rear deck ducktail
Fra:1 Mem:207.33M (Peak 207.33M) | Time:00:01.46 | Mem:0.00M, Peak:0.00M | Scene, ViewLayer | Synchronizing object | Retractable spoiler shut line
Fra:1 Mem:207.41M (Peak 207.41M) | Time:00:01.46 | Mem:0.00M, Peak:0.00M | Scene, ViewLayer | Synchronizing object | Rear parking camera
Fra:1 Mem:207.49M (Peak 207.49M) | Time:00:01.46 | Mem:0.00M, Peak:0.00M | Scene, ViewLayer | Synchronizing object | Front left | tire carcass
Fra:1 Mem:207.61M (Peak 207.61M) | Time:00:01.46 | Mem:0.00M, Peak:0.00M | Scene, ViewLayer | Synchronizing object | Front left tire molded sidewall ring.001
Fra:1 Mem:207.72M (Peak 207.72M) | Time:00:01.46 | Mem:0.00M, Peak:0.00M | Scene, ViewLayer | Synchronizing object | Front left tire molded sidewall ring.002
Fra:1 Mem:207.83M (Peak 207.83M) | Time:00:01.46 | Mem:0.00M, Peak:0.00M | Scene, ViewLayer | Synchronizing object | Front left tire molded sidewall ring
Fra:1 Mem:207.93M (Peak 207.93M) | Time:00:01.46 | Mem:0.00M, Peak:0.00M | Scene, ViewLayer | Synchronizing object | Front left directional tread | 792 blocks
Fra:1 Mem:208.46M (Peak 208.46M) | Time:00:01.46 | Mem:0.00M, Peak:0.00M | Scene, ViewLayer | Synchronizing object | Front left caliper marking
Fra:1 Mem:208.59M (Peak 208.59M) | Time:00:01.46 | Mem:0.00M, Peak:0.00M | Scene, ViewLayer | Synchronizing object | Front left cast rim barrel
Fra:1 Mem:208.96M (Peak 208.96M) | Time:00:01.46 | Mem:0.00M, Peak:0.00M | Scene, ViewLayer | Synchronizing object | Front left diamond-cut outer flange
Fra:1 Mem:209.17M (Peak 209.17M) | Time:00:01.46 | Mem:0.00M, Peak:0.00M | Scene, ViewLayer | Synchronizing object | Front left inner rim accent
Fra:1 Mem:209.19M (Peak 209.19M) | Time:00:01.46 | Mem:0.00M, Peak:0.00M | Scene, ViewLayer | Synchronizing object | Front left brake rotor
Fra:1 Mem:209.30M (Peak 209.30M) | Time:00:01.46 | Mem:0.00M, Peak:0.00M | Scene, ViewLayer | Synchronizing object | Front left rotor outer scoring
Fra:1 Mem:209.58M (Peak 209.58M) | Time:00:01.46 | Mem:0.00M, Peak:0.00M | Scene, ViewLayer | Synchronizing object | Front left drilled rotor perforation
Fra:1 Mem:209.61M (Peak 209.61M) | Time:00:01.46 | Mem:0.00M, Peak:0.00M | Scene, ViewLayer | Synchronizing object | Front left drilled rotor perforation.001
Fra:1 Mem:209.71M (Peak 209.71M) | Time:00:01.46 | Mem:0.00M, Peak:0.00M | Scene, ViewLayer | Synchronizing object | Front left drilled rotor perforation.002
Fra:1 Mem:209.65M (Peak 209.71M) | Time:00:01.46 | Mem:0.00M, Peak:0.00M | Scene, ViewLayer | Synchronizing object | Front left drilled rotor perforation.003
Fra:1 Mem:209.63M (Peak 209.71M) | Time:00:01.46 | Mem:0.00M, Peak:0.00M | Scene, ViewLayer | Synchronizing object | Front left drilled rotor perforation.004
Fra:1 Mem:209.69M (Peak 209.71M) | Time:00:01.46 | Mem:0.00M, Peak:0.00M | Scene, ViewLayer | Synchronizing object | Front left center mi logo
Fra:1 Mem:209.64M (Peak 209.71M) | Time:00:01.46 | Mem:0.00M, Peak:0.00M | Scene, ViewLayer | Synchronizing object | Front left drilled rotor perforation.006
Fra:1 Mem:209.64M (Peak 209.71M) | Time:00:01.46 | Mem:0.00M, Peak:0.00M | Scene, ViewLayer | Synchronizing object | Front left drilled rotor perforation.007
Fra:1 Mem:209.77M (Peak 209.77M) | Time:00:01.46 | Mem:0.00M, Peak:0.00M | Scene, ViewLayer | Synchronizing object | Front left drilled rotor perforation.008
Fra:1 Mem:209.79M (Peak 209.79M) | Time:00:01.46 | Mem:0.00M, Peak:0.00M | Scene, ViewLayer | Synchronizing object | Front left drilled rotor perforation.009
Fra:1 Mem:209.77M (Peak 209.79M) | Time:00:01.46 | Mem:0.00M, Peak:0.00M | Scene, ViewLayer | Synchronizing object | Front left drilled rotor perforation.010
Fra:1 Mem:209.78M (Peak 209.79M) | Time:00:01.46 | Mem:0.00M, Peak:0.00M | Scene, ViewLayer | Synchronizing object | Front left drilled rotor perforation.011
Fra:1 Mem:209.84M (Peak 209.84M) | Time:00:01.46 | Mem:0.00M, Peak:0.00M | Scene, ViewLayer | Synchronizing object | Front left drilled rotor perforation.012
Fra:1 Mem:209.81M (Peak 209.84M) | Time:00:01.46 | Mem:0.00M, Peak:0.00M | Scene, ViewLayer | Synchronizing object | Front left drilled rotor perforation.013
Fra:1 Mem:209.84M (Peak 209.84M) | Time:00:01.46 | Mem:0.00M, Peak:0.00M | Scene, ViewLayer | Synchronizing object | Front left drilled rotor perforation.014
Fra:1 Mem:209.86M (Peak 209.86M) | Time:00:01.46 | Mem:0.00M, Peak:0.00M | Scene, ViewLayer | Synchronizing object | Front left drilled rotor perforation.015
Fra:1 Mem:209.85M (Peak 209.86M) | Time:00:01.46 | Mem:0.00M, Peak:0.00M | Scene, ViewLayer | Synchronizing object | Front left drilled rotor perforation.016
Fra:1 Mem:209.90M (Peak 209.90M) | Time:00:01.46 | Mem:0.00M, Peak:0.00M | Scene, ViewLayer | Synchronizing object | Front left drilled rotor perforation.017
Fra:1 Mem:209.87M (Peak 209.90M) | Time:00:01.46 | Mem:0.00M, Peak:0.00M | Scene, ViewLayer | Synchronizing object | Front left drilled rotor perforation.018
Fra:1 Mem:209.93M (Peak 209.93M) | Time:00:01.46 | Mem:0.00M, Peak:0.00M | Scene, ViewLayer | Synchronizing object | Front left drilled rotor perforation.019
Fra:1 Mem:209.89M (Peak 209.93M) | Time:00:01.46 | Mem:0.00M, Peak:0.00M | Scene, ViewLayer | Synchronizing object | Front left drilled rotor perforation.020
Fra:1 Mem:209.90M (Peak 209.93M) | Time:00:01.47 | Mem:0.00M, Peak:0.00M | Scene, ViewLayer | Synchronizing object | Front left drilled rotor perforation.021
Fra:1 Mem:209.91M (Peak 209.93M) | Time:00:01.47 | Mem:0.00M, Peak:0.00M | Scene, ViewLayer | Synchronizing object | Front left drilled rotor perforation.022
Fra:1 Mem:209.93M (Peak 209.93M) | Time:00:01.47 | Mem:0.00M, Peak:0.00M | Scene, ViewLayer | Synchronizing object | Front left drilled rotor perforation.023
Fra:1 Mem:209.95M (Peak 209.95M) | Time:00:01.47 | Mem:0.00M, Peak:0.00M | Scene, ViewLayer | Synchronizing object | Front left drilled rotor perforation.025
Fra:1 Mem:210.01M (Peak 210.01M) | Time:00:01.47 | Mem:0.00M, Peak:0.00M | Scene, ViewLayer | Synchronizing object | Front left drilled rotor perforation.026
Fra:1 Mem:210.00M (Peak 210.01M) | Time:00:01.47 | Mem:0.00M, Peak:0.00M | Scene, ViewLayer | Synchronizing object | Front left drilled rotor perforation.027
Fra:1 Mem:210.04M (Peak 210.04M) | Time:00:01.47 | Mem:0.00M, Peak:0.00M | Scene, ViewLayer | Synchronizing object | Front left drilled rotor perforation.028
Fra:1 Mem:210.03M (Peak 210.04M) | Time:00:01.47 | Mem:0.00M, Peak:0.00M | Scene, ViewLayer | Synchronizing object | Front left drilled rotor perforation.029
Fra:1 Mem:210.04M (Peak 210.04M) | Time:00:01.47 | Mem:0.00M, Peak:0.00M | Scene, ViewLayer | Synchronizing object | Front left drilled rotor perforation.030
Fra:1 Mem:210.18M (Peak 210.18M) | Time:00:01.47 | Mem:0.00M, Peak:0.00M | Scene, ViewLayer | Synchronizing object | Front left drilled rotor perforation.031
Fra:1 Mem:210.19M (Peak 210.19M) | Time:00:01.47 | Mem:0.00M, Peak:0.00M | Scene, ViewLayer | Synchronizing object | Front left drilled rotor perforation.032
Fra:1 Mem:210.25M (Peak 210.25M) | Time:00:01.47 | Mem:0.00M, Peak:0.00M | Scene, ViewLayer | Synchronizing object | Front left drilled rotor perforation.033
Fra:1 Mem:210.25M (Peak 210.25M) | Time:00:01.47 | Mem:0.00M, Peak:0.00M | Scene, ViewLayer | Synchronizing object | Front left drilled rotor perforation.034
Fra:1 Mem:210.32M (Peak 210.32M) | Time:00:01.47 | Mem:0.00M, Peak:0.00M | Scene, ViewLayer | Synchronizing object | Front left drilled rotor perforation.035
Fra:1 Mem:210.30M (Peak 210.32M) | Time:00:01.47 | Mem:0.00M, Peak:0.00M | Scene, ViewLayer | Synchronizing object | Front left drilled rotor perforation.036
Fra:1 Mem:210.33M (Peak 210.33M) | Time:00:01.47 | Mem:0.00M, Peak:0.00M | Scene, ViewLayer | Synchronizing object | Front left sidewall lettering
Fra:1 Mem:210.35M (Peak 210.35M) | Time:00:01.47 | Mem:0.00M, Peak:0.00M | Scene, ViewLayer | Synchronizing object | Front left drilled rotor perforation.037
Fra:1 Mem:210.37M (Peak 210.37M) | Time:00:01.47 | Mem:0.00M, Peak:0.00M | Scene, ViewLayer | Synchronizing object | Front left sidewall lettering.001
Fra:1 Mem:210.39M (Peak 210.39M) | Time:00:01.47 | Mem:0.00M, Peak:0.00M | Scene, ViewLayer | Synchronizing object | Front left sidewall lettering.002
Fra:1 Mem:210.39M (Peak 210.39M) | Time:00:01.47 | Mem:0.00M, Peak:0.00M | Scene, ViewLayer | Synchronizing object | Front left drilled rotor perforation.038
Fra:1 Mem:210.50M (Peak 210.50M) | Time:00:01.47 | Mem:0.00M, Peak:0.00M | Scene, ViewLayer | Synchronizing object | Front left drilled rotor perforation.039
Fra:1 Mem:210.53M (Peak 210.53M) | Time:00:01.47 | Mem:0.00M, Peak:0.00M | Scene, ViewLayer | Synchronizing object | Front left drilled rotor perforation.040
Fra:1 Mem:210.59M (Peak 210.59M) | Time:00:01.47 | Mem:0.00M, Peak:0.00M | Scene, ViewLayer | Synchronizing object | Front left sidewall lettering.003
Fra:1 Mem:210.62M (Peak 210.62M) | Time:00:01.47 | Mem:0.00M, Peak:0.00M | Scene, ViewLayer | Synchronizing object | Front left drilled rotor perforation.041
Fra:1 Mem:210.63M (Peak 210.63M) | Time:00:01.47 | Mem:0.00M, Peak:0.00M | Scene, ViewLayer | Synchronizing object | Front left sidewall lettering.004
Fra:1 Mem:210.61M (Peak 210.63M) | Time:00:01.47 | Mem:0.00M, Peak:0.00M | Scene, ViewLayer | Synchronizing object | Front left drilled rotor perforation.042
Fra:1 Mem:210.62M (Peak 210.63M) | Time:00:01.47 | Mem:0.00M, Peak:0.00M | Scene, ViewLayer | Synchronizing object | Front left sidewall lettering.005
Fra:1 Mem:210.62M (Peak 210.63M) | Time:00:01.47 | Mem:0.00M, Peak:0.00M | Scene, ViewLayer | Synchronizing object | Front left drilled rotor perforation.044
Fra:1 Mem:210.66M (Peak 210.66M) | Time:00:01.47 | Mem:0.00M, Peak:0.00M | Scene, ViewLayer | Synchronizing object | Front left sidewall lettering.006
Fra:1 Mem:210.65M (Peak 210.66M) | Time:00:01.47 | Mem:0.00M, Peak:0.00M | Scene, ViewLayer | Synchronizing object | Front left drilled rotor perforation.045
Fra:1 Mem:210.63M (Peak 210.66M) | Time:00:01.47 | Mem:0.00M, Peak:0.00M | Scene, ViewLayer | Synchronizing object | Front left sidewall lettering.007
Fra:1 Mem:210.76M (Peak 210.76M) | Time:00:01.47 | Mem:0.00M, Peak:0.00M | Scene, ViewLayer | Synchronizing object | Front left sidewall lettering.008
Fra:1 Mem:210.76M (Peak 210.76M) | Time:00:01.47 | Mem:0.00M, Peak:0.00M | Scene, ViewLayer | Synchronizing object | Front left drilled rotor perforation.048
Fra:1 Mem:210.79M (Peak 210.79M) | Time:00:01.47 | Mem:0.00M, Peak:0.00M | Scene, ViewLayer | Synchronizing object | Front left drilled rotor perforation.049
Fra:1 Mem:210.80M (Peak 210.80M) | Time:00:01.47 | Mem:0.00M, Peak:0.00M | Scene, ViewLayer | Synchronizing object | Front left drilled rotor perforation.050
Fra:1 Mem:210.82M (Peak 210.82M) | Time:00:01.47 | Mem:0.00M, Peak:0.00M | Scene, ViewLayer | Synchronizing object | Front left sidewall lettering.009
Fra:1 Mem:210.88M (Peak 210.88M) | Time:00:01.47 | Mem:0.00M, Peak:0.00M | Scene, ViewLayer | Synchronizing object | Front left sidewall lettering.010
Fra:1 Mem:210.88M (Peak 210.88M) | Time:00:01.47 | Mem:0.00M, Peak:0.00M | Scene, ViewLayer | Synchronizing object | Front left drilled rotor perforation.051
Fra:1 Mem:210.84M (Peak 210.88M) | Time:00:01.47 | Mem:0.00M, Peak:0.00M | Scene, ViewLayer | Synchronizing object | Front left drilled rotor perforation.052
Fra:1 Mem:210.86M (Peak 210.88M) | Time:00:01.47 | Mem:0.00M, Peak:0.00M | Scene, ViewLayer | Synchronizing object | Front left sidewall lettering.011
Fra:1 Mem:210.88M (Peak 210.88M) | Time:00:01.47 | Mem:0.00M, Peak:0.00M | Scene, ViewLayer | Synchronizing object | Front left drilled rotor perforation.053
Fra:1 Mem:210.98M (Peak 210.98M) | Time:00:01.47 | Mem:0.00M, Peak:0.00M | Scene, ViewLayer | Synchronizing object | Front left drilled rotor perforation.054
Fra:1 Mem:211.05M (Peak 211.05M) | Time:00:01.47 | Mem:0.00M, Peak:0.00M | Scene, ViewLayer | Synchronizing object | Front left drilled rotor perforation.056
Fra:1 Mem:211.04M (Peak 211.05M) | Time:00:01.47 | Mem:0.00M, Peak:0.00M | Scene, ViewLayer | Synchronizing object | Front left drilled rotor perforation.057
Fra:1 Mem:211.03M (Peak 211.05M) | Time:00:01.47 | Mem:0.00M, Peak:0.00M | Scene, ViewLayer | Synchronizing object | Front left drilled rotor perforation.058
Fra:1 Mem:211.09M (Peak 211.09M) | Time:00:01.47 | Mem:0.00M, Peak:0.00M | Scene, ViewLayer | Synchronizing object | Front left drilled rotor perforation.059
Fra:1 Mem:211.05M (Peak 211.09M) | Time:00:01.47 | Mem:0.00M, Peak:0.00M | Scene, ViewLayer | Synchronizing object | Front left drilled rotor perforation.060
Fra:1 Mem:211.09M (Peak 211.09M) | Time:00:01.47 | Mem:0.00M, Peak:0.00M | Scene, ViewLayer | Synchronizing object | Front left drilled rotor perforation.061
Fra:1 Mem:211.10M (Peak 211.10M) | Time:00:01.47 | Mem:0.00M, Peak:0.00M | Scene, ViewLayer | Synchronizing object | Front left drilled rotor perforation.062
Fra:1 Mem:211.11M (Peak 211.11M) | Time:00:01.47 | Mem:0.00M, Peak:0.00M | Scene, ViewLayer | Synchronizing object | Front left drilled rotor perforation.063
Fra:1 Mem:211.13M (Peak 211.13M) | Time:00:01.47 | Mem:0.00M, Peak:0.00M | Scene, ViewLayer | Synchronizing object | Front left drilled rotor perforation.064
Fra:1 Mem:211.14M (Peak 211.14M) | Time:00:01.47 | Mem:0.00M, Peak:0.00M | Scene, ViewLayer | Synchronizing object | Front left drilled rotor perforation.065
Fra:1 Mem:211.19M (Peak 211.19M) | Time:00:01.47 | Mem:0.00M, Peak:0.00M | Scene, ViewLayer | Synchronizing object | Front left drilled rotor perforation.066
Fra:1 Mem:211.19M (Peak 211.19M) | Time:00:01.47 | Mem:0.00M, Peak:0.00M | Scene, ViewLayer | Synchronizing object | Front left drilled rotor perforation.067
Fra:1 Mem:211.22M (Peak 211.22M) | Time:00:01.47 | Mem:0.00M, Peak:0.00M | Scene, ViewLayer | Synchronizing object | Front left sidewall lettering.013
Fra:1 Mem:211.21M (Peak 211.22M) | Time:00:01.47 | Mem:0.00M, Peak:0.00M | Scene, ViewLayer | Synchronizing object | Front left sidewall lettering.014
Fra:1 Mem:211.23M (Peak 211.23M) | Time:00:01.47 | Mem:0.00M, Peak:0.00M | Scene, ViewLayer | Synchronizing object | Front left drilled rotor perforation.068
Fra:1 Mem:211.31M (Peak 211.31M) | Time:00:01.47 | Mem:0.00M, Peak:0.00M | Scene, ViewLayer | Synchronizing object | Front left drilled rotor perforation.069
Fra:1 Mem:211.25M (Peak 211.31M) | Time:00:01.47 | Mem:0.00M, Peak:0.00M | Scene, ViewLayer | Synchronizing object | Front left drilled rotor perforation.071
Fra:1 Mem:211.41M (Peak 211.41M) | Time:00:01.47 | Mem:0.00M, Peak:0.00M | Scene, ViewLayer | Synchronizing object | Front left brake disc bell
Fra:1 Mem:211.46M (Peak 211.46M) | Time:00:01.47 | Mem:0.00M, Peak:0.00M | Scene, ViewLayer | Synchronizing object | Front left yellow six-piston caliper
Fra:1 Mem:211.48M (Peak 211.48M) | Time:00:01.47 | Mem:0.00M, Peak:0.00M | Scene, ViewLayer | Synchronizing object | Front left sidewall lettering.015
Fra:1 Mem:211.58M (Peak 211.58M) | Time:00:01.47 | Mem:0.00M, Peak:0.00M | Scene, ViewLayer | Synchronizing object | Front left sidewall lettering.016
Fra:1 Mem:211.71M (Peak 211.71M) | Time:00:01.47 | Mem:0.00M, Peak:0.00M | Scene, ViewLayer | Synchronizing object | Front left machined split spoke
Fra:1 Mem:211.71M (Peak 211.71M) | Time:00:01.48 | Mem:0.00M, Peak:0.00M | Scene, ViewLayer | Synchronizing object | Front left black spoke pocket
Fra:1 Mem:211.75M (Peak 211.75M) | Time:00:01.48 | Mem:0.00M, Peak:0.00M | Scene, ViewLayer | Synchronizing object | Front left sidewall lettering.017
Fra:1 Mem:211.81M (Peak 211.81M) | Time:00:01.48 | Mem:0.00M, Peak:0.00M | Scene, ViewLayer | Synchronizing object | Front left black spoke pocket.001
Fra:1 Mem:211.89M (Peak 211.89M) | Time:00:01.48 | Mem:0.00M, Peak:0.00M | Scene, ViewLayer | Synchronizing object | Front left machined split spoke.002
Fra:1 Mem:211.89M (Peak 211.89M) | Time:00:01.48 | Mem:0.00M, Peak:0.00M | Scene, ViewLayer | Synchronizing object | Front left black spoke pocket.002
Fra:1 Mem:211.92M (Peak 211.92M) | Time:00:01.48 | Mem:0.00M, Peak:0.00M | Scene, ViewLayer | Synchronizing object | Front left machined split spoke.003
Fra:1 Mem:211.92M (Peak 211.92M) | Time:00:01.48 | Mem:0.00M, Peak:0.00M | Scene, ViewLayer | Synchronizing object | Front left black spoke pocket.003
Fra:1 Mem:211.98M (Peak 211.98M) | Time:00:01.48 | Mem:0.00M, Peak:0.00M | Scene, ViewLayer | Synchronizing object | Front left machined split spoke.004
Fra:1 Mem:212.03M (Peak 212.03M) | Time:00:01.48 | Mem:0.00M, Peak:0.00M | Scene, ViewLayer | Synchronizing object | Front left black spoke pocket.004
Fra:1 Mem:212.10M (Peak 212.10M) | Time:00:01.48 | Mem:0.00M, Peak:0.00M | Scene, ViewLayer | Synchronizing object | Front left machined split spoke.005
Fra:1 Mem:212.18M (Peak 212.18M) | Time:00:01.48 | Mem:0.00M, Peak:0.00M | Scene, ViewLayer | Synchronizing object | Front left black spoke pocket.005
Fra:1 Mem:212.15M (Peak 212.18M) | Time:00:01.48 | Mem:0.00M, Peak:0.00M | Scene, ViewLayer | Synchronizing object | Front left sidewall lettering.018
Fra:1 Mem:212.21M (Peak 212.21M) | Time:00:01.48 | Mem:0.00M, Peak:0.00M | Scene, ViewLayer | Synchronizing object | Front left sidewall lettering.019
Fra:1 Mem:212.22M (Peak 212.22M) | Time:00:01.48 | Mem:0.00M, Peak:0.00M | Scene, ViewLayer | Synchronizing object | Front left sidewall lettering.020
Fra:1 Mem:212.22M (Peak 212.22M) | Time:00:01.48 | Mem:0.00M, Peak:0.00M | Scene, ViewLayer | Synchronizing object | Front left black spoke pocket.006
Fra:1 Mem:212.21M (Peak 212.22M) | Time:00:01.48 | Mem:0.00M, Peak:0.00M | Scene, ViewLayer | Synchronizing object | Front left sidewall lettering.021
Fra:1 Mem:212.24M (Peak 212.24M) | Time:00:01.48 | Mem:0.00M, Peak:0.00M | Scene, ViewLayer | Synchronizing object | Front left machined split spoke.007
Fra:1 Mem:212.28M (Peak 212.28M) | Time:00:01.48 | Mem:0.00M, Peak:0.00M | Scene, ViewLayer | Synchronizing object | Front left black spoke pocket.007
Fra:1 Mem:212.38M (Peak 212.38M) | Time:00:01.48 | Mem:0.00M, Peak:0.00M | Scene, ViewLayer | Synchronizing object | Front left machined split spoke.008
Fra:1 Mem:212.41M (Peak 212.41M) | Time:00:01.48 | Mem:0.00M, Peak:0.00M | Scene, ViewLayer | Synchronizing object | Front left black spoke pocket.008
Fra:1 Mem:212.44M (Peak 212.44M) | Time:00:01.48 | Mem:0.00M, Peak:0.00M | Scene, ViewLayer | Synchronizing object | Front left machined split spoke.009
Fra:1 Mem:212.47M (Peak 212.47M) | Time:00:01.48 | Mem:0.00M, Peak:0.00M | Scene, ViewLayer | Synchronizing object | Front left black spoke pocket.009
Fra:1 Mem:212.48M (Peak 212.48M) | Time:00:01.48 | Mem:0.00M, Peak:0.00M | Scene, ViewLayer | Synchronizing object | Front left center hub
Fra:1 Mem:212.49M (Peak 212.49M) | Time:00:01.48 | Mem:0.00M, Peak:0.00M | Scene, ViewLayer | Synchronizing object | Front left center cap ring
Fra:1 Mem:212.64M (Peak 212.64M) | Time:00:01.48 | Mem:0.00M, Peak:0.00M | Scene, ViewLayer | Synchronizing object | Front left titanium lug nut
Fra:1 Mem:212.67M (Peak 212.67M) | Time:00:01.48 | Mem:0.00M, Peak:0.00M | Scene, ViewLayer | Synchronizing object | Front left titanium lug nut.001
Fra:1 Mem:212.63M (Peak 212.67M) | Time:00:01.48 | Mem:0.00M, Peak:0.00M | Scene, ViewLayer | Synchronizing object | Front left titanium lug nut.002
Fra:1 Mem:212.65M (Peak 212.67M) | Time:00:01.48 | Mem:0.00M, Peak:0.00M | Scene, ViewLayer | Synchronizing object | Front left titanium lug nut.003
Fra:1 Mem:212.66M (Peak 212.67M) | Time:00:01.48 | Mem:0.00M, Peak:0.00M | Scene, ViewLayer | Synchronizing object | Front left titanium lug nut.004
Fra:1 Mem:212.65M (Peak 212.67M) | Time:00:01.48 | Mem:0.00M, Peak:0.00M | Scene, ViewLayer | Synchronizing object | Front left tire valve
Fra:1 Mem:212.64M (Peak 212.67M) | Time:00:01.48 | Mem:0.00M, Peak:0.00M | Scene, ViewLayer | Synchronizing object | Front right caliper marking
Fra:1 Mem:212.63M (Peak 212.67M) | Time:00:01.48 | Mem:0.00M, Peak:0.00M | Scene, ViewLayer | Synchronizing object | Front right tire molded sidewall ring.001
Fra:1 Mem:212.86M (Peak 212.86M) | Time:00:01.48 | Mem:0.00M, Peak:0.00M | Scene, ViewLayer | Synchronizing object | Front right tire molded sidewall ring.002
Fra:1 Mem:213.01M (Peak 213.01M) | Time:00:01.48 | Mem:0.00M, Peak:0.00M | Scene, ViewLayer | Synchronizing object | Front right tire molded sidewall ring
Fra:1 Mem:213.59M (Peak 213.59M) | Time:00:01.48 | Mem:0.00M, Peak:0.00M | Scene, ViewLayer | Synchronizing object | Front right directional tread | 792 blocks
Fra:1 Mem:213.67M (Peak 213.67M) | Time:00:01.48 | Mem:0.00M, Peak:0.00M | Scene, ViewLayer | Synchronizing object | Front right cast rim barrel
Fra:1 Mem:214.03M (Peak 214.03M) | Time:00:01.48 | Mem:0.00M, Peak:0.00M | Scene, ViewLayer | Synchronizing object | Front right diamond-cut outer flange
Fra:1 Mem:214.17M (Peak 214.17M) | Time:00:01.48 | Mem:0.00M, Peak:0.00M | Scene, ViewLayer | Synchronizing object | Front right inner rim accent
Fra:1 Mem:214.50M (Peak 214.50M) | Time:00:01.48 | Mem:0.00M, Peak:0.00M | Scene, ViewLayer | Synchronizing object | Front right brake rotor
Fra:1 Mem:214.52M (Peak 214.52M) | Time:00:01.48 | Mem:0.00M, Peak:0.00M | Scene, ViewLayer | Synchronizing object | Front right rotor outer scoring
Fra:1 Mem:214.82M (Peak 214.82M) | Time:00:01.48 | Mem:0.00M, Peak:0.00M | Scene, ViewLayer | Synchronizing object | Front right drilled rotor perforation
Fra:1 Mem:214.73M (Peak 214.82M) | Time:00:01.48 | Mem:0.00M, Peak:0.00M | Scene, ViewLayer | Synchronizing object | Front right drilled rotor perforation.001
Fra:1 Mem:214.84M (Peak 214.84M) | Time:00:01.48 | Mem:0.00M, Peak:0.00M | Scene, ViewLayer | Synchronizing object | Front right drilled rotor perforation.002
Fra:1 Mem:214.79M (Peak 214.84M) | Time:00:01.48 | Mem:0.00M, Peak:0.00M | Scene, ViewLayer | Synchronizing object | Front right center mi logo
Fra:1 Mem:214.87M (Peak 214.87M) | Time:00:01.48 | Mem:0.00M, Peak:0.00M | Scene, ViewLayer | Synchronizing object | Front right drilled rotor perforation.003
Fra:1 Mem:214.92M (Peak 214.92M) | Time:00:01.48 | Mem:0.00M, Peak:0.00M | Scene, ViewLayer | Synchronizing object | Front right drilled rotor perforation.004
Fra:1 Mem:214.98M (Peak 214.98M) | Time:00:01.48 | Mem:0.00M, Peak:0.00M | Scene, ViewLayer | Synchronizing object | Front right drilled rotor perforation.005
Fra:1 Mem:215.01M (Peak 215.01M) | Time:00:01.48 | Mem:0.00M, Peak:0.00M | Scene, ViewLayer | Synchronizing object | Front right drilled rotor perforation.006
Fra:1 Mem:215.04M (Peak 215.04M) | Time:00:01.48 | Mem:0.00M, Peak:0.00M | Scene, ViewLayer | Synchronizing object | Front right drilled rotor perforation.007
Fra:1 Mem:215.08M (Peak 215.08M) | Time:00:01.48 | Mem:0.00M, Peak:0.00M | Scene, ViewLayer | Synchronizing object | Front right sidewall lettering
Fra:1 Mem:215.12M (Peak 215.12M) | Time:00:01.48 | Mem:0.00M, Peak:0.00M | Scene, ViewLayer | Synchronizing object | Front right sidewall lettering.001
Fra:1 Mem:215.07M (Peak 215.12M) | Time:00:01.48 | Mem:0.00M, Peak:0.00M | Scene, ViewLayer | Synchronizing object | Front right drilled rotor perforation.008
Fra:1 Mem:215.06M (Peak 215.12M) | Time:00:01.48 | Mem:0.00M, Peak:0.00M | Scene, ViewLayer | Synchronizing object | Front right sidewall lettering.002
Fra:1 Mem:215.30M (Peak 215.30M) | Time:00:01.48 | Mem:0.00M, Peak:0.00M | Scene, ViewLayer | Synchronizing object | Front right drilled rotor perforation.011
Fra:1 Mem:215.23M (Peak 215.30M) | Time:00:01.48 | Mem:0.00M, Peak:0.00M | Scene, ViewLayer | Synchronizing object | Front right drilled rotor perforation.012
Fra:1 Mem:215.27M (Peak 215.30M) | Time:00:01.48 | Mem:0.00M, Peak:0.00M | Scene, ViewLayer | Synchronizing object | Front right drilled rotor perforation.013
Fra:1 Mem:215.29M (Peak 215.30M) | Time:00:01.48 | Mem:0.00M, Peak:0.00M | Scene, ViewLayer | Synchronizing object | Front right sidewall lettering.003
Fra:1 Mem:215.39M (Peak 215.39M) | Time:00:01.48 | Mem:0.00M, Peak:0.00M | Scene, ViewLayer | Synchronizing object | Front right sidewall lettering.004
Fra:1 Mem:215.31M (Peak 215.39M) | Time:00:01.48 | Mem:0.00M, Peak:0.00M | Scene, ViewLayer | Synchronizing object | Front right drilled rotor perforation.015
Fra:1 Mem:215.30M (Peak 215.39M) | Time:00:01.48 | Mem:0.00M, Peak:0.00M | Scene, ViewLayer | Synchronizing object | Front right drilled rotor perforation.016
Fra:1 Mem:215.32M (Peak 215.39M) | Time:00:01.48 | Mem:0.00M, Peak:0.00M | Scene, ViewLayer | Synchronizing object | Front right sidewall lettering.005
Fra:1 Mem:215.40M (Peak 215.40M) | Time:00:01.48 | Mem:0.00M, Peak:0.00M | Scene, ViewLayer | Synchronizing object | Front right sidewall lettering.006
Fra:1 Mem:215.41M (Peak 215.41M) | Time:00:01.48 | Mem:0.00M, Peak:0.00M | Scene, ViewLayer | Synchronizing object | Front right drilled rotor perforation.017
Fra:1 Mem:215.40M (Peak 215.41M) | Time:00:01.48 | Mem:0.00M, Peak:0.00M | Scene, ViewLayer | Synchronizing object | Front right sidewall lettering.007
Fra:1 Mem:215.45M (Peak 215.45M) | Time:00:01.48 | Mem:0.00M, Peak:0.00M | Scene, ViewLayer | Synchronizing object | Front right drilled rotor perforation.018
Fra:1 Mem:215.42M (Peak 215.45M) | Time:00:01.48 | Mem:0.00M, Peak:0.00M | Scene, ViewLayer | Synchronizing object | Front right drilled rotor perforation.019
Fra:1 Mem:215.43M (Peak 215.45M) | Time:00:01.48 | Mem:0.00M, Peak:0.00M | Scene, ViewLayer | Synchronizing object | Front right sidewall lettering.008
Fra:1 Mem:215.53M (Peak 215.53M) | Time:00:01.48 | Mem:0.00M, Peak:0.00M | Scene, ViewLayer | Synchronizing object | Front right sidewall lettering.009
Fra:1 Mem:215.54M (Peak 215.54M) | Time:00:01.48 | Mem:0.00M, Peak:0.00M | Scene, ViewLayer | Synchronizing object | Front right drilled rotor perforation.021
Fra:1 Mem:215.51M (Peak 215.54M) | Time:00:01.48 | Mem:0.00M, Peak:0.00M | Scene, ViewLayer | Synchronizing object | Front right drilled rotor perforation.022
Fra:1 Mem:215.54M (Peak 215.54M) | Time:00:01.48 | Mem:0.00M, Peak:0.00M | Scene, ViewLayer | Synchronizing object | Front right sidewall lettering.010
Fra:1 Mem:215.59M (Peak 215.59M) | Time:00:01.48 | Mem:0.00M, Peak:0.00M | Scene, ViewLayer | Synchronizing object | Front right sidewall lettering.011
Fra:1 Mem:215.61M (Peak 215.61M) | Time:00:01.48 | Mem:0.00M, Peak:0.00M | Scene, ViewLayer | Synchronizing object | Front right drilled rotor perforation.023
Fra:1 Mem:215.68M (Peak 215.68M) | Time:00:01.48 | Mem:0.00M, Peak:0.00M | Scene, ViewLayer | Synchronizing object | Front right drilled rotor perforation.024
Fra:1 Mem:215.75M (Peak 215.75M) | Time:00:01.48 | Mem:0.00M, Peak:0.00M | Scene, ViewLayer | Synchronizing object | Front right sidewall lettering.012
Fra:1 Mem:215.72M (Peak 215.75M) | Time:00:01.48 | Mem:0.00M, Peak:0.00M | Scene, ViewLayer | Synchronizing object | Front right drilled rotor perforation.026
Fra:1 Mem:215.73M (Peak 215.75M) | Time:00:01.48 | Mem:0.00M, Peak:0.00M | Scene, ViewLayer | Synchronizing object | Front right sidewall lettering.013
Fra:1 Mem:215.75M (Peak 215.75M) | Time:00:01.48 | Mem:0.00M, Peak:0.00M | Scene, ViewLayer | Synchronizing object | Front right sidewall lettering.014
Fra:1 Mem:215.88M (Peak 215.88M) | Time:00:01.49 | Mem:0.00M, Peak:0.00M | Scene, ViewLayer | Synchronizing object | Front right drilled rotor perforation.027
Fra:1 Mem:215.92M (Peak 215.92M) | Time:00:01.49 | Mem:0.00M, Peak:0.00M | Scene, ViewLayer | Synchronizing object | Front right drilled rotor perforation.028
Fra:1 Mem:216.00M (Peak 216.00M) | Time:00:01.49 | Mem:0.00M, Peak:0.00M | Scene, ViewLayer | Synchronizing object | Front right sidewall lettering.015
Fra:1 Mem:216.06M (Peak 216.06M) | Time:00:01.49 | Mem:0.00M, Peak:0.00M | Scene, ViewLayer | Synchronizing object | Front right drilled rotor perforation.029
Fra:1 Mem:216.04M (Peak 216.06M) | Time:00:01.49 | Mem:0.00M, Peak:0.00M | Scene, ViewLayer | Synchronizing object | Front right sidewall lettering.016
Fra:1 Mem:216.08M (Peak 216.08M) | Time:00:01.49 | Mem:0.00M, Peak:0.00M | Scene, ViewLayer | Synchronizing object | Front right drilled rotor perforation.030
Fra:1 Mem:216.24M (Peak 216.24M) | Time:00:01.49 | Mem:0.00M, Peak:0.00M | Scene, ViewLayer | Synchronizing object | Front right drilled rotor perforation.031
Fra:1 Mem:216.22M (Peak 216.24M) | Time:00:01.49 | Mem:0.00M, Peak:0.00M | Scene, ViewLayer | Synchronizing object | Front right sidewall lettering.017
Fra:1 Mem:216.22M (Peak 216.24M) | Time:00:01.49 | Mem:0.00M, Peak:0.00M | Scene, ViewLayer | Synchronizing object | Front right drilled rotor perforation.032
Fra:1 Mem:216.38M (Peak 216.38M) | Time:00:01.49 | Mem:0.00M, Peak:0.00M | Scene, ViewLayer | Synchronizing object | Front right drilled rotor perforation.033
Fra:1 Mem:216.38M (Peak 216.38M) | Time:00:01.49 | Mem:0.00M, Peak:0.00M | Scene, ViewLayer | Synchronizing object | Front right drilled rotor perforation.034
Fra:1 Mem:216.37M (Peak 216.38M) | Time:00:01.49 | Mem:0.00M, Peak:0.00M | Scene, ViewLayer | Synchronizing object | Front right sidewall lettering.018
Fra:1 Mem:216.38M (Peak 216.38M) | Time:00:01.49 | Mem:0.00M, Peak:0.00M | Scene, ViewLayer | Synchronizing object | Front right drilled rotor perforation.035
Fra:1 Mem:216.42M (Peak 216.42M) | Time:00:01.49 | Mem:0.00M, Peak:0.00M | Scene, ViewLayer | Synchronizing object | Front right sidewall lettering.019
Fra:1 Mem:216.45M (Peak 216.45M) | Time:00:01.49 | Mem:0.00M, Peak:0.00M | Scene, ViewLayer | Synchronizing object | Front right sidewall lettering.020
Fra:1 Mem:216.43M (Peak 216.45M) | Time:00:01.49 | Mem:0.00M, Peak:0.00M | Scene, ViewLayer | Synchronizing object | Front right drilled rotor perforation.036
Fra:1 Mem:216.45M (Peak 216.45M) | Time:00:01.49 | Mem:0.00M, Peak:0.00M | Scene, ViewLayer | Synchronizing object | Front right sidewall lettering.021
Fra:1 Mem:216.44M (Peak 216.45M) | Time:00:01.49 | Mem:0.00M, Peak:0.00M | Scene, ViewLayer | Synchronizing object | Front right drilled rotor perforation.037
Fra:1 Mem:216.46M (Peak 216.46M) | Time:00:01.49 | Mem:0.00M, Peak:0.00M | Scene, ViewLayer | Synchronizing object | Front right drilled rotor perforation.038
Fra:1 Mem:216.48M (Peak 216.48M) | Time:00:01.49 | Mem:0.00M, Peak:0.00M | Scene, ViewLayer | Synchronizing object | Front right drilled rotor perforation.039
Fra:1 Mem:216.50M (Peak 216.50M) | Time:00:01.49 | Mem:0.00M, Peak:0.00M | Scene, ViewLayer | Synchronizing object | Front right drilled rotor perforation.040
Fra:1 Mem:216.52M (Peak 216.52M) | Time:00:01.49 | Mem:0.00M, Peak:0.00M | Scene, ViewLayer | Synchronizing object | Front right drilled rotor perforation.041
Fra:1 Mem:216.57M (Peak 216.57M) | Time:00:01.49 | Mem:0.00M, Peak:0.00M | Scene, ViewLayer | Synchronizing object | Rear left caliper marking
Fra:1 Mem:216.67M (Peak 216.67M) | Time:00:01.49 | Mem:0.00M, Peak:0.00M | Scene, ViewLayer | Synchronizing object | Front right drilled rotor perforation.042
Fra:1 Mem:216.98M (Peak 216.98M) | Time:00:01.49 | Mem:0.00M, Peak:0.00M | Scene, ViewLayer | Synchronizing object | Front right drilled rotor perforation.043
Fra:1 Mem:217.36M (Peak 217.36M) | Time:00:01.49 | Mem:0.00M, Peak:0.00M | Scene, ViewLayer | Synchronizing object | Front right drilled rotor perforation.044
Fra:1 Mem:217.27M (Peak 217.36M) | Time:00:01.49 | Mem:0.00M, Peak:0.00M | Scene, ViewLayer | Synchronizing object | Front right drilled rotor perforation.045
Fra:1 Mem:217.29M (Peak 217.36M) | Time:00:01.49 | Mem:0.00M, Peak:0.00M | Scene, ViewLayer | Synchronizing object | Rear left center mi logo
Fra:1 Mem:217.33M (Peak 217.36M) | Time:00:01.49 | Mem:0.00M, Peak:0.00M | Scene, ViewLayer | Synchronizing object | Front right drilled rotor perforation.046
Fra:1 Mem:217.44M (Peak 217.44M) | Time:00:01.49 | Mem:0.00M, Peak:0.00M | Scene, ViewLayer | Synchronizing object | Front right drilled rotor perforation.047
Fra:1 Mem:217.52M (Peak 217.52M) | Time:00:01.49 | Mem:0.00M, Peak:0.00M | Scene, ViewLayer | Synchronizing object | Front right drilled rotor perforation.048
Fra:1 Mem:217.58M (Peak 217.58M) | Time:00:01.49 | Mem:0.00M, Peak:0.00M | Scene, ViewLayer | Synchronizing object | Front right drilled rotor perforation.049
Fra:1 Mem:217.56M (Peak 217.58M) | Time:00:01.49 | Mem:0.00M, Peak:0.00M | Scene, ViewLayer | Synchronizing object | Rear left sidewall lettering
Fra:1 Mem:217.58M (Peak 217.58M) | Time:00:01.49 | Mem:0.00M, Peak:0.00M | Scene, ViewLayer | Synchronizing object | Rear left sidewall lettering.001
Fra:1 Mem:217.59M (Peak 217.59M) | Time:00:01.49 | Mem:0.00M, Peak:0.00M | Scene, ViewLayer | Synchronizing object | Rear left sidewall lettering.002
Fra:1 Mem:217.72M (Peak 217.72M) | Time:00:01.49 | Mem:0.00M, Peak:0.00M | Scene, ViewLayer | Synchronizing object | Front right drilled rotor perforation.050
Fra:1 Mem:217.76M (Peak 217.76M) | Time:00:01.49 | Mem:0.00M, Peak:0.00M | Scene, ViewLayer | Synchronizing object | Rear left sidewall lettering.003
Fra:1 Mem:217.79M (Peak 217.79M) | Time:00:01.49 | Mem:0.00M, Peak:0.00M | Scene, ViewLayer | Synchronizing object | Rear left sidewall lettering.004
Fra:1 Mem:217.80M (Peak 217.80M) | Time:00:01.49 | Mem:0.00M, Peak:0.00M | Scene, ViewLayer | Synchronizing object | Rear left sidewall lettering.005
Fra:1 Mem:217.78M (Peak 217.80M) | Time:00:01.49 | Mem:0.00M, Peak:0.00M | Scene, ViewLayer | Synchronizing object | Front right drilled rotor perforation.051
Fra:1 Mem:217.78M (Peak 217.80M) | Time:00:01.49 | Mem:0.00M, Peak:0.00M | Scene, ViewLayer | Synchronizing object | Rear left sidewall lettering.006
Fra:1 Mem:217.81M (Peak 217.81M) | Time:00:01.49 | Mem:0.00M, Peak:0.00M | Scene, ViewLayer | Synchronizing object | Rear left sidewall lettering.007
Fra:1 Mem:217.85M (Peak 217.85M) | Time:00:01.50 | Mem:0.00M, Peak:0.00M | Scene, ViewLayer | Synchronizing object | Rear left sidewall lettering.008
Fra:1 Mem:217.89M (Peak 217.89M) | Time:00:01.50 | Mem:0.00M, Peak:0.00M | Scene, ViewLayer | Synchronizing object | Front right drilled rotor perforation.052
Fra:1 Mem:217.91M (Peak 217.91M) | Time:00:01.50 | Mem:0.00M, Peak:0.00M | Scene, ViewLayer | Synchronizing object | Rear left sidewall lettering.009
Fra:1 Mem:217.95M (Peak 217.95M) | Time:00:01.50 | Mem:0.00M, Peak:0.00M | Scene, ViewLayer | Synchronizing object | Rear left sidewall lettering.010
Fra:1 Mem:217.92M (Peak 217.95M) | Time:00:01.50 | Mem:0.00M, Peak:0.00M | Scene, ViewLayer | Synchronizing object | Front right drilled rotor perforation.053
Fra:1 Mem:217.92M (Peak 217.95M) | Time:00:01.50 | Mem:0.00M, Peak:0.00M | Scene, ViewLayer | Synchronizing object | Rear left sidewall lettering.011
Fra:1 Mem:218.02M (Peak 218.02M) | Time:00:01.50 | Mem:0.00M, Peak:0.00M | Scene, ViewLayer | Synchronizing object | Front right drilled rotor perforation.054
Fra:1 Mem:218.08M (Peak 218.08M) | Time:00:01.50 | Mem:0.00M, Peak:0.00M | Scene, ViewLayer | Synchronizing object | Rear left sidewall lettering.012
Fra:1 Mem:218.10M (Peak 218.10M) | Time:00:01.50 | Mem:0.00M, Peak:0.00M | Scene, ViewLayer | Synchronizing object | Front right drilled rotor perforation.055
Fra:1 Mem:218.11M (Peak 218.11M) | Time:00:01.50 | Mem:0.00M, Peak:0.00M | Scene, ViewLayer | Synchronizing object | Rear left sidewall lettering.013
Fra:1 Mem:218.13M (Peak 218.13M) | Time:00:01.50 | Mem:0.00M, Peak:0.00M | Scene, ViewLayer | Synchronizing object | Rear left sidewall lettering.014
Fra:1 Mem:218.32M (Peak 218.32M) | Time:00:01.50 | Mem:0.00M, Peak:0.00M | Scene, ViewLayer | Synchronizing object | Front right drilled rotor perforation.056
Fra:1 Mem:218.32M (Peak 218.32M) | Time:00:01.50 | Mem:0.00M, Peak:0.00M | Scene, ViewLayer | Synchronizing object | Rear left sidewall lettering.015
Fra:1 Mem:218.38M (Peak 218.38M) | Time:00:01.50 | Mem:0.00M, Peak:0.00M | Scene, ViewLayer | Synchronizing object | Front right drilled rotor perforation.057
Fra:1 Mem:218.39M (Peak 218.39M) | Time:00:01.50 | Mem:0.00M, Peak:0.00M | Scene, ViewLayer | Synchronizing object | Front right drilled rotor perforation.058
Fra:1 Mem:218.42M (Peak 218.42M) | Time:00:01.50 | Mem:0.00M, Peak:0.00M | Scene, ViewLayer | Synchronizing object | Rear left sidewall lettering.016
Fra:1 Mem:218.54M (Peak 218.54M) | Time:00:01.50 | Mem:0.00M, Peak:0.00M | Scene, ViewLayer | Synchronizing object | Front right drilled rotor perforation.059
Fra:1 Mem:218.57M (Peak 218.57M) | Time:00:01.50 | Mem:0.00M, Peak:0.00M | Scene, ViewLayer | Synchronizing object | Rear left sidewall lettering.017
Fra:1 Mem:218.57M (Peak 218.57M) | Time:00:01.50 | Mem:0.00M, Peak:0.00M | Scene, ViewLayer | Synchronizing object | Front right drilled rotor perforation.060
Fra:1 Mem:218.70M (Peak 218.70M) | Time:00:01.50 | Mem:0.00M, Peak:0.00M | Scene, ViewLayer | Synchronizing object | Front right drilled rotor perforation.061
Fra:1 Mem:218.76M (Peak 218.76M) | Time:00:01.50 | Mem:0.00M, Peak:0.00M | Scene, ViewLayer | Synchronizing object | Rear left sidewall lettering.018
Fra:1 Mem:218.75M (Peak 218.76M) | Time:00:01.50 | Mem:0.00M, Peak:0.00M | Scene, ViewLayer | Synchronizing object | Rear left sidewall lettering.019
Fra:1 Mem:218.74M (Peak 218.76M) | Time:00:01.50 | Mem:0.00M, Peak:0.00M | Scene, ViewLayer | Synchronizing object | Front right drilled rotor perforation.062
Fra:1 Mem:218.72M (Peak 218.76M) | Time:00:01.50 | Mem:0.00M, Peak:0.00M | Scene, ViewLayer | Synchronizing object | Rear left sidewall lettering.020
Fra:1 Mem:218.79M (Peak 218.79M) | Time:00:01.50 | Mem:0.00M, Peak:0.00M | Scene, ViewLayer | Synchronizing object | Rear left sidewall lettering.021
Fra:1 Mem:218.76M (Peak 218.79M) | Time:00:01.50 | Mem:0.00M, Peak:0.00M | Scene, ViewLayer | Synchronizing object | Front right drilled rotor perforation.064
Fra:1 Mem:218.80M (Peak 218.80M) | Time:00:01.50 | Mem:0.00M, Peak:0.00M | Scene, ViewLayer | Synchronizing object | Front right drilled rotor perforation.065
Fra:1 Mem:218.80M (Peak 218.80M) | Time:00:01.50 | Mem:0.00M, Peak:0.00M | Scene, ViewLayer | Synchronizing object | Front right drilled rotor perforation.066
Fra:1 Mem:218.83M (Peak 218.83M) | Time:00:01.50 | Mem:0.00M, Peak:0.00M | Scene, ViewLayer | Synchronizing object | Front right drilled rotor perforation.067
Fra:1 Mem:218.84M (Peak 218.84M) | Time:00:01.50 | Mem:0.00M, Peak:0.00M | Scene, ViewLayer | Synchronizing object | Front right drilled rotor perforation.068
Fra:1 Mem:218.90M (Peak 218.90M) | Time:00:01.50 | Mem:0.00M, Peak:0.00M | Scene, ViewLayer | Synchronizing object | Front right drilled rotor perforation.069
Fra:1 Mem:218.90M (Peak 218.90M) | Time:00:01.50 | Mem:0.00M, Peak:0.00M | Scene, ViewLayer | Synchronizing object | Front right drilled rotor perforation.070
Fra:1 Mem:218.88M (Peak 218.90M) | Time:00:01.50 | Mem:0.00M, Peak:0.00M | Scene, ViewLayer | Synchronizing object | Front right drilled rotor perforation.071
Fra:1 Mem:218.90M (Peak 218.90M) | Time:00:01.50 | Mem:0.00M, Peak:0.00M | Scene, ViewLayer | Synchronizing object | Front right brake disc bell
Fra:1 Mem:219.00M (Peak 219.00M) | Time:00:01.50 | Mem:0.00M, Peak:0.00M | Scene, ViewLayer | Synchronizing object | Front right yellow six-piston caliper
Fra:1 Mem:219.03M (Peak 219.03M) | Time:00:01.50 | Mem:0.00M, Peak:0.00M | Scene, ViewLayer | Synchronizing object | Rear right caliper marking
Fra:1 Mem:219.46M (Peak 219.46M) | Time:00:01.50 | Mem:0.00M, Peak:0.00M | Scene, ViewLayer | Synchronizing object | Front right machined split spoke
Fra:1 Mem:219.41M (Peak 219.46M) | Time:00:01.50 | Mem:0.00M, Peak:0.00M | Scene, ViewLayer | Synchronizing object | Front right black spoke pocket
Fra:1 Mem:219.52M (Peak 219.52M) | Time:00:01.50 | Mem:0.00M, Peak:0.00M | Scene, ViewLayer | Synchronizing object | Front right machined split spoke.001
Fra:1 Mem:219.76M (Peak 219.76M) | Time:00:01.50 | Mem:0.00M, Peak:0.00M | Scene, ViewLayer | Synchronizing object | Front right black spoke pocket.001
Fra:1 Mem:219.80M (Peak 219.80M) | Time:00:01.50 | Mem:0.00M, Peak:0.00M | Scene, ViewLayer | Synchronizing object | Front right machined split spoke.002
Fra:1 Mem:219.84M (Peak 219.84M) | Time:00:01.50 | Mem:0.00M, Peak:0.00M | Scene, ViewLayer | Synchronizing object | Front right black spoke pocket.002
Fra:1 Mem:219.91M (Peak 219.91M) | Time:00:01.50 | Mem:0.00M, Peak:0.00M | Scene, ViewLayer | Synchronizing object | Front right machined split spoke.003
Fra:1 Mem:219.95M (Peak 219.95M) | Time:00:01.50 | Mem:0.00M, Peak:0.00M | Scene, ViewLayer | Synchronizing object | Front right black spoke pocket.003
Fra:1 Mem:220.00M (Peak 220.00M) | Time:00:01.50 | Mem:0.00M, Peak:0.00M | Scene, ViewLayer | Synchronizing object | Rear right center mi logo
Fra:1 Mem:220.11M (Peak 220.11M) | Time:00:01.50 | Mem:0.00M, Peak:0.00M | Scene, ViewLayer | Synchronizing object | Front right machined split spoke.004
Fra:1 Mem:220.14M (Peak 220.14M) | Time:00:01.50 | Mem:0.00M, Peak:0.00M | Scene, ViewLayer | Synchronizing object | Front right black spoke pocket.004
Fra:1 Mem:220.16M (Peak 220.16M) | Time:00:01.50 | Mem:0.00M, Peak:0.00M | Scene, ViewLayer | Synchronizing object | Front right machined split spoke.005
Fra:1 Mem:220.26M (Peak 220.26M) | Time:00:01.50 | Mem:0.00M, Peak:0.00M | Scene, ViewLayer | Synchronizing object | Front right black spoke pocket.005
Fra:1 Mem:220.30M (Peak 220.30M) | Time:00:01.50 | Mem:0.00M, Peak:0.00M | Scene, ViewLayer | Synchronizing object | Front right machined split spoke.006
Fra:1 Mem:220.32M (Peak 220.32M) | Time:00:01.50 | Mem:0.00M, Peak:0.00M | Scene, ViewLayer | Synchronizing object | Rear right sidewall lettering
Fra:1 Mem:220.37M (Peak 220.37M) | Time:00:01.50 | Mem:0.00M, Peak:0.00M | Scene, ViewLayer | Synchronizing object | Rear right sidewall lettering.001
Fra:1 Mem:220.37M (Peak 220.37M) | Time:00:01.50 | Mem:0.00M, Peak:0.00M | Scene, ViewLayer | Synchronizing object | Rear right sidewall lettering.002
Fra:1 Mem:220.37M (Peak 220.37M) | Time:00:01.50 | Mem:0.00M, Peak:0.00M | Scene, ViewLayer | Synchronizing object | Front right black spoke pocket.006
Fra:1 Mem:220.44M (Peak 220.44M) | Time:00:01.50 | Mem:0.00M, Peak:0.00M | Scene, ViewLayer | Synchronizing object | Front right machined split spoke.007
Fra:1 Mem:220.48M (Peak 220.48M) | Time:00:01.51 | Mem:0.00M, Peak:0.00M | Scene, ViewLayer | Synchronizing object | Rear right sidewall lettering.003
Fra:1 Mem:220.46M (Peak 220.48M) | Time:00:01.51 | Mem:0.00M, Peak:0.00M | Scene, ViewLayer | Synchronizing object | Front right machined split spoke.008
Fra:1 Mem:220.47M (Peak 220.48M) | Time:00:01.51 | Mem:0.00M, Peak:0.00M | Scene, ViewLayer | Synchronizing object | Front right black spoke pocket.008
Fra:1 Mem:220.55M (Peak 220.55M) | Time:00:01.51 | Mem:0.00M, Peak:0.00M | Scene, ViewLayer | Synchronizing object | Front right machined split spoke.009
Fra:1 Mem:220.63M (Peak 220.63M) | Time:00:01.51 | Mem:0.00M, Peak:0.00M | Scene, ViewLayer | Synchronizing object | Front right black spoke pocket.009
Fra:1 Mem:220.61M (Peak 220.63M) | Time:00:01.51 | Mem:0.00M, Peak:0.00M | Scene, ViewLayer | Synchronizing object | Front right center hub
Fra:1 Mem:220.65M (Peak 220.65M) | Time:00:01.51 | Mem:0.00M, Peak:0.00M | Scene, ViewLayer | Synchronizing object | Front right center cap ring
Fra:1 Mem:220.77M (Peak 220.77M) | Time:00:01.51 | Mem:0.00M, Peak:0.00M | Scene, ViewLayer | Synchronizing object | Front right titanium lug nut
Fra:1 Mem:220.73M (Peak 220.77M) | Time:00:01.51 | Mem:0.00M, Peak:0.00M | Scene, ViewLayer | Synchronizing object | Front right titanium lug nut.003
Fra:1 Mem:220.76M (Peak 220.77M) | Time:00:01.51 | Mem:0.00M, Peak:0.00M | Scene, ViewLayer | Synchronizing object | Front right titanium lug nut.004
Fra:1 Mem:220.76M (Peak 220.77M) | Time:00:01.51 | Mem:0.00M, Peak:0.00M | Scene, ViewLayer | Synchronizing object | Front right tire valve
Fra:1 Mem:220.79M (Peak 220.79M) | Time:00:01.51 | Mem:0.00M, Peak:0.00M | Scene, ViewLayer | Synchronizing object | Rear left | tire carcass
Fra:1 Mem:220.92M (Peak 220.92M) | Time:00:01.51 | Mem:0.00M, Peak:0.00M | Scene, ViewLayer | Synchronizing object | Rear left tire molded sidewall ring.001
Fra:1 Mem:221.02M (Peak 221.02M) | Time:00:01.51 | Mem:0.00M, Peak:0.00M | Scene, ViewLayer | Synchronizing object | Rear right sidewall lettering.004
Fra:1 Mem:221.02M (Peak 221.02M) | Time:00:01.51 | Mem:0.00M, Peak:0.00M | Scene, ViewLayer | Synchronizing object | Rear left directional tread | 792 blocks
Fra:1 Mem:221.14M (Peak 221.14M) | Time:00:01.51 | Mem:0.00M, Peak:0.00M | Scene, ViewLayer | Synchronizing object | Rear right sidewall lettering.005
Fra:1 Mem:221.32M (Peak 221.32M) | Time:00:01.51 | Mem:0.00M, Peak:0.00M | Scene, ViewLayer | Synchronizing object | Rear left cast rim barrel
Fra:1 Mem:221.58M (Peak 221.58M) | Time:00:01.51 | Mem:0.00M, Peak:0.00M | Scene, ViewLayer | Synchronizing object | Rear left diamond-cut outer flange
Fra:1 Mem:221.85M (Peak 221.85M) | Time:00:01.51 | Mem:0.00M, Peak:0.00M | Scene, ViewLayer | Synchronizing object | Rear left inner rim accent
Fra:1 Mem:221.85M (Peak 221.85M) | Time:00:01.51 | Mem:0.00M, Peak:0.00M | Scene, ViewLayer | Synchronizing object | Rear left brake rotor
Fra:1 Mem:222.12M (Peak 222.12M) | Time:00:01.51 | Mem:0.00M, Peak:0.00M | Scene, ViewLayer | Synchronizing object | Rear left rotor outer scoring
Fra:1 Mem:222.27M (Peak 222.27M) | Time:00:01.51 | Mem:0.00M, Peak:0.00M | Scene, ViewLayer | Synchronizing object | Rear left drilled rotor perforation
Fra:1 Mem:222.22M (Peak 222.27M) | Time:00:01.51 | Mem:0.00M, Peak:0.00M | Scene, ViewLayer | Synchronizing object | Rear left drilled rotor perforation.001
Fra:1 Mem:222.33M (Peak 222.33M) | Time:00:01.51 | Mem:0.00M, Peak:0.00M | Scene, ViewLayer | Synchronizing object | Rear left drilled rotor perforation.002
Fra:1 Mem:222.26M (Peak 222.33M) | Time:00:01.51 | Mem:0.00M, Peak:0.00M | Scene, ViewLayer | Synchronizing object | Rear left drilled rotor perforation.003
Fra:1 Mem:222.26M (Peak 222.33M) | Time:00:01.51 | Mem:0.00M, Peak:0.00M | Scene, ViewLayer | Synchronizing object | Rear left drilled rotor perforation.004
Fra:1 Mem:222.29M (Peak 222.33M) | Time:00:01.51 | Mem:0.00M, Peak:0.00M | Scene, ViewLayer | Synchronizing object | Rear left drilled rotor perforation.005
Fra:1 Mem:222.30M (Peak 222.33M) | Time:00:01.51 | Mem:0.00M, Peak:0.00M | Scene, ViewLayer | Synchronizing object | Rear left drilled rotor perforation.006
Fra:1 Mem:222.29M (Peak 222.33M) | Time:00:01.51 | Mem:0.00M, Peak:0.00M | Scene, ViewLayer | Synchronizing object | Rear left drilled rotor perforation.007
Fra:1 Mem:222.31M (Peak 222.33M) | Time:00:01.51 | Mem:0.00M, Peak:0.00M | Scene, ViewLayer | Synchronizing object | Rear left drilled rotor perforation.008
Fra:1 Mem:222.37M (Peak 222.37M) | Time:00:01.51 | Mem:0.00M, Peak:0.00M | Scene, ViewLayer | Synchronizing object | Rear left drilled rotor perforation.009
Fra:1 Mem:222.31M (Peak 222.37M) | Time:00:01.51 | Mem:0.00M, Peak:0.00M | Scene, ViewLayer | Synchronizing object | Rear left drilled rotor perforation.011
Fra:1 Mem:222.36M (Peak 222.37M) | Time:00:01.51 | Mem:0.00M, Peak:0.00M | Scene, ViewLayer | Synchronizing object | Rear left drilled rotor perforation.012
Fra:1 Mem:222.36M (Peak 222.37M) | Time:00:01.51 | Mem:0.00M, Peak:0.00M | Scene, ViewLayer | Synchronizing object | Rear left drilled rotor perforation.013
Fra:1 Mem:222.40M (Peak 222.40M) | Time:00:01.51 | Mem:0.00M, Peak:0.00M | Scene, ViewLayer | Synchronizing object | Rear left drilled rotor perforation.014
Fra:1 Mem:222.38M (Peak 222.40M) | Time:00:01.51 | Mem:0.00M, Peak:0.00M | Scene, ViewLayer | Synchronizing object | Rear left drilled rotor perforation.016
Fra:1 Mem:222.46M (Peak 222.46M) | Time:00:01.51 | Mem:0.00M, Peak:0.00M | Scene, ViewLayer | Synchronizing object | Rear left drilled rotor perforation.017
Fra:1 Mem:222.43M (Peak 222.46M) | Time:00:01.51 | Mem:0.00M, Peak:0.00M | Scene, ViewLayer | Synchronizing object | Rear left drilled rotor perforation.019
Fra:1 Mem:222.53M (Peak 222.53M) | Time:00:01.51 | Mem:0.00M, Peak:0.00M | Scene, ViewLayer | Synchronizing object | Rear left drilled rotor perforation.020
Fra:1 Mem:222.53M (Peak 222.53M) | Time:00:01.51 | Mem:0.00M, Peak:0.00M | Scene, ViewLayer | Synchronizing object | Rear left drilled rotor perforation.021
Fra:1 Mem:222.55M (Peak 222.55M) | Time:00:01.51 | Mem:0.00M, Peak:0.00M | Scene, ViewLayer | Synchronizing object | Rear left drilled rotor perforation.022
Fra:1 Mem:222.56M (Peak 222.56M) | Time:00:01.51 | Mem:0.00M, Peak:0.00M | Scene, ViewLayer | Synchronizing object | Rear right sidewall lettering.006
Fra:1 Mem:222.53M (Peak 222.56M) | Time:00:01.51 | Mem:0.00M, Peak:0.00M | Scene, ViewLayer | Synchronizing object | Rear left drilled rotor perforation.024
Fra:1 Mem:222.56M (Peak 222.56M) | Time:00:01.51 | Mem:0.00M, Peak:0.00M | Scene, ViewLayer | Synchronizing object | Rear left drilled rotor perforation.025
Fra:1 Mem:222.60M (Peak 222.60M) | Time:00:01.51 | Mem:0.00M, Peak:0.00M | Scene, ViewLayer | Synchronizing object | Rear left drilled rotor perforation.026
Fra:1 Mem:222.61M (Peak 222.61M) | Time:00:01.51 | Mem:0.00M, Peak:0.00M | Scene, ViewLayer | Synchronizing object | Rear right sidewall lettering.007
Fra:1 Mem:222.57M (Peak 222.61M) | Time:00:01.51 | Mem:0.00M, Peak:0.00M | Scene, ViewLayer | Synchronizing object | Rear left drilled rotor perforation.029
Fra:1 Mem:222.60M (Peak 222.61M) | Time:00:01.51 | Mem:0.00M, Peak:0.00M | Scene, ViewLayer | Synchronizing object | Rear right sidewall lettering.008
Fra:1 Mem:222.79M (Peak 222.79M) | Time:00:01.51 | Mem:0.00M, Peak:0.00M | Scene, ViewLayer | Synchronizing object | Rear right sidewall lettering.009
Fra:1 Mem:222.73M (Peak 222.79M) | Time:00:01.51 | Mem:0.00M, Peak:0.00M | Scene, ViewLayer | Synchronizing object | Rear left drilled rotor perforation.030
Fra:1 Mem:222.71M (Peak 222.79M) | Time:00:01.51 | Mem:0.00M, Peak:0.00M | Scene, ViewLayer | Synchronizing object | Rear left drilled rotor perforation.032
Fra:1 Mem:222.73M (Peak 222.79M) | Time:00:01.51 | Mem:0.00M, Peak:0.00M | Scene, ViewLayer | Synchronizing object | Rear right sidewall lettering.010
Fra:1 Mem:222.84M (Peak 222.84M) | Time:00:01.51 | Mem:0.00M, Peak:0.00M | Scene, ViewLayer | Synchronizing object | Rear right sidewall lettering.011
Fra:1 Mem:222.76M (Peak 222.84M) | Time:00:01.51 | Mem:0.00M, Peak:0.00M | Scene, ViewLayer | Synchronizing object | Rear left drilled rotor perforation.033
Fra:1 Mem:222.80M (Peak 222.84M) | Time:00:01.51 | Mem:0.00M, Peak:0.00M | Scene, ViewLayer | Synchronizing object | Rear left drilled rotor perforation.035
Fra:1 Mem:222.96M (Peak 222.96M) | Time:00:01.51 | Mem:0.00M, Peak:0.00M | Scene, ViewLayer | Synchronizing object | Rear left drilled rotor perforation.036
Fra:1 Mem:222.97M (Peak 222.97M) | Time:00:01.51 | Mem:0.00M, Peak:0.00M | Scene, ViewLayer | Synchronizing object | Rear left drilled rotor perforation.037
Fra:1 Mem:222.96M (Peak 222.97M) | Time:00:01.51 | Mem:0.00M, Peak:0.00M | Scene, ViewLayer | Synchronizing object | Rear left drilled rotor perforation.038
Fra:1 Mem:223.05M (Peak 223.05M) | Time:00:01.51 | Mem:0.00M, Peak:0.00M | Scene, ViewLayer | Synchronizing object | Rear right sidewall lettering.012
Fra:1 Mem:223.03M (Peak 223.05M) | Time:00:01.51 | Mem:0.00M, Peak:0.00M | Scene, ViewLayer | Synchronizing object | Rear left drilled rotor perforation.040
Fra:1 Mem:223.03M (Peak 223.05M) | Time:00:01.51 | Mem:0.00M, Peak:0.00M | Scene, ViewLayer | Synchronizing object | Rear left drilled rotor perforation.041
Fra:1 Mem:223.08M (Peak 223.08M) | Time:00:01.51 | Mem:0.00M, Peak:0.00M | Scene, ViewLayer | Synchronizing object | Rear right sidewall lettering.013
Fra:1 Mem:223.09M (Peak 223.09M) | Time:00:01.51 | Mem:0.00M, Peak:0.00M | Scene, ViewLayer | Synchronizing object | Rear left drilled rotor perforation.042
Fra:1 Mem:223.09M (Peak 223.09M) | Time:00:01.51 | Mem:0.00M, Peak:0.00M | Scene, ViewLayer | Synchronizing object | Rear right sidewall lettering.014
Fra:1 Mem:223.12M (Peak 223.12M) | Time:00:01.51 | Mem:0.00M, Peak:0.00M | Scene, ViewLayer | Synchronizing object | Rear left drilled rotor perforation.043
Fra:1 Mem:223.11M (Peak 223.12M) | Time:00:01.51 | Mem:0.00M, Peak:0.00M | Scene, ViewLayer | Synchronizing object | Rear left drilled rotor perforation.044
Fra:1 Mem:223.11M (Peak 223.12M) | Time:00:01.51 | Mem:0.00M, Peak:0.00M | Scene, ViewLayer | Synchronizing object | Rear left drilled rotor perforation.045
Fra:1 Mem:223.27M (Peak 223.27M) | Time:00:01.52 | Mem:0.00M, Peak:0.00M | Scene, ViewLayer | Synchronizing object | Rear left drilled rotor perforation.046
Fra:1 Mem:223.25M (Peak 223.27M) | Time:00:01.52 | Mem:0.00M, Peak:0.00M | Scene, ViewLayer | Synchronizing object | Rear left drilled rotor perforation.047
Fra:1 Mem:223.33M (Peak 223.33M) | Time:00:01.52 | Mem:0.00M, Peak:0.00M | Scene, ViewLayer | Synchronizing object | Rear left drilled rotor perforation.048
Fra:1 Mem:223.29M (Peak 223.33M) | Time:00:01.52 | Mem:0.00M, Peak:0.00M | Scene, ViewLayer | Synchronizing object | Rear left drilled rotor perforation.050
Fra:1 Mem:223.43M (Peak 223.43M) | Time:00:01.52 | Mem:0.00M, Peak:0.00M | Scene, ViewLayer | Synchronizing object | Rear left drilled rotor perforation.051
Fra:1 Mem:223.51M (Peak 223.51M) | Time:00:01.52 | Mem:0.00M, Peak:0.00M | Scene, ViewLayer | Synchronizing object | Rear left drilled rotor perforation.052
Fra:1 Mem:223.45M (Peak 223.51M) | Time:00:01.52 | Mem:0.00M, Peak:0.00M | Scene, ViewLayer | Synchronizing object | Rear left drilled rotor perforation.053
Fra:1 Mem:223.45M (Peak 223.51M) | Time:00:01.52 | Mem:0.00M, Peak:0.00M | Scene, ViewLayer | Synchronizing object | Rear left drilled rotor perforation.054
Fra:1 Mem:223.57M (Peak 223.57M) | Time:00:01.52 | Mem:0.00M, Peak:0.00M | Scene, ViewLayer | Synchronizing object | Rear left drilled rotor perforation.055
Fra:1 Mem:223.60M (Peak 223.60M) | Time:00:01.52 | Mem:0.00M, Peak:0.00M | Scene, ViewLayer | Synchronizing object | Rear left drilled rotor perforation.056
Fra:1 Mem:223.68M (Peak 223.68M) | Time:00:01.52 | Mem:0.00M, Peak:0.00M | Scene, ViewLayer | Synchronizing object | Rear left drilled rotor perforation.057
Fra:1 Mem:223.66M (Peak 223.68M) | Time:00:01.52 | Mem:0.00M, Peak:0.00M | Scene, ViewLayer | Synchronizing object | Rear left drilled rotor perforation.058
Fra:1 Mem:223.68M (Peak 223.68M) | Time:00:01.52 | Mem:0.00M, Peak:0.00M | Scene, ViewLayer | Synchronizing object | Rear left drilled rotor perforation.059
Fra:1 Mem:223.69M (Peak 223.69M) | Time:00:01.52 | Mem:0.00M, Peak:0.00M | Scene, ViewLayer | Synchronizing object | Rear left drilled rotor perforation.060
Fra:1 Mem:223.81M (Peak 223.81M) | Time:00:01.52 | Mem:0.00M, Peak:0.00M | Scene, ViewLayer | Synchronizing object | Rear left drilled rotor perforation.061
Fra:1 Mem:223.81M (Peak 223.81M) | Time:00:01.52 | Mem:0.00M, Peak:0.00M | Scene, ViewLayer | Synchronizing object | Rear left drilled rotor perforation.062
Fra:1 Mem:223.86M (Peak 223.86M) | Time:00:01.52 | Mem:0.00M, Peak:0.00M | Scene, ViewLayer | Synchronizing object | Rear right sidewall lettering.018
Fra:1 Mem:223.89M (Peak 223.89M) | Time:00:01.52 | Mem:0.00M, Peak:0.00M | Scene, ViewLayer | Synchronizing object | Rear left drilled rotor perforation.063
Fra:1 Mem:223.91M (Peak 223.91M) | Time:00:01.52 | Mem:0.00M, Peak:0.00M | Scene, ViewLayer | Synchronizing object | Rear right sidewall lettering.019
Fra:1 Mem:223.86M (Peak 223.91M) | Time:00:01.52 | Mem:0.00M, Peak:0.00M | Scene, ViewLayer | Synchronizing object | Rear left drilled rotor perforation.064
Fra:1 Mem:223.90M (Peak 223.91M) | Time:00:01.52 | Mem:0.00M, Peak:0.00M | Scene, ViewLayer | Synchronizing object | Rear left drilled rotor perforation.065
Fra:1 Mem:223.91M (Peak 223.91M) | Time:00:01.52 | Mem:0.00M, Peak:0.00M | Scene, ViewLayer | Synchronizing object | Rear right sidewall lettering.020
Fra:1 Mem:224.00M (Peak 224.00M) | Time:00:01.52 | Mem:0.00M, Peak:0.00M | Scene, ViewLayer | Synchronizing object | Rear right sidewall lettering.021
Fra:1 Mem:223.94M (Peak 224.00M) | Time:00:01.52 | Mem:0.00M, Peak:0.00M | Scene, ViewLayer | Synchronizing object | Rear left drilled rotor perforation.066
Fra:1 Mem:223.95M (Peak 224.00M) | Time:00:01.52 | Mem:0.00M, Peak:0.00M | Scene, ViewLayer | Synchronizing object | Rear left drilled rotor perforation.067
Fra:1 Mem:223.97M (Peak 224.00M) | Time:00:01.52 | Mem:0.00M, Peak:0.00M | Scene, ViewLayer | Synchronizing object | Seat piping
Fra:1 Mem:223.97M (Peak 224.00M) | Time:00:01.52 | Mem:0.00M, Peak:0.00M | Scene, ViewLayer | Synchronizing object | Rear left drilled rotor perforation.068
Fra:1 Mem:223.97M (Peak 224.00M) | Time:00:01.52 | Mem:0.00M, Peak:0.00M | Scene, ViewLayer | Synchronizing object | Rear left drilled rotor perforation.069
Fra:1 Mem:223.98M (Peak 224.00M) | Time:00:01.52 | Mem:0.00M, Peak:0.00M | Scene, ViewLayer | Synchronizing object | Rear left drilled rotor perforation.070
Fra:1 Mem:223.99M (Peak 224.00M) | Time:00:01.52 | Mem:0.00M, Peak:0.00M | Scene, ViewLayer | Synchronizing object | Rear left drilled rotor perforation.071
Fra:1 Mem:224.01M (Peak 224.01M) | Time:00:01.52 | Mem:0.00M, Peak:0.00M | Scene, ViewLayer | Synchronizing object | Rear left brake disc bell
Fra:1 Mem:224.04M (Peak 224.04M) | Time:00:01.52 | Mem:0.00M, Peak:0.00M | Scene, ViewLayer | Synchronizing object | Rear left yellow six-piston caliper
Fra:1 Mem:224.12M (Peak 224.12M) | Time:00:01.52 | Mem:0.00M, Peak:0.00M | Scene, ViewLayer | Synchronizing object | Rear left machined split spoke
Fra:1 Mem:224.09M (Peak 224.12M) | Time:00:01.52 | Mem:0.00M, Peak:0.00M | Scene, ViewLayer | Synchronizing object | Rear left black spoke pocket
Fra:1 Mem:224.15M (Peak 224.15M) | Time:00:01.52 | Mem:0.00M, Peak:0.00M | Scene, ViewLayer | Synchronizing object | Rear left machined split spoke.001
Fra:1 Mem:224.19M (Peak 224.19M) | Time:00:01.52 | Mem:0.00M, Peak:0.00M | Scene, ViewLayer | Synchronizing object | Rear left black spoke pocket.001
Fra:1 Mem:224.16M (Peak 224.19M) | Time:00:01.52 | Mem:0.00M, Peak:0.00M | Scene, ViewLayer | Synchronizing object | Rear left machined split spoke.002
Fra:1 Mem:224.26M (Peak 224.26M) | Time:00:01.52 | Mem:0.00M, Peak:0.00M | Scene, ViewLayer | Synchronizing object | Seat piping.003
Fra:1 Mem:224.26M (Peak 224.26M) | Time:00:01.52 | Mem:0.00M, Peak:0.00M | Scene, ViewLayer | Synchronizing object | Seat piping.004
Fra:1 Mem:224.24M (Peak 224.26M) | Time:00:01.52 | Mem:0.00M, Peak:0.00M | Scene, ViewLayer | Synchronizing object | Rear left black spoke pocket.002
Fra:1 Mem:224.28M (Peak 224.28M) | Time:00:01.52 | Mem:0.00M, Peak:0.00M | Scene, ViewLayer | Synchronizing object | Rear left machined split spoke.003
Fra:1 Mem:224.27M (Peak 224.28M) | Time:00:01.52 | Mem:0.00M, Peak:0.00M | Scene, ViewLayer | Synchronizing object | Rear left black spoke pocket.003
Fra:1 Mem:224.30M (Peak 224.30M) | Time:00:01.52 | Mem:0.00M, Peak:0.00M | Scene, ViewLayer | Synchronizing object | Seat piping.006
Fra:1 Mem:224.34M (Peak 224.34M) | Time:00:01.52 | Mem:0.00M, Peak:0.00M | Scene, ViewLayer | Synchronizing object | Rear left machined split spoke.004
Fra:1 Mem:224.34M (Peak 224.34M) | Time:00:01.52 | Mem:0.00M, Peak:0.00M | Scene, ViewLayer | Synchronizing object | Seat piping.007
Fra:1 Mem:224.35M (Peak 224.35M) | Time:00:01.52 | Mem:0.00M, Peak:0.00M | Scene, ViewLayer | Synchronizing object | Steering wheel spokes
Fra:1 Mem:224.34M (Peak 224.35M) | Time:00:01.52 | Mem:0.00M, Peak:0.00M | Scene, ViewLayer | Synchronizing object | Rear left black spoke pocket.004
Fra:1 Mem:224.35M (Peak 224.35M) | Time:00:01.52 | Mem:0.00M, Peak:0.00M | Scene, ViewLayer | Synchronizing object | Windshield wiper arm
Fra:1 Mem:224.40M (Peak 224.40M) | Time:00:01.52 | Mem:0.00M, Peak:0.00M | Scene, ViewLayer | Synchronizing object | Wiper rubber blade
Fra:1 Mem:224.41M (Peak 224.41M) | Time:00:01.52 | Mem:0.00M, Peak:0.00M | Scene, ViewLayer | Synchronizing object | Windshield wiper arm.001
Fra:1 Mem:224.39M (Peak 224.41M) | Time:00:01.52 | Mem:0.00M, Peak:0.00M | Scene, ViewLayer | Synchronizing object | Wiper rubber blade.001
Fra:1 Mem:224.38M (Peak 224.41M) | Time:00:01.52 | Mem:0.00M, Peak:0.00M | Scene, ViewLayer | Synchronizing object | Rear left machined split spoke.005
Fra:1 Mem:224.45M (Peak 224.45M) | Time:00:01.52 | Mem:0.00M, Peak:0.00M | Scene, ViewLayer | Synchronizing object | Infinite studio floor
Fra:1 Mem:224.47M (Peak 224.47M) | Time:00:01.52 | Mem:0.00M, Peak:0.00M | Scene, ViewLayer | Synchronizing object | Flat aerodynamic underfloor
Fra:1 Mem:224.43M (Peak 224.47M) | Time:00:01.52 | Mem:0.00M, Peak:0.00M | Scene, ViewLayer | Synchronizing object | Rear left black spoke pocket.005
Fra:1 Mem:224.51M (Peak 224.51M) | Time:00:01.52 | Mem:0.00M, Peak:0.00M | Scene, ViewLayer | Synchronizing object | Rear left machined split spoke.006
Fra:1 Mem:224.49M (Peak 224.51M) | Time:00:01.52 | Mem:0.00M, Peak:0.00M | Scene, ViewLayer | Synchronizing object | Roof rear camera blister
Fra:1 Mem:224.60M (Peak 224.60M) | Time:00:01.53 | Mem:0.00M, Peak:0.00M | Scene, ViewLayer | Synchronizing object | Lidar forward optical aperture
Fra:1 Mem:224.67M (Peak 224.66M) | Time:00:01.53 | Mem:0.00M, Peak:0.00M | Scene, ViewLayer | Synchronizing object | Rear left black spoke pocket.006
Fra:1 Mem:224.64M (Peak 224.66M) | Time:00:01.53 | Mem:0.00M, Peak:0.00M | Scene, ViewLayer | Synchronizing object | Rear left machined split spoke.007
Fra:1 Mem:224.65M (Peak 224.66M) | Time:00:01.53 | Mem:0.00M, Peak:0.00M | Scene, ViewLayer | Synchronizing object | Roof lidar painted pod
Fra:1 Mem:224.79M (Peak 224.79M) | Time:00:01.53 | Mem:0.00M, Peak:0.00M | Scene, ViewLayer | Synchronizing object | Cup holder
Fra:1 Mem:224.85M (Peak 224.85M) | Time:00:01.53 | Mem:0.00M, Peak:0.00M | Scene, ViewLayer | Synchronizing object | Rear left black spoke pocket.007
Fra:1 Mem:224.95M (Peak 224.95M) | Time:00:01.53 | Mem:0.00M, Peak:0.00M | Scene, ViewLayer | Synchronizing object | Rear left machined split spoke.008
Fra:1 Mem:224.89M (Peak 224.95M) | Time:00:01.53 | Mem:0.00M, Peak:0.00M | Scene, ViewLayer | Synchronizing object | Cup holder.001
Fra:1 Mem:224.91M (Peak 224.95M) | Time:00:01.53 | Mem:0.00M, Peak:0.00M | Scene, ViewLayer | Synchronizing object | Rear left black spoke pocket.008
Fra:1 Mem:224.95M (Peak 224.95M) | Time:00:01.53 | Mem:0.00M, Peak:0.00M | Scene, ViewLayer | Synchronizing object | Rear left machined split spoke.009
Fra:1 Mem:224.96M (Peak 224.96M) | Time:00:01.53 | Mem:0.00M, Peak:0.00M | Scene, ViewLayer | Synchronizing object | Rear left black spoke pocket.009
Fra:1 Mem:224.93M (Peak 224.96M) | Time:00:01.53 | Mem:0.00M, Peak:0.00M | Scene, ViewLayer | Synchronizing object | Center tunnel
Fra:1 Mem:225.06M (Peak 225.06M) | Time:00:01.53 | Mem:0.00M, Peak:0.00M | Scene, ViewLayer | Synchronizing object | Rear left center hub
Fra:1 Mem:225.07M (Peak 225.07M) | Time:00:01.53 | Mem:0.00M, Peak:0.00M | Scene, ViewLayer | Synchronizing object | Rear left center cap ring
Fra:1 Mem:225.21M (Peak 225.21M) | Time:00:01.53 | Mem:0.00M, Peak:0.00M | Scene, ViewLayer | Synchronizing object | Steering center
Fra:1 Mem:225.15M (Peak 225.21M) | Time:00:01.53 | Mem:0.00M, Peak:0.00M | Scene, ViewLayer | Synchronizing object | Rear left titanium lug nut
Fra:1 Mem:225.22M (Peak 225.22M) | Time:00:01.53 | Mem:0.00M, Peak:0.00M | Scene, ViewLayer | Synchronizing object | Rear left titanium lug nut.001
Fra:1 Mem:225.20M (Peak 225.22M) | Time:00:01.53 | Mem:0.00M, Peak:0.00M | Scene, ViewLayer | Synchronizing object | Rear left titanium lug nut.002
Fra:1 Mem:225.19M (Peak 225.22M) | Time:00:01.53 | Mem:0.00M, Peak:0.00M | Scene, ViewLayer | Synchronizing object | Rear left titanium lug nut.003
Fra:1 Mem:225.21M (Peak 225.22M) | Time:00:01.53 | Mem:0.00M, Peak:0.00M | Scene, ViewLayer | Synchronizing object | Rear left titanium lug nut.004
Fra:1 Mem:225.32M (Peak 225.32M) | Time:00:01.53 | Mem:0.00M, Peak:0.00M | Scene, ViewLayer | Synchronizing object | Rear left tire valve
Fra:1 Mem:225.32M (Peak 225.32M) | Time:00:01.53 | Mem:0.00M, Peak:0.00M | Scene, ViewLayer | Synchronizing object | Rear right | tire carcass
Fra:1 Mem:225.33M (Peak 225.33M) | Time:00:01.53 | Mem:0.00M, Peak:0.00M | Scene, ViewLayer | Synchronizing object | Screen glass
Fra:1 Mem:225.51M (Peak 225.51M) | Time:00:01.53 | Mem:0.00M, Peak:0.00M | Scene, ViewLayer | Synchronizing object | Rear right tire molded sidewall ring.001
Fra:1 Mem:225.61M (Peak 225.61M) | Time:00:01.53 | Mem:0.00M, Peak:0.00M | Scene, ViewLayer | Synchronizing object | Rear right tire molded sidewall ring.002
Fra:1 Mem:225.68M (Peak 225.68M) | Time:00:01.53 | Mem:0.00M, Peak:0.00M | Scene, ViewLayer | Synchronizing object | Dashboard center screen
Fra:1 Mem:225.71M (Peak 225.71M) | Time:00:01.53 | Mem:0.00M, Peak:0.00M | Scene, ViewLayer | Synchronizing object | Rear right tire molded sidewall ring
Fra:1 Mem:225.85M (Peak 225.85M) | Time:00:01.53 | Mem:0.00M, Peak:0.00M | Scene, ViewLayer | Synchronizing object | Rear right directional tread | 792 blocks
Fra:1 Mem:225.87M (Peak 225.87M) | Time:00:01.53 | Mem:0.00M, Peak:0.00M | Scene, ViewLayer | Synchronizing object | Rear right cast rim barrel
Fra:1 Mem:226.22M (Peak 226.22M) | Time:00:01.53 | Mem:0.00M, Peak:0.00M | Scene, ViewLayer | Synchronizing object | Rear right diamond-cut outer flange
Fra:1 Mem:226.32M (Peak 226.32M) | Time:00:01.53 | Mem:0.00M, Peak:0.00M | Scene, ViewLayer | Synchronizing object | Rear right inner rim accent
Fra:1 Mem:226.69M (Peak 226.69M) | Time:00:01.53 | Mem:0.00M, Peak:0.00M | Scene, ViewLayer | Synchronizing object | Rear right brake rotor
Fra:1 Mem:226.64M (Peak 226.69M) | Time:00:01.53 | Mem:0.00M, Peak:0.00M | Scene, ViewLayer | Synchronizing object | Rear right rotor outer scoring
Fra:1 Mem:226.80M (Peak 226.80M) | Time:00:01.53 | Mem:0.00M, Peak:0.00M | Scene, ViewLayer | Synchronizing object | Integrated head restraint.003
Fra:1 Mem:226.83M (Peak 226.83M) | Time:00:01.53 | Mem:0.00M, Peak:0.00M | Scene, ViewLayer | Synchronizing object | Rear right drilled rotor perforation
Fra:1 Mem:226.88M (Peak 226.88M) | Time:00:01.53 | Mem:0.00M, Peak:0.00M | Scene, ViewLayer | Synchronizing object | Rear right drilled rotor perforation.001
Fra:1 Mem:226.95M (Peak 226.95M) | Time:00:01.53 | Mem:0.00M, Peak:0.00M | Scene, ViewLayer | Synchronizing object | Rear right drilled rotor perforation.002
Fra:1 Mem:226.86M (Peak 226.95M) | Time:00:01.53 | Mem:0.00M, Peak:0.00M | Scene, ViewLayer | Synchronizing object | Rear right drilled rotor perforation.003
Fra:1 Mem:226.87M (Peak 226.95M) | Time:00:01.53 | Mem:0.00M, Peak:0.00M | Scene, ViewLayer | Synchronizing object | Contoured seat back
Fra:1 Mem:227.01M (Peak 227.01M) | Time:00:01.53 | Mem:0.00M, Peak:0.00M | Scene, ViewLayer | Synchronizing object | Rear right drilled rotor perforation.005
Fra:1 Mem:226.99M (Peak 227.01M) | Time:00:01.53 | Mem:0.00M, Peak:0.00M | Scene, ViewLayer | Synchronizing object | Rear right drilled rotor perforation.006
Fra:1 Mem:227.00M (Peak 227.01M) | Time:00:01.53 | Mem:0.00M, Peak:0.00M | Scene, ViewLayer | Synchronizing object | Rear right drilled rotor perforation.007
Fra:1 Mem:226.99M (Peak 227.01M) | Time:00:01.53 | Mem:0.00M, Peak:0.00M | Scene, ViewLayer | Synchronizing object | Rear right drilled rotor perforation.008
Fra:1 Mem:227.00M (Peak 227.01M) | Time:00:01.53 | Mem:0.00M, Peak:0.00M | Scene, ViewLayer | Synchronizing object | Seat cushion.003
Fra:1 Mem:227.00M (Peak 227.01M) | Time:00:01.53 | Mem:0.00M, Peak:0.00M | Scene, ViewLayer | Synchronizing object | Rear right drilled rotor perforation.010
Fra:1 Mem:227.11M (Peak 227.11M) | Time:00:01.53 | Mem:0.00M, Peak:0.00M | Scene, ViewLayer | Synchronizing object | Rear right drilled rotor perforation.011
Fra:1 Mem:227.09M (Peak 227.11M) | Time:00:01.53 | Mem:0.00M, Peak:0.00M | Scene, ViewLayer | Synchronizing object | Rear right drilled rotor perforation.013
Fra:1 Mem:227.07M (Peak 227.11M) | Time:00:01.53 | Mem:0.00M, Peak:0.00M | Scene, ViewLayer | Synchronizing object | Integrated head restraint.002
Fra:1 Mem:227.15M (Peak 227.15M) | Time:00:01.53 | Mem:0.00M, Peak:0.00M | Scene, ViewLayer | Synchronizing object | Rear right drilled rotor perforation.014
Fra:1 Mem:227.16M (Peak 227.16M) | Time:00:01.53 | Mem:0.00M, Peak:0.00M | Scene, ViewLayer | Synchronizing object | Rear right drilled rotor perforation.015
Fra:1 Mem:227.20M (Peak 227.20M) | Time:00:01.53 | Mem:0.00M, Peak:0.00M | Scene, ViewLayer | Synchronizing object | Rear right drilled rotor perforation.016
Fra:1 Mem:227.19M (Peak 227.20M) | Time:00:01.53 | Mem:0.00M, Peak:0.00M | Scene, ViewLayer | Synchronizing object | Rear right drilled rotor perforation.017
Fra:1 Mem:227.21M (Peak 227.21M) | Time:00:01.53 | Mem:0.00M, Peak:0.00M | Scene, ViewLayer | Synchronizing object | Contoured seat back.003
Fra:1 Mem:227.22M (Peak 227.22M) | Time:00:01.53 | Mem:0.00M, Peak:0.00M | Scene, ViewLayer | Synchronizing object | Rear right drilled rotor perforation.018
Fra:1 Mem:227.25M (Peak 227.25M) | Time:00:01.53 | Mem:0.00M, Peak:0.00M | Scene, ViewLayer | Synchronizing object | Rear right drilled rotor perforation.020
Fra:1 Mem:227.30M (Peak 227.30M) | Time:00:01.53 | Mem:0.00M, Peak:0.00M | Scene, ViewLayer | Synchronizing object | Rear right drilled rotor perforation.021
Fra:1 Mem:227.34M (Peak 227.34M) | Time:00:01.53 | Mem:0.00M, Peak:0.00M | Scene, ViewLayer | Synchronizing object | Rear right drilled rotor perforation.022
Fra:1 Mem:227.28M (Peak 227.34M) | Time:00:01.53 | Mem:0.00M, Peak:0.00M | Scene, ViewLayer | Synchronizing object | Rear right drilled rotor perforation.024
Fra:1 Mem:227.30M (Peak 227.34M) | Time:00:01.53 | Mem:0.00M, Peak:0.00M | Scene, ViewLayer | Synchronizing object | Seat cushion.002
Fra:1 Mem:227.39M (Peak 227.39M) | Time:00:01.53 | Mem:0.00M, Peak:0.00M | Scene, ViewLayer | Synchronizing object | Rear right drilled rotor perforation.025
Fra:1 Mem:227.33M (Peak 227.39M) | Time:00:01.53 | Mem:0.00M, Peak:0.00M | Scene, ViewLayer | Synchronizing object | Rear right drilled rotor perforation.026
Fra:1 Mem:227.34M (Peak 227.39M) | Time:00:01.53 | Mem:0.00M, Peak:0.00M | Scene, ViewLayer | Synchronizing object | Rear right drilled rotor perforation.027
Fra:1 Mem:227.39M (Peak 227.39M) | Time:00:01.53 | Mem:0.00M, Peak:0.00M | Scene, ViewLayer | Synchronizing object | Rear right drilled rotor perforation.028
Fra:1 Mem:227.39M (Peak 227.39M) | Time:00:01.53 | Mem:0.00M, Peak:0.00M | Scene, ViewLayer | Synchronizing object | Rear right drilled rotor perforation.029
Fra:1 Mem:227.37M (Peak 227.39M) | Time:00:01.53 | Mem:0.00M, Peak:0.00M | Scene, ViewLayer | Synchronizing object | Rear right drilled rotor perforation.032
Fra:1 Mem:227.38M (Peak 227.39M) | Time:00:01.53 | Mem:0.00M, Peak:0.00M | Scene, ViewLayer | Synchronizing object | Rear right drilled rotor perforation.033
Fra:1 Mem:227.40M (Peak 227.40M) | Time:00:01.53 | Mem:0.00M, Peak:0.00M | Scene, ViewLayer | Synchronizing object | Rear right drilled rotor perforation.034
Fra:1 Mem:227.41M (Peak 227.41M) | Time:00:01.54 | Mem:0.00M, Peak:0.00M | Scene, ViewLayer | Synchronizing object | Rear right drilled rotor perforation.035
Fra:1 Mem:227.42M (Peak 227.42M) | Time:00:01.54 | Mem:0.00M, Peak:0.00M | Scene, ViewLayer | Synchronizing object | Rear right drilled rotor perforation.036
Fra:1 Mem:227.53M (Peak 227.53M) | Time:00:01.54 | Mem:0.00M, Peak:0.00M | Scene, ViewLayer | Synchronizing object | Rear right drilled rotor perforation.037
Fra:1 Mem:227.53M (Peak 227.53M) | Time:00:01.54 | Mem:0.00M, Peak:0.00M | Scene, ViewLayer | Synchronizing object | Integrated head restraint.001
Fra:1 Mem:227.56M (Peak 227.56M) | Time:00:01.54 | Mem:0.00M, Peak:0.00M | Scene, ViewLayer | Synchronizing object | Rear right drilled rotor perforation.038
Fra:1 Mem:227.60M (Peak 227.60M) | Time:00:01.54 | Mem:0.00M, Peak:0.00M | Scene, ViewLayer | Synchronizing object | Contoured seat back.002
Fra:1 Mem:227.58M (Peak 227.60M) | Time:00:01.54 | Mem:0.00M, Peak:0.00M | Scene, ViewLayer | Synchronizing object | Rear right drilled rotor perforation.040
Fra:1 Mem:227.69M (Peak 227.69M) | Time:00:01.54 | Mem:0.00M, Peak:0.00M | Scene, ViewLayer | Synchronizing object | Rear right drilled rotor perforation.041
Fra:1 Mem:227.63M (Peak 227.69M) | Time:00:01.54 | Mem:0.00M, Peak:0.00M | Scene, ViewLayer | Synchronizing object | Seat cushion.001
Fra:1 Mem:227.69M (Peak 227.69M) | Time:00:01.54 | Mem:0.00M, Peak:0.00M | Scene, ViewLayer | Synchronizing object | Rear right drilled rotor perforation.043
Fra:1 Mem:227.70M (Peak 227.70M) | Time:00:01.54 | Mem:0.00M, Peak:0.00M | Scene, ViewLayer | Synchronizing object | Rear right drilled rotor perforation.044
Fra:1 Mem:227.76M (Peak 227.76M) | Time:00:01.54 | Mem:0.00M, Peak:0.00M | Scene, ViewLayer | Synchronizing object | Integrated head restraint
Fra:1 Mem:227.69M (Peak 227.76M) | Time:00:01.54 | Mem:0.00M, Peak:0.00M | Scene, ViewLayer | Synchronizing object | Rear right drilled rotor perforation.045
Fra:1 Mem:227.73M (Peak 227.76M) | Time:00:01.54 | Mem:0.00M, Peak:0.00M | Scene, ViewLayer | Synchronizing object | Rear right drilled rotor perforation.046
Fra:1 Mem:227.77M (Peak 227.77M) | Time:00:01.54 | Mem:0.00M, Peak:0.00M | Scene, ViewLayer | Synchronizing object | Rear right drilled rotor perforation.047
Fra:1 Mem:227.78M (Peak 227.78M) | Time:00:01.54 | Mem:0.00M, Peak:0.00M | Scene, ViewLayer | Synchronizing object | Contoured seat back.001
Fra:1 Mem:227.79M (Peak 227.79M) | Time:00:01.54 | Mem:0.00M, Peak:0.00M | Scene, ViewLayer | Synchronizing object | Rear right drilled rotor perforation.048
Fra:1 Mem:227.81M (Peak 227.81M) | Time:00:01.54 | Mem:0.00M, Peak:0.00M | Scene, ViewLayer | Synchronizing object | Rear right drilled rotor perforation.049
Fra:1 Mem:227.90M (Peak 227.90M) | Time:00:01.54 | Mem:0.00M, Peak:0.00M | Scene, ViewLayer | Synchronizing object | Rear right drilled rotor perforation.050
Fra:1 Mem:227.90M (Peak 227.90M) | Time:00:01.54 | Mem:0.00M, Peak:0.00M | Scene, ViewLayer | Synchronizing object | Rear right drilled rotor perforation.051
Fra:1 Mem:227.92M (Peak 227.92M) | Time:00:01.54 | Mem:0.00M, Peak:0.00M | Scene, ViewLayer | Synchronizing object | Rear right drilled rotor perforation.052
Fra:1 Mem:227.95M (Peak 227.95M) | Time:00:01.54 | Mem:0.00M, Peak:0.00M | Scene, ViewLayer | Synchronizing object | Rear right drilled rotor perforation.053
Fra:1 Mem:227.92M (Peak 227.95M) | Time:00:01.54 | Mem:0.00M, Peak:0.00M | Scene, ViewLayer | Synchronizing object | Seat cushion
Fra:1 Mem:227.91M (Peak 227.95M) | Time:00:01.54 | Mem:0.00M, Peak:0.00M | Scene, ViewLayer | Synchronizing object | Rear right drilled rotor perforation.054
Fra:1 Mem:227.96M (Peak 227.96M) | Time:00:01.54 | Mem:0.00M, Peak:0.00M | Scene, ViewLayer | Synchronizing object | Rear right drilled rotor perforation.055
Fra:1 Mem:227.96M (Peak 227.96M) | Time:00:01.54 | Mem:0.00M, Peak:0.00M | Scene, ViewLayer | Synchronizing object | Rear right drilled rotor perforation.056
Fra:1 Mem:227.95M (Peak 227.96M) | Time:00:01.54 | Mem:0.00M, Peak:0.00M | Scene, ViewLayer | Synchronizing object | Dark cabin tub
Fra:1 Mem:227.99M (Peak 227.99M) | Time:00:01.54 | Mem:0.00M, Peak:0.00M | Scene, ViewLayer | Synchronizing object | Rear right drilled rotor perforation.057
Fra:1 Mem:228.05M (Peak 228.05M) | Time:00:01.54 | Mem:0.00M, Peak:0.00M | Scene, ViewLayer | Synchronizing object | Rear right drilled rotor perforation.058
Fra:1 Mem:228.08M (Peak 228.08M) | Time:00:01.54 | Mem:0.00M, Peak:0.00M | Scene, ViewLayer | Synchronizing object | Rear right drilled rotor perforation.059
Fra:1 Mem:228.09M (Peak 228.09M) | Time:00:01.54 | Mem:0.00M, Peak:0.00M | Scene, ViewLayer | Synchronizing object | Rear right drilled rotor perforation.060
Fra:1 Mem:228.10M (Peak 228.10M) | Time:00:01.54 | Mem:0.00M, Peak:0.00M | Scene, ViewLayer | Synchronizing object | Rear right drilled rotor perforation.062
Fra:1 Mem:228.08M (Peak 228.10M) | Time:00:01.54 | Mem:0.00M, Peak:0.00M | Scene, ViewLayer | Synchronizing object | Rear right tire valve
Fra:1 Mem:228.10M (Peak 228.10M) | Time:00:01.54 | Mem:0.00M, Peak:0.00M | Scene, ViewLayer | Synchronizing object | Rear right drilled rotor perforation.063
Fra:1 Mem:228.12M (Peak 228.12M) | Time:00:01.54 | Mem:0.00M, Peak:0.00M | Scene, ViewLayer | Synchronizing object | Rear right titanium lug nut.004
Fra:1 Mem:228.11M (Peak 228.12M) | Time:00:01.54 | Mem:0.00M, Peak:0.00M | Scene, ViewLayer | Synchronizing object | Rear right drilled rotor perforation.064
Fra:1 Mem:228.13M (Peak 228.13M) | Time:00:01.54 | Mem:0.00M, Peak:0.00M | Scene, ViewLayer | Synchronizing object | Rear right drilled rotor perforation.065
Fra:1 Mem:228.16M (Peak 228.16M) | Time:00:01.54 | Mem:0.00M, Peak:0.00M | Scene, ViewLayer | Synchronizing object | Rear right drilled rotor perforation.066
Fra:1 Mem:228.15M (Peak 228.16M) | Time:00:01.54 | Mem:0.00M, Peak:0.00M | Scene, ViewLayer | Synchronizing object | Rear right titanium lug nut.003
Fra:1 Mem:228.21M (Peak 228.21M) | Time:00:01.54 | Mem:0.00M, Peak:0.00M | Scene, ViewLayer | Synchronizing object | Rear right drilled rotor perforation.067
Fra:1 Mem:228.17M (Peak 228.21M) | Time:00:01.54 | Mem:0.00M, Peak:0.00M | Scene, ViewLayer | Synchronizing object | Rear right titanium lug nut.002
Fra:1 Mem:228.18M (Peak 228.21M) | Time:00:01.54 | Mem:0.00M, Peak:0.00M | Scene, ViewLayer | Synchronizing object | Rear right drilled rotor perforation.068
Fra:1 Mem:228.20M (Peak 228.21M) | Time:00:01.54 | Mem:0.00M, Peak:0.00M | Scene, ViewLayer | Synchronizing object | Rear right drilled rotor perforation.069
Fra:1 Mem:228.24M (Peak 228.23M) | Time:00:01.54 | Mem:0.00M, Peak:0.00M | Scene, ViewLayer | Synchronizing object | Rear right titanium lug nut.001
Fra:1 Mem:228.25M (Peak 228.25M) | Time:00:01.54 | Mem:0.00M, Peak:0.00M | Scene, ViewLayer | Synchronizing object | Rear right drilled rotor perforation.070
Fra:1 Mem:228.27M (Peak 228.27M) | Time:00:01.54 | Mem:0.00M, Peak:0.00M | Scene, ViewLayer | Synchronizing object | Rear right drilled rotor perforation.071
Fra:1 Mem:228.25M (Peak 228.27M) | Time:00:01.54 | Mem:0.00M, Peak:0.00M | Scene, ViewLayer | Synchronizing object | Rear right titanium lug nut
Fra:1 Mem:228.31M (Peak 228.31M) | Time:00:01.54 | Mem:0.00M, Peak:0.00M | Scene, ViewLayer | Synchronizing object | Rear right brake disc bell
Fra:1 Mem:228.36M (Peak 228.36M) | Time:00:01.54 | Mem:0.00M, Peak:0.00M | Scene, ViewLayer | Synchronizing object | Rear right center cap ring
Fra:1 Mem:228.32M (Peak 228.36M) | Time:00:01.54 | Mem:0.00M, Peak:0.00M | Scene, ViewLayer | Synchronizing object | Rear right yellow six-piston caliper
Fra:1 Mem:228.44M (Peak 228.44M) | Time:00:01.54 | Mem:0.00M, Peak:0.00M | Scene, ViewLayer | Synchronizing object | Rear right machined split spoke
Fra:1 Mem:228.50M (Peak 228.50M) | Time:00:01.54 | Mem:0.00M, Peak:0.00M | Scene, ViewLayer | Synchronizing object | Rear right center hub
Fra:1 Mem:228.53M (Peak 228.53M) | Time:00:01.55 | Mem:0.00M, Peak:0.00M | Scene, ViewLayer | Synchronizing object | Rear right black spoke pocket
Fra:1 Mem:228.56M (Peak 228.56M) | Time:00:01.55 | Mem:0.00M, Peak:0.00M | Scene, ViewLayer | Synchronizing object | Rear right machined split spoke.001
Fra:1 Mem:228.59M (Peak 228.59M) | Time:00:01.55 | Mem:0.00M, Peak:0.00M | Scene, ViewLayer | Synchronizing object | Rear right black spoke pocket.001
Fra:1 Mem:228.59M (Peak 228.59M) | Time:00:01.55 | Mem:0.00M, Peak:0.00M | Scene, ViewLayer | Synchronizing object | Rear right black spoke pocket.009
Fra:1 Mem:228.63M (Peak 228.63M) | Time:00:01.55 | Mem:0.00M, Peak:0.00M | Scene, ViewLayer | Synchronizing object | Rear right machined split spoke.002
Fra:1 Mem:228.65M (Peak 228.65M) | Time:00:01.55 | Mem:0.00M, Peak:0.00M | Scene, ViewLayer | Synchronizing object | Rear right black spoke pocket.002
Fra:1 Mem:228.63M (Peak 228.65M) | Time:00:01.55 | Mem:0.00M, Peak:0.00M | Scene, ViewLayer | Synchronizing object | Rear right machined split spoke.003
Fra:1 Mem:228.77M (Peak 228.77M) | Time:00:01.55 | Mem:0.00M, Peak:0.00M | Scene, ViewLayer | Synchronizing object | Rear right black spoke pocket.003
Fra:1 Mem:228.76M (Peak 228.77M) | Time:00:01.55 | Mem:0.00M, Peak:0.00M | Scene, ViewLayer | Synchronizing object | Rear right black spoke pocket.008
Fra:1 Mem:228.81M (Peak 228.81M) | Time:00:01.55 | Mem:0.00M, Peak:0.00M | Scene, ViewLayer | Synchronizing object | Rear right machined split spoke.004
Fra:1 Mem:228.80M (Peak 228.81M) | Time:00:01.55 | Mem:0.00M, Peak:0.00M | Scene, ViewLayer | Synchronizing object | Rear right machined split spoke.008
Fra:1 Mem:228.84M (Peak 228.84M) | Time:00:01.55 | Mem:0.00M, Peak:0.00M | Scene, ViewLayer | Synchronizing object | Rear right black spoke pocket.004
Fra:1 Mem:228.82M (Peak 228.84M) | Time:00:01.55 | Mem:0.00M, Peak:0.00M | Scene, ViewLayer | Synchronizing object | Rear right machined split spoke.005
Fra:1 Mem:228.91M (Peak 228.91M) | Time:00:01.55 | Mem:0.00M, Peak:0.00M | Scene, ViewLayer | Synchronizing object | Rear right black spoke pocket.005
Fra:1 Mem:228.95M (Peak 228.95M) | Time:00:01.55 | Mem:0.00M, Peak:0.00M | Scene, ViewLayer | Synchronizing object | Rear right black spoke pocket.007
Fra:1 Mem:228.97M (Peak 228.97M) | Time:00:01.55 | Mem:0.00M, Peak:0.00M | Scene, ViewLayer | Synchronizing object | Rear right machined split spoke.006
Fra:1 Mem:228.95M (Peak 228.97M) | Time:00:01.55 | Mem:0.00M, Peak:0.00M | Scene, ViewLayer | Synchronizing object | Rear right black spoke pocket.006
Fra:1 Mem:229.00M (Peak 229.00M) | Time:00:01.55 | Mem:0.00M, Peak:0.00M | Scene, ViewLayer | Synchronizing object | Rear right machined split spoke.007
Fra:1 Mem:229.00M (Peak 229.00M) | Time:00:01.55 | Mem:0.00M, Peak:0.00M | Scene, ViewLayer | Initializing
Fra:1 Mem:146.67M (Peak 229.00M) | Time:00:01.61 | Mem:0.00M, Peak:0.00M | Scene, ViewLayer | Waiting for render to start
Fra:1 Mem:146.68M (Peak 229.00M) | Time:00:01.61 | Mem:0.00M, Peak:0.00M | Scene, ViewLayer | Loading render kernels (may take a few minutes the first time)
Fra:1 Mem:146.68M (Peak 229.00M) | Time:00:01.61 | Mem:0.00M, Peak:0.00M | Scene, ViewLayer | Updating Scene
Fra:1 Mem:146.68M (Peak 229.00M) | Time:00:01.61 | Mem:0.00M, Peak:0.00M | Scene, ViewLayer | Updating Shaders
Fra:1 Mem:146.69M (Peak 229.00M) | Time:00:01.61 | Mem:0.01M, Peak:0.01M | Scene, ViewLayer | Updating Procedurals
Fra:1 Mem:146.69M (Peak 229.00M) | Time:00:01.61 | Mem:0.01M, Peak:0.01M | Scene, ViewLayer | Updating Background
Fra:1 Mem:146.69M (Peak 229.00M) | Time:00:01.61 | Mem:0.01M, Peak:0.01M | Scene, ViewLayer | Updating Camera
Fra:1 Mem:146.69M (Peak 229.00M) | Time:00:01.61 | Mem:0.01M, Peak:0.01M | Scene, ViewLayer | Updating Meshes Flags
Fra:1 Mem:146.69M (Peak 229.00M) | Time:00:01.61 | Mem:0.01M, Peak:0.01M | Scene, ViewLayer | Updating Objects
Fra:1 Mem:146.69M (Peak 229.00M) | Time:00:01.61 | Mem:0.01M, Peak:0.01M | Scene, ViewLayer | Updating Objects | Copying Transformations to device
Fra:1 Mem:146.85M (Peak 229.00M) | Time:00:01.61 | Mem:0.16M, Peak:0.16M | Scene, ViewLayer | Updating Objects | Applying Static Transformations
Fra:1 Mem:146.85M (Peak 229.00M) | Time:00:01.61 | Mem:0.16M, Peak:0.16M | Scene, ViewLayer | Updating Particle Systems
Fra:1 Mem:146.85M (Peak 229.00M) | Time:00:01.61 | Mem:0.16M, Peak:0.16M | Scene, ViewLayer | Updating Particle Systems | Copying Particles to device
Fra:1 Mem:146.85M (Peak 229.00M) | Time:00:01.61 | Mem:0.16M, Peak:0.16M | Scene, ViewLayer | Updating Meshes
Fra:1 Mem:160.99M (Peak 229.00M) | Time:00:01.64 | Mem:0.16M, Peak:0.16M | Scene, ViewLayer | Updating Mesh | Computing attributes
Fra:1 Mem:167.55M (Peak 229.00M) | Time:00:01.65 | Mem:0.21M, Peak:0.21M | Scene, ViewLayer | Updating Mesh | Copying Attributes to device
Fra:1 Mem:167.44M (Peak 229.00M) | Time:00:01.66 | Mem:6.61M, Peak:6.61M | Scene, ViewLayer | Updating Scene BVH | Building
Fra:1 Mem:167.45M (Peak 229.00M) | Time:00:01.66 | Mem:6.61M, Peak:6.61M | Scene, ViewLayer | Updating Scene BVH | Building BVH
Fra:1 Mem:167.45M (Peak 229.00M) | Time:00:01.66 | Mem:34.90M, Peak:34.90M | Scene, ViewLayer | Updating Scene BVH | Building BVH 0%
Fra:1 Mem:167.45M (Peak 229.00M) | Time:00:01.82 | Mem:66.61M, Peak:94.90M | Scene, ViewLayer | Updating Scene BVH | Copying BVH to device
Fra:1 Mem:167.45M (Peak 229.00M) | Time:00:01.82 | Mem:66.61M, Peak:94.90M | Scene, ViewLayer | Updating Mesh | Computing normals
Fra:1 Mem:202.21M (Peak 229.00M) | Time:00:01.85 | Mem:66.61M, Peak:94.90M | Scene, ViewLayer | Updating Mesh | Copying Mesh to device
Fra:1 Mem:202.21M (Peak 229.00M) | Time:00:01.85 | Mem:101.37M, Peak:101.37M | Scene, ViewLayer | Updating Objects Flags
Fra:1 Mem:202.21M (Peak 229.00M) | Time:00:01.85 | Mem:101.37M, Peak:101.37M | Scene, ViewLayer | Updating Primitive Offsets
Fra:1 Mem:202.21M (Peak 229.00M) | Time:00:01.85 | Mem:101.37M, Peak:101.37M | Scene, ViewLayer | Updating Images
Fra:1 Mem:202.21M (Peak 229.00M) | Time:00:01.85 | Mem:101.37M, Peak:101.37M | Scene, ViewLayer | Updating Camera Volume
Fra:1 Mem:202.21M (Peak 229.00M) | Time:00:01.85 | Mem:101.37M, Peak:101.37M | Scene, ViewLayer | Updating Lookup Tables
Fra:1 Mem:202.21M (Peak 229.00M) | Time:00:01.85 | Mem:101.37M, Peak:101.37M | Scene, ViewLayer | Updating Lights
Fra:1 Mem:202.21M (Peak 229.00M) | Time:00:01.85 | Mem:101.38M, Peak:101.38M | Scene, ViewLayer | Updating Lights | Computing distribution
Fra:1 Mem:202.21M (Peak 229.00M) | Time:00:01.85 | Mem:101.38M, Peak:101.38M | Scene, ViewLayer | Updating Lights | Computing tree
Fra:1 Mem:203.66M (Peak 229.00M) | Time:00:01.87 | Mem:102.82M, Peak:102.82M | Scene, ViewLayer | Updating Integrator
Fra:1 Mem:204.66M (Peak 229.00M) | Time:00:01.88 | Mem:103.82M, Peak:103.82M | Scene, ViewLayer | Updating Film
Fra:1 Mem:204.66M (Peak 229.00M) | Time:00:01.88 | Mem:103.82M, Peak:103.82M | Scene, ViewLayer | Updating Lookup Tables
Fra:1 Mem:204.66M (Peak 229.00M) | Time:00:01.88 | Mem:103.83M, Peak:103.83M | Scene, ViewLayer | Updating Baking
Fra:1 Mem:204.66M (Peak 229.00M) | Time:00:01.88 | Mem:103.83M, Peak:103.83M | Scene, ViewLayer | Updating Device | Writing constant memory
Fra:1 Mem:204.67M (Peak 229.00M) | Time:00:01.88 | Mem:103.83M, Peak:103.83M | Scene, ViewLayer | Sample 0/24
Fra:1 Mem:261.52M (Peak 261.52M) | Time:00:03.40 | Remaining:00:35.09 | Mem:160.65M, Peak:160.65M | Scene, ViewLayer | Sample 1/24
Fra:1 Mem:261.52M (Peak 261.52M) | Time:00:24.62 | Remaining:00:09.36 | Mem:160.65M, Peak:160.65M | Scene, ViewLayer | Sample 17/24
Fra:1 Mem:285.45M (Peak 321.34M) | Time:00:38.40 | Mem:160.65M, Peak:160.65M | Scene, ViewLayer | Sample 24/24
Fra:1 Mem:285.45M (Peak 321.34M) | Time:00:38.40 | Mem:160.65M, Peak:160.65M | Scene, ViewLayer | Finished
Saved: 'C:\MyProjects\TempProject (OpenAI)\su7\renders\draft_02_rear_hero.png'
 Time: 00:38.60 (Saving: 00:00.16)

Info: Saved "Xiaomi_SU7_Max.blend"
Info: Saved "Xiaomi_SU7_Max.blend"
SU7_BUILD_COMPLETE {'blender': '3.6.23', 'objects': 768, 'mesh_vertices': 165486, 'body_length_m': 4.997, 'wheelbase_m': 3.0, 'iteration': '02'}

Blender quit
