TBBmalloc: skip allocation functions replacement in ucrtbase.dll: unknown prologue for function _msize
Info: Saved "Xiaomi_SU7_Max.blend"
NATIVE_SCENE_SAVED
08:22:20 | INFO: Draco mesh compression is available, use library at C:\Program Files\Blender Foundation\Blender 3.6\3.6\python\lib\site-packages\extern_draco.dll
08:22:20 | INFO: Starting glTF 2.0 export
08:22:21 | INFO: Extracting primitive: Unified aluminum body | welded hood, quarters and bumpers.001
08:22:22 | INFO: Primitives created: 1
08:22:22 | INFO: Extracting primitive: Compound curved greenhouse | panoramic glazing.001
08:22:22 | INFO: Primitives created: 2
08:22:22 | INFO: Extracting primitive: Window perimeter | satin black surround.002
08:22:22 | INFO: Primitives created: 1
08:22:22 | INFO: Extracting primitive: Smooth continuous side glass.002
08:22:22 | INFO: Primitives created: 1
08:22:22 | INFO: Extracting primitive: B pillar black trim.006
08:22:22 | INFO: Primitives created: 1
08:22:22 | INFO: Extracting primitive: B pillar black trim.007
08:22:22 | INFO: Primitives created: 1
08:22:22 | INFO: Extracting primitive: B pillar black trim.008
08:22:22 | INFO: Primitives created: 1
08:22:22 | INFO: Extracting primitive: Rear quarter glass division.002
08:22:22 | INFO: Primitives created: 1
08:22:22 | INFO: Extracting primitive: Painted continuous A pillar and roof rail.002
08:22:22 | INFO: Primitives created: 1
08:22:22 | INFO: Extracting primitive: Roof drip molding.002
08:22:22 | INFO: Primitives created: 1
08:22:22 | INFO: Extracting primitive: Window perimeter | satin black surround.003
08:22:22 | INFO: Primitives created: 1
08:22:22 | INFO: Extracting primitive: Smooth continuous side glass.003
08:22:22 | INFO: Primitives created: 1
08:22:22 | INFO: Extracting primitive: B pillar black trim.009
08:22:22 | INFO: Primitives created: 1
08:22:22 | INFO: Extracting primitive: B pillar black trim.010
08:22:22 | INFO: Primitives created: 1
08:22:22 | INFO: Extracting primitive: B pillar black trim.011
08:22:22 | INFO: Primitives created: 1
08:22:22 | INFO: Extracting primitive: Rear quarter glass division.003
08:22:22 | INFO: Primitives created: 1
08:22:22 | INFO: Extracting primitive: Painted continuous A pillar and roof rail.003
08:22:22 | INFO: Primitives created: 1
08:22:22 | INFO: Extracting primitive: Roof drip molding.003
08:22:22 | INFO: Primitives created: 1
08:22:22 | INFO: Extracting primitive: Hood precision shut line.002
08:22:22 | INFO: Primitives created: 1
08:22:22 | INFO: Extracting primitive: Front door leading gap.002
08:22:22 | INFO: Primitives created: 1
08:22:22 | INFO: Extracting primitive: B pillar door gap.002
08:22:22 | INFO: Primitives created: 1
08:22:22 | INFO: Extracting primitive: Rear door trailing gap.002
08:22:22 | INFO: Primitives created: 1
08:22:22 | INFO: Extracting primitive: Rocker sill.002
08:22:22 | INFO: Primitives created: 1
08:22:22 | INFO: Extracting primitive: Rocker silver edge.002
08:22:22 | INFO: Primitives created: 1
08:22:22 | INFO: Extracting primitive: Cube.060
08:22:22 | INFO: Primitives created: 1
08:22:22 | INFO: Extracting primitive: Cube.061
08:22:22 | INFO: Primitives created: 1
08:22:22 | INFO: Extracting primitive: Handle finger undercut.004
08:22:22 | INFO: Primitives created: 1
08:22:22 | INFO: Extracting primitive: Cube.062
08:22:22 | INFO: Primitives created: 1
08:22:22 | INFO: Extracting primitive: Cube.063
08:22:22 | INFO: Primitives created: 1
08:22:22 | INFO: Extracting primitive: Handle finger undercut.005
08:22:22 | INFO: Primitives created: 1
08:22:22 | INFO: Extracting primitive: Charging door.001
08:22:22 | INFO: Primitives created: 1
08:22:22 | INFO: Extracting primitive: Front fender black air blade.002
08:22:22 | INFO: Primitives created: 1
08:22:22 | INFO: Extracting primitive: Fender blade polished edge.002
08:22:22 | INFO: Primitives created: 1
08:22:22 | INFO: Extracting primitive: Sphere.013
08:22:22 | INFO: Primitives created: 1
08:22:22 | INFO: Extracting primitive: Mirror stalk.002
08:22:22 | INFO: Primitives created: 1
08:22:22 | INFO: Extracting primitive: Sphere.014
08:22:22 | INFO: Primitives created: 1
08:22:22 | INFO: Extracting primitive: Sphere.015
08:22:22 | INFO: Primitives created: 1
08:22:22 | INFO: Extracting primitive: Sphere.016
08:22:22 | INFO: Primitives created: 1
08:22:22 | INFO: Extracting primitive: Mirror LED indicator.002
08:22:22 | INFO: Primitives created: 1
08:22:22 | INFO: Extracting primitive: Rolled painted wheel arch lip.004
08:22:22 | INFO: Primitives created: 1
08:22:22 | INFO: Extracting primitive: Wheelhouse dark reveal.004
08:22:22 | INFO: Primitives created: 1
08:22:22 | INFO: Extracting primitive: Wheelhouse liner.004
08:22:22 | INFO: Primitives created: 1
08:22:22 | INFO: Extracting primitive: Rolled painted wheel arch lip.005
08:22:22 | INFO: Primitives created: 1
08:22:22 | INFO: Extracting primitive: Wheelhouse dark reveal.005
08:22:22 | INFO: Primitives created: 1
08:22:22 | INFO: Extracting primitive: Wheelhouse liner.005
08:22:22 | INFO: Primitives created: 1
08:22:22 | INFO: Extracting primitive: Hood precision shut line.003
08:22:22 | INFO: Primitives created: 1
08:22:22 | INFO: Extracting primitive: Front door leading gap.003
08:22:22 | INFO: Primitives created: 1
08:22:22 | INFO: Extracting primitive: B pillar door gap.003
08:22:22 | INFO: Primitives created: 1
08:22:22 | INFO: Extracting primitive: Rear door trailing gap.003
08:22:22 | INFO: Primitives created: 1
08:22:22 | INFO: Extracting primitive: Rocker sill.003
08:22:22 | INFO: Primitives created: 1
08:22:22 | INFO: Extracting primitive: Rocker silver edge.003
08:22:22 | INFO: Primitives created: 1
08:22:22 | INFO: Extracting primitive: Cube.064
08:22:22 | INFO: Primitives created: 1
08:22:22 | INFO: Extracting primitive: Cube.065
08:22:22 | INFO: Primitives created: 1
08:22:22 | INFO: Extracting primitive: Handle finger undercut.006
08:22:22 | INFO: Primitives created: 1
08:22:22 | INFO: Extracting primitive: Cube.066
08:22:22 | INFO: Primitives created: 1
08:22:22 | INFO: Extracting primitive: Cube.067
08:22:22 | INFO: Primitives created: 1
08:22:22 | INFO: Extracting primitive: Handle finger undercut.007
08:22:22 | INFO: Primitives created: 1
08:22:22 | INFO: Extracting primitive: Front fender black air blade.003
08:22:22 | INFO: Primitives created: 1
08:22:22 | INFO: Extracting primitive: Fender blade polished edge.003
08:22:22 | INFO: Primitives created: 1
08:22:22 | INFO: Extracting primitive: Sphere.017
08:22:22 | INFO: Primitives created: 1
08:22:22 | INFO: Extracting primitive: Mirror stalk.003
08:22:22 | INFO: Primitives created: 1
08:22:22 | INFO: Extracting primitive: Sphere.018
08:22:22 | INFO: Primitives created: 1
08:22:22 | INFO: Extracting primitive: Sphere.019
08:22:22 | INFO: Primitives created: 1
08:22:22 | INFO: Extracting primitive: Sphere.020
08:22:22 | INFO: Primitives created: 1
08:22:22 | INFO: Extracting primitive: Mirror LED indicator.003
08:22:22 | INFO: Primitives created: 1
08:22:22 | INFO: Extracting primitive: Rolled painted wheel arch lip.006
08:22:22 | INFO: Primitives created: 1
08:22:22 | INFO: Extracting primitive: Wheelhouse dark reveal.006
08:22:22 | INFO: Primitives created: 1
08:22:22 | INFO: Extracting primitive: Wheelhouse liner.006
08:22:22 | INFO: Primitives created: 1
08:22:22 | INFO: Extracting primitive: Rolled painted wheel arch lip.007
08:22:22 | INFO: Primitives created: 1
08:22:22 | INFO: Extracting primitive: Wheelhouse dark reveal.007
08:22:22 | INFO: Primitives created: 1
08:22:22 | INFO: Extracting primitive: Wheelhouse liner.007
08:22:22 | INFO: Primitives created: 1
08:22:22 | INFO: Extracting primitive: Waterdrop headlight | dark compound-curved optical housing.002
08:22:22 | INFO: Primitives created: 1
08:22:22 | INFO: Extracting primitive: Headlight rubber gasket.002
08:22:22 | INFO: Primitives created: 1
08:22:22 | INFO: Extracting primitive: Headlight polished rim.002
08:22:22 | INFO: Primitives created: 1
08:22:22 | INFO: Extracting primitive: Signature sweeping diagonal DRL.002
08:22:22 | INFO: Primitives created: 1
08:22:22 | INFO: Extracting primitive: Lower segmented optical return.002
08:22:22 | INFO: Primitives created: 1
08:22:22 | INFO: Extracting primitive: Upper arrow DRL accent.002
08:22:22 | INFO: Primitives created: 1
08:22:22 | INFO: Extracting primitive: Cube.068
08:22:22 | INFO: Primitives created: 1
08:22:22 | INFO: Extracting primitive: Cube.069
08:22:22 | INFO: Primitives created: 1
08:22:22 | INFO: Extracting primitive: Cube.070
08:22:22 | INFO: Primitives created: 1
08:22:22 | INFO: Extracting primitive: Cube.071
08:22:22 | INFO: Primitives created: 1
08:22:22 | INFO: Extracting primitive: Cube.072
08:22:22 | INFO: Primitives created: 1
08:22:22 | INFO: Extracting primitive: Cube.073
08:22:22 | INFO: Primitives created: 1
08:22:22 | INFO: Extracting primitive: Cube.074
08:22:22 | INFO: Primitives created: 1
08:22:22 | INFO: Extracting primitive: Cube.075
08:22:22 | INFO: Primitives created: 1
08:22:22 | INFO: Extracting primitive: Vertical corner air curtain.002
08:22:22 | INFO: Primitives created: 1
08:22:22 | INFO: Extracting primitive: Corner intake rim.002
08:22:22 | INFO: Primitives created: 1
08:22:22 | INFO: Extracting primitive: Air curtain inner fin.002
08:22:22 | INFO: Primitives created: 1
08:22:22 | INFO: Extracting primitive: Waterdrop headlight | dark compound-curved optical housing.003
08:22:22 | INFO: Primitives created: 1
08:22:22 | INFO: Extracting primitive: Headlight rubber gasket.003
08:22:22 | INFO: Primitives created: 1
08:22:22 | INFO: Extracting primitive: Headlight polished rim.003
08:22:22 | INFO: Primitives created: 1
08:22:22 | INFO: Extracting primitive: Signature sweeping diagonal DRL.003
08:22:22 | INFO: Primitives created: 1
08:22:22 | INFO: Extracting primitive: Lower segmented optical return.003
08:22:22 | INFO: Primitives created: 1
08:22:22 | INFO: Extracting primitive: Upper arrow DRL accent.003
08:22:22 | INFO: Primitives created: 1
08:22:22 | INFO: Extracting primitive: Cube.076
08:22:22 | INFO: Primitives created: 1
08:22:22 | INFO: Extracting primitive: Cube.077
08:22:22 | INFO: Primitives created: 1
08:22:22 | INFO: Extracting primitive: Cube.078
08:22:22 | INFO: Primitives created: 1
08:22:22 | INFO: Extracting primitive: Cube.079
08:22:22 | INFO: Primitives created: 1
08:22:22 | INFO: Extracting primitive: Cube.080
08:22:22 | INFO: Primitives created: 1
08:22:22 | INFO: Extracting primitive: Cube.081
08:22:22 | INFO: Primitives created: 1
08:22:22 | INFO: Extracting primitive: Cube.082
08:22:22 | INFO: Primitives created: 1
08:22:22 | INFO: Extracting primitive: Cube.083
08:22:22 | INFO: Primitives created: 1
08:22:22 | INFO: Extracting primitive: Vertical corner air curtain.003
08:22:22 | INFO: Primitives created: 1
08:22:22 | INFO: Extracting primitive: Corner intake rim.003
08:22:22 | INFO: Primitives created: 1
08:22:22 | INFO: Extracting primitive: Air curtain inner fin.003
08:22:22 | INFO: Primitives created: 1
08:22:22 | INFO: Extracting primitive: Wide trapezoidal front lower intake.001
08:22:22 | INFO: Primitives created: 1
08:22:22 | INFO: Extracting primitive: Satin front intake frame.001
08:22:22 | INFO: Primitives created: 1
08:22:22 | INFO: Extracting primitive: Sculpted Aqua Blue intake side surround.002
08:22:22 | INFO: Primitives created: 1
08:22:22 | INFO: Extracting primitive: Painted intake ring.002
08:22:22 | INFO: Primitives created: 1
08:22:22 | INFO: Extracting primitive: Sculpted Aqua Blue intake side surround.003
08:22:22 | INFO: Primitives created: 1
08:22:22 | INFO: Extracting primitive: Painted intake ring.003
08:22:22 | INFO: Primitives created: 1
08:22:22 | INFO: Extracting primitive: Horizontal grille louver.004
08:22:22 | INFO: Primitives created: 1
08:22:22 | INFO: Extracting primitive: Horizontal grille louver.005
08:22:22 | INFO: Primitives created: 1
08:22:22 | INFO: Extracting primitive: Horizontal grille louver.006
08:22:22 | INFO: Primitives created: 1
08:22:22 | INFO: Extracting primitive: Horizontal grille louver.007
08:22:22 | INFO: Primitives created: 1
08:22:22 | INFO: Extracting primitive: Grille vertical reinforcement.011
08:22:22 | INFO: Primitives created: 1
08:22:22 | INFO: Extracting primitive: Grille vertical reinforcement.012
08:22:22 | INFO: Primitives created: 1
08:22:22 | INFO: Extracting primitive: Grille vertical reinforcement.013
08:22:22 | INFO: Primitives created: 1
08:22:22 | INFO: Extracting primitive: Grille vertical reinforcement.014
08:22:22 | INFO: Primitives created: 1
08:22:22 | INFO: Extracting primitive: Grille vertical reinforcement.015
08:22:22 | INFO: Primitives created: 1
08:22:22 | INFO: Extracting primitive: Grille vertical reinforcement.016
08:22:22 | INFO: Primitives created: 1
08:22:22 | INFO: Extracting primitive: Grille vertical reinforcement.017
08:22:22 | INFO: Primitives created: 1
08:22:22 | INFO: Extracting primitive: Grille vertical reinforcement.018
08:22:22 | INFO: Primitives created: 1
08:22:22 | INFO: Extracting primitive: Grille vertical reinforcement.019
08:22:22 | INFO: Primitives created: 1
08:22:22 | INFO: Extracting primitive: Grille vertical reinforcement.020
08:22:22 | INFO: Primitives created: 1
08:22:22 | INFO: Extracting primitive: Grille vertical reinforcement.021
08:22:22 | INFO: Primitives created: 1
08:22:22 | INFO: Extracting primitive: Front splitter blade.001
08:22:22 | INFO: Primitives created: 1
08:22:22 | INFO: Extracting primitive: Cube.084
08:22:22 | INFO: Primitives created: 1
08:22:22 | INFO: Extracting primitive: Cube.085
08:22:22 | INFO: Primitives created: 1
08:22:22 | INFO: Extracting primitive: Front plate lettering.001
08:22:22 | INFO: Primitives created: 1
08:22:22 | INFO: Extracting primitive: Cylinder.330
08:22:22 | INFO: Primitives created: 1
08:22:22 | INFO: Extracting primitive: Cylinder.331
08:22:22 | INFO: Primitives created: 1
08:22:22 | INFO: Extracting primitive: Cylinder.332
08:22:22 | INFO: Primitives created: 1
08:22:22 | INFO: Extracting primitive: Cylinder.333
08:22:22 | INFO: Primitives created: 1
08:22:22 | INFO: Extracting primitive: Sphere.021
08:22:22 | INFO: Primitives created: 1
08:22:22 | INFO: Extracting primitive: Hood mi insignia.001
08:22:22 | INFO: Primitives created: 1
08:22:22 | INFO: Extracting primitive: Sphere.022
08:22:22 | INFO: Primitives created: 1
08:22:22 | INFO: Extracting primitive: Full-width smoked rear lamp housing.001
08:22:22 | INFO: Primitives created: 1
08:22:22 | INFO: Extracting primitive: Rear lamp outer seal.001
08:22:22 | INFO: Primitives created: 1
08:22:22 | INFO: Extracting primitive: Halo rear red optical bed.001
08:22:22 | INFO: Primitives created: 1
08:22:22 | INFO: Extracting primitive: Continuous halo rear LED.001
08:22:22 | INFO: Primitives created: 1
08:22:22 | INFO: Extracting primitive: Lower full-width LED filament.001
08:22:22 | INFO: Primitives created: 1
08:22:22 | INFO: Extracting primitive: Inner taillight return.002
08:22:22 | INFO: Primitives created: 1
08:22:22 | INFO: Extracting primitive: Rear bumper side air outlet.002
08:22:22 | INFO: Primitives created: 1
08:22:22 | INFO: Extracting primitive: Rear vent rim.002
08:22:22 | INFO: Primitives created: 1
08:22:22 | INFO: Extracting primitive: Trunk panel shut line.002
08:22:22 | INFO: Primitives created: 1
08:22:22 | INFO: Extracting primitive: Cube.086
08:22:22 | INFO: Primitives created: 1
08:22:22 | INFO: Extracting primitive: Inner taillight return.003
08:22:22 | INFO: Primitives created: 1
08:22:22 | INFO: Extracting primitive: Rear bumper side air outlet.003
08:22:22 | INFO: Primitives created: 1
08:22:22 | INFO: Extracting primitive: Rear vent rim.003
08:22:22 | INFO: Primitives created: 1
08:22:22 | INFO: Extracting primitive: Trunk panel shut line.003
08:22:22 | INFO: Primitives created: 1
08:22:22 | INFO: Extracting primitive: Cube.087
08:22:22 | INFO: Primitives created: 1
08:22:22 | INFO: Extracting primitive: Rear diffuser black valance.001
08:22:22 | INFO: Primitives created: 1
08:22:22 | INFO: Extracting primitive: Rear diffuser painted buttress.002
08:22:22 | INFO: Primitives created: 1
08:22:22 | INFO: Extracting primitive: Rear diffuser painted buttress.003
08:22:22 | INFO: Primitives created: 1
08:22:22 | INFO: Extracting primitive: Rear diffuser lower lip.001
08:22:22 | INFO: Primitives created: 1
08:22:22 | INFO: Extracting primitive: Cube.088
08:22:22 | INFO: Primitives created: 1
08:22:22 | INFO: Extracting primitive: Cube.089
08:22:22 | INFO: Primitives created: 1
08:22:22 | INFO: Extracting primitive: Cube.090
08:22:22 | INFO: Primitives created: 1
08:22:22 | INFO: Extracting primitive: Cube.091
08:22:22 | INFO: Primitives created: 1
08:22:22 | INFO: Extracting primitive: Cube.092
08:22:22 | INFO: Primitives created: 1
08:22:22 | INFO: Extracting primitive: Cube.093
08:22:22 | INFO: Primitives created: 1
08:22:22 | INFO: Extracting primitive: Cube.094
08:22:22 | INFO: Primitives created: 1
08:22:22 | INFO: Extracting primitive: Rear plate SU7.001
08:22:22 | INFO: Primitives created: 1
08:22:22 | INFO: Extracting primitive: Rear spaced Xiaomi lettering | x.001
08:22:22 | INFO: Primitives created: 1
08:22:22 | INFO: Extracting primitive: Rear spaced Xiaomi lettering | i.002
08:22:22 | INFO: Primitives created: 1
08:22:22 | INFO: Extracting primitive: Rear spaced Xiaomi lettering | a.001
08:22:22 | INFO: Primitives created: 1
08:22:22 | INFO: Extracting primitive: Rear spaced Xiaomi lettering | o.001
08:22:22 | INFO: Primitives created: 1
08:22:22 | INFO: Extracting primitive: Rear spaced Xiaomi lettering | m.001
08:22:22 | INFO: Primitives created: 1
08:22:22 | INFO: Extracting primitive: Rear spaced Xiaomi lettering | i.003
08:22:22 | INFO: Primitives created: 1
08:22:22 | INFO: Extracting primitive: Rear model badge.001
08:22:22 | INFO: Primitives created: 1
08:22:22 | INFO: Extracting primitive: Rear Max badge.001
08:22:22 | INFO: Primitives created: 1
08:22:22 | INFO: Extracting primitive: Rear manufacturer badge.001
08:22:22 | INFO: Primitives created: 1
08:22:22 | INFO: Extracting primitive: Integrated rear deck ducktail.001
08:22:22 | INFO: Primitives created: 1
08:22:22 | INFO: Extracting primitive: Retractable spoiler shut line.001
08:22:22 | INFO: Primitives created: 1
08:22:22 | INFO: Extracting primitive: Sphere.023
08:22:22 | INFO: Primitives created: 1
08:22:22 | INFO: Extracting primitive: Front left | tire carcass.001
08:22:23 | INFO: Primitives created: 1
08:22:23 | INFO: Extracting primitive: Torus.029
08:22:23 | INFO: Primitives created: 1
08:22:23 | INFO: Extracting primitive: Torus.030
08:22:23 | INFO: Primitives created: 1
08:22:23 | INFO: Extracting primitive: Torus.031
08:22:23 | INFO: Primitives created: 1
08:22:23 | INFO: Extracting primitive: Front left directional tread | 792 blocks.001
08:22:23 | INFO: Primitives created: 1
08:22:23 | INFO: Extracting primitive: Front left cast rim barrel.001
08:22:23 | INFO: Primitives created: 1
08:22:23 | INFO: Extracting primitive: Torus.032
08:22:23 | INFO: Primitives created: 1
08:22:23 | INFO: Extracting primitive: Torus.033
08:22:23 | INFO: Primitives created: 1
08:22:23 | INFO: Extracting primitive: Cylinder.334
08:22:23 | INFO: Primitives created: 1
08:22:23 | INFO: Extracting primitive: Torus.034
08:22:23 | INFO: Primitives created: 1
08:22:23 | INFO: Extracting primitive: Cylinder.335
08:22:23 | INFO: Primitives created: 1
08:22:23 | INFO: Extracting primitive: Cylinder.336
08:22:23 | INFO: Primitives created: 1
08:22:23 | INFO: Extracting primitive: Cylinder.337
08:22:23 | INFO: Primitives created: 1
08:22:23 | INFO: Extracting primitive: Cylinder.338
08:22:23 | INFO: Primitives created: 1
08:22:23 | INFO: Extracting primitive: Cylinder.339
08:22:23 | INFO: Primitives created: 1
08:22:23 | INFO: Extracting primitive: Cylinder.340
08:22:23 | INFO: Primitives created: 1
08:22:23 | INFO: Extracting primitive: Cylinder.341
08:22:23 | INFO: Primitives created: 1
08:22:23 | INFO: Extracting primitive: Cylinder.342
08:22:23 | INFO: Primitives created: 1
08:22:23 | INFO: Extracting primitive: Cylinder.343
08:22:23 | INFO: Primitives created: 1
08:22:23 | INFO: Extracting primitive: Cylinder.344
08:22:23 | INFO: Primitives created: 1
08:22:23 | INFO: Extracting primitive: Cylinder.345
08:22:23 | INFO: Primitives created: 1
08:22:23 | INFO: Extracting primitive: Cylinder.346
08:22:23 | INFO: Primitives created: 1
08:22:23 | INFO: Extracting primitive: Cylinder.347
08:22:23 | INFO: Primitives created: 1
08:22:23 | INFO: Extracting primitive: Cylinder.348
08:22:23 | INFO: Primitives created: 1
08:22:23 | INFO: Extracting primitive: Cylinder.349
08:22:23 | INFO: Primitives created: 1
08:22:23 | INFO: Extracting primitive: Cylinder.350
08:22:23 | INFO: Primitives created: 1
08:22:23 | INFO: Extracting primitive: Cylinder.351
08:22:23 | INFO: Primitives created: 1
08:22:23 | INFO: Extracting primitive: Cylinder.352
08:22:23 | INFO: Primitives created: 1
08:22:23 | INFO: Extracting primitive: Cylinder.353
08:22:23 | INFO: Primitives created: 1
08:22:23 | INFO: Extracting primitive: Cylinder.354
08:22:23 | INFO: Primitives created: 1
08:22:23 | INFO: Extracting primitive: Cylinder.355
08:22:23 | INFO: Primitives created: 1
08:22:23 | INFO: Extracting primitive: Cylinder.356
08:22:23 | INFO: Primitives created: 1
08:22:23 | INFO: Extracting primitive: Cylinder.357
08:22:23 | INFO: Primitives created: 1
08:22:23 | INFO: Extracting primitive: Cylinder.358
08:22:23 | INFO: Primitives created: 1
08:22:23 | INFO: Extracting primitive: Cylinder.359
08:22:23 | INFO: Primitives created: 1
08:22:23 | INFO: Extracting primitive: Cylinder.360
08:22:23 | INFO: Primitives created: 1
08:22:23 | INFO: Extracting primitive: Cylinder.361
08:22:23 | INFO: Primitives created: 1
08:22:23 | INFO: Extracting primitive: Cylinder.362
08:22:23 | INFO: Primitives created: 1
08:22:23 | INFO: Extracting primitive: Cylinder.363
08:22:23 | INFO: Primitives created: 1
08:22:23 | INFO: Extracting primitive: Cylinder.364
08:22:23 | INFO: Primitives created: 1
08:22:23 | INFO: Extracting primitive: Cylinder.365
08:22:23 | INFO: Primitives created: 1
08:22:23 | INFO: Extracting primitive: Cylinder.366
08:22:23 | INFO: Primitives created: 1
08:22:23 | INFO: Extracting primitive: Cylinder.367
08:22:23 | INFO: Primitives created: 1
08:22:23 | INFO: Extracting primitive: Cylinder.368
08:22:23 | INFO: Primitives created: 1
08:22:23 | INFO: Extracting primitive: Cylinder.369
08:22:23 | INFO: Primitives created: 1
08:22:23 | INFO: Extracting primitive: Cylinder.370
08:22:23 | INFO: Primitives created: 1
08:22:23 | INFO: Extracting primitive: Cylinder.371
08:22:23 | INFO: Primitives created: 1
08:22:23 | INFO: Extracting primitive: Cylinder.372
08:22:23 | INFO: Primitives created: 1
08:22:23 | INFO: Extracting primitive: Cylinder.373
08:22:23 | INFO: Primitives created: 1
08:22:23 | INFO: Extracting primitive: Cylinder.374
08:22:23 | INFO: Primitives created: 1
08:22:23 | INFO: Extracting primitive: Cylinder.375
08:22:23 | INFO: Primitives created: 1
08:22:23 | INFO: Extracting primitive: Cylinder.376
08:22:23 | INFO: Primitives created: 1
08:22:23 | INFO: Extracting primitive: Cylinder.377
08:22:23 | INFO: Primitives created: 1
08:22:23 | INFO: Extracting primitive: Cylinder.378
08:22:23 | INFO: Primitives created: 1
08:22:23 | INFO: Extracting primitive: Cylinder.379
08:22:23 | INFO: Primitives created: 1
08:22:23 | INFO: Extracting primitive: Cylinder.380
08:22:23 | INFO: Primitives created: 1
08:22:23 | INFO: Extracting primitive: Cylinder.381
08:22:23 | INFO: Primitives created: 1
08:22:23 | INFO: Extracting primitive: Cylinder.382
08:22:23 | INFO: Primitives created: 1
08:22:23 | INFO: Extracting primitive: Cylinder.383
08:22:23 | INFO: Primitives created: 1
08:22:23 | INFO: Extracting primitive: Cylinder.384
08:22:23 | INFO: Primitives created: 1
08:22:23 | INFO: Extracting primitive: Cylinder.385
08:22:23 | INFO: Primitives created: 1
08:22:23 | INFO: Extracting primitive: Cylinder.386
08:22:23 | INFO: Primitives created: 1
08:22:23 | INFO: Extracting primitive: Cylinder.387
08:22:23 | INFO: Primitives created: 1
08:22:23 | INFO: Extracting primitive: Cylinder.388
08:22:23 | INFO: Primitives created: 1
08:22:23 | INFO: Extracting primitive: Cylinder.389
08:22:23 | INFO: Primitives created: 1
08:22:23 | INFO: Extracting primitive: Cylinder.390
08:22:23 | INFO: Primitives created: 1
08:22:23 | INFO: Extracting primitive: Cylinder.391
08:22:23 | INFO: Primitives created: 1
08:22:23 | INFO: Extracting primitive: Cylinder.392
08:22:23 | INFO: Primitives created: 1
08:22:23 | INFO: Extracting primitive: Cylinder.393
08:22:23 | INFO: Primitives created: 1
08:22:23 | INFO: Extracting primitive: Cylinder.394
08:22:23 | INFO: Primitives created: 1
08:22:23 | INFO: Extracting primitive: Cylinder.395
08:22:23 | INFO: Primitives created: 1
08:22:23 | INFO: Extracting primitive: Cylinder.396
08:22:23 | INFO: Primitives created: 1
08:22:23 | INFO: Extracting primitive: Cylinder.397
08:22:23 | INFO: Primitives created: 1
08:22:23 | INFO: Extracting primitive: Cylinder.398
08:22:23 | INFO: Primitives created: 1
08:22:23 | INFO: Extracting primitive: Cylinder.399
08:22:23 | INFO: Primitives created: 1
08:22:23 | INFO: Extracting primitive: Cylinder.400
08:22:23 | INFO: Primitives created: 1
08:22:23 | INFO: Extracting primitive: Cylinder.401
08:22:23 | INFO: Primitives created: 1
08:22:23 | INFO: Extracting primitive: Cylinder.402
08:22:23 | INFO: Primitives created: 1
08:22:23 | INFO: Extracting primitive: Cylinder.403
08:22:23 | INFO: Primitives created: 1
08:22:23 | INFO: Extracting primitive: Cylinder.404
08:22:23 | INFO: Primitives created: 1
08:22:23 | INFO: Extracting primitive: Cylinder.405
08:22:23 | INFO: Primitives created: 1
08:22:23 | INFO: Extracting primitive: Cylinder.406
08:22:23 | INFO: Primitives created: 1
08:22:23 | INFO: Extracting primitive: Cylinder.407
08:22:23 | INFO: Primitives created: 1
08:22:23 | INFO: Extracting primitive: Cube.095
08:22:23 | INFO: Primitives created: 1
08:22:23 | INFO: Extracting primitive: Front left caliper marking.001
08:22:23 | INFO: Primitives created: 1
08:22:23 | INFO: Extracting primitive: Front left machined split spoke.010
08:22:23 | INFO: Primitives created: 1
08:22:23 | INFO: Extracting primitive: Front left black spoke pocket.010
08:22:23 | INFO: Primitives created: 1
08:22:23 | INFO: Extracting primitive: Front left machined split spoke.011
08:22:23 | INFO: Primitives created: 1
08:22:23 | INFO: Extracting primitive: Front left black spoke pocket.011
08:22:23 | INFO: Primitives created: 1
08:22:23 | INFO: Extracting primitive: Front left machined split spoke.012
08:22:23 | INFO: Primitives created: 1
08:22:23 | INFO: Extracting primitive: Front left black spoke pocket.012
08:22:23 | INFO: Primitives created: 1
08:22:23 | INFO: Extracting primitive: Front left machined split spoke.013
08:22:23 | INFO: Primitives created: 1
08:22:23 | INFO: Extracting primitive: Front left black spoke pocket.013
08:22:23 | INFO: Primitives created: 1
08:22:23 | INFO: Extracting primitive: Front left machined split spoke.014
08:22:23 | INFO: Primitives created: 1
08:22:23 | INFO: Extracting primitive: Front left black spoke pocket.014
08:22:23 | INFO: Primitives created: 1
08:22:23 | INFO: Extracting primitive: Front left machined split spoke.015
08:22:23 | INFO: Primitives created: 1
08:22:23 | INFO: Extracting primitive: Front left black spoke pocket.015
08:22:23 | INFO: Primitives created: 1
08:22:23 | INFO: Extracting primitive: Front left machined split spoke.016
08:22:23 | INFO: Primitives created: 1
08:22:23 | INFO: Extracting primitive: Front left black spoke pocket.016
08:22:23 | INFO: Primitives created: 1
08:22:23 | INFO: Extracting primitive: Front left machined split spoke.017
08:22:23 | INFO: Primitives created: 1
08:22:23 | INFO: Extracting primitive: Front left black spoke pocket.017
08:22:23 | INFO: Primitives created: 1
08:22:23 | INFO: Extracting primitive: Front left machined split spoke.018
08:22:23 | INFO: Primitives created: 1
08:22:23 | INFO: Extracting primitive: Front left black spoke pocket.018
08:22:23 | INFO: Primitives created: 1
08:22:23 | INFO: Extracting primitive: Front left machined split spoke.019
08:22:23 | INFO: Primitives created: 1
08:22:23 | INFO: Extracting primitive: Front left black spoke pocket.019
08:22:23 | INFO: Primitives created: 1
08:22:23 | INFO: Extracting primitive: Cylinder.408
08:22:23 | INFO: Primitives created: 1
08:22:23 | INFO: Extracting primitive: Torus.035
08:22:23 | INFO: Primitives created: 1
08:22:23 | INFO: Extracting primitive: Front left center mi logo.001
08:22:23 | INFO: Primitives created: 1
08:22:23 | INFO: Extracting primitive: Cylinder.409
08:22:23 | INFO: Primitives created: 1
08:22:23 | INFO: Extracting primitive: Cylinder.410
08:22:23 | INFO: Primitives created: 1
08:22:23 | INFO: Extracting primitive: Cylinder.411
08:22:23 | INFO: Primitives created: 1
08:22:23 | INFO: Extracting primitive: Cylinder.412
08:22:23 | INFO: Primitives created: 1
08:22:23 | INFO: Extracting primitive: Cylinder.413
08:22:23 | INFO: Primitives created: 1
08:22:23 | INFO: Extracting primitive: Cylinder.414
08:22:23 | INFO: Primitives created: 1
08:22:23 | INFO: Extracting primitive: Front left sidewall lettering.022
08:22:23 | INFO: Primitives created: 1
08:22:23 | INFO: Extracting primitive: Front left sidewall lettering.023
08:22:23 | INFO: Primitives created: 1
08:22:23 | INFO: Extracting primitive: Front left sidewall lettering.024
08:22:23 | INFO: Primitives created: 1
08:22:23 | INFO: Extracting primitive: Front left sidewall lettering.025
08:22:23 | INFO: Primitives created: 1
08:22:23 | INFO: Extracting primitive: Front left sidewall lettering.026
08:22:23 | INFO: Primitives created: 1
08:22:23 | INFO: Extracting primitive: Front left sidewall lettering.027
08:22:23 | INFO: Primitives created: 1
08:22:23 | INFO: Extracting primitive: Front left sidewall lettering.028
08:22:23 | INFO: Primitives created: 1
08:22:23 | INFO: Extracting primitive: Front left sidewall lettering.029
08:22:23 | INFO: Primitives created: 1
08:22:23 | INFO: Extracting primitive: Front left sidewall lettering.030
08:22:23 | INFO: Primitives created: 1
08:22:23 | INFO: Extracting primitive: Front left sidewall lettering.031
08:22:23 | INFO: Primitives created: 1
08:22:23 | INFO: Extracting primitive: Front left sidewall lettering.032
08:22:23 | INFO: Primitives created: 1
08:22:23 | INFO: Extracting primitive: Front left sidewall lettering.033
08:22:23 | INFO: Primitives created: 1
08:22:23 | INFO: Extracting primitive: Front left sidewall lettering.034
08:22:23 | INFO: Primitives created: 1
08:22:23 | INFO: Extracting primitive: Front left sidewall lettering.035
08:22:23 | INFO: Primitives created: 0
08:22:23 | WARNING: Mesh 'Front left sidewall lettering.035' has no primitives and will be omitted.
08:22:23 | INFO: Extracting primitive: Front left sidewall lettering.036
08:22:23 | INFO: Primitives created: 1
08:22:23 | INFO: Extracting primitive: Front left sidewall lettering.037
08:22:23 | INFO: Primitives created: 1
08:22:23 | INFO: Extracting primitive: Front left sidewall lettering.038
08:22:23 | INFO: Primitives created: 1
08:22:23 | INFO: Extracting primitive: Front left sidewall lettering.039
08:22:23 | INFO: Primitives created: 1
08:22:23 | INFO: Extracting primitive: Front left sidewall lettering.040
08:22:23 | INFO: Primitives created: 1
08:22:23 | INFO: Extracting primitive: Front left sidewall lettering.041
08:22:23 | INFO: Primitives created: 0
08:22:23 | WARNING: Mesh 'Front left sidewall lettering.041' has no primitives and will be omitted.
08:22:23 | INFO: Extracting primitive: Front left sidewall lettering.042
08:22:23 | INFO: Primitives created: 1
08:22:23 | INFO: Extracting primitive: Front left sidewall lettering.043
08:22:23 | INFO: Primitives created: 1
08:22:23 | INFO: Extracting primitive: Front right | tire carcass.001
08:22:23 | INFO: Primitives created: 1
08:22:23 | INFO: Extracting primitive: Torus.036
08:22:23 | INFO: Primitives created: 1
08:22:23 | INFO: Extracting primitive: Torus.037
08:22:23 | INFO: Primitives created: 1
08:22:23 | INFO: Extracting primitive: Torus.038
08:22:23 | INFO: Primitives created: 1
08:22:23 | INFO: Extracting primitive: Front right directional tread | 792 blocks.001
08:22:23 | INFO: Primitives created: 1
08:22:23 | INFO: Extracting primitive: Front right cast rim barrel.001
08:22:23 | INFO: Primitives created: 1
08:22:23 | INFO: Extracting primitive: Torus.039
08:22:23 | INFO: Primitives created: 1
08:22:23 | INFO: Extracting primitive: Torus.040
08:22:23 | INFO: Primitives created: 1
08:22:23 | INFO: Extracting primitive: Cylinder.415
08:22:23 | INFO: Primitives created: 1
08:22:23 | INFO: Extracting primitive: Torus.041
08:22:23 | INFO: Primitives created: 1
08:22:23 | INFO: Extracting primitive: Cylinder.416
08:22:23 | INFO: Primitives created: 1
08:22:23 | INFO: Extracting primitive: Cylinder.417
08:22:23 | INFO: Primitives created: 1
08:22:23 | INFO: Extracting primitive: Cylinder.418
08:22:23 | INFO: Primitives created: 1
08:22:23 | INFO: Extracting primitive: Cylinder.419
08:22:23 | INFO: Primitives created: 1
08:22:23 | INFO: Extracting primitive: Cylinder.420
08:22:23 | INFO: Primitives created: 1
08:22:23 | INFO: Extracting primitive: Cylinder.421
08:22:23 | INFO: Primitives created: 1
08:22:23 | INFO: Extracting primitive: Cylinder.422
08:22:23 | INFO: Primitives created: 1
08:22:23 | INFO: Extracting primitive: Cylinder.423
08:22:23 | INFO: Primitives created: 1
08:22:23 | INFO: Extracting primitive: Cylinder.424
08:22:23 | INFO: Primitives created: 1
08:22:23 | INFO: Extracting primitive: Cylinder.425
08:22:23 | INFO: Primitives created: 1
08:22:23 | INFO: Extracting primitive: Cylinder.426
08:22:23 | INFO: Primitives created: 1
08:22:23 | INFO: Extracting primitive: Cylinder.427
08:22:23 | INFO: Primitives created: 1
08:22:23 | INFO: Extracting primitive: Cylinder.428
08:22:23 | INFO: Primitives created: 1
08:22:23 | INFO: Extracting primitive: Cylinder.429
08:22:23 | INFO: Primitives created: 1
08:22:23 | INFO: Extracting primitive: Cylinder.430
08:22:23 | INFO: Primitives created: 1
08:22:23 | INFO: Extracting primitive: Cylinder.431
08:22:23 | INFO: Primitives created: 1
08:22:23 | INFO: Extracting primitive: Cylinder.432
08:22:23 | INFO: Primitives created: 1
08:22:23 | INFO: Extracting primitive: Cylinder.433
08:22:23 | INFO: Primitives created: 1
08:22:23 | INFO: Extracting primitive: Cylinder.434
08:22:23 | INFO: Primitives created: 1
08:22:23 | INFO: Extracting primitive: Cylinder.435
08:22:23 | INFO: Primitives created: 1
08:22:23 | INFO: Extracting primitive: Cylinder.436
08:22:23 | INFO: Primitives created: 1
08:22:23 | INFO: Extracting primitive: Cylinder.437
08:22:23 | INFO: Primitives created: 1
08:22:23 | INFO: Extracting primitive: Cylinder.438
08:22:23 | INFO: Primitives created: 1
08:22:23 | INFO: Extracting primitive: Cylinder.439
08:22:23 | INFO: Primitives created: 1
08:22:23 | INFO: Extracting primitive: Cylinder.440
08:22:23 | INFO: Primitives created: 1
08:22:23 | INFO: Extracting primitive: Cylinder.441
08:22:23 | INFO: Primitives created: 1
08:22:23 | INFO: Extracting primitive: Cylinder.442
08:22:23 | INFO: Primitives created: 1
08:22:23 | INFO: Extracting primitive: Cylinder.443
08:22:23 | INFO: Primitives created: 1
08:22:23 | INFO: Extracting primitive: Cylinder.444
08:22:23 | INFO: Primitives created: 1
08:22:23 | INFO: Extracting primitive: Cylinder.445
08:22:23 | INFO: Primitives created: 1
08:22:23 | INFO: Extracting primitive: Cylinder.446
08:22:23 | INFO: Primitives created: 1
08:22:23 | INFO: Extracting primitive: Cylinder.447
08:22:23 | INFO: Primitives created: 1
08:22:23 | INFO: Extracting primitive: Cylinder.448
08:22:23 | INFO: Primitives created: 1
08:22:23 | INFO: Extracting primitive: Cylinder.449
08:22:23 | INFO: Primitives created: 1
08:22:23 | INFO: Extracting primitive: Cylinder.450
08:22:23 | INFO: Primitives created: 1
08:22:23 | INFO: Extracting primitive: Cylinder.451
08:22:23 | INFO: Primitives created: 1
08:22:23 | INFO: Extracting primitive: Cylinder.452
08:22:23 | INFO: Primitives created: 1
08:22:23 | INFO: Extracting primitive: Cylinder.453
08:22:23 | INFO: Primitives created: 1
08:22:23 | INFO: Extracting primitive: Cylinder.454
08:22:23 | INFO: Primitives created: 1
08:22:23 | INFO: Extracting primitive: Cylinder.455
08:22:23 | INFO: Primitives created: 1
08:22:23 | INFO: Extracting primitive: Cylinder.456
08:22:23 | INFO: Primitives created: 1
08:22:23 | INFO: Extracting primitive: Cylinder.457
08:22:23 | INFO: Primitives created: 1
08:22:23 | INFO: Extracting primitive: Cylinder.458
08:22:23 | INFO: Primitives created: 1
08:22:23 | INFO: Extracting primitive: Cylinder.459
08:22:23 | INFO: Primitives created: 1
08:22:23 | INFO: Extracting primitive: Cylinder.460
08:22:23 | INFO: Primitives created: 1
08:22:23 | INFO: Extracting primitive: Cylinder.461
08:22:23 | INFO: Primitives created: 1
08:22:23 | INFO: Extracting primitive: Cylinder.462
08:22:23 | INFO: Primitives created: 1
08:22:23 | INFO: Extracting primitive: Cylinder.463
08:22:23 | INFO: Primitives created: 1
08:22:23 | INFO: Extracting primitive: Cylinder.464
08:22:23 | INFO: Primitives created: 1
08:22:23 | INFO: Extracting primitive: Cylinder.465
08:22:23 | INFO: Primitives created: 1
08:22:23 | INFO: Extracting primitive: Cylinder.466
08:22:23 | INFO: Primitives created: 1
08:22:23 | INFO: Extracting primitive: Cylinder.467
08:22:23 | INFO: Primitives created: 1
08:22:23 | INFO: Extracting primitive: Cylinder.468
08:22:23 | INFO: Primitives created: 1
08:22:23 | INFO: Extracting primitive: Cylinder.469
08:22:23 | INFO: Primitives created: 1
08:22:23 | INFO: Extracting primitive: Cylinder.470
08:22:23 | INFO: Primitives created: 1
08:22:23 | INFO: Extracting primitive: Cylinder.471
08:22:23 | INFO: Primitives created: 1
08:22:23 | INFO: Extracting primitive: Cylinder.472
08:22:23 | INFO: Primitives created: 1
08:22:23 | INFO: Extracting primitive: Cylinder.473
08:22:23 | INFO: Primitives created: 1
08:22:23 | INFO: Extracting primitive: Cylinder.474
08:22:23 | INFO: Primitives created: 1
08:22:23 | INFO: Extracting primitive: Cylinder.475
08:22:23 | INFO: Primitives created: 1
08:22:23 | INFO: Extracting primitive: Cylinder.476
08:22:23 | INFO: Primitives created: 1
08:22:23 | INFO: Extracting primitive: Cylinder.477
08:22:23 | INFO: Primitives created: 1
08:22:23 | INFO: Extracting primitive: Cylinder.478
08:22:23 | INFO: Primitives created: 1
08:22:23 | INFO: Extracting primitive: Cylinder.479
08:22:23 | INFO: Primitives created: 1
08:22:23 | INFO: Extracting primitive: Cylinder.480
08:22:23 | INFO: Primitives created: 1
08:22:23 | INFO: Extracting primitive: Cylinder.481
08:22:23 | INFO: Primitives created: 1
08:22:23 | INFO: Extracting primitive: Cylinder.482
08:22:23 | INFO: Primitives created: 1
08:22:23 | INFO: Extracting primitive: Cylinder.483
08:22:23 | INFO: Primitives created: 1
08:22:23 | INFO: Extracting primitive: Cylinder.484
08:22:23 | INFO: Primitives created: 1
08:22:23 | INFO: Extracting primitive: Cylinder.485
08:22:23 | INFO: Primitives created: 1
08:22:23 | INFO: Extracting primitive: Cylinder.486
08:22:23 | INFO: Primitives created: 1
08:22:23 | INFO: Extracting primitive: Cylinder.487
08:22:23 | INFO: Primitives created: 1
08:22:23 | INFO: Extracting primitive: Cylinder.488
08:22:23 | INFO: Primitives created: 1
08:22:23 | INFO: Extracting primitive: Cube.096
08:22:23 | INFO: Primitives created: 1
08:22:23 | INFO: Extracting primitive: Front right caliper marking.001
08:22:23 | INFO: Primitives created: 1
08:22:23 | INFO: Extracting primitive: Front right machined split spoke.010
08:22:23 | INFO: Primitives created: 1
08:22:23 | INFO: Extracting primitive: Front right black spoke pocket.010
08:22:23 | INFO: Primitives created: 1
08:22:23 | INFO: Extracting primitive: Front right machined split spoke.011
08:22:23 | INFO: Primitives created: 1
08:22:23 | INFO: Extracting primitive: Front right black spoke pocket.011
08:22:23 | INFO: Primitives created: 1
08:22:23 | INFO: Extracting primitive: Front right machined split spoke.012
08:22:23 | INFO: Primitives created: 1
08:22:23 | INFO: Extracting primitive: Front right black spoke pocket.012
08:22:23 | INFO: Primitives created: 1
08:22:23 | INFO: Extracting primitive: Front right machined split spoke.013
08:22:23 | INFO: Primitives created: 1
08:22:23 | INFO: Extracting primitive: Front right black spoke pocket.013
08:22:23 | INFO: Primitives created: 1
08:22:23 | INFO: Extracting primitive: Front right machined split spoke.014
08:22:23 | INFO: Primitives created: 1
08:22:23 | INFO: Extracting primitive: Front right black spoke pocket.014
08:22:23 | INFO: Primitives created: 1
08:22:23 | INFO: Extracting primitive: Front right machined split spoke.015
08:22:23 | INFO: Primitives created: 1
08:22:23 | INFO: Extracting primitive: Front right black spoke pocket.015
08:22:23 | INFO: Primitives created: 1
08:22:23 | INFO: Extracting primitive: Front right machined split spoke.016
08:22:23 | INFO: Primitives created: 1
08:22:23 | INFO: Extracting primitive: Front right black spoke pocket.016
08:22:23 | INFO: Primitives created: 1
08:22:23 | INFO: Extracting primitive: Front right machined split spoke.017
08:22:23 | INFO: Primitives created: 1
08:22:23 | INFO: Extracting primitive: Front right black spoke pocket.017
08:22:23 | INFO: Primitives created: 1
08:22:23 | INFO: Extracting primitive: Front right machined split spoke.018
08:22:23 | INFO: Primitives created: 1
08:22:23 | INFO: Extracting primitive: Front right black spoke pocket.018
08:22:23 | INFO: Primitives created: 1
08:22:23 | INFO: Extracting primitive: Front right machined split spoke.019
08:22:23 | INFO: Primitives created: 1
08:22:23 | INFO: Extracting primitive: Front right black spoke pocket.019
08:22:23 | INFO: Primitives created: 1
08:22:23 | INFO: Extracting primitive: Cylinder.489
08:22:23 | INFO: Primitives created: 1
08:22:23 | INFO: Extracting primitive: Torus.042
08:22:23 | INFO: Primitives created: 1
08:22:23 | INFO: Extracting primitive: Front right center mi logo.001
08:22:23 | INFO: Primitives created: 1
08:22:23 | INFO: Extracting primitive: Cylinder.490
08:22:23 | INFO: Primitives created: 1
08:22:23 | INFO: Extracting primitive: Cylinder.491
08:22:23 | INFO: Primitives created: 1
08:22:23 | INFO: Extracting primitive: Cylinder.492
08:22:23 | INFO: Primitives created: 1
08:22:23 | INFO: Extracting primitive: Cylinder.493
08:22:23 | INFO: Primitives created: 1
08:22:23 | INFO: Extracting primitive: Cylinder.494
08:22:23 | INFO: Primitives created: 1
08:22:23 | INFO: Extracting primitive: Cylinder.495
08:22:23 | INFO: Primitives created: 1
08:22:23 | INFO: Extracting primitive: Front right sidewall lettering.022
08:22:23 | INFO: Primitives created: 1
08:22:23 | INFO: Extracting primitive: Front right sidewall lettering.023
08:22:23 | INFO: Primitives created: 1
08:22:23 | INFO: Extracting primitive: Front right sidewall lettering.024
08:22:23 | INFO: Primitives created: 1
08:22:23 | INFO: Extracting primitive: Front right sidewall lettering.025
08:22:23 | INFO: Primitives created: 1
08:22:23 | INFO: Extracting primitive: Front right sidewall lettering.026
08:22:23 | INFO: Primitives created: 1
08:22:23 | INFO: Extracting primitive: Front right sidewall lettering.027
08:22:23 | INFO: Primitives created: 1
08:22:23 | INFO: Extracting primitive: Front right sidewall lettering.028
08:22:23 | INFO: Primitives created: 1
08:22:23 | INFO: Extracting primitive: Front right sidewall lettering.029
08:22:23 | INFO: Primitives created: 1
08:22:23 | INFO: Extracting primitive: Front right sidewall lettering.030
08:22:23 | INFO: Primitives created: 1
08:22:23 | INFO: Extracting primitive: Front right sidewall lettering.031
08:22:23 | INFO: Primitives created: 1
08:22:23 | INFO: Extracting primitive: Front right sidewall lettering.032
08:22:23 | INFO: Primitives created: 1
08:22:23 | INFO: Extracting primitive: Front right sidewall lettering.033
08:22:23 | INFO: Primitives created: 1
08:22:23 | INFO: Extracting primitive: Front right sidewall lettering.034
08:22:23 | INFO: Primitives created: 1
08:22:23 | INFO: Extracting primitive: Front right sidewall lettering.035
08:22:23 | INFO: Primitives created: 0
08:22:23 | WARNING: Mesh 'Front right sidewall lettering.035' has no primitives and will be omitted.
08:22:23 | INFO: Extracting primitive: Front right sidewall lettering.036
08:22:23 | INFO: Primitives created: 1
08:22:23 | INFO: Extracting primitive: Front right sidewall lettering.037
08:22:23 | INFO: Primitives created: 1
08:22:23 | INFO: Extracting primitive: Front right sidewall lettering.038
08:22:23 | INFO: Primitives created: 1
08:22:23 | INFO: Extracting primitive: Front right sidewall lettering.039
08:22:23 | INFO: Primitives created: 1
08:22:23 | INFO: Extracting primitive: Front right sidewall lettering.040
08:22:23 | INFO: Primitives created: 1
08:22:23 | INFO: Extracting primitive: Front right sidewall lettering.041
08:22:23 | INFO: Primitives created: 0
08:22:23 | WARNING: Mesh 'Front right sidewall lettering.041' has no primitives and will be omitted.
08:22:23 | INFO: Extracting primitive: Front right sidewall lettering.042
08:22:23 | INFO: Primitives created: 1
08:22:23 | INFO: Extracting primitive: Front right sidewall lettering.043
08:22:23 | INFO: Primitives created: 1
08:22:23 | INFO: Extracting primitive: Rear left | tire carcass.001
08:22:23 | INFO: Primitives created: 1
08:22:23 | INFO: Extracting primitive: Torus.043
08:22:23 | INFO: Primitives created: 1
08:22:23 | INFO: Extracting primitive: Torus.044
08:22:23 | INFO: Primitives created: 1
08:22:23 | INFO: Extracting primitive: Torus.045
08:22:23 | INFO: Primitives created: 1
08:22:23 | INFO: Extracting primitive: Rear left directional tread | 792 blocks.001
08:22:23 | INFO: Primitives created: 1
08:22:23 | INFO: Extracting primitive: Rear left cast rim barrel.001
08:22:23 | INFO: Primitives created: 1
08:22:23 | INFO: Extracting primitive: Torus.046
08:22:23 | INFO: Primitives created: 1
08:22:23 | INFO: Extracting primitive: Torus.047
08:22:23 | INFO: Primitives created: 1
08:22:23 | INFO: Extracting primitive: Cylinder.496
08:22:23 | INFO: Primitives created: 1
08:22:23 | INFO: Extracting primitive: Torus.048
08:22:23 | INFO: Primitives created: 1
08:22:23 | INFO: Extracting primitive: Cylinder.497
08:22:23 | INFO: Primitives created: 1
08:22:23 | INFO: Extracting primitive: Cylinder.498
08:22:23 | INFO: Primitives created: 1
08:22:23 | INFO: Extracting primitive: Cylinder.499
08:22:23 | INFO: Primitives created: 1
08:22:23 | INFO: Extracting primitive: Cylinder.500
08:22:23 | INFO: Primitives created: 1
08:22:23 | INFO: Extracting primitive: Cylinder.501
08:22:23 | INFO: Primitives created: 1
08:22:23 | INFO: Extracting primitive: Cylinder.502
08:22:23 | INFO: Primitives created: 1
08:22:23 | INFO: Extracting primitive: Cylinder.503
08:22:23 | INFO: Primitives created: 1
08:22:23 | INFO: Extracting primitive: Cylinder.504
08:22:23 | INFO: Primitives created: 1
08:22:23 | INFO: Extracting primitive: Cylinder.505
08:22:23 | INFO: Primitives created: 1
08:22:23 | INFO: Extracting primitive: Cylinder.506
08:22:23 | INFO: Primitives created: 1
08:22:23 | INFO: Extracting primitive: Cylinder.507
08:22:23 | INFO: Primitives created: 1
08:22:23 | INFO: Extracting primitive: Cylinder.508
08:22:23 | INFO: Primitives created: 1
08:22:23 | INFO: Extracting primitive: Cylinder.509
08:22:23 | INFO: Primitives created: 1
08:22:23 | INFO: Extracting primitive: Cylinder.510
08:22:23 | INFO: Primitives created: 1
08:22:23 | INFO: Extracting primitive: Cylinder.511
08:22:23 | INFO: Primitives created: 1
08:22:23 | INFO: Extracting primitive: Cylinder.512
08:22:23 | INFO: Primitives created: 1
08:22:23 | INFO: Extracting primitive: Cylinder.513
08:22:23 | INFO: Primitives created: 1
08:22:23 | INFO: Extracting primitive: Cylinder.514
08:22:23 | INFO: Primitives created: 1
08:22:23 | INFO: Extracting primitive: Cylinder.515
08:22:23 | INFO: Primitives created: 1
08:22:23 | INFO: Extracting primitive: Cylinder.516
08:22:23 | INFO: Primitives created: 1
08:22:23 | INFO: Extracting primitive: Cylinder.517
08:22:23 | INFO: Primitives created: 1
08:22:23 | INFO: Extracting primitive: Cylinder.518
08:22:23 | INFO: Primitives created: 1
08:22:23 | INFO: Extracting primitive: Cylinder.519
08:22:23 | INFO: Primitives created: 1
08:22:23 | INFO: Extracting primitive: Cylinder.520
08:22:23 | INFO: Primitives created: 1
08:22:23 | INFO: Extracting primitive: Cylinder.521
08:22:23 | INFO: Primitives created: 1
08:22:23 | INFO: Extracting primitive: Cylinder.522
08:22:23 | INFO: Primitives created: 1
08:22:23 | INFO: Extracting primitive: Cylinder.523
08:22:23 | INFO: Primitives created: 1
08:22:23 | INFO: Extracting primitive: Cylinder.524
08:22:23 | INFO: Primitives created: 1
08:22:23 | INFO: Extracting primitive: Cylinder.525
08:22:23 | INFO: Primitives created: 1
08:22:23 | INFO: Extracting primitive: Cylinder.526
08:22:23 | INFO: Primitives created: 1
08:22:23 | INFO: Extracting primitive: Cylinder.527
08:22:23 | INFO: Primitives created: 1
08:22:23 | INFO: Extracting primitive: Cylinder.528
08:22:23 | INFO: Primitives created: 1
08:22:23 | INFO: Extracting primitive: Cylinder.529
08:22:23 | INFO: Primitives created: 1
08:22:23 | INFO: Extracting primitive: Cylinder.530
08:22:23 | INFO: Primitives created: 1
08:22:23 | INFO: Extracting primitive: Cylinder.531
08:22:23 | INFO: Primitives created: 1
08:22:23 | INFO: Extracting primitive: Cylinder.532
08:22:24 | INFO: Primitives created: 1
08:22:24 | INFO: Extracting primitive: Cylinder.533
08:22:24 | INFO: Primitives created: 1
08:22:24 | INFO: Extracting primitive: Cylinder.534
08:22:24 | INFO: Primitives created: 1
08:22:24 | INFO: Extracting primitive: Cylinder.535
08:22:24 | INFO: Primitives created: 1
08:22:24 | INFO: Extracting primitive: Cylinder.536
08:22:24 | INFO: Primitives created: 1
08:22:24 | INFO: Extracting primitive: Cylinder.537
08:22:24 | INFO: Primitives created: 1
08:22:24 | INFO: Extracting primitive: Cylinder.538
08:22:24 | INFO: Primitives created: 1
08:22:24 | INFO: Extracting primitive: Cylinder.539
08:22:24 | INFO: Primitives created: 1
08:22:24 | INFO: Extracting primitive: Cylinder.540
08:22:24 | INFO: Primitives created: 1
08:22:24 | INFO: Extracting primitive: Cylinder.541
08:22:24 | INFO: Primitives created: 1
08:22:24 | INFO: Extracting primitive: Cylinder.542
08:22:24 | INFO: Primitives created: 1
08:22:24 | INFO: Extracting primitive: Cylinder.543
08:22:24 | INFO: Primitives created: 1
08:22:24 | INFO: Extracting primitive: Cylinder.544
08:22:24 | INFO: Primitives created: 1
08:22:24 | INFO: Extracting primitive: Cylinder.545
08:22:24 | INFO: Primitives created: 1
08:22:24 | INFO: Extracting primitive: Cylinder.546
08:22:24 | INFO: Primitives created: 1
08:22:24 | INFO: Extracting primitive: Cylinder.547
08:22:24 | INFO: Primitives created: 1
08:22:24 | INFO: Extracting primitive: Cylinder.548
08:22:24 | INFO: Primitives created: 1
08:22:24 | INFO: Extracting primitive: Cylinder.549
08:22:24 | INFO: Primitives created: 1
08:22:24 | INFO: Extracting primitive: Cylinder.550
08:22:24 | INFO: Primitives created: 1
08:22:24 | INFO: Extracting primitive: Cylinder.551
08:22:24 | INFO: Primitives created: 1
08:22:24 | INFO: Extracting primitive: Cylinder.552
08:22:24 | INFO: Primitives created: 1
08:22:24 | INFO: Extracting primitive: Cylinder.553
08:22:24 | INFO: Primitives created: 1
08:22:24 | INFO: Extracting primitive: Cylinder.554
08:22:24 | INFO: Primitives created: 1
08:22:24 | INFO: Extracting primitive: Cylinder.555
08:22:24 | INFO: Primitives created: 1
08:22:24 | INFO: Extracting primitive: Cylinder.556
08:22:24 | INFO: Primitives created: 1
08:22:24 | INFO: Extracting primitive: Cylinder.557
08:22:24 | INFO: Primitives created: 1
08:22:24 | INFO: Extracting primitive: Cylinder.558
08:22:24 | INFO: Primitives created: 1
08:22:24 | INFO: Extracting primitive: Cylinder.559
08:22:24 | INFO: Primitives created: 1
08:22:24 | INFO: Extracting primitive: Cylinder.560
08:22:24 | INFO: Primitives created: 1
08:22:24 | INFO: Extracting primitive: Cylinder.561
08:22:24 | INFO: Primitives created: 1
08:22:24 | INFO: Extracting primitive: Cylinder.562
08:22:24 | INFO: Primitives created: 1
08:22:24 | INFO: Extracting primitive: Cylinder.563
08:22:24 | INFO: Primitives created: 1
08:22:24 | INFO: Extracting primitive: Cylinder.564
08:22:24 | INFO: Primitives created: 1
08:22:24 | INFO: Extracting primitive: Cylinder.565
08:22:24 | INFO: Primitives created: 1
08:22:24 | INFO: Extracting primitive: Cylinder.566
08:22:24 | INFO: Primitives created: 1
08:22:24 | INFO: Extracting primitive: Cylinder.567
08:22:24 | INFO: Primitives created: 1
08:22:24 | INFO: Extracting primitive: Cylinder.568
08:22:24 | INFO: Primitives created: 1
08:22:24 | INFO: Extracting primitive: Cylinder.569
08:22:24 | INFO: Primitives created: 1
08:22:24 | INFO: Extracting primitive: Cube.097
08:22:24 | INFO: Primitives created: 1
08:22:24 | INFO: Extracting primitive: Rear left caliper marking.001
08:22:24 | INFO: Primitives created: 1
08:22:24 | INFO: Extracting primitive: Rear left machined split spoke.010
08:22:24 | INFO: Primitives created: 1
08:22:24 | INFO: Extracting primitive: Rear left black spoke pocket.010
08:22:24 | INFO: Primitives created: 1
08:22:24 | INFO: Extracting primitive: Rear left machined split spoke.011
08:22:24 | INFO: Primitives created: 1
08:22:24 | INFO: Extracting primitive: Rear left black spoke pocket.011
08:22:24 | INFO: Primitives created: 1
08:22:24 | INFO: Extracting primitive: Rear left machined split spoke.012
08:22:24 | INFO: Primitives created: 1
08:22:24 | INFO: Extracting primitive: Rear left black spoke pocket.012
08:22:24 | INFO: Primitives created: 1
08:22:24 | INFO: Extracting primitive: Rear left machined split spoke.013
08:22:24 | INFO: Primitives created: 1
08:22:24 | INFO: Extracting primitive: Rear left black spoke pocket.013
08:22:24 | INFO: Primitives created: 1
08:22:24 | INFO: Extracting primitive: Rear left machined split spoke.014
08:22:24 | INFO: Primitives created: 1
08:22:24 | INFO: Extracting primitive: Rear left black spoke pocket.014
08:22:24 | INFO: Primitives created: 1
08:22:24 | INFO: Extracting primitive: Rear left machined split spoke.015
08:22:24 | INFO: Primitives created: 1
08:22:24 | INFO: Extracting primitive: Rear left black spoke pocket.015
08:22:24 | INFO: Primitives created: 1
08:22:24 | INFO: Extracting primitive: Rear left machined split spoke.016
08:22:24 | INFO: Primitives created: 1
08:22:24 | INFO: Extracting primitive: Rear left black spoke pocket.016
08:22:24 | INFO: Primitives created: 1
08:22:24 | INFO: Extracting primitive: Rear left machined split spoke.017
08:22:24 | INFO: Primitives created: 1
08:22:24 | INFO: Extracting primitive: Rear left black spoke pocket.017
08:22:24 | INFO: Primitives created: 1
08:22:24 | INFO: Extracting primitive: Rear left machined split spoke.018
08:22:24 | INFO: Primitives created: 1
08:22:24 | INFO: Extracting primitive: Rear left black spoke pocket.018
08:22:24 | INFO: Primitives created: 1
08:22:24 | INFO: Extracting primitive: Rear left machined split spoke.019
08:22:24 | INFO: Primitives created: 1
08:22:24 | INFO: Extracting primitive: Rear left black spoke pocket.019
08:22:24 | INFO: Primitives created: 1
08:22:24 | INFO: Extracting primitive: Cylinder.570
08:22:24 | INFO: Primitives created: 1
08:22:24 | INFO: Extracting primitive: Torus.049
08:22:24 | INFO: Primitives created: 1
08:22:24 | INFO: Extracting primitive: Rear left center mi logo.001
08:22:24 | INFO: Primitives created: 1
08:22:24 | INFO: Extracting primitive: Cylinder.571
08:22:24 | INFO: Primitives created: 1
08:22:24 | INFO: Extracting primitive: Cylinder.572
08:22:24 | INFO: Primitives created: 1
08:22:24 | INFO: Extracting primitive: Cylinder.573
08:22:24 | INFO: Primitives created: 1
08:22:24 | INFO: Extracting primitive: Cylinder.574
08:22:24 | INFO: Primitives created: 1
08:22:24 | INFO: Extracting primitive: Cylinder.575
08:22:24 | INFO: Primitives created: 1
08:22:24 | INFO: Extracting primitive: Cylinder.576
08:22:24 | INFO: Primitives created: 1
08:22:24 | INFO: Extracting primitive: Rear left sidewall lettering.022
08:22:24 | INFO: Primitives created: 1
08:22:24 | INFO: Extracting primitive: Rear left sidewall lettering.023
08:22:24 | INFO: Primitives created: 1
08:22:24 | INFO: Extracting primitive: Rear left sidewall lettering.024
08:22:24 | INFO: Primitives created: 1
08:22:24 | INFO: Extracting primitive: Rear left sidewall lettering.025
08:22:24 | INFO: Primitives created: 1
08:22:24 | INFO: Extracting primitive: Rear left sidewall lettering.026
08:22:24 | INFO: Primitives created: 1
08:22:24 | INFO: Extracting primitive: Rear left sidewall lettering.027
08:22:24 | INFO: Primitives created: 1
08:22:24 | INFO: Extracting primitive: Rear left sidewall lettering.028
08:22:24 | INFO: Primitives created: 1
08:22:24 | INFO: Extracting primitive: Rear left sidewall lettering.029
08:22:24 | INFO: Primitives created: 1
08:22:24 | INFO: Extracting primitive: Rear left sidewall lettering.030
08:22:24 | INFO: Primitives created: 1
08:22:24 | INFO: Extracting primitive: Rear left sidewall lettering.031
08:22:24 | INFO: Primitives created: 1
08:22:24 | INFO: Extracting primitive: Rear left sidewall lettering.032
08:22:24 | INFO: Primitives created: 1
08:22:24 | INFO: Extracting primitive: Rear left sidewall lettering.033
08:22:24 | INFO: Primitives created: 1
08:22:24 | INFO: Extracting primitive: Rear left sidewall lettering.034
08:22:24 | INFO: Primitives created: 1
08:22:24 | INFO: Extracting primitive: Rear left sidewall lettering.035
08:22:24 | INFO: Primitives created: 0
08:22:24 | WARNING: Mesh 'Rear left sidewall lettering.035' has no primitives and will be omitted.
08:22:24 | INFO: Extracting primitive: Rear left sidewall lettering.036
08:22:24 | INFO: Primitives created: 1
08:22:24 | INFO: Extracting primitive: Rear left sidewall lettering.037
08:22:24 | INFO: Primitives created: 1
08:22:24 | INFO: Extracting primitive: Rear left sidewall lettering.038
08:22:24 | INFO: Primitives created: 1
08:22:24 | INFO: Extracting primitive: Rear left sidewall lettering.039
08:22:24 | INFO: Primitives created: 1
08:22:24 | INFO: Extracting primitive: Rear left sidewall lettering.040
08:22:24 | INFO: Primitives created: 1
08:22:24 | INFO: Extracting primitive: Rear left sidewall lettering.041
08:22:24 | INFO: Primitives created: 0
08:22:24 | WARNING: Mesh 'Rear left sidewall lettering.041' has no primitives and will be omitted.
08:22:24 | INFO: Extracting primitive: Rear left sidewall lettering.042
08:22:24 | INFO: Primitives created: 1
08:22:24 | INFO: Extracting primitive: Rear left sidewall lettering.043
08:22:24 | INFO: Primitives created: 1
08:22:24 | INFO: Extracting primitive: Rear right | tire carcass.001
08:22:24 | INFO: Primitives created: 1
08:22:24 | INFO: Extracting primitive: Torus.050
08:22:24 | INFO: Primitives created: 1
08:22:24 | INFO: Extracting primitive: Torus.051
08:22:24 | INFO: Primitives created: 1
08:22:24 | INFO: Extracting primitive: Torus.052
08:22:24 | INFO: Primitives created: 1
08:22:24 | INFO: Extracting primitive: Rear right directional tread | 792 blocks.001
08:22:24 | INFO: Primitives created: 1
08:22:24 | INFO: Extracting primitive: Rear right cast rim barrel.001
08:22:24 | INFO: Primitives created: 1
08:22:24 | INFO: Extracting primitive: Torus.053
08:22:24 | INFO: Primitives created: 1
08:22:24 | INFO: Extracting primitive: Torus.054
08:22:24 | INFO: Primitives created: 1
08:22:24 | INFO: Extracting primitive: Cylinder.577
08:22:24 | INFO: Primitives created: 1
08:22:24 | INFO: Extracting primitive: Torus.055
08:22:24 | INFO: Primitives created: 1
08:22:24 | INFO: Extracting primitive: Cylinder.578
08:22:24 | INFO: Primitives created: 1
08:22:24 | INFO: Extracting primitive: Cylinder.579
08:22:24 | INFO: Primitives created: 1
08:22:24 | INFO: Extracting primitive: Cylinder.580
08:22:24 | INFO: Primitives created: 1
08:22:24 | INFO: Extracting primitive: Cylinder.581
08:22:24 | INFO: Primitives created: 1
08:22:24 | INFO: Extracting primitive: Cylinder.582
08:22:24 | INFO: Primitives created: 1
08:22:24 | INFO: Extracting primitive: Cylinder.583
08:22:24 | INFO: Primitives created: 1
08:22:24 | INFO: Extracting primitive: Cylinder.584
08:22:24 | INFO: Primitives created: 1
08:22:24 | INFO: Extracting primitive: Cylinder.585
08:22:24 | INFO: Primitives created: 1
08:22:24 | INFO: Extracting primitive: Cylinder.586
08:22:24 | INFO: Primitives created: 1
08:22:24 | INFO: Extracting primitive: Cylinder.587
08:22:24 | INFO: Primitives created: 1
08:22:24 | INFO: Extracting primitive: Cylinder.588
08:22:24 | INFO: Primitives created: 1
08:22:24 | INFO: Extracting primitive: Cylinder.589
08:22:24 | INFO: Primitives created: 1
08:22:24 | INFO: Extracting primitive: Cylinder.590
08:22:24 | INFO: Primitives created: 1
08:22:24 | INFO: Extracting primitive: Cylinder.591
08:22:24 | INFO: Primitives created: 1
08:22:24 | INFO: Extracting primitive: Cylinder.592
08:22:24 | INFO: Primitives created: 1
08:22:24 | INFO: Extracting primitive: Cylinder.593
08:22:24 | INFO: Primitives created: 1
08:22:24 | INFO: Extracting primitive: Cylinder.594
08:22:24 | INFO: Primitives created: 1
08:22:24 | INFO: Extracting primitive: Cylinder.595
08:22:24 | INFO: Primitives created: 1
08:22:24 | INFO: Extracting primitive: Cylinder.596
08:22:24 | INFO: Primitives created: 1
08:22:24 | INFO: Extracting primitive: Cylinder.597
08:22:24 | INFO: Primitives created: 1
08:22:24 | INFO: Extracting primitive: Cylinder.598
08:22:24 | INFO: Primitives created: 1
08:22:24 | INFO: Extracting primitive: Cylinder.599
08:22:24 | INFO: Primitives created: 1
08:22:24 | INFO: Extracting primitive: Cylinder.600
08:22:24 | INFO: Primitives created: 1
08:22:24 | INFO: Extracting primitive: Cylinder.601
08:22:24 | INFO: Primitives created: 1
08:22:24 | INFO: Extracting primitive: Cylinder.602
08:22:24 | INFO: Primitives created: 1
08:22:24 | INFO: Extracting primitive: Cylinder.603
08:22:24 | INFO: Primitives created: 1
08:22:24 | INFO: Extracting primitive: Cylinder.604
08:22:24 | INFO: Primitives created: 1
08:22:24 | INFO: Extracting primitive: Cylinder.605
08:22:24 | INFO: Primitives created: 1
08:22:24 | INFO: Extracting primitive: Cylinder.606
08:22:24 | INFO: Primitives created: 1
08:22:24 | INFO: Extracting primitive: Cylinder.607
08:22:24 | INFO: Primitives created: 1
08:22:24 | INFO: Extracting primitive: Cylinder.608
08:22:24 | INFO: Primitives created: 1
08:22:24 | INFO: Extracting primitive: Cylinder.609
08:22:24 | INFO: Primitives created: 1
08:22:24 | INFO: Extracting primitive: Cylinder.610
08:22:24 | INFO: Primitives created: 1
08:22:24 | INFO: Extracting primitive: Cylinder.611
08:22:24 | INFO: Primitives created: 1
08:22:24 | INFO: Extracting primitive: Cylinder.612
08:22:24 | INFO: Primitives created: 1
08:22:24 | INFO: Extracting primitive: Cylinder.613
08:22:24 | INFO: Primitives created: 1
08:22:24 | INFO: Extracting primitive: Cylinder.614
08:22:24 | INFO: Primitives created: 1
08:22:24 | INFO: Extracting primitive: Cylinder.615
08:22:24 | INFO: Primitives created: 1
08:22:24 | INFO: Extracting primitive: Cylinder.616
08:22:24 | INFO: Primitives created: 1
08:22:24 | INFO: Extracting primitive: Cylinder.617
08:22:24 | INFO: Primitives created: 1
08:22:24 | INFO: Extracting primitive: Cylinder.618
08:22:24 | INFO: Primitives created: 1
08:22:24 | INFO: Extracting primitive: Cylinder.619
08:22:24 | INFO: Primitives created: 1
08:22:24 | INFO: Extracting primitive: Cylinder.620
08:22:24 | INFO: Primitives created: 1
08:22:24 | INFO: Extracting primitive: Cylinder.621
08:22:24 | INFO: Primitives created: 1
08:22:24 | INFO: Extracting primitive: Cylinder.622
08:22:24 | INFO: Primitives created: 1
08:22:24 | INFO: Extracting primitive: Cylinder.623
08:22:24 | INFO: Primitives created: 1
08:22:24 | INFO: Extracting primitive: Cylinder.624
08:22:24 | INFO: Primitives created: 1
08:22:24 | INFO: Extracting primitive: Cylinder.625
08:22:24 | INFO: Primitives created: 1
08:22:24 | INFO: Extracting primitive: Cylinder.626
08:22:24 | INFO: Primitives created: 1
08:22:24 | INFO: Extracting primitive: Cylinder.627
08:22:24 | INFO: Primitives created: 1
08:22:24 | INFO: Extracting primitive: Cylinder.628
08:22:24 | INFO: Primitives created: 1
08:22:24 | INFO: Extracting primitive: Cylinder.629
08:22:24 | INFO: Primitives created: 1
08:22:24 | INFO: Extracting primitive: Cylinder.630
08:22:24 | INFO: Primitives created: 1
08:22:24 | INFO: Extracting primitive: Cylinder.631
08:22:24 | INFO: Primitives created: 1
08:22:24 | INFO: Extracting primitive: Cylinder.632
08:22:24 | INFO: Primitives created: 1
08:22:24 | INFO: Extracting primitive: Cylinder.633
08:22:24 | INFO: Primitives created: 1
08:22:24 | INFO: Extracting primitive: Cylinder.634
08:22:24 | INFO: Primitives created: 1
08:22:24 | INFO: Extracting primitive: Cylinder.635
08:22:24 | INFO: Primitives created: 1
08:22:24 | INFO: Extracting primitive: Cylinder.636
08:22:24 | INFO: Primitives created: 1
08:22:24 | INFO: Extracting primitive: Cylinder.637
08:22:24 | INFO: Primitives created: 1
08:22:24 | INFO: Extracting primitive: Cylinder.638
08:22:24 | INFO: Primitives created: 1
08:22:24 | INFO: Extracting primitive: Cylinder.639
08:22:24 | INFO: Primitives created: 1
08:22:24 | INFO: Extracting primitive: Cylinder.640
08:22:24 | INFO: Primitives created: 1
08:22:24 | INFO: Extracting primitive: Cylinder.641
08:22:24 | INFO: Primitives created: 1
08:22:24 | INFO: Extracting primitive: Cylinder.642
08:22:24 | INFO: Primitives created: 1
08:22:24 | INFO: Extracting primitive: Cylinder.643
08:22:24 | INFO: Primitives created: 1
08:22:24 | INFO: Extracting primitive: Cylinder.644
08:22:24 | INFO: Primitives created: 1
08:22:24 | INFO: Extracting primitive: Cylinder.645
08:22:24 | INFO: Primitives created: 1
08:22:24 | INFO: Extracting primitive: Cylinder.646
08:22:24 | INFO: Primitives created: 1
08:22:24 | INFO: Extracting primitive: Cylinder.647
08:22:24 | INFO: Primitives created: 1
08:22:24 | INFO: Extracting primitive: Cylinder.648
08:22:24 | INFO: Primitives created: 1
08:22:24 | INFO: Extracting primitive: Cylinder.649
08:22:24 | INFO: Primitives created: 1
08:22:24 | INFO: Extracting primitive: Cylinder.650
08:22:24 | INFO: Primitives created: 1
08:22:24 | INFO: Extracting primitive: Cube.098
08:22:24 | INFO: Primitives created: 1
08:22:24 | INFO: Extracting primitive: Rear right caliper marking.001
08:22:24 | INFO: Primitives created: 1
08:22:24 | INFO: Extracting primitive: Rear right machined split spoke.010
08:22:24 | INFO: Primitives created: 1
08:22:24 | INFO: Extracting primitive: Rear right black spoke pocket.010
08:22:24 | INFO: Primitives created: 1
08:22:24 | INFO: Extracting primitive: Rear right machined split spoke.011
08:22:24 | INFO: Primitives created: 1
08:22:24 | INFO: Extracting primitive: Rear right black spoke pocket.011
08:22:24 | INFO: Primitives created: 1
08:22:24 | INFO: Extracting primitive: Rear right machined split spoke.012
08:22:24 | INFO: Primitives created: 1
08:22:24 | INFO: Extracting primitive: Rear right black spoke pocket.012
08:22:24 | INFO: Primitives created: 1
08:22:24 | INFO: Extracting primitive: Rear right machined split spoke.013
08:22:24 | INFO: Primitives created: 1
08:22:24 | INFO: Extracting primitive: Rear right black spoke pocket.013
08:22:24 | INFO: Primitives created: 1
08:22:24 | INFO: Extracting primitive: Rear right machined split spoke.014
08:22:24 | INFO: Primitives created: 1
08:22:24 | INFO: Extracting primitive: Rear right black spoke pocket.014
08:22:24 | INFO: Primitives created: 1
08:22:24 | INFO: Extracting primitive: Rear right machined split spoke.015
08:22:24 | INFO: Primitives created: 1
08:22:24 | INFO: Extracting primitive: Rear right black spoke pocket.015
08:22:24 | INFO: Primitives created: 1
08:22:24 | INFO: Extracting primitive: Rear right machined split spoke.016
08:22:24 | INFO: Primitives created: 1
08:22:24 | INFO: Extracting primitive: Rear right black spoke pocket.016
08:22:24 | INFO: Primitives created: 1
08:22:24 | INFO: Extracting primitive: Rear right machined split spoke.017
08:22:24 | INFO: Primitives created: 1
08:22:24 | INFO: Extracting primitive: Rear right black spoke pocket.017
08:22:24 | INFO: Primitives created: 1
08:22:24 | INFO: Extracting primitive: Rear right machined split spoke.018
08:22:24 | INFO: Primitives created: 1
08:22:24 | INFO: Extracting primitive: Rear right black spoke pocket.018
08:22:24 | INFO: Primitives created: 1
08:22:24 | INFO: Extracting primitive: Rear right machined split spoke.019
08:22:24 | INFO: Primitives created: 1
08:22:24 | INFO: Extracting primitive: Rear right black spoke pocket.019
08:22:24 | INFO: Primitives created: 1
08:22:24 | INFO: Extracting primitive: Cylinder.651
08:22:24 | INFO: Primitives created: 1
08:22:24 | INFO: Extracting primitive: Torus.056
08:22:24 | INFO: Primitives created: 1
08:22:24 | INFO: Extracting primitive: Rear right center mi logo.001
08:22:24 | INFO: Primitives created: 1
08:22:24 | INFO: Extracting primitive: Cylinder.652
08:22:24 | INFO: Primitives created: 1
08:22:24 | INFO: Extracting primitive: Cylinder.653
08:22:24 | INFO: Primitives created: 1
08:22:24 | INFO: Extracting primitive: Cylinder.654
08:22:24 | INFO: Primitives created: 1
08:22:24 | INFO: Extracting primitive: Cylinder.655
08:22:24 | INFO: Primitives created: 1
08:22:24 | INFO: Extracting primitive: Cylinder.656
08:22:24 | INFO: Primitives created: 1
08:22:24 | INFO: Extracting primitive: Cylinder.657
08:22:24 | INFO: Primitives created: 1
08:22:24 | INFO: Extracting primitive: Rear right sidewall lettering.022
08:22:24 | INFO: Primitives created: 1
08:22:24 | INFO: Extracting primitive: Rear right sidewall lettering.023
08:22:24 | INFO: Primitives created: 1
08:22:24 | INFO: Extracting primitive: Rear right sidewall lettering.024
08:22:24 | INFO: Primitives created: 1
08:22:24 | INFO: Extracting primitive: Rear right sidewall lettering.025
08:22:24 | INFO: Primitives created: 1
08:22:24 | INFO: Extracting primitive: Rear right sidewall lettering.026
08:22:24 | INFO: Primitives created: 1
08:22:24 | INFO: Extracting primitive: Rear right sidewall lettering.027
08:22:24 | INFO: Primitives created: 1
08:22:24 | INFO: Extracting primitive: Rear right sidewall lettering.028
08:22:24 | INFO: Primitives created: 1
08:22:24 | INFO: Extracting primitive: Rear right sidewall lettering.029
08:22:24 | INFO: Primitives created: 1
08:22:24 | INFO: Extracting primitive: Rear right sidewall lettering.030
08:22:24 | INFO: Primitives created: 1
08:22:24 | INFO: Extracting primitive: Rear right sidewall lettering.031
08:22:24 | INFO: Primitives created: 1
08:22:24 | INFO: Extracting primitive: Rear right sidewall lettering.032
08:22:24 | INFO: Primitives created: 1
08:22:24 | INFO: Extracting primitive: Rear right sidewall lettering.033
08:22:24 | INFO: Primitives created: 1
08:22:24 | INFO: Extracting primitive: Rear right sidewall lettering.034
08:22:24 | INFO: Primitives created: 1
08:22:24 | INFO: Extracting primitive: Rear right sidewall lettering.035
08:22:24 | INFO: Primitives created: 0
08:22:24 | WARNING: Mesh 'Rear right sidewall lettering.035' has no primitives and will be omitted.
08:22:24 | INFO: Extracting primitive: Rear right sidewall lettering.036
08:22:24 | INFO: Primitives created: 1
08:22:24 | INFO: Extracting primitive: Rear right sidewall lettering.037
08:22:24 | INFO: Primitives created: 1
08:22:24 | INFO: Extracting primitive: Rear right sidewall lettering.038
08:22:24 | INFO: Primitives created: 1
08:22:24 | INFO: Extracting primitive: Rear right sidewall lettering.039
08:22:24 | INFO: Primitives created: 1
08:22:24 | INFO: Extracting primitive: Rear right sidewall lettering.040
08:22:24 | INFO: Primitives created: 1
08:22:24 | INFO: Extracting primitive: Rear right sidewall lettering.041
08:22:24 | INFO: Primitives created: 0
08:22:24 | WARNING: Mesh 'Rear right sidewall lettering.041' has no primitives and will be omitted.
08:22:24 | INFO: Extracting primitive: Rear right sidewall lettering.042
08:22:24 | INFO: Primitives created: 1
08:22:24 | INFO: Extracting primitive: Rear right sidewall lettering.043
08:22:24 | INFO: Primitives created: 1
08:22:24 | INFO: Extracting primitive: Cube.099
08:22:24 | INFO: Primitives created: 1
08:22:24 | INFO: Extracting primitive: Cube.100
08:22:24 | INFO: Primitives created: 1
08:22:24 | INFO: Extracting primitive: Cube.101
08:22:24 | INFO: Primitives created: 1
08:22:24 | INFO: Extracting primitive: Cube.102
08:22:24 | INFO: Primitives created: 1
08:22:24 | INFO: Extracting primitive: Seat piping.008
08:22:24 | INFO: Primitives created: 1
08:22:24 | INFO: Extracting primitive: Seat piping.009
08:22:24 | INFO: Primitives created: 1
08:22:24 | INFO: Extracting primitive: Cube.103
08:22:24 | INFO: Primitives created: 1
08:22:24 | INFO: Extracting primitive: Cube.104
08:22:24 | INFO: Primitives created: 1
08:22:24 | INFO: Extracting primitive: Cube.105
08:22:24 | INFO: Primitives created: 1
08:22:24 | INFO: Extracting primitive: Seat piping.010
08:22:24 | INFO: Primitives created: 1
08:22:24 | INFO: Extracting primitive: Seat piping.011
08:22:24 | INFO: Primitives created: 1
08:22:24 | INFO: Extracting primitive: Cube.106
08:22:24 | INFO: Primitives created: 1
08:22:24 | INFO: Extracting primitive: Cube.107
08:22:24 | INFO: Primitives created: 1
08:22:24 | INFO: Extracting primitive: Cube.108
08:22:24 | INFO: Primitives created: 1
08:22:24 | INFO: Extracting primitive: Seat piping.012
08:22:24 | INFO: Primitives created: 1
08:22:24 | INFO: Extracting primitive: Seat piping.013
08:22:24 | INFO: Primitives created: 1
08:22:24 | INFO: Extracting primitive: Cube.109
08:22:24 | INFO: Primitives created: 1
08:22:24 | INFO: Extracting primitive: Cube.110
08:22:24 | INFO: Primitives created: 1
08:22:24 | INFO: Extracting primitive: Cube.111
08:22:24 | INFO: Primitives created: 1
08:22:24 | INFO: Extracting primitive: Seat piping.014
08:22:24 | INFO: Primitives created: 1
08:22:24 | INFO: Extracting primitive: Seat piping.015
08:22:24 | INFO: Primitives created: 1
08:22:24 | INFO: Extracting primitive: Cube.112
08:22:24 | INFO: Primitives created: 1
08:22:24 | INFO: Extracting primitive: Cube.113
08:22:24 | INFO: Primitives created: 1
08:22:24 | INFO: Extracting primitive: Cube.114
08:22:24 | INFO: Primitives created: 1
08:22:24 | INFO: Extracting primitive: Torus.057
08:22:24 | INFO: Primitives created: 1
08:22:24 | INFO: Extracting primitive: Steering wheel spokes.001
08:22:24 | INFO: Primitives created: 1
08:22:24 | INFO: Extracting primitive: Cube.115
08:22:24 | INFO: Primitives created: 1
08:22:24 | INFO: Extracting primitive: Cube.116
08:22:24 | INFO: Primitives created: 1
08:22:24 | INFO: Extracting primitive: Cylinder.658
08:22:24 | INFO: Primitives created: 1
08:22:24 | INFO: Extracting primitive: Cylinder.659
08:22:24 | INFO: Primitives created: 1
08:22:24 | INFO: Extracting primitive: Windshield wiper arm.002
08:22:24 | INFO: Primitives created: 1
08:22:24 | INFO: Extracting primitive: Wiper rubber blade.002
08:22:24 | INFO: Primitives created: 1
08:22:24 | INFO: Extracting primitive: Windshield wiper arm.003
08:22:24 | INFO: Primitives created: 1
08:22:24 | INFO: Extracting primitive: Wiper rubber blade.003
08:22:24 | INFO: Primitives created: 1
08:22:24 | INFO: Extracting primitive: Cube.117
08:22:24 | INFO: Primitives created: 1
08:22:24 | INFO: Extracting primitive: Sphere.024
08:22:24 | INFO: Primitives created: 1
08:22:24 | INFO: Extracting primitive: Sphere.025
08:22:24 | INFO: Primitives created: 1
08:22:24 | INFO: Extracting primitive: Cube.118
08:22:24 | INFO: Primitives created: 1
08:22:25 | INFO: Finished glTF 2.0 export in 4.338167428970337 s

GLB_EXPORT_VALIDATED {'bytes': 23487712, 'meshes': 750, 'nodes': 758, 'version': 2, 'header_and_scene_valid': True}
PRODUCTION_RENDER_START front_hero
Blender 3.6.23 (hash e467db79ca8c built 2025-06-17 03:22:43)
Read prefs: "C:\Users\admin\AppData\Roaming\Blender Foundation\Blender\3.6\config\userpref.blend"
Read blend: "C:\MyProjects\TempProject (OpenAI)\su7\Xiaomi_SU7_Max.blend"
Fra:1 Mem:282.55M (Peak 282.55M) | Time:00:01.02 | Mem:0.00M, Peak:0.00M | Scene, ViewLayer | Synchronizing object | Unified aluminum body | welded hood, quarters and bumpers
Fra:1 Mem:286.19M (Peak 286.19M) | Time:00:01.02 | Mem:0.00M, Peak:0.00M | Scene, ViewLayer | Synchronizing object | Window perimeter | satin black surround
Fra:1 Mem:286.79M (Peak 286.79M) | Time:00:01.02 | Mem:0.00M, Peak:0.00M | Scene, ViewLayer | Synchronizing object | B pillar black trim
Fra:1 Mem:287.86M (Peak 287.86M) | Time:00:01.02 | Mem:0.00M, Peak:0.00M | Scene, ViewLayer | Synchronizing object | B pillar black trim.001
Fra:1 Mem:288.17M (Peak 288.17M) | Time:00:01.02 | Mem:0.00M, Peak:0.00M | Scene, ViewLayer | Synchronizing object | B pillar black trim.002
Fra:1 Mem:288.21M (Peak 288.21M) | Time:00:01.02 | Mem:0.00M, Peak:0.00M | Scene, ViewLayer | Synchronizing object | Rear quarter glass division
Fra:1 Mem:288.51M (Peak 288.51M) | Time:00:01.02 | Mem:0.00M, Peak:0.00M | Scene, ViewLayer | Synchronizing object | Painted continuous A pillar and roof rail
Fra:1 Mem:288.72M (Peak 288.72M) | Time:00:01.02 | Mem:0.00M, Peak:0.00M | Scene, ViewLayer | Synchronizing object | Roof drip molding
Fra:1 Mem:288.89M (Peak 288.89M) | Time:00:01.02 | Mem:0.00M, Peak:0.00M | Scene, ViewLayer | Synchronizing object | Window perimeter | satin black surround.001
Fra:1 Mem:289.24M (Peak 289.24M) | Time:00:01.02 | Mem:0.00M, Peak:0.00M | Scene, ViewLayer | Synchronizing object | B pillar black trim.003
Fra:1 Mem:289.28M (Peak 289.28M) | Time:00:01.02 | Mem:0.00M, Peak:0.00M | Scene, ViewLayer | Synchronizing object | B pillar black trim.004
Fra:1 Mem:289.28M (Peak 289.28M) | Time:00:01.02 | Mem:0.00M, Peak:0.00M | Scene, ViewLayer | Synchronizing object | Smooth continuous side glass
Fra:1 Mem:289.48M (Peak 289.48M) | Time:00:01.02 | Mem:0.00M, Peak:0.00M | Scene, ViewLayer | Synchronizing object | Smooth continuous side glass.001
Fra:1 Mem:297.55M (Peak 297.55M) | Time:00:01.02 | Mem:0.00M, Peak:0.00M | Scene, ViewLayer | Synchronizing object | B pillar black trim.005
Fra:1 Mem:298.03M (Peak 298.03M) | Time:00:01.02 | Mem:0.00M, Peak:0.00M | Scene, ViewLayer | Synchronizing object | Rear quarter glass division.001
Fra:1 Mem:298.06M (Peak 298.06M) | Time:00:01.02 | Mem:0.00M, Peak:0.00M | Scene, ViewLayer | Synchronizing object | Painted continuous A pillar and roof rail.001
Fra:1 Mem:298.96M (Peak 298.96M) | Time:00:01.02 | Mem:0.00M, Peak:0.00M | Scene, ViewLayer | Synchronizing object | Roof drip molding.001
Fra:1 Mem:299.13M (Peak 299.13M) | Time:00:01.02 | Mem:0.00M, Peak:0.00M | Scene, ViewLayer | Synchronizing object | Hood precision shut line
Fra:1 Mem:301.69M (Peak 301.69M) | Time:00:01.02 | Mem:0.00M, Peak:0.00M | Scene, ViewLayer | Synchronizing object | Front door leading gap
Fra:1 Mem:301.75M (Peak 301.75M) | Time:00:01.02 | Mem:0.00M, Peak:0.00M | Scene, ViewLayer | Synchronizing object | B pillar door gap
Fra:1 Mem:301.82M (Peak 301.82M) | Time:00:01.03 | Mem:0.00M, Peak:0.00M | Scene, ViewLayer | Synchronizing object | Rear door trailing gap
Fra:1 Mem:301.88M (Peak 301.88M) | Time:00:01.03 | Mem:0.00M, Peak:0.00M | Scene, ViewLayer | Synchronizing object | Rocker sill
Fra:1 Mem:301.95M (Peak 301.95M) | Time:00:01.03 | Mem:0.00M, Peak:0.00M | Scene, ViewLayer | Synchronizing object | Rocker silver edge
Fra:1 Mem:304.44M (Peak 304.44M) | Time:00:01.03 | Mem:0.00M, Peak:0.00M | Scene, ViewLayer | Synchronizing object | Handle finger undercut
Fra:1 Mem:304.44M (Peak 304.44M) | Time:00:01.03 | Mem:0.00M, Peak:0.00M | Scene, ViewLayer | Synchronizing object | Flush door handle | Aqua Blue
Fra:1 Mem:304.48M (Peak 304.48M) | Time:00:01.03 | Mem:0.00M, Peak:0.00M | Scene, ViewLayer | Synchronizing object | Handle finger undercut.001
Fra:1 Mem:304.58M (Peak 304.58M) | Time:00:01.03 | Mem:0.00M, Peak:0.00M | Scene, ViewLayer | Synchronizing object | Charging door
Fra:1 Mem:304.64M (Peak 304.64M) | Time:00:01.03 | Mem:0.00M, Peak:0.00M | Scene, ViewLayer | Synchronizing object | Fender blade polished edge
Fra:1 Mem:304.63M (Peak 304.64M) | Time:00:01.03 | Mem:0.00M, Peak:0.00M | Scene, ViewLayer | Synchronizing object | Mirror stalk
Fra:1 Mem:304.60M (Peak 304.64M) | Time:00:01.03 | Mem:0.00M, Peak:0.00M | Scene, ViewLayer | Synchronizing object | Flush door handle recess.001
Fra:1 Mem:304.64M (Peak 304.64M) | Time:00:01.03 | Mem:0.00M, Peak:0.00M | Scene, ViewLayer | Synchronizing object | Flush door handle | Aqua Blue.001
Fra:1 Mem:304.65M (Peak 304.65M) | Time:00:01.03 | Mem:0.00M, Peak:0.00M | Scene, ViewLayer | Synchronizing object | Mirror LED indicator
Fra:1 Mem:304.71M (Peak 304.71M) | Time:00:01.03 | Mem:0.00M, Peak:0.00M | Scene, ViewLayer | Synchronizing object | Rolled painted wheel arch lip
Fra:1 Mem:304.74M (Peak 304.74M) | Time:00:01.03 | Mem:0.00M, Peak:0.00M | Scene, ViewLayer | Synchronizing object | Front fender black air blade
Fra:1 Mem:304.80M (Peak 304.80M) | Time:00:01.03 | Mem:0.00M, Peak:0.00M | Scene, ViewLayer | Synchronizing object | Side camera lens.001
Fra:1 Mem:304.90M (Peak 304.90M) | Time:00:01.03 | Mem:0.00M, Peak:0.00M | Scene, ViewLayer | Synchronizing object | Wheelhouse dark reveal
Fra:1 Mem:304.87M (Peak 304.90M) | Time:00:01.03 | Mem:0.00M, Peak:0.00M | Scene, ViewLayer | Synchronizing object | Mirror black lower housing.001
Fra:1 Mem:305.08M (Peak 305.08M) | Time:00:01.03 | Mem:0.00M, Peak:0.00M | Scene, ViewLayer | Synchronizing object | Mirror painted upper cap.001
Fra:1 Mem:305.11M (Peak 305.11M) | Time:00:01.03 | Mem:0.00M, Peak:0.00M | Scene, ViewLayer | Synchronizing object | Mirror reflective glass.001
Fra:1 Mem:305.14M (Peak 305.14M) | Time:00:01.03 | Mem:0.00M, Peak:0.00M | Scene, ViewLayer | Synchronizing object | Rolled painted wheel arch lip.001
Fra:1 Mem:305.32M (Peak 305.32M) | Time:00:01.03 | Mem:0.00M, Peak:0.00M | Scene, ViewLayer | Synchronizing object | Wheelhouse liner
Fra:1 Mem:305.35M (Peak 305.35M) | Time:00:01.03 | Mem:0.00M, Peak:0.00M | Scene, ViewLayer | Synchronizing object | Wheelhouse dark reveal.001
Fra:1 Mem:305.45M (Peak 305.45M) | Time:00:01.03 | Mem:0.00M, Peak:0.00M | Scene, ViewLayer | Synchronizing object | Hood precision shut line.001
Fra:1 Mem:305.57M (Peak 305.57M) | Time:00:01.03 | Mem:0.00M, Peak:0.00M | Scene, ViewLayer | Synchronizing object | Wheelhouse liner.001
Fra:1 Mem:305.60M (Peak 305.60M) | Time:00:01.03 | Mem:0.00M, Peak:0.00M | Scene, ViewLayer | Synchronizing object | Front door leading gap.001
Fra:1 Mem:305.66M (Peak 305.66M) | Time:00:01.03 | Mem:0.00M, Peak:0.00M | Scene, ViewLayer | Synchronizing object | B pillar door gap.001
Fra:1 Mem:305.73M (Peak 305.73M) | Time:00:01.03 | Mem:0.00M, Peak:0.00M | Scene, ViewLayer | Synchronizing object | Rear door trailing gap.001
Fra:1 Mem:305.80M (Peak 305.80M) | Time:00:01.03 | Mem:0.00M, Peak:0.00M | Scene, ViewLayer | Synchronizing object | Rocker sill.001
Fra:1 Mem:305.86M (Peak 305.86M) | Time:00:01.03 | Mem:0.00M, Peak:0.00M | Scene, ViewLayer | Synchronizing object | Rocker silver edge.001
Fra:1 Mem:305.93M (Peak 305.93M) | Time:00:01.03 | Mem:0.00M, Peak:0.00M | Scene, ViewLayer | Synchronizing object | Handle finger undercut.002
Fra:1 Mem:305.93M (Peak 305.93M) | Time:00:01.03 | Mem:0.00M, Peak:0.00M | Scene, ViewLayer | Synchronizing object | Flush door handle recess.002
Fra:1 Mem:305.95M (Peak 305.95M) | Time:00:01.03 | Mem:0.00M, Peak:0.00M | Scene, ViewLayer | Synchronizing object | Handle finger undercut.003
Fra:1 Mem:306.00M (Peak 306.00M) | Time:00:01.03 | Mem:0.00M, Peak:0.00M | Scene, ViewLayer | Synchronizing object | Fender blade polished edge.001
Fra:1 Mem:306.01M (Peak 306.01M) | Time:00:01.03 | Mem:0.00M, Peak:0.00M | Scene, ViewLayer | Synchronizing object | Mirror stalk.001
Fra:1 Mem:306.02M (Peak 306.02M) | Time:00:01.03 | Mem:0.00M, Peak:0.00M | Scene, ViewLayer | Synchronizing object | Mirror LED indicator.001
Fra:1 Mem:306.01M (Peak 306.02M) | Time:00:01.03 | Mem:0.00M, Peak:0.00M | Scene, ViewLayer | Synchronizing object | Flush door handle | Aqua Blue.002
Fra:1 Mem:306.01M (Peak 306.02M) | Time:00:01.03 | Mem:0.00M, Peak:0.00M | Scene, ViewLayer | Synchronizing object | Rolled painted wheel arch lip.002
Fra:1 Mem:306.15M (Peak 306.15M) | Time:00:01.03 | Mem:0.00M, Peak:0.00M | Scene, ViewLayer | Synchronizing object | Wheelhouse dark reveal.002
Fra:1 Mem:306.25M (Peak 306.25M) | Time:00:01.03 | Mem:0.00M, Peak:0.00M | Scene, ViewLayer | Synchronizing object | Flush door handle recess.003
Fra:1 Mem:306.27M (Peak 306.27M) | Time:00:01.03 | Mem:0.00M, Peak:0.00M | Scene, ViewLayer | Synchronizing object | Rolled painted wheel arch lip.003
Fra:1 Mem:306.42M (Peak 306.42M) | Time:00:01.03 | Mem:0.00M, Peak:0.00M | Scene, ViewLayer | Synchronizing object | Wheelhouse dark reveal.003
Fra:1 Mem:306.41M (Peak 306.42M) | Time:00:01.03 | Mem:0.00M, Peak:0.00M | Scene, ViewLayer | Synchronizing object | Flush door handle | Aqua Blue.003
Fra:1 Mem:306.57M (Peak 306.57M) | Time:00:01.03 | Mem:0.00M, Peak:0.00M | Scene, ViewLayer | Synchronizing object | Headlight rubber gasket
Fra:1 Mem:306.56M (Peak 306.57M) | Time:00:01.03 | Mem:0.00M, Peak:0.00M | Scene, ViewLayer | Synchronizing object | Front fender black air blade.001
Fra:1 Mem:306.57M (Peak 306.57M) | Time:00:01.03 | Mem:0.00M, Peak:0.00M | Scene, ViewLayer | Synchronizing object | Side camera lens
Fra:1 Mem:306.69M (Peak 306.69M) | Time:00:01.03 | Mem:0.00M, Peak:0.00M | Scene, ViewLayer | Synchronizing object | Signature sweeping diagonal DRL
Fra:1 Mem:306.74M (Peak 306.74M) | Time:00:01.03 | Mem:0.00M, Peak:0.00M | Scene, ViewLayer | Synchronizing object | Mirror black lower housing
Fra:1 Mem:306.74M (Peak 306.74M) | Time:00:01.03 | Mem:0.00M, Peak:0.00M | Scene, ViewLayer | Synchronizing object | Lower segmented optical return
Fra:1 Mem:306.88M (Peak 306.88M) | Time:00:01.03 | Mem:0.00M, Peak:0.00M | Scene, ViewLayer | Synchronizing object | Mirror painted upper cap
Fra:1 Mem:306.90M (Peak 306.90M) | Time:00:01.03 | Mem:0.00M, Peak:0.00M | Scene, ViewLayer | Synchronizing object | Upper arrow DRL accent
Fra:1 Mem:306.99M (Peak 306.99M) | Time:00:01.03 | Mem:0.00M, Peak:0.00M | Scene, ViewLayer | Synchronizing object | Mirror reflective glass
Fra:1 Mem:307.09M (Peak 307.09M) | Time:00:01.03 | Mem:0.00M, Peak:0.00M | Scene, ViewLayer | Synchronizing object | Wheelhouse liner.002
Fra:1 Mem:307.09M (Peak 307.09M) | Time:00:01.03 | Mem:0.00M, Peak:0.00M | Scene, ViewLayer | Synchronizing object | Corner intake rim
Fra:1 Mem:307.13M (Peak 307.13M) | Time:00:01.03 | Mem:0.00M, Peak:0.00M | Scene, ViewLayer | Synchronizing object | Wheelhouse liner.003
Fra:1 Mem:307.14M (Peak 307.14M) | Time:00:01.03 | Mem:0.00M, Peak:0.00M | Scene, ViewLayer | Synchronizing object | Air curtain inner fin
Fra:1 Mem:307.15M (Peak 307.15M) | Time:00:01.03 | Mem:0.00M, Peak:0.00M | Scene, ViewLayer | Synchronizing object | Waterdrop headlight | dark compound-curved optical housing
Fra:1 Mem:307.15M (Peak 307.15M) | Time:00:01.03 | Mem:0.00M, Peak:0.00M | Scene, ViewLayer | Synchronizing object | Headlight rubber gasket.001
Fra:1 Mem:307.29M (Peak 307.29M) | Time:00:01.03 | Mem:0.00M, Peak:0.00M | Scene, ViewLayer | Synchronizing object | Headlight polished rim.001
Fra:1 Mem:307.29M (Peak 307.29M) | Time:00:01.03 | Mem:0.00M, Peak:0.00M | Scene, ViewLayer | Synchronizing object | Rectangular LED projector surround
Fra:1 Mem:307.35M (Peak 307.35M) | Time:00:01.03 | Mem:0.00M, Peak:0.00M | Scene, ViewLayer | Synchronizing object | Signature sweeping diagonal DRL.001
Fra:1 Mem:307.45M (Peak 307.45M) | Time:00:01.03 | Mem:0.00M, Peak:0.00M | Scene, ViewLayer | Synchronizing object | Lower segmented optical return.001
Fra:1 Mem:307.52M (Peak 307.52M) | Time:00:01.03 | Mem:0.00M, Peak:0.00M | Scene, ViewLayer | Synchronizing object | Upper arrow DRL accent.001
Fra:1 Mem:307.50M (Peak 307.52M) | Time:00:01.03 | Mem:0.00M, Peak:0.00M | Scene, ViewLayer | Synchronizing object | Deep projector optic
Fra:1 Mem:307.57M (Peak 307.57M) | Time:00:01.03 | Mem:0.00M, Peak:0.00M | Scene, ViewLayer | Synchronizing object | Corner intake rim.001
Fra:1 Mem:307.56M (Peak 307.57M) | Time:00:01.03 | Mem:0.00M, Peak:0.00M | Scene, ViewLayer | Synchronizing object | Air curtain inner fin.001
Fra:1 Mem:307.56M (Peak 307.57M) | Time:00:01.03 | Mem:0.00M, Peak:0.00M | Scene, ViewLayer | Synchronizing object | Satin front intake frame
Fra:1 Mem:307.58M (Peak 307.58M) | Time:00:01.03 | Mem:0.00M, Peak:0.00M | Scene, ViewLayer | Synchronizing object | Rectangular LED projector surround.001
Fra:1 Mem:307.60M (Peak 307.60M) | Time:00:01.03 | Mem:0.00M, Peak:0.00M | Scene, ViewLayer | Synchronizing object | Painted intake ring
Fra:1 Mem:307.67M (Peak 307.67M) | Time:00:01.03 | Mem:0.00M, Peak:0.00M | Scene, ViewLayer | Synchronizing object | Painted intake ring.001
Fra:1 Mem:307.69M (Peak 307.69M) | Time:00:01.03 | Mem:0.00M, Peak:0.00M | Scene, ViewLayer | Synchronizing object | Horizontal grille louver
Fra:1 Mem:307.72M (Peak 307.72M) | Time:00:01.03 | Mem:0.00M, Peak:0.00M | Scene, ViewLayer | Synchronizing object | Horizontal grille louver.001
Fra:1 Mem:307.71M (Peak 307.72M) | Time:00:01.03 | Mem:0.00M, Peak:0.00M | Scene, ViewLayer | Synchronizing object | Deep projector optic.001
Fra:1 Mem:307.73M (Peak 307.73M) | Time:00:01.03 | Mem:0.00M, Peak:0.00M | Scene, ViewLayer | Synchronizing object | Horizontal grille louver.002
Fra:1 Mem:307.82M (Peak 307.82M) | Time:00:01.03 | Mem:0.00M, Peak:0.00M | Scene, ViewLayer | Synchronizing object | Horizontal grille louver.003
Fra:1 Mem:307.86M (Peak 307.86M) | Time:00:01.03 | Mem:0.00M, Peak:0.00M | Scene, ViewLayer | Synchronizing object | Grille vertical reinforcement
Fra:1 Mem:307.85M (Peak 307.86M) | Time:00:01.03 | Mem:0.00M, Peak:0.00M | Scene, ViewLayer | Synchronizing object | Grille vertical reinforcement.001
Fra:1 Mem:307.87M (Peak 307.87M) | Time:00:01.03 | Mem:0.00M, Peak:0.00M | Scene, ViewLayer | Synchronizing object | Grille vertical reinforcement.002
Fra:1 Mem:307.84M (Peak 307.87M) | Time:00:01.03 | Mem:0.00M, Peak:0.00M | Scene, ViewLayer | Synchronizing object | Grille vertical reinforcement.003
Fra:1 Mem:307.84M (Peak 307.87M) | Time:00:01.03 | Mem:0.00M, Peak:0.00M | Scene, ViewLayer | Synchronizing object | Grille vertical reinforcement.004
Fra:1 Mem:307.86M (Peak 307.87M) | Time:00:01.04 | Mem:0.00M, Peak:0.00M | Scene, ViewLayer | Synchronizing object | Grille vertical reinforcement.005
Fra:1 Mem:307.83M (Peak 307.87M) | Time:00:01.04 | Mem:0.00M, Peak:0.00M | Scene, ViewLayer | Synchronizing object | Grille vertical reinforcement.006
Fra:1 Mem:307.83M (Peak 307.87M) | Time:00:01.04 | Mem:0.00M, Peak:0.00M | Scene, ViewLayer | Synchronizing object | Rectangular LED projector surround.002
Fra:1 Mem:307.83M (Peak 307.87M) | Time:00:01.04 | Mem:0.00M, Peak:0.00M | Scene, ViewLayer | Synchronizing object | Grille vertical reinforcement.007
Fra:1 Mem:307.88M (Peak 307.88M) | Time:00:01.04 | Mem:0.00M, Peak:0.00M | Scene, ViewLayer | Synchronizing object | Grille vertical reinforcement.008
Fra:1 Mem:307.90M (Peak 307.90M) | Time:00:01.04 | Mem:0.00M, Peak:0.00M | Scene, ViewLayer | Synchronizing object | Grille vertical reinforcement.009
Fra:1 Mem:307.91M (Peak 307.91M) | Time:00:01.04 | Mem:0.00M, Peak:0.00M | Scene, ViewLayer | Synchronizing object | Grille vertical reinforcement.010
Fra:1 Mem:307.91M (Peak 307.91M) | Time:00:01.04 | Mem:0.00M, Peak:0.00M | Scene, ViewLayer | Synchronizing object | Front splitter blade
Fra:1 Mem:307.98M (Peak 307.98M) | Time:00:01.04 | Mem:0.00M, Peak:0.00M | Scene, ViewLayer | Synchronizing object | Deep projector optic.002
Fra:1 Mem:307.99M (Peak 307.99M) | Time:00:01.04 | Mem:0.00M, Peak:0.00M | Scene, ViewLayer | Synchronizing object | Front plate lettering
Fra:1 Mem:308.78M (Peak 308.78M) | Time:00:01.04 | Mem:0.00M, Peak:0.00M | Scene, ViewLayer | Synchronizing object | Rectangular LED projector surround.003
Fra:1 Mem:308.96M (Peak 308.96M) | Time:00:01.04 | Mem:0.00M, Peak:0.00M | Scene, ViewLayer | Synchronizing object | Deep projector optic.003
Fra:1 Mem:309.05M (Peak 309.05M) | Time:00:01.04 | Mem:0.00M, Peak:0.00M | Scene, ViewLayer | Synchronizing object | Vertical corner air curtain
Fra:1 Mem:309.05M (Peak 309.05M) | Time:00:01.04 | Mem:0.00M, Peak:0.00M | Scene, ViewLayer | Synchronizing object | Waterdrop headlight | dark compound-curved optical housing.001
Fra:1 Mem:309.25M (Peak 309.25M) | Time:00:01.04 | Mem:0.00M, Peak:0.00M | Scene, ViewLayer | Synchronizing object | Rectangular LED projector surround.004
Fra:1 Mem:309.25M (Peak 309.25M) | Time:00:01.04 | Mem:0.00M, Peak:0.00M | Scene, ViewLayer | Synchronizing object | Deep projector optic.004
Fra:1 Mem:311.95M (Peak 311.96M) | Time:00:01.04 | Mem:0.00M, Peak:0.00M | Scene, ViewLayer | Synchronizing object | Rectangular LED projector surround.005
Fra:1 Mem:311.93M (Peak 311.96M) | Time:00:01.04 | Mem:0.00M, Peak:0.00M | Scene, ViewLayer | Synchronizing object | Deep projector optic.005
Fra:1 Mem:311.99M (Peak 311.99M) | Time:00:01.04 | Mem:0.00M, Peak:0.00M | Scene, ViewLayer | Synchronizing object | Rear lamp outer seal
Fra:1 Mem:312.10M (Peak 312.10M) | Time:00:01.04 | Mem:0.00M, Peak:0.00M | Scene, ViewLayer | Synchronizing object | Continuous halo rear LED
Fra:1 Mem:312.09M (Peak 312.10M) | Time:00:01.04 | Mem:0.00M, Peak:0.00M | Scene, ViewLayer | Synchronizing object | Lower full-width LED filament
Fra:1 Mem:312.10M (Peak 312.10M) | Time:00:01.04 | Mem:0.00M, Peak:0.00M | Scene, ViewLayer | Synchronizing object | Rectangular LED projector surround.006
Fra:1 Mem:309.70M (Peak 312.10M) | Time:00:01.04 | Mem:0.00M, Peak:0.00M | Scene, ViewLayer | Synchronizing object | Deep projector optic.006
Fra:1 Mem:309.92M (Peak 312.10M) | Time:00:01.04 | Mem:0.00M, Peak:0.00M | Scene, ViewLayer | Synchronizing object | Rectangular LED projector surround.007
Fra:1 Mem:309.90M (Peak 312.10M) | Time:00:01.04 | Mem:0.00M, Peak:0.00M | Scene, ViewLayer | Synchronizing object | Inner taillight return
Fra:1 Mem:309.93M (Peak 312.10M) | Time:00:01.04 | Mem:0.00M, Peak:0.00M | Scene, ViewLayer | Synchronizing object | Deep projector optic.007
Fra:1 Mem:309.96M (Peak 312.10M) | Time:00:01.04 | Mem:0.00M, Peak:0.00M | Scene, ViewLayer | Synchronizing object | Rear vent rim
Fra:1 Mem:312.46M (Peak 312.49M) | Time:00:01.04 | Mem:0.00M, Peak:0.00M | Scene, ViewLayer | Synchronizing object | Trunk panel shut line
Fra:1 Mem:312.50M (Peak 312.50M) | Time:00:01.04 | Mem:0.00M, Peak:0.00M | Scene, ViewLayer | Synchronizing object | Vertical corner air curtain.001
Fra:1 Mem:312.55M (Peak 312.55M) | Time:00:01.04 | Mem:0.00M, Peak:0.00M | Scene, ViewLayer | Synchronizing object | Inner taillight return.001
Fra:1 Mem:312.53M (Peak 312.55M) | Time:00:01.04 | Mem:0.00M, Peak:0.00M | Scene, ViewLayer | Synchronizing object | Wide trapezoidal front lower intake
Fra:1 Mem:312.53M (Peak 312.55M) | Time:00:01.04 | Mem:0.00M, Peak:0.00M | Scene, ViewLayer | Synchronizing object | Rear vent rim.001
Fra:1 Mem:312.59M (Peak 312.59M) | Time:00:01.04 | Mem:0.00M, Peak:0.00M | Scene, ViewLayer | Synchronizing object | Trunk panel shut line.001
Fra:1 Mem:312.72M (Peak 312.72M) | Time:00:01.04 | Mem:0.00M, Peak:0.00M | Scene, ViewLayer | Synchronizing object | Sculpted Aqua Blue intake side surround.001
Fra:1 Mem:312.73M (Peak 312.73M) | Time:00:01.04 | Mem:0.00M, Peak:0.00M | Scene, ViewLayer | Synchronizing object | Front license plate bracket
Fra:1 Mem:312.77M (Peak 312.77M) | Time:00:01.04 | Mem:0.00M, Peak:0.00M | Scene, ViewLayer | Synchronizing object | Rear diffuser painted buttress
Fra:1 Mem:312.90M (Peak 312.90M) | Time:00:01.04 | Mem:0.00M, Peak:0.00M | Scene, ViewLayer | Synchronizing object | Front license plate
Fra:1 Mem:310.52M (Peak 312.90M) | Time:00:01.04 | Mem:0.00M, Peak:0.00M | Scene, ViewLayer | Synchronizing object | Ultrasonic parking sensor
Fra:1 Mem:310.55M (Peak 312.90M) | Time:00:01.04 | Mem:0.00M, Peak:0.00M | Scene, ViewLayer | Synchronizing object | License plate screw
Fra:1 Mem:310.53M (Peak 312.90M) | Time:00:01.04 | Mem:0.00M, Peak:0.00M | Scene, ViewLayer | Synchronizing object | Ultrasonic parking sensor.001
Fra:1 Mem:310.51M (Peak 312.90M) | Time:00:01.04 | Mem:0.00M, Peak:0.00M | Scene, ViewLayer | Synchronizing object | License plate screw.001
Fra:1 Mem:310.57M (Peak 312.90M) | Time:00:01.04 | Mem:0.00M, Peak:0.00M | Scene, ViewLayer | Synchronizing object | Xiaomi hood emblem
Fra:1 Mem:310.62M (Peak 312.90M) | Time:00:01.04 | Mem:0.00M, Peak:0.00M | Scene, ViewLayer | Synchronizing object | Front perception camera
Fra:1 Mem:310.72M (Peak 312.90M) | Time:00:01.04 | Mem:0.00M, Peak:0.00M | Scene, ViewLayer | Synchronizing object | Full-width smoked rear lamp housing
Fra:1 Mem:310.71M (Peak 312.90M) | Time:00:01.04 | Mem:0.00M, Peak:0.00M | Scene, ViewLayer | Synchronizing object | Halo rear red optical bed
Fra:1 Mem:310.73M (Peak 312.90M) | Time:00:01.04 | Mem:0.00M, Peak:0.00M | Scene, ViewLayer | Synchronizing object | Rear bumper side air outlet
Fra:1 Mem:311.05M (Peak 312.90M) | Time:00:01.04 | Mem:0.00M, Peak:0.00M | Scene, ViewLayer | Synchronizing object | Rear lower reflector
Fra:1 Mem:311.05M (Peak 312.90M) | Time:00:01.04 | Mem:0.00M, Peak:0.00M | Scene, ViewLayer | Synchronizing object | Rear diffuser lower lip
Fra:1 Mem:311.05M (Peak 312.90M) | Time:00:01.04 | Mem:0.00M, Peak:0.00M | Scene, ViewLayer | Synchronizing object | Rear bumper side air outlet.001
Fra:1 Mem:311.15M (Peak 312.90M) | Time:00:01.04 | Mem:0.00M, Peak:0.00M | Scene, ViewLayer | Synchronizing object | Rear lower reflector.001
Fra:1 Mem:311.30M (Peak 312.90M) | Time:00:01.04 | Mem:0.00M, Peak:0.00M | Scene, ViewLayer | Synchronizing object | Rear diffuser black valance
Fra:1 Mem:311.39M (Peak 312.90M) | Time:00:01.04 | Mem:0.00M, Peak:0.00M | Scene, ViewLayer | Synchronizing object | Rear plate SU7
Fra:1 Mem:311.50M (Peak 312.90M) | Time:00:01.04 | Mem:0.00M, Peak:0.00M | Scene, ViewLayer | Synchronizing object | Underfloor diffuser strake
Fra:1 Mem:311.70M (Peak 312.90M) | Time:00:01.04 | Mem:0.00M, Peak:0.00M | Scene, ViewLayer | Synchronizing object | Underfloor diffuser strake.001
Fra:1 Mem:311.80M (Peak 312.90M) | Time:00:01.04 | Mem:0.00M, Peak:0.00M | Scene, ViewLayer | Synchronizing object | Underfloor diffuser strake.002
Fra:1 Mem:311.72M (Peak 312.90M) | Time:00:01.04 | Mem:0.00M, Peak:0.00M | Scene, ViewLayer | Synchronizing object | Rear spaced Xiaomi lettering | x
Fra:1 Mem:311.85M (Peak 312.90M) | Time:00:01.04 | Mem:0.00M, Peak:0.00M | Scene, ViewLayer | Synchronizing object | Rear spaced Xiaomi lettering | i
Fra:1 Mem:311.87M (Peak 312.90M) | Time:00:01.04 | Mem:0.00M, Peak:0.00M | Scene, ViewLayer | Synchronizing object | Underfloor diffuser strake.003
Fra:1 Mem:311.91M (Peak 312.90M) | Time:00:01.04 | Mem:0.00M, Peak:0.00M | Scene, ViewLayer | Synchronizing object | Rear spaced Xiaomi lettering | a
Fra:1 Mem:312.00M (Peak 312.90M) | Time:00:01.04 | Mem:0.00M, Peak:0.00M | Scene, ViewLayer | Synchronizing object | Underfloor diffuser strake.004
Fra:1 Mem:312.11M (Peak 312.90M) | Time:00:01.04 | Mem:0.00M, Peak:0.00M | Scene, ViewLayer | Synchronizing object | Rear plate bracket
Fra:1 Mem:312.25M (Peak 312.90M) | Time:00:01.04 | Mem:0.00M, Peak:0.00M | Scene, ViewLayer | Synchronizing object | Rear spaced Xiaomi lettering | o
Fra:1 Mem:312.24M (Peak 312.90M) | Time:00:01.04 | Mem:0.00M, Peak:0.00M | Scene, ViewLayer | Synchronizing object | Rear license plate
Fra:1 Mem:312.38M (Peak 312.90M) | Time:00:01.04 | Mem:0.00M, Peak:0.00M | Scene, ViewLayer | Synchronizing object | Rear spaced Xiaomi lettering | m
Fra:1 Mem:312.50M (Peak 312.90M) | Time:00:01.04 | Mem:0.00M, Peak:0.00M | Scene, ViewLayer | Synchronizing object | Rear spaced Xiaomi lettering | i.001
Fra:1 Mem:312.57M (Peak 312.90M) | Time:00:01.04 | Mem:0.00M, Peak:0.00M | Scene, ViewLayer | Synchronizing object | Rear model badge
Fra:1 Mem:312.86M (Peak 312.90M) | Time:00:01.04 | Mem:0.00M, Peak:0.00M | Scene, ViewLayer | Synchronizing object | Rear Max badge
Fra:1 Mem:313.14M (Peak 313.14M) | Time:00:01.04 | Mem:0.00M, Peak:0.00M | Scene, ViewLayer | Synchronizing object | Rear manufacturer badge
Fra:1 Mem:313.33M (Peak 313.33M) | Time:00:01.04 | Mem:0.00M, Peak:0.00M | Scene, ViewLayer | Synchronizing object | Integrated rear deck ducktail
Fra:1 Mem:313.47M (Peak 313.47M) | Time:00:01.04 | Mem:0.00M, Peak:0.00M | Scene, ViewLayer | Synchronizing object | Retractable spoiler shut line
Fra:1 Mem:313.55M (Peak 313.55M) | Time:00:01.04 | Mem:0.00M, Peak:0.00M | Scene, ViewLayer | Synchronizing object | Rear parking camera
Fra:1 Mem:313.59M (Peak 313.59M) | Time:00:01.04 | Mem:0.00M, Peak:0.00M | Scene, ViewLayer | Synchronizing object | Front left | tire carcass
Fra:1 Mem:313.75M (Peak 313.75M) | Time:00:01.04 | Mem:0.00M, Peak:0.00M | Scene, ViewLayer | Synchronizing object | Front left tire molded sidewall ring.001
Fra:1 Mem:313.92M (Peak 313.92M) | Time:00:01.05 | Mem:0.00M, Peak:0.00M | Scene, ViewLayer | Synchronizing object | Front left tire molded sidewall ring.002
Fra:1 Mem:314.03M (Peak 314.03M) | Time:00:01.05 | Mem:0.00M, Peak:0.00M | Scene, ViewLayer | Synchronizing object | Front left tire molded sidewall ring
Fra:1 Mem:314.08M (Peak 314.08M) | Time:00:01.05 | Mem:0.00M, Peak:0.00M | Scene, ViewLayer | Synchronizing object | Front left directional tread | 792 blocks
Fra:1 Mem:314.19M (Peak 314.19M) | Time:00:01.05 | Mem:0.00M, Peak:0.00M | Scene, ViewLayer | Synchronizing object | Front left cast rim barrel
Fra:1 Mem:314.71M (Peak 314.71M) | Time:00:01.05 | Mem:0.00M, Peak:0.00M | Scene, ViewLayer | Synchronizing object | Front left diamond-cut outer flange
Fra:1 Mem:314.83M (Peak 314.83M) | Time:00:01.05 | Mem:0.00M, Peak:0.00M | Scene, ViewLayer | Synchronizing object | Front left inner rim accent
Fra:1 Mem:315.17M (Peak 315.17M) | Time:00:01.05 | Mem:0.00M, Peak:0.00M | Scene, ViewLayer | Synchronizing object | Front left brake rotor
Fra:1 Mem:315.17M (Peak 315.17M) | Time:00:01.05 | Mem:0.00M, Peak:0.00M | Scene, ViewLayer | Synchronizing object | Front left rotor outer scoring
Fra:1 Mem:315.39M (Peak 315.39M) | Time:00:01.05 | Mem:0.00M, Peak:0.00M | Scene, ViewLayer | Synchronizing object | Front left drilled rotor perforation
Fra:1 Mem:315.46M (Peak 315.46M) | Time:00:01.05 | Mem:0.00M, Peak:0.00M | Scene, ViewLayer | Synchronizing object | Front left drilled rotor perforation.001
Fra:1 Mem:315.42M (Peak 315.46M) | Time:00:01.05 | Mem:0.00M, Peak:0.00M | Scene, ViewLayer | Synchronizing object | Front left drilled rotor perforation.002
Fra:1 Mem:315.46M (Peak 315.46M) | Time:00:01.05 | Mem:0.00M, Peak:0.00M | Scene, ViewLayer | Synchronizing object | Front left drilled rotor perforation.003
Fra:1 Mem:315.44M (Peak 315.46M) | Time:00:01.05 | Mem:0.00M, Peak:0.00M | Scene, ViewLayer | Synchronizing object | Front left drilled rotor perforation.004
Fra:1 Mem:315.47M (Peak 315.47M) | Time:00:01.05 | Mem:0.00M, Peak:0.00M | Scene, ViewLayer | Synchronizing object | Front left drilled rotor perforation.005
Fra:1 Mem:315.51M (Peak 315.51M) | Time:00:01.05 | Mem:0.00M, Peak:0.00M | Scene, ViewLayer | Synchronizing object | Front left caliper marking
Fra:1 Mem:315.67M (Peak 315.67M) | Time:00:01.05 | Mem:0.00M, Peak:0.00M | Scene, ViewLayer | Synchronizing object | Front left drilled rotor perforation.006
Fra:1 Mem:315.64M (Peak 315.67M) | Time:00:01.05 | Mem:0.00M, Peak:0.00M | Scene, ViewLayer | Synchronizing object | Front left drilled rotor perforation.007
Fra:1 Mem:315.98M (Peak 315.98M) | Time:00:01.05 | Mem:0.00M, Peak:0.00M | Scene, ViewLayer | Synchronizing object | Front left drilled rotor perforation.008
Fra:1 Mem:316.06M (Peak 316.06M) | Time:00:01.05 | Mem:0.00M, Peak:0.00M | Scene, ViewLayer | Synchronizing object | Front left drilled rotor perforation.009
Fra:1 Mem:316.19M (Peak 316.19M) | Time:00:01.05 | Mem:0.00M, Peak:0.00M | Scene, ViewLayer | Synchronizing object | Front left drilled rotor perforation.010
Fra:1 Mem:316.18M (Peak 316.19M) | Time:00:01.05 | Mem:0.00M, Peak:0.00M | Scene, ViewLayer | Synchronizing object | Front left drilled rotor perforation.011
Fra:1 Mem:316.21M (Peak 316.21M) | Time:00:01.05 | Mem:0.00M, Peak:0.00M | Scene, ViewLayer | Synchronizing object | Front left drilled rotor perforation.012
Fra:1 Mem:316.21M (Peak 316.21M) | Time:00:01.05 | Mem:0.00M, Peak:0.00M | Scene, ViewLayer | Synchronizing object | Front left drilled rotor perforation.013
Fra:1 Mem:316.27M (Peak 316.27M) | Time:00:01.05 | Mem:0.00M, Peak:0.00M | Scene, ViewLayer | Synchronizing object | Front left drilled rotor perforation.014
Fra:1 Mem:316.31M (Peak 316.31M) | Time:00:01.05 | Mem:0.00M, Peak:0.00M | Scene, ViewLayer | Synchronizing object | Front left drilled rotor perforation.015
Fra:1 Mem:316.33M (Peak 316.33M) | Time:00:01.05 | Mem:0.00M, Peak:0.00M | Scene, ViewLayer | Synchronizing object | Front left drilled rotor perforation.016
Fra:1 Mem:316.30M (Peak 316.33M) | Time:00:01.05 | Mem:0.00M, Peak:0.00M | Scene, ViewLayer | Synchronizing object | Front left drilled rotor perforation.018
Fra:1 Mem:316.33M (Peak 316.33M) | Time:00:01.05 | Mem:0.00M, Peak:0.00M | Scene, ViewLayer | Synchronizing object | Front left center mi logo
Fra:1 Mem:316.46M (Peak 316.46M) | Time:00:01.05 | Mem:0.00M, Peak:0.00M | Scene, ViewLayer | Synchronizing object | Front left drilled rotor perforation.019
Fra:1 Mem:316.54M (Peak 316.54M) | Time:00:01.05 | Mem:0.00M, Peak:0.00M | Scene, ViewLayer | Synchronizing object | Front left drilled rotor perforation.020
Fra:1 Mem:316.55M (Peak 316.55M) | Time:00:01.05 | Mem:0.00M, Peak:0.00M | Scene, ViewLayer | Synchronizing object | Front left drilled rotor perforation.021
Fra:1 Mem:316.61M (Peak 316.61M) | Time:00:01.05 | Mem:0.00M, Peak:0.00M | Scene, ViewLayer | Synchronizing object | Front left drilled rotor perforation.022
Fra:1 Mem:316.64M (Peak 316.64M) | Time:00:01.05 | Mem:0.00M, Peak:0.00M | Scene, ViewLayer | Synchronizing object | Front left drilled rotor perforation.023
Fra:1 Mem:316.62M (Peak 316.64M) | Time:00:01.05 | Mem:0.00M, Peak:0.00M | Scene, ViewLayer | Synchronizing object | Front left drilled rotor perforation.025
Fra:1 Mem:316.72M (Peak 316.72M) | Time:00:01.05 | Mem:0.00M, Peak:0.00M | Scene, ViewLayer | Synchronizing object | Front left sidewall lettering
Fra:1 Mem:316.71M (Peak 316.72M) | Time:00:01.05 | Mem:0.00M, Peak:0.00M | Scene, ViewLayer | Synchronizing object | Front left drilled rotor perforation.026
Fra:1 Mem:316.68M (Peak 316.72M) | Time:00:01.05 | Mem:0.00M, Peak:0.00M | Scene, ViewLayer | Synchronizing object | Front left drilled rotor perforation.028
Fra:1 Mem:316.78M (Peak 316.78M) | Time:00:01.05 | Mem:0.00M, Peak:0.00M | Scene, ViewLayer | Synchronizing object | Front left sidewall lettering.002
Fra:1 Mem:316.75M (Peak 316.78M) | Time:00:01.05 | Mem:0.00M, Peak:0.00M | Scene, ViewLayer | Synchronizing object | Front left drilled rotor perforation.029
Fra:1 Mem:316.88M (Peak 316.88M) | Time:00:01.05 | Mem:0.00M, Peak:0.00M | Scene, ViewLayer | Synchronizing object | Front left drilled rotor perforation.030
Fra:1 Mem:316.88M (Peak 316.88M) | Time:00:01.05 | Mem:0.00M, Peak:0.00M | Scene, ViewLayer | Synchronizing object | Front left drilled rotor perforation.031
Fra:1 Mem:316.96M (Peak 316.96M) | Time:00:01.05 | Mem:0.00M, Peak:0.00M | Scene, ViewLayer | Synchronizing object | Front left sidewall lettering.003
Fra:1 Mem:316.98M (Peak 316.98M) | Time:00:01.05 | Mem:0.00M, Peak:0.00M | Scene, ViewLayer | Synchronizing object | Front left drilled rotor perforation.032
Fra:1 Mem:316.96M (Peak 316.98M) | Time:00:01.05 | Mem:0.00M, Peak:0.00M | Scene, ViewLayer | Synchronizing object | Front left sidewall lettering.004
Fra:1 Mem:316.97M (Peak 316.98M) | Time:00:01.05 | Mem:0.00M, Peak:0.00M | Scene, ViewLayer | Synchronizing object | Front left drilled rotor perforation.033
Fra:1 Mem:316.99M (Peak 316.99M) | Time:00:01.05 | Mem:0.00M, Peak:0.00M | Scene, ViewLayer | Synchronizing object | Front left drilled rotor perforation.034
Fra:1 Mem:317.00M (Peak 317.00M) | Time:00:01.05 | Mem:0.00M, Peak:0.00M | Scene, ViewLayer | Synchronizing object | Front left sidewall lettering.005
Fra:1 Mem:317.02M (Peak 317.02M) | Time:00:01.05 | Mem:0.00M, Peak:0.00M | Scene, ViewLayer | Synchronizing object | Front left drilled rotor perforation.036
Fra:1 Mem:317.05M (Peak 317.05M) | Time:00:01.05 | Mem:0.00M, Peak:0.00M | Scene, ViewLayer | Synchronizing object | Front left sidewall lettering.006
Fra:1 Mem:317.09M (Peak 317.09M) | Time:00:01.05 | Mem:0.00M, Peak:0.00M | Scene, ViewLayer | Synchronizing object | Front left sidewall lettering.007
Fra:1 Mem:317.12M (Peak 317.12M) | Time:00:01.05 | Mem:0.00M, Peak:0.00M | Scene, ViewLayer | Synchronizing object | Front left sidewall lettering.008
Fra:1 Mem:317.07M (Peak 317.12M) | Time:00:01.05 | Mem:0.00M, Peak:0.00M | Scene, ViewLayer | Synchronizing object | Front left drilled rotor perforation.037
Fra:1 Mem:317.11M (Peak 317.12M) | Time:00:01.05 | Mem:0.00M, Peak:0.00M | Scene, ViewLayer | Synchronizing object | Front left drilled rotor perforation.038
Fra:1 Mem:317.14M (Peak 317.14M) | Time:00:01.05 | Mem:0.00M, Peak:0.00M | Scene, ViewLayer | Synchronizing object | Front left drilled rotor perforation.039
Fra:1 Mem:317.22M (Peak 317.22M) | Time:00:01.05 | Mem:0.00M, Peak:0.00M | Scene, ViewLayer | Synchronizing object | Front left sidewall lettering.009
Fra:1 Mem:317.19M (Peak 317.22M) | Time:00:01.05 | Mem:0.00M, Peak:0.00M | Scene, ViewLayer | Synchronizing object | Front left drilled rotor perforation.040
Fra:1 Mem:317.18M (Peak 317.22M) | Time:00:01.05 | Mem:0.00M, Peak:0.00M | Scene, ViewLayer | Synchronizing object | Front left drilled rotor perforation.041
Fra:1 Mem:317.25M (Peak 317.25M) | Time:00:01.05 | Mem:0.00M, Peak:0.00M | Scene, ViewLayer | Synchronizing object | Front left sidewall lettering.011
Fra:1 Mem:317.37M (Peak 317.37M) | Time:00:01.05 | Mem:0.00M, Peak:0.00M | Scene, ViewLayer | Synchronizing object | Front left drilled rotor perforation.042
Fra:1 Mem:317.36M (Peak 317.37M) | Time:00:01.05 | Mem:0.00M, Peak:0.00M | Scene, ViewLayer | Synchronizing object | Front left drilled rotor perforation.043
Fra:1 Mem:317.38M (Peak 317.38M) | Time:00:01.05 | Mem:0.00M, Peak:0.00M | Scene, ViewLayer | Synchronizing object | Front left sidewall lettering.012
Fra:1 Mem:317.41M (Peak 317.41M) | Time:00:01.05 | Mem:0.00M, Peak:0.00M | Scene, ViewLayer | Synchronizing object | Front left drilled rotor perforation.044
Fra:1 Mem:317.43M (Peak 317.43M) | Time:00:01.05 | Mem:0.00M, Peak:0.00M | Scene, ViewLayer | Synchronizing object | Front left sidewall lettering.013
Fra:1 Mem:317.43M (Peak 317.43M) | Time:00:01.05 | Mem:0.00M, Peak:0.00M | Scene, ViewLayer | Synchronizing object | Front left drilled rotor perforation.045
Fra:1 Mem:317.51M (Peak 317.51M) | Time:00:01.05 | Mem:0.00M, Peak:0.00M | Scene, ViewLayer | Synchronizing object | Front left sidewall lettering.014
Fra:1 Mem:317.44M (Peak 317.51M) | Time:00:01.05 | Mem:0.00M, Peak:0.00M | Scene, ViewLayer | Synchronizing object | Front left drilled rotor perforation.046
Fra:1 Mem:317.51M (Peak 317.51M) | Time:00:01.05 | Mem:0.00M, Peak:0.00M | Scene, ViewLayer | Synchronizing object | Front left drilled rotor perforation.048
Fra:1 Mem:317.68M (Peak 317.68M) | Time:00:01.05 | Mem:0.00M, Peak:0.00M | Scene, ViewLayer | Synchronizing object | Front left drilled rotor perforation.049
Fra:1 Mem:317.64M (Peak 317.68M) | Time:00:01.05 | Mem:0.00M, Peak:0.00M | Scene, ViewLayer | Synchronizing object | Front left sidewall lettering.015
Fra:1 Mem:317.65M (Peak 317.68M) | Time:00:01.05 | Mem:0.00M, Peak:0.00M | Scene, ViewLayer | Synchronizing object | Front left drilled rotor perforation.050
Fra:1 Mem:317.75M (Peak 317.75M) | Time:00:01.05 | Mem:0.00M, Peak:0.00M | Scene, ViewLayer | Synchronizing object | Front left drilled rotor perforation.051
Fra:1 Mem:317.75M (Peak 317.75M) | Time:00:01.05 | Mem:0.00M, Peak:0.00M | Scene, ViewLayer | Synchronizing object | Front left drilled rotor perforation.052
Fra:1 Mem:317.90M (Peak 317.90M) | Time:00:01.05 | Mem:0.00M, Peak:0.00M | Scene, ViewLayer | Synchronizing object | Front left drilled rotor perforation.053
Fra:1 Mem:317.91M (Peak 317.91M) | Time:00:01.05 | Mem:0.00M, Peak:0.00M | Scene, ViewLayer | Synchronizing object | Front left drilled rotor perforation.054
Fra:1 Mem:317.91M (Peak 317.91M) | Time:00:01.05 | Mem:0.00M, Peak:0.00M | Scene, ViewLayer | Synchronizing object | Front left drilled rotor perforation.055
Fra:1 Mem:317.92M (Peak 317.92M) | Time:00:01.05 | Mem:0.00M, Peak:0.00M | Scene, ViewLayer | Synchronizing object | Front left sidewall lettering.017
Fra:1 Mem:317.95M (Peak 317.95M) | Time:00:01.05 | Mem:0.00M, Peak:0.00M | Scene, ViewLayer | Synchronizing object | Front left drilled rotor perforation.057
Fra:1 Mem:318.14M (Peak 318.14M) | Time:00:01.05 | Mem:0.00M, Peak:0.00M | Scene, ViewLayer | Synchronizing object | Front left drilled rotor perforation.059
Fra:1 Mem:318.15M (Peak 318.14M) | Time:00:01.05 | Mem:0.00M, Peak:0.00M | Scene, ViewLayer | Synchronizing object | Front left drilled rotor perforation.060
Fra:1 Mem:318.18M (Peak 318.18M) | Time:00:01.05 | Mem:0.00M, Peak:0.00M | Scene, ViewLayer | Synchronizing object | Front left sidewall lettering.018
Fra:1 Mem:318.13M (Peak 318.18M) | Time:00:01.05 | Mem:0.00M, Peak:0.00M | Scene, ViewLayer | Synchronizing object | Front left drilled rotor perforation.062
Fra:1 Mem:318.18M (Peak 318.18M) | Time:00:01.05 | Mem:0.00M, Peak:0.00M | Scene, ViewLayer | Synchronizing object | Front left drilled rotor perforation.063
Fra:1 Mem:318.24M (Peak 318.24M) | Time:00:01.05 | Mem:0.00M, Peak:0.00M | Scene, ViewLayer | Synchronizing object | Front left sidewall lettering.019
Fra:1 Mem:318.23M (Peak 318.24M) | Time:00:01.05 | Mem:0.00M, Peak:0.00M | Scene, ViewLayer | Synchronizing object | Front left drilled rotor perforation.064
Fra:1 Mem:318.24M (Peak 318.24M) | Time:00:01.05 | Mem:0.00M, Peak:0.00M | Scene, ViewLayer | Synchronizing object | Front left sidewall lettering.020
Fra:1 Mem:318.22M (Peak 318.24M) | Time:00:01.05 | Mem:0.00M, Peak:0.00M | Scene, ViewLayer | Synchronizing object | Front left drilled rotor perforation.066
Fra:1 Mem:318.27M (Peak 318.27M) | Time:00:01.05 | Mem:0.00M, Peak:0.00M | Scene, ViewLayer | Synchronizing object | Front left drilled rotor perforation.067
Fra:1 Mem:318.29M (Peak 318.29M) | Time:00:01.05 | Mem:0.00M, Peak:0.00M | Scene, ViewLayer | Synchronizing object | Front left sidewall lettering.021
Fra:1 Mem:318.30M (Peak 318.30M) | Time:00:01.05 | Mem:0.00M, Peak:0.00M | Scene, ViewLayer | Synchronizing object | Front left drilled rotor perforation.068
Fra:1 Mem:318.31M (Peak 318.31M) | Time:00:01.05 | Mem:0.00M, Peak:0.00M | Scene, ViewLayer | Synchronizing object | Front left drilled rotor perforation.069
Fra:1 Mem:318.33M (Peak 318.33M) | Time:00:01.05 | Mem:0.00M, Peak:0.00M | Scene, ViewLayer | Synchronizing object | Front left drilled rotor perforation.070
Fra:1 Mem:318.36M (Peak 318.36M) | Time:00:01.05 | Mem:0.00M, Peak:0.00M | Scene, ViewLayer | Synchronizing object | Front left drilled rotor perforation.071
Fra:1 Mem:318.34M (Peak 318.36M) | Time:00:01.05 | Mem:0.00M, Peak:0.00M | Scene, ViewLayer | Synchronizing object | Front left brake disc bell
Fra:1 Mem:318.33M (Peak 318.36M) | Time:00:01.05 | Mem:0.00M, Peak:0.00M | Scene, ViewLayer | Synchronizing object | Front left yellow six-piston caliper
Fra:1 Mem:318.45M (Peak 318.45M) | Time:00:01.05 | Mem:0.00M, Peak:0.00M | Scene, ViewLayer | Synchronizing object | Front left machined split spoke
Fra:1 Mem:318.49M (Peak 318.49M) | Time:00:01.05 | Mem:0.00M, Peak:0.00M | Scene, ViewLayer | Synchronizing object | Front left black spoke pocket
Fra:1 Mem:318.50M (Peak 318.50M) | Time:00:01.05 | Mem:0.00M, Peak:0.00M | Scene, ViewLayer | Synchronizing object | Front left machined split spoke.001
Fra:1 Mem:318.58M (Peak 318.58M) | Time:00:01.05 | Mem:0.00M, Peak:0.00M | Scene, ViewLayer | Synchronizing object | Front right caliper marking
Fra:1 Mem:318.64M (Peak 318.64M) | Time:00:01.05 | Mem:0.00M, Peak:0.00M | Scene, ViewLayer | Synchronizing object | Front left black spoke pocket.001
Fra:1 Mem:319.00M (Peak 319.00M) | Time:00:01.05 | Mem:0.00M, Peak:0.00M | Scene, ViewLayer | Synchronizing object | Front left machined split spoke.002
Fra:1 Mem:319.13M (Peak 319.13M) | Time:00:01.05 | Mem:0.00M, Peak:0.00M | Scene, ViewLayer | Synchronizing object | Front left black spoke pocket.002
Fra:1 Mem:319.20M (Peak 319.20M) | Time:00:01.05 | Mem:0.00M, Peak:0.00M | Scene, ViewLayer | Synchronizing object | Front left machined split spoke.003
Fra:1 Mem:319.30M (Peak 319.30M) | Time:00:01.05 | Mem:0.00M, Peak:0.00M | Scene, ViewLayer | Synchronizing object | Front left black spoke pocket.003
Fra:1 Mem:319.31M (Peak 319.31M) | Time:00:01.05 | Mem:0.00M, Peak:0.00M | Scene, ViewLayer | Synchronizing object | Front left machined split spoke.004
Fra:1 Mem:319.42M (Peak 319.42M) | Time:00:01.06 | Mem:0.00M, Peak:0.00M | Scene, ViewLayer | Synchronizing object | Front left machined split spoke.005
Fra:1 Mem:319.42M (Peak 319.42M) | Time:00:01.06 | Mem:0.00M, Peak:0.00M | Scene, ViewLayer | Synchronizing object | Front left black spoke pocket.005
Fra:1 Mem:319.51M (Peak 319.51M) | Time:00:01.06 | Mem:0.00M, Peak:0.00M | Scene, ViewLayer | Synchronizing object | Front right center mi logo
Fra:1 Mem:319.59M (Peak 319.59M) | Time:00:01.06 | Mem:0.00M, Peak:0.00M | Scene, ViewLayer | Synchronizing object | Front left machined split spoke.006
Fra:1 Mem:319.65M (Peak 319.65M) | Time:00:01.06 | Mem:0.00M, Peak:0.00M | Scene, ViewLayer | Synchronizing object | Front left black spoke pocket.006
Fra:1 Mem:319.75M (Peak 319.75M) | Time:00:01.06 | Mem:0.00M, Peak:0.00M | Scene, ViewLayer | Synchronizing object | Front right sidewall lettering
Fra:1 Mem:319.77M (Peak 319.77M) | Time:00:01.06 | Mem:0.00M, Peak:0.00M | Scene, ViewLayer | Synchronizing object | Front right sidewall lettering.001
Fra:1 Mem:319.72M (Peak 319.77M) | Time:00:01.06 | Mem:0.00M, Peak:0.00M | Scene, ViewLayer | Synchronizing object | Front left machined split spoke.007
Fra:1 Mem:319.73M (Peak 319.77M) | Time:00:01.06 | Mem:0.00M, Peak:0.00M | Scene, ViewLayer | Synchronizing object | Front left machined split spoke.008
Fra:1 Mem:319.98M (Peak 319.98M) | Time:00:01.06 | Mem:0.00M, Peak:0.00M | Scene, ViewLayer | Synchronizing object | Front right sidewall lettering.003
Fra:1 Mem:319.99M (Peak 319.99M) | Time:00:01.06 | Mem:0.00M, Peak:0.00M | Scene, ViewLayer | Synchronizing object | Front left machined split spoke.009
Fra:1 Mem:319.99M (Peak 319.99M) | Time:00:01.06 | Mem:0.00M, Peak:0.00M | Scene, ViewLayer | Synchronizing object | Front right sidewall lettering.004
Fra:1 Mem:320.04M (Peak 320.04M) | Time:00:01.06 | Mem:0.00M, Peak:0.00M | Scene, ViewLayer | Synchronizing object | Front right sidewall lettering.005
Fra:1 Mem:320.07M (Peak 320.07M) | Time:00:01.06 | Mem:0.00M, Peak:0.00M | Scene, ViewLayer | Synchronizing object | Front right sidewall lettering.006
Fra:1 Mem:320.02M (Peak 320.07M) | Time:00:01.06 | Mem:0.00M, Peak:0.00M | Scene, ViewLayer | Synchronizing object | Front left black spoke pocket.009
Fra:1 Mem:320.10M (Peak 320.10M) | Time:00:01.06 | Mem:0.00M, Peak:0.00M | Scene, ViewLayer | Synchronizing object | Front right sidewall lettering.007
Fra:1 Mem:320.14M (Peak 320.14M) | Time:00:01.06 | Mem:0.00M, Peak:0.00M | Scene, ViewLayer | Synchronizing object | Front left center hub
Fra:1 Mem:320.14M (Peak 320.14M) | Time:00:01.06 | Mem:0.00M, Peak:0.00M | Scene, ViewLayer | Synchronizing object | Front right sidewall lettering.008
Fra:1 Mem:320.23M (Peak 320.23M) | Time:00:01.06 | Mem:0.00M, Peak:0.00M | Scene, ViewLayer | Synchronizing object | Front right sidewall lettering.009
Fra:1 Mem:320.25M (Peak 320.25M) | Time:00:01.06 | Mem:0.00M, Peak:0.00M | Scene, ViewLayer | Synchronizing object | Front right sidewall lettering.010
Fra:1 Mem:320.29M (Peak 320.29M) | Time:00:01.06 | Mem:0.00M, Peak:0.00M | Scene, ViewLayer | Synchronizing object | Front right sidewall lettering.011
Fra:1 Mem:320.30M (Peak 320.30M) | Time:00:01.06 | Mem:0.00M, Peak:0.00M | Scene, ViewLayer | Synchronizing object | Front left center cap ring
Fra:1 Mem:320.39M (Peak 320.39M) | Time:00:01.06 | Mem:0.00M, Peak:0.00M | Scene, ViewLayer | Synchronizing object | Front left titanium lug nut
Fra:1 Mem:320.51M (Peak 320.51M) | Time:00:01.06 | Mem:0.00M, Peak:0.00M | Scene, ViewLayer | Synchronizing object | Front left titanium lug nut.001
Fra:1 Mem:320.50M (Peak 320.51M) | Time:00:01.06 | Mem:0.00M, Peak:0.00M | Scene, ViewLayer | Synchronizing object | Front left titanium lug nut.002
Fra:1 Mem:320.49M (Peak 320.51M) | Time:00:01.06 | Mem:0.00M, Peak:0.00M | Scene, ViewLayer | Synchronizing object | Front left titanium lug nut.003
Fra:1 Mem:320.58M (Peak 320.58M) | Time:00:01.06 | Mem:0.00M, Peak:0.00M | Scene, ViewLayer | Synchronizing object | Front right sidewall lettering.013
Fra:1 Mem:320.55M (Peak 320.58M) | Time:00:01.06 | Mem:0.00M, Peak:0.00M | Scene, ViewLayer | Synchronizing object | Front right sidewall lettering.014
Fra:1 Mem:320.57M (Peak 320.58M) | Time:00:01.06 | Mem:0.00M, Peak:0.00M | Scene, ViewLayer | Synchronizing object | Front left titanium lug nut.004
Fra:1 Mem:320.65M (Peak 320.65M) | Time:00:01.06 | Mem:0.00M, Peak:0.00M | Scene, ViewLayer | Synchronizing object | Front left tire valve
Fra:1 Mem:320.70M (Peak 320.70M) | Time:00:01.06 | Mem:0.00M, Peak:0.00M | Scene, ViewLayer | Synchronizing object | Front right | tire carcass
Fra:1 Mem:320.85M (Peak 320.85M) | Time:00:01.06 | Mem:0.00M, Peak:0.00M | Scene, ViewLayer | Synchronizing object | Front right sidewall lettering.015
Fra:1 Mem:320.90M (Peak 320.90M) | Time:00:01.06 | Mem:0.00M, Peak:0.00M | Scene, ViewLayer | Synchronizing object | Front right tire molded sidewall ring.001
Fra:1 Mem:320.97M (Peak 320.97M) | Time:00:01.06 | Mem:0.00M, Peak:0.00M | Scene, ViewLayer | Synchronizing object | Front right tire molded sidewall ring.002
Fra:1 Mem:320.99M (Peak 320.99M) | Time:00:01.06 | Mem:0.00M, Peak:0.00M | Scene, ViewLayer | Synchronizing object | Front right sidewall lettering.016
Fra:1 Mem:321.06M (Peak 321.06M) | Time:00:01.06 | Mem:0.00M, Peak:0.00M | Scene, ViewLayer | Synchronizing object | Front right tire molded sidewall ring
Fra:1 Mem:321.48M (Peak 321.48M) | Time:00:01.06 | Mem:0.00M, Peak:0.00M | Scene, ViewLayer | Synchronizing object | Front right directional tread | 792 blocks
Fra:1 Mem:321.57M (Peak 321.57M) | Time:00:01.06 | Mem:0.00M, Peak:0.00M | Scene, ViewLayer | Synchronizing object | Front right sidewall lettering.017
Fra:1 Mem:322.25M (Peak 322.25M) | Time:00:01.06 | Mem:0.00M, Peak:0.00M | Scene, ViewLayer | Synchronizing object | Front right inner rim accent
Fra:1 Mem:322.37M (Peak 322.37M) | Time:00:01.06 | Mem:0.00M, Peak:0.00M | Scene, ViewLayer | Synchronizing object | Front right sidewall lettering.018
Fra:1 Mem:322.53M (Peak 322.53M) | Time:00:01.06 | Mem:0.00M, Peak:0.00M | Scene, ViewLayer | Synchronizing object | Front right sidewall lettering.019
Fra:1 Mem:322.66M (Peak 322.66M) | Time:00:01.06 | Mem:0.00M, Peak:0.00M | Scene, ViewLayer | Synchronizing object | Front right sidewall lettering.020
Fra:1 Mem:322.66M (Peak 322.66M) | Time:00:01.06 | Mem:0.00M, Peak:0.00M | Scene, ViewLayer | Synchronizing object | Front right rotor outer scoring
Fra:1 Mem:322.73M (Peak 322.73M) | Time:00:01.06 | Mem:0.00M, Peak:0.00M | Scene, ViewLayer | Synchronizing object | Front right sidewall lettering.021
Fra:1 Mem:322.78M (Peak 322.78M) | Time:00:01.06 | Mem:0.00M, Peak:0.00M | Scene, ViewLayer | Synchronizing object | Front right drilled rotor perforation
Fra:1 Mem:322.78M (Peak 322.78M) | Time:00:01.06 | Mem:0.00M, Peak:0.00M | Scene, ViewLayer | Synchronizing object | Front right drilled rotor perforation.001
Fra:1 Mem:322.87M (Peak 322.87M) | Time:00:01.06 | Mem:0.00M, Peak:0.00M | Scene, ViewLayer | Synchronizing object | Front right drilled rotor perforation.002
Fra:1 Mem:322.85M (Peak 322.87M) | Time:00:01.06 | Mem:0.00M, Peak:0.00M | Scene, ViewLayer | Synchronizing object | Front right drilled rotor perforation.004
Fra:1 Mem:322.93M (Peak 322.93M) | Time:00:01.06 | Mem:0.00M, Peak:0.00M | Scene, ViewLayer | Synchronizing object | Front right drilled rotor perforation.005
Fra:1 Mem:322.92M (Peak 322.93M) | Time:00:01.06 | Mem:0.00M, Peak:0.00M | Scene, ViewLayer | Synchronizing object | Front right drilled rotor perforation.006
Fra:1 Mem:322.96M (Peak 322.96M) | Time:00:01.06 | Mem:0.00M, Peak:0.00M | Scene, ViewLayer | Synchronizing object | Front right drilled rotor perforation.007
Fra:1 Mem:322.96M (Peak 322.96M) | Time:00:01.06 | Mem:0.00M, Peak:0.00M | Scene, ViewLayer | Synchronizing object | Front right drilled rotor perforation.008
Fra:1 Mem:322.96M (Peak 322.96M) | Time:00:01.06 | Mem:0.00M, Peak:0.00M | Scene, ViewLayer | Synchronizing object | Front right drilled rotor perforation.009
Fra:1 Mem:323.02M (Peak 323.02M) | Time:00:01.06 | Mem:0.00M, Peak:0.00M | Scene, ViewLayer | Synchronizing object | Front right drilled rotor perforation.010
Fra:1 Mem:322.99M (Peak 323.02M) | Time:00:01.06 | Mem:0.00M, Peak:0.00M | Scene, ViewLayer | Synchronizing object | Front right drilled rotor perforation.011
Fra:1 Mem:323.10M (Peak 323.10M) | Time:00:01.06 | Mem:0.00M, Peak:0.00M | Scene, ViewLayer | Synchronizing object | Rear left caliper marking
Fra:1 Mem:323.00M (Peak 323.10M) | Time:00:01.06 | Mem:0.00M, Peak:0.00M | Scene, ViewLayer | Synchronizing object | Front right drilled rotor perforation.013
Fra:1 Mem:323.17M (Peak 323.17M) | Time:00:01.06 | Mem:0.00M, Peak:0.00M | Scene, ViewLayer | Synchronizing object | Front right drilled rotor perforation.014
Fra:1 Mem:323.46M (Peak 323.46M) | Time:00:01.06 | Mem:0.00M, Peak:0.00M | Scene, ViewLayer | Synchronizing object | Front right drilled rotor perforation.015
Fra:1 Mem:323.73M (Peak 323.73M) | Time:00:01.06 | Mem:0.00M, Peak:0.00M | Scene, ViewLayer | Synchronizing object | Front right drilled rotor perforation.016
Fra:1 Mem:323.72M (Peak 323.73M) | Time:00:01.06 | Mem:0.00M, Peak:0.00M | Scene, ViewLayer | Synchronizing object | Front right drilled rotor perforation.017
Fra:1 Mem:323.72M (Peak 323.73M) | Time:00:01.06 | Mem:0.00M, Peak:0.00M | Scene, ViewLayer | Synchronizing object | Front right drilled rotor perforation.018
Fra:1 Mem:323.77M (Peak 323.77M) | Time:00:01.06 | Mem:0.00M, Peak:0.00M | Scene, ViewLayer | Synchronizing object | Front right drilled rotor perforation.019
Fra:1 Mem:323.78M (Peak 323.78M) | Time:00:01.06 | Mem:0.00M, Peak:0.00M | Scene, ViewLayer | Synchronizing object | Front right drilled rotor perforation.020
Fra:1 Mem:323.84M (Peak 323.84M) | Time:00:01.06 | Mem:0.00M, Peak:0.00M | Scene, ViewLayer | Synchronizing object | Front right drilled rotor perforation.021
Fra:1 Mem:323.82M (Peak 323.84M) | Time:00:01.06 | Mem:0.00M, Peak:0.00M | Scene, ViewLayer | Synchronizing object | Front right drilled rotor perforation.023
Fra:1 Mem:323.90M (Peak 323.90M) | Time:00:01.06 | Mem:0.00M, Peak:0.00M | Scene, ViewLayer | Synchronizing object | Front right drilled rotor perforation.024
Fra:1 Mem:323.88M (Peak 323.90M) | Time:00:01.06 | Mem:0.00M, Peak:0.00M | Scene, ViewLayer | Synchronizing object | Front right drilled rotor perforation.025
Fra:1 Mem:323.92M (Peak 323.92M) | Time:00:01.06 | Mem:0.00M, Peak:0.00M | Scene, ViewLayer | Synchronizing object | Front right drilled rotor perforation.026
Fra:1 Mem:323.91M (Peak 323.92M) | Time:00:01.06 | Mem:0.00M, Peak:0.00M | Scene, ViewLayer | Synchronizing object | Front right drilled rotor perforation.027
Fra:1 Mem:323.93M (Peak 323.93M) | Time:00:01.06 | Mem:0.00M, Peak:0.00M | Scene, ViewLayer | Synchronizing object | Front right drilled rotor perforation.028
Fra:1 Mem:323.94M (Peak 323.94M) | Time:00:01.06 | Mem:0.00M, Peak:0.00M | Scene, ViewLayer | Synchronizing object | Rear left center mi logo
Fra:1 Mem:324.04M (Peak 324.04M) | Time:00:01.06 | Mem:0.00M, Peak:0.00M | Scene, ViewLayer | Synchronizing object | Front right drilled rotor perforation.029
Fra:1 Mem:324.05M (Peak 324.05M) | Time:00:01.06 | Mem:0.00M, Peak:0.00M | Scene, ViewLayer | Synchronizing object | Front right drilled rotor perforation.030
Fra:1 Mem:324.01M (Peak 324.05M) | Time:00:01.06 | Mem:0.00M, Peak:0.00M | Scene, ViewLayer | Synchronizing object | Front right drilled rotor perforation.031
Fra:1 Mem:324.02M (Peak 324.05M) | Time:00:01.06 | Mem:0.00M, Peak:0.00M | Scene, ViewLayer | Synchronizing object | Front right drilled rotor perforation.032
Fra:1 Mem:324.10M (Peak 324.10M) | Time:00:01.06 | Mem:0.00M, Peak:0.00M | Scene, ViewLayer | Synchronizing object | Front right drilled rotor perforation.033
Fra:1 Mem:324.07M (Peak 324.10M) | Time:00:01.06 | Mem:0.00M, Peak:0.00M | Scene, ViewLayer | Synchronizing object | Front right drilled rotor perforation.034
Fra:1 Mem:324.06M (Peak 324.10M) | Time:00:01.06 | Mem:0.00M, Peak:0.00M | Scene, ViewLayer | Synchronizing object | Front right drilled rotor perforation.035
Fra:1 Mem:324.11M (Peak 324.11M) | Time:00:01.06 | Mem:0.00M, Peak:0.00M | Scene, ViewLayer | Synchronizing object | Front right drilled rotor perforation.036
Fra:1 Mem:324.10M (Peak 324.11M) | Time:00:01.06 | Mem:0.00M, Peak:0.00M | Scene, ViewLayer | Synchronizing object | Front right drilled rotor perforation.037
Fra:1 Mem:324.14M (Peak 324.14M) | Time:00:01.06 | Mem:0.00M, Peak:0.00M | Scene, ViewLayer | Synchronizing object | Front right drilled rotor perforation.038
Fra:1 Mem:324.16M (Peak 324.16M) | Time:00:01.06 | Mem:0.00M, Peak:0.00M | Scene, ViewLayer | Synchronizing object | Front right drilled rotor perforation.039
Fra:1 Mem:324.16M (Peak 324.16M) | Time:00:01.06 | Mem:0.00M, Peak:0.00M | Scene, ViewLayer | Synchronizing object | Front right drilled rotor perforation.040
Fra:1 Mem:324.30M (Peak 324.30M) | Time:00:01.06 | Mem:0.00M, Peak:0.00M | Scene, ViewLayer | Synchronizing object | Front right drilled rotor perforation.041
Fra:1 Mem:324.34M (Peak 324.34M) | Time:00:01.06 | Mem:0.00M, Peak:0.00M | Scene, ViewLayer | Synchronizing object | Front right drilled rotor perforation.042
Fra:1 Mem:324.43M (Peak 324.43M) | Time:00:01.06 | Mem:0.00M, Peak:0.00M | Scene, ViewLayer | Synchronizing object | Front right drilled rotor perforation.043
Fra:1 Mem:324.41M (Peak 324.43M) | Time:00:01.06 | Mem:0.00M, Peak:0.00M | Scene, ViewLayer | Synchronizing object | Front right drilled rotor perforation.044
Fra:1 Mem:324.39M (Peak 324.43M) | Time:00:01.06 | Mem:0.00M, Peak:0.00M | Scene, ViewLayer | Synchronizing object | Front right drilled rotor perforation.045
Fra:1 Mem:324.38M (Peak 324.43M) | Time:00:01.06 | Mem:0.00M, Peak:0.00M | Scene, ViewLayer | Synchronizing object | Front right drilled rotor perforation.046
Fra:1 Mem:324.41M (Peak 324.43M) | Time:00:01.06 | Mem:0.00M, Peak:0.00M | Scene, ViewLayer | Synchronizing object | Front right drilled rotor perforation.047
Fra:1 Mem:324.44M (Peak 324.44M) | Time:00:01.06 | Mem:0.00M, Peak:0.00M | Scene, ViewLayer | Synchronizing object | Rear left sidewall lettering.001
Fra:1 Mem:324.45M (Peak 324.45M) | Time:00:01.06 | Mem:0.00M, Peak:0.00M | Scene, ViewLayer | Synchronizing object | Rear left sidewall lettering.002
Fra:1 Mem:324.57M (Peak 324.57M) | Time:00:01.06 | Mem:0.00M, Peak:0.00M | Scene, ViewLayer | Synchronizing object | Front right drilled rotor perforation.048
Fra:1 Mem:324.58M (Peak 324.58M) | Time:00:01.06 | Mem:0.00M, Peak:0.00M | Scene, ViewLayer | Synchronizing object | Front right drilled rotor perforation.049
Fra:1 Mem:324.60M (Peak 324.60M) | Time:00:01.06 | Mem:0.00M, Peak:0.00M | Scene, ViewLayer | Synchronizing object | Front right drilled rotor perforation.050
Fra:1 Mem:324.64M (Peak 324.64M) | Time:00:01.06 | Mem:0.00M, Peak:0.00M | Scene, ViewLayer | Synchronizing object | Rear left sidewall lettering.004
Fra:1 Mem:324.73M (Peak 324.73M) | Time:00:01.06 | Mem:0.00M, Peak:0.00M | Scene, ViewLayer | Synchronizing object | Rear left sidewall lettering.005
Fra:1 Mem:324.69M (Peak 324.73M) | Time:00:01.06 | Mem:0.00M, Peak:0.00M | Scene, ViewLayer | Synchronizing object | Front right drilled rotor perforation.052
Fra:1 Mem:324.69M (Peak 324.73M) | Time:00:01.06 | Mem:0.00M, Peak:0.00M | Scene, ViewLayer | Synchronizing object | Rear left sidewall lettering.006
Fra:1 Mem:324.69M (Peak 324.73M) | Time:00:01.06 | Mem:0.00M, Peak:0.00M | Scene, ViewLayer | Synchronizing object | Front right drilled rotor perforation.053
Fra:1 Mem:324.70M (Peak 324.73M) | Time:00:01.06 | Mem:0.00M, Peak:0.00M | Scene, ViewLayer | Synchronizing object | Rear left sidewall lettering.007
Fra:1 Mem:324.76M (Peak 324.76M) | Time:00:01.06 | Mem:0.00M, Peak:0.00M | Scene, ViewLayer | Synchronizing object | Front right drilled rotor perforation.054
Fra:1 Mem:324.85M (Peak 324.84M) | Time:00:01.06 | Mem:0.00M, Peak:0.00M | Scene, ViewLayer | Synchronizing object | Rear left sidewall lettering.008
Fra:1 Mem:324.77M (Peak 324.84M) | Time:00:01.06 | Mem:0.00M, Peak:0.00M | Scene, ViewLayer | Synchronizing object | Front right drilled rotor perforation.055
Fra:1 Mem:324.83M (Peak 324.84M) | Time:00:01.06 | Mem:0.00M, Peak:0.00M | Scene, ViewLayer | Synchronizing object | Front right drilled rotor perforation.056
Fra:1 Mem:324.85M (Peak 324.85M) | Time:00:01.06 | Mem:0.00M, Peak:0.00M | Scene, ViewLayer | Synchronizing object | Front right drilled rotor perforation.057
Fra:1 Mem:324.90M (Peak 324.90M) | Time:00:01.06 | Mem:0.00M, Peak:0.00M | Scene, ViewLayer | Synchronizing object | Rear left sidewall lettering.009
Fra:1 Mem:324.91M (Peak 324.91M) | Time:00:01.06 | Mem:0.00M, Peak:0.00M | Scene, ViewLayer | Synchronizing object | Front right drilled rotor perforation.058
Fra:1 Mem:324.95M (Peak 324.95M) | Time:00:01.06 | Mem:0.00M, Peak:0.00M | Scene, ViewLayer | Synchronizing object | Rear left sidewall lettering.010
Fra:1 Mem:324.92M (Peak 324.95M) | Time:00:01.06 | Mem:0.00M, Peak:0.00M | Scene, ViewLayer | Synchronizing object | Front right drilled rotor perforation.059
Fra:1 Mem:324.93M (Peak 324.95M) | Time:00:01.06 | Mem:0.00M, Peak:0.00M | Scene, ViewLayer | Synchronizing object | Rear left sidewall lettering.011
Fra:1 Mem:324.93M (Peak 324.95M) | Time:00:01.07 | Mem:0.00M, Peak:0.00M | Scene, ViewLayer | Synchronizing object | Front right drilled rotor perforation.060
Fra:1 Mem:324.98M (Peak 324.98M) | Time:00:01.07 | Mem:0.00M, Peak:0.00M | Scene, ViewLayer | Synchronizing object | Front right drilled rotor perforation.061
Fra:1 Mem:325.08M (Peak 325.08M) | Time:00:01.07 | Mem:0.00M, Peak:0.00M | Scene, ViewLayer | Synchronizing object | Front right drilled rotor perforation.062
Fra:1 Mem:325.12M (Peak 325.12M) | Time:00:01.07 | Mem:0.00M, Peak:0.00M | Scene, ViewLayer | Synchronizing object | Rear left sidewall lettering.012
Fra:1 Mem:325.13M (Peak 325.13M) | Time:00:01.07 | Mem:0.00M, Peak:0.00M | Scene, ViewLayer | Synchronizing object | Front right drilled rotor perforation.063
Fra:1 Mem:325.12M (Peak 325.13M) | Time:00:01.07 | Mem:0.00M, Peak:0.00M | Scene, ViewLayer | Synchronizing object | Rear left sidewall lettering.013
Fra:1 Mem:325.10M (Peak 325.13M) | Time:00:01.07 | Mem:0.00M, Peak:0.00M | Scene, ViewLayer | Synchronizing object | Front right drilled rotor perforation.064
Fra:1 Mem:325.12M (Peak 325.13M) | Time:00:01.07 | Mem:0.00M, Peak:0.00M | Scene, ViewLayer | Synchronizing object | Rear left sidewall lettering.014
Fra:1 Mem:325.29M (Peak 325.29M) | Time:00:01.07 | Mem:0.00M, Peak:0.00M | Scene, ViewLayer | Synchronizing object | Front right drilled rotor perforation.065
Fra:1 Mem:325.29M (Peak 325.29M) | Time:00:01.07 | Mem:0.00M, Peak:0.00M | Scene, ViewLayer | Synchronizing object | Front right drilled rotor perforation.066
Fra:1 Mem:325.33M (Peak 325.33M) | Time:00:01.07 | Mem:0.00M, Peak:0.00M | Scene, ViewLayer | Synchronizing object | Rear left sidewall lettering.015
Fra:1 Mem:325.45M (Peak 325.45M) | Time:00:01.07 | Mem:0.00M, Peak:0.00M | Scene, ViewLayer | Synchronizing object | Front right drilled rotor perforation.067
Fra:1 Mem:325.42M (Peak 325.45M) | Time:00:01.07 | Mem:0.00M, Peak:0.00M | Scene, ViewLayer | Synchronizing object | Rear left sidewall lettering.016
Fra:1 Mem:325.42M (Peak 325.45M) | Time:00:01.07 | Mem:0.00M, Peak:0.00M | Scene, ViewLayer | Synchronizing object | Front right drilled rotor perforation.069
Fra:1 Mem:325.57M (Peak 325.57M) | Time:00:01.07 | Mem:0.00M, Peak:0.00M | Scene, ViewLayer | Synchronizing object | Front right drilled rotor perforation.070
Fra:1 Mem:325.63M (Peak 325.63M) | Time:00:01.07 | Mem:0.00M, Peak:0.00M | Scene, ViewLayer | Synchronizing object | Front right drilled rotor perforation.071
Fra:1 Mem:325.64M (Peak 325.64M) | Time:00:01.07 | Mem:0.00M, Peak:0.00M | Scene, ViewLayer | Synchronizing object | Front right brake disc bell
Fra:1 Mem:325.63M (Peak 325.64M) | Time:00:01.07 | Mem:0.00M, Peak:0.00M | Scene, ViewLayer | Synchronizing object | Rear left sidewall lettering.017
Fra:1 Mem:325.64M (Peak 325.64M) | Time:00:01.07 | Mem:0.00M, Peak:0.00M | Scene, ViewLayer | Synchronizing object | Front right yellow six-piston caliper
Fra:1 Mem:325.89M (Peak 325.89M) | Time:00:01.07 | Mem:0.00M, Peak:0.00M | Scene, ViewLayer | Synchronizing object | Rear left sidewall lettering.018
Fra:1 Mem:325.83M (Peak 325.89M) | Time:00:01.07 | Mem:0.00M, Peak:0.00M | Scene, ViewLayer | Synchronizing object | Front right machined split spoke
Fra:1 Mem:325.89M (Peak 325.89M) | Time:00:01.07 | Mem:0.00M, Peak:0.00M | Scene, ViewLayer | Synchronizing object | Front right black spoke pocket
Fra:1 Mem:325.92M (Peak 325.92M) | Time:00:01.07 | Mem:0.00M, Peak:0.00M | Scene, ViewLayer | Synchronizing object | Rear left sidewall lettering.020
Fra:1 Mem:325.94M (Peak 325.94M) | Time:00:01.07 | Mem:0.00M, Peak:0.00M | Scene, ViewLayer | Synchronizing object | Front right machined split spoke.001
Fra:1 Mem:325.94M (Peak 325.94M) | Time:00:01.07 | Mem:0.00M, Peak:0.00M | Scene, ViewLayer | Synchronizing object | Rear left sidewall lettering.021
Fra:1 Mem:325.97M (Peak 325.97M) | Time:00:01.07 | Mem:0.00M, Peak:0.00M | Scene, ViewLayer | Synchronizing object | Front right black spoke pocket.001
Fra:1 Mem:326.00M (Peak 326.00M) | Time:00:01.07 | Mem:0.00M, Peak:0.00M | Scene, ViewLayer | Synchronizing object | Front right machined split spoke.002
Fra:1 Mem:325.97M (Peak 326.00M) | Time:00:01.07 | Mem:0.00M, Peak:0.00M | Scene, ViewLayer | Synchronizing object | Front right black spoke pocket.002
Fra:1 Mem:326.07M (Peak 326.07M) | Time:00:01.07 | Mem:0.00M, Peak:0.00M | Scene, ViewLayer | Synchronizing object | Front right machined split spoke.003
Fra:1 Mem:326.07M (Peak 326.07M) | Time:00:01.07 | Mem:0.00M, Peak:0.00M | Scene, ViewLayer | Synchronizing object | Front right black spoke pocket.003
Fra:1 Mem:326.09M (Peak 326.09M) | Time:00:01.07 | Mem:0.00M, Peak:0.00M | Scene, ViewLayer | Synchronizing object | Front right black spoke pocket.004
Fra:1 Mem:326.12M (Peak 326.12M) | Time:00:01.07 | Mem:0.00M, Peak:0.00M | Scene, ViewLayer | Synchronizing object | Front right machined split spoke.005
Fra:1 Mem:326.20M (Peak 326.20M) | Time:00:01.07 | Mem:0.00M, Peak:0.00M | Scene, ViewLayer | Synchronizing object | Front right black spoke pocket.005
Fra:1 Mem:326.25M (Peak 326.25M) | Time:00:01.07 | Mem:0.00M, Peak:0.00M | Scene, ViewLayer | Synchronizing object | Rear right caliper marking
Fra:1 Mem:326.18M (Peak 326.25M) | Time:00:01.07 | Mem:0.00M, Peak:0.00M | Scene, ViewLayer | Synchronizing object | Front right machined split spoke.006
Fra:1 Mem:326.40M (Peak 326.40M) | Time:00:01.07 | Mem:0.00M, Peak:0.00M | Scene, ViewLayer | Synchronizing object | Front right black spoke pocket.006
Fra:1 Mem:326.38M (Peak 326.40M) | Time:00:01.07 | Mem:0.00M, Peak:0.00M | Scene, ViewLayer | Synchronizing object | Front right machined split spoke.007
Fra:1 Mem:326.75M (Peak 326.75M) | Time:00:01.07 | Mem:0.00M, Peak:0.00M | Scene, ViewLayer | Synchronizing object | Front right black spoke pocket.007
Fra:1 Mem:326.95M (Peak 326.95M) | Time:00:01.07 | Mem:0.00M, Peak:0.00M | Scene, ViewLayer | Synchronizing object | Front right machined split spoke.008
Fra:1 Mem:326.96M (Peak 326.96M) | Time:00:01.07 | Mem:0.00M, Peak:0.00M | Scene, ViewLayer | Synchronizing object | Front right black spoke pocket.008
Fra:1 Mem:327.00M (Peak 327.00M) | Time:00:01.07 | Mem:0.00M, Peak:0.00M | Scene, ViewLayer | Synchronizing object | Front right machined split spoke.009
Fra:1 Mem:327.02M (Peak 327.02M) | Time:00:01.07 | Mem:0.00M, Peak:0.00M | Scene, ViewLayer | Synchronizing object | Front right black spoke pocket.009
Fra:1 Mem:327.14M (Peak 327.14M) | Time:00:01.07 | Mem:0.00M, Peak:0.00M | Scene, ViewLayer | Synchronizing object | Front right center hub
Fra:1 Mem:327.28M (Peak 327.28M) | Time:00:01.07 | Mem:0.00M, Peak:0.00M | Scene, ViewLayer | Synchronizing object | Front right center cap ring
Fra:1 Mem:327.18M (Peak 327.28M) | Time:00:01.07 | Mem:0.00M, Peak:0.00M | Scene, ViewLayer | Synchronizing object | Front right titanium lug nut
Fra:1 Mem:327.30M (Peak 327.30M) | Time:00:01.07 | Mem:0.00M, Peak:0.00M | Scene, ViewLayer | Synchronizing object | Front right titanium lug nut.001
Fra:1 Mem:327.26M (Peak 327.30M) | Time:00:01.07 | Mem:0.00M, Peak:0.00M | Scene, ViewLayer | Synchronizing object | Front right titanium lug nut.002
Fra:1 Mem:327.29M (Peak 327.30M) | Time:00:01.07 | Mem:0.00M, Peak:0.00M | Scene, ViewLayer | Synchronizing object | Front right titanium lug nut.003
Fra:1 Mem:327.31M (Peak 327.31M) | Time:00:01.07 | Mem:0.00M, Peak:0.00M | Scene, ViewLayer | Synchronizing object | Front right titanium lug nut.004
Fra:1 Mem:327.30M (Peak 327.31M) | Time:00:01.07 | Mem:0.00M, Peak:0.00M | Scene, ViewLayer | Synchronizing object | Rear right center mi logo
Fra:1 Mem:327.35M (Peak 327.35M) | Time:00:01.07 | Mem:0.00M, Peak:0.00M | Scene, ViewLayer | Synchronizing object | Rear left | tire carcass
Fra:1 Mem:327.52M (Peak 327.52M) | Time:00:01.07 | Mem:0.00M, Peak:0.00M | Scene, ViewLayer | Synchronizing object | Rear left tire molded sidewall ring.001
Fra:1 Mem:327.79M (Peak 327.79M) | Time:00:01.07 | Mem:0.00M, Peak:0.00M | Scene, ViewLayer | Synchronizing object | Rear left tire molded sidewall ring.002
Fra:1 Mem:327.83M (Peak 327.83M) | Time:00:01.07 | Mem:0.00M, Peak:0.00M | Scene, ViewLayer | Synchronizing object | Rear left tire molded sidewall ring
Fra:1 Mem:328.05M (Peak 328.05M) | Time:00:01.07 | Mem:0.00M, Peak:0.00M | Scene, ViewLayer | Synchronizing object | Rear right sidewall lettering
Fra:1 Mem:328.06M (Peak 328.06M) | Time:00:01.07 | Mem:0.00M, Peak:0.00M | Scene, ViewLayer | Synchronizing object | Rear left directional tread | 792 blocks
Fra:1 Mem:328.20M (Peak 328.20M) | Time:00:01.07 | Mem:0.00M, Peak:0.00M | Scene, ViewLayer | Synchronizing object | Rear left cast rim barrel
Fra:1 Mem:328.30M (Peak 328.30M) | Time:00:01.07 | Mem:0.00M, Peak:0.00M | Scene, ViewLayer | Synchronizing object | Rear left diamond-cut outer flange
Fra:1 Mem:328.81M (Peak 328.81M) | Time:00:01.07 | Mem:0.00M, Peak:0.00M | Scene, ViewLayer | Synchronizing object | Rear right sidewall lettering.002
Fra:1 Mem:328.85M (Peak 328.85M) | Time:00:01.07 | Mem:0.00M, Peak:0.00M | Scene, ViewLayer | Synchronizing object | Rear left inner rim accent
Fra:1 Mem:328.90M (Peak 328.90M) | Time:00:01.07 | Mem:0.00M, Peak:0.00M | Scene, ViewLayer | Synchronizing object | Rear left brake rotor
Fra:1 Mem:329.27M (Peak 329.27M) | Time:00:01.07 | Mem:0.00M, Peak:0.00M | Scene, ViewLayer | Synchronizing object | Rear left rotor outer scoring
Fra:1 Mem:329.34M (Peak 329.34M) | Time:00:01.07 | Mem:0.00M, Peak:0.00M | Scene, ViewLayer | Synchronizing object | Rear right sidewall lettering.003
Fra:1 Mem:329.47M (Peak 329.47M) | Time:00:01.07 | Mem:0.00M, Peak:0.00M | Scene, ViewLayer | Synchronizing object | Rear left drilled rotor perforation
Fra:1 Mem:329.45M (Peak 329.47M) | Time:00:01.07 | Mem:0.00M, Peak:0.00M | Scene, ViewLayer | Synchronizing object | Rear right sidewall lettering.004
Fra:1 Mem:329.44M (Peak 329.47M) | Time:00:01.07 | Mem:0.00M, Peak:0.00M | Scene, ViewLayer | Synchronizing object | Rear left drilled rotor perforation.001
Fra:1 Mem:329.48M (Peak 329.48M) | Time:00:01.07 | Mem:0.00M, Peak:0.00M | Scene, ViewLayer | Synchronizing object | Rear right sidewall lettering.005
Fra:1 Mem:329.44M (Peak 329.48M) | Time:00:01.07 | Mem:0.00M, Peak:0.00M | Scene, ViewLayer | Synchronizing object | Rear left drilled rotor perforation.002
Fra:1 Mem:329.48M (Peak 329.48M) | Time:00:01.07 | Mem:0.00M, Peak:0.00M | Scene, ViewLayer | Synchronizing object | Rear right sidewall lettering.006
Fra:1 Mem:329.48M (Peak 329.48M) | Time:00:01.07 | Mem:0.00M, Peak:0.00M | Scene, ViewLayer | Synchronizing object | Rear left drilled rotor perforation.003
Fra:1 Mem:329.50M (Peak 329.50M) | Time:00:01.07 | Mem:0.00M, Peak:0.00M | Scene, ViewLayer | Synchronizing object | Rear right sidewall lettering.007
Fra:1 Mem:329.50M (Peak 329.50M) | Time:00:01.07 | Mem:0.00M, Peak:0.00M | Scene, ViewLayer | Synchronizing object | Rear left drilled rotor perforation.004
Fra:1 Mem:329.52M (Peak 329.52M) | Time:00:01.07 | Mem:0.00M, Peak:0.00M | Scene, ViewLayer | Synchronizing object | Rear right sidewall lettering.008
Fra:1 Mem:329.61M (Peak 329.61M) | Time:00:01.07 | Mem:0.00M, Peak:0.00M | Scene, ViewLayer | Synchronizing object | Rear left drilled rotor perforation.005
Fra:1 Mem:329.59M (Peak 329.61M) | Time:00:01.07 | Mem:0.00M, Peak:0.00M | Scene, ViewLayer | Synchronizing object | Rear left drilled rotor perforation.006
Fra:1 Mem:329.63M (Peak 329.63M) | Time:00:01.07 | Mem:0.00M, Peak:0.00M | Scene, ViewLayer | Synchronizing object | Rear right sidewall lettering.009
Fra:1 Mem:329.66M (Peak 329.66M) | Time:00:01.07 | Mem:0.00M, Peak:0.00M | Scene, ViewLayer | Synchronizing object | Rear left drilled rotor perforation.007
Fra:1 Mem:329.65M (Peak 329.66M) | Time:00:01.07 | Mem:0.00M, Peak:0.00M | Scene, ViewLayer | Synchronizing object | Rear right sidewall lettering.010
Fra:1 Mem:329.64M (Peak 329.66M) | Time:00:01.07 | Mem:0.00M, Peak:0.00M | Scene, ViewLayer | Synchronizing object | Rear left drilled rotor perforation.008
Fra:1 Mem:329.66M (Peak 329.66M) | Time:00:01.07 | Mem:0.00M, Peak:0.00M | Scene, ViewLayer | Synchronizing object | Rear right sidewall lettering.011
Fra:1 Mem:329.82M (Peak 329.82M) | Time:00:01.07 | Mem:0.00M, Peak:0.00M | Scene, ViewLayer | Synchronizing object | Rear left drilled rotor perforation.009
Fra:1 Mem:329.83M (Peak 329.83M) | Time:00:01.07 | Mem:0.00M, Peak:0.00M | Scene, ViewLayer | Synchronizing object | Rear left drilled rotor perforation.010
Fra:1 Mem:329.90M (Peak 329.90M) | Time:00:01.07 | Mem:0.00M, Peak:0.00M | Scene, ViewLayer | Synchronizing object | Rear left drilled rotor perforation.011
Fra:1 Mem:329.89M (Peak 329.90M) | Time:00:01.07 | Mem:0.00M, Peak:0.00M | Scene, ViewLayer | Synchronizing object | Rear right sidewall lettering.012
Fra:1 Mem:329.86M (Peak 329.90M) | Time:00:01.07 | Mem:0.00M, Peak:0.00M | Scene, ViewLayer | Synchronizing object | Rear left drilled rotor perforation.012
Fra:1 Mem:329.93M (Peak 329.93M) | Time:00:01.07 | Mem:0.00M, Peak:0.00M | Scene, ViewLayer | Synchronizing object | Rear right sidewall lettering.013
Fra:1 Mem:329.92M (Peak 329.93M) | Time:00:01.07 | Mem:0.00M, Peak:0.00M | Scene, ViewLayer | Synchronizing object | Rear right sidewall lettering.014
Fra:1 Mem:329.96M (Peak 329.96M) | Time:00:01.07 | Mem:0.00M, Peak:0.00M | Scene, ViewLayer | Synchronizing object | Rear left drilled rotor perforation.013
Fra:1 Mem:330.02M (Peak 330.02M) | Time:00:01.07 | Mem:0.00M, Peak:0.00M | Scene, ViewLayer | Synchronizing object | Rear left drilled rotor perforation.014
Fra:1 Mem:330.14M (Peak 330.14M) | Time:00:01.07 | Mem:0.00M, Peak:0.00M | Scene, ViewLayer | Synchronizing object | Rear right sidewall lettering.015
Fra:1 Mem:330.18M (Peak 330.18M) | Time:00:01.07 | Mem:0.00M, Peak:0.00M | Scene, ViewLayer | Synchronizing object | Rear left drilled rotor perforation.015
Fra:1 Mem:330.16M (Peak 330.18M) | Time:00:01.07 | Mem:0.00M, Peak:0.00M | Scene, ViewLayer | Synchronizing object | Rear left drilled rotor perforation.016
Fra:1 Mem:330.34M (Peak 330.34M) | Time:00:01.07 | Mem:0.00M, Peak:0.00M | Scene, ViewLayer | Synchronizing object | Rear left drilled rotor perforation.017
Fra:1 Mem:330.33M (Peak 330.34M) | Time:00:01.07 | Mem:0.00M, Peak:0.00M | Scene, ViewLayer | Synchronizing object | Rear left drilled rotor perforation.018
Fra:1 Mem:330.35M (Peak 330.35M) | Time:00:01.07 | Mem:0.00M, Peak:0.00M | Scene, ViewLayer | Synchronizing object | Rear right sidewall lettering.017
Fra:1 Mem:330.39M (Peak 330.39M) | Time:00:01.07 | Mem:0.00M, Peak:0.00M | Scene, ViewLayer | Synchronizing object | Rear left drilled rotor perforation.019
Fra:1 Mem:330.49M (Peak 330.49M) | Time:00:01.07 | Mem:0.00M, Peak:0.00M | Scene, ViewLayer | Synchronizing object | Rear left drilled rotor perforation.020
Fra:1 Mem:330.51M (Peak 330.51M) | Time:00:01.07 | Mem:0.00M, Peak:0.00M | Scene, ViewLayer | Synchronizing object | Rear left drilled rotor perforation.021
Fra:1 Mem:330.56M (Peak 330.56M) | Time:00:01.07 | Mem:0.00M, Peak:0.00M | Scene, ViewLayer | Synchronizing object | Rear right sidewall lettering.018
Fra:1 Mem:330.66M (Peak 330.66M) | Time:00:01.07 | Mem:0.00M, Peak:0.00M | Scene, ViewLayer | Synchronizing object | Rear right sidewall lettering.019
Fra:1 Mem:330.60M (Peak 330.66M) | Time:00:01.07 | Mem:0.00M, Peak:0.00M | Scene, ViewLayer | Synchronizing object | Rear left drilled rotor perforation.022
Fra:1 Mem:330.58M (Peak 330.66M) | Time:00:01.07 | Mem:0.00M, Peak:0.00M | Scene, ViewLayer | Synchronizing object | Rear right sidewall lettering.020
Fra:1 Mem:330.58M (Peak 330.66M) | Time:00:01.07 | Mem:0.00M, Peak:0.00M | Scene, ViewLayer | Synchronizing object | Rear left drilled rotor perforation.024
Fra:1 Mem:330.59M (Peak 330.66M) | Time:00:01.07 | Mem:0.00M, Peak:0.00M | Scene, ViewLayer | Synchronizing object | Rear right sidewall lettering.021
Fra:1 Mem:330.62M (Peak 330.66M) | Time:00:01.07 | Mem:0.00M, Peak:0.00M | Scene, ViewLayer | Synchronizing object | Rear left drilled rotor perforation.025
Fra:1 Mem:330.63M (Peak 330.66M) | Time:00:01.07 | Mem:0.00M, Peak:0.00M | Scene, ViewLayer | Synchronizing object | Rear left drilled rotor perforation.026
Fra:1 Mem:330.63M (Peak 330.66M) | Time:00:01.07 | Mem:0.00M, Peak:0.00M | Scene, ViewLayer | Synchronizing object | Seat piping
Fra:1 Mem:330.69M (Peak 330.69M) | Time:00:01.07 | Mem:0.00M, Peak:0.00M | Scene, ViewLayer | Synchronizing object | Seat piping.001
Fra:1 Mem:330.66M (Peak 330.69M) | Time:00:01.07 | Mem:0.00M, Peak:0.00M | Scene, ViewLayer | Synchronizing object | Rear left drilled rotor perforation.027
Fra:1 Mem:330.65M (Peak 330.69M) | Time:00:01.07 | Mem:0.00M, Peak:0.00M | Scene, ViewLayer | Synchronizing object | Seat piping.002
Fra:1 Mem:330.67M (Peak 330.69M) | Time:00:01.07 | Mem:0.00M, Peak:0.00M | Scene, ViewLayer | Synchronizing object | Seat piping.003
Fra:1 Mem:330.67M (Peak 330.69M) | Time:00:01.07 | Mem:0.00M, Peak:0.00M | Scene, ViewLayer | Synchronizing object | Seat piping.004
Fra:1 Mem:330.66M (Peak 330.69M) | Time:00:01.07 | Mem:0.00M, Peak:0.00M | Scene, ViewLayer | Synchronizing object | Rear left drilled rotor perforation.028
Fra:1 Mem:330.66M (Peak 330.69M) | Time:00:01.07 | Mem:0.00M, Peak:0.00M | Scene, ViewLayer | Synchronizing object | Seat piping.005
Fra:1 Mem:330.74M (Peak 330.74M) | Time:00:01.07 | Mem:0.00M, Peak:0.00M | Scene, ViewLayer | Synchronizing object | Seat piping.006
Fra:1 Mem:330.69M (Peak 330.74M) | Time:00:01.08 | Mem:0.00M, Peak:0.00M | Scene, ViewLayer | Synchronizing object | Rear left drilled rotor perforation.029
Fra:1 Mem:330.70M (Peak 330.74M) | Time:00:01.08 | Mem:0.00M, Peak:0.00M | Scene, ViewLayer | Synchronizing object | Rear left drilled rotor perforation.031
Fra:1 Mem:330.82M (Peak 330.82M) | Time:00:01.08 | Mem:0.00M, Peak:0.00M | Scene, ViewLayer | Synchronizing object | Steering wheel spokes
Fra:1 Mem:330.78M (Peak 330.82M) | Time:00:01.08 | Mem:0.00M, Peak:0.00M | Scene, ViewLayer | Synchronizing object | Rear left drilled rotor perforation.032
Fra:1 Mem:330.75M (Peak 330.82M) | Time:00:01.08 | Mem:0.00M, Peak:0.00M | Scene, ViewLayer | Synchronizing object | Rear left drilled rotor perforation.034
Fra:1 Mem:330.77M (Peak 330.82M) | Time:00:01.08 | Mem:0.00M, Peak:0.00M | Scene, ViewLayer | Synchronizing object | Windshield wiper arm
Fra:1 Mem:330.81M (Peak 330.82M) | Time:00:01.08 | Mem:0.00M, Peak:0.00M | Scene, ViewLayer | Synchronizing object | Wiper rubber blade
Fra:1 Mem:330.83M (Peak 330.83M) | Time:00:01.08 | Mem:0.00M, Peak:0.00M | Scene, ViewLayer | Synchronizing object | Windshield wiper arm.001
Fra:1 Mem:330.81M (Peak 330.83M) | Time:00:01.08 | Mem:0.00M, Peak:0.00M | Scene, ViewLayer | Synchronizing object | Rear left drilled rotor perforation.036
Fra:1 Mem:330.85M (Peak 330.85M) | Time:00:01.08 | Mem:0.00M, Peak:0.00M | Scene, ViewLayer | Synchronizing object | Wiper rubber blade.001
Fra:1 Mem:330.84M (Peak 330.85M) | Time:00:01.08 | Mem:0.00M, Peak:0.00M | Scene, ViewLayer | Synchronizing object | Rear left drilled rotor perforation.037
Fra:1 Mem:330.92M (Peak 330.92M) | Time:00:01.08 | Mem:0.00M, Peak:0.00M | Scene, ViewLayer | Synchronizing object | Rear left drilled rotor perforation.038
Fra:1 Mem:330.90M (Peak 330.92M) | Time:00:01.08 | Mem:0.00M, Peak:0.00M | Scene, ViewLayer | Synchronizing object | Rear left drilled rotor perforation.039
Fra:1 Mem:330.90M (Peak 330.92M) | Time:00:01.08 | Mem:0.00M, Peak:0.00M | Scene, ViewLayer | Synchronizing object | Rear left drilled rotor perforation.040
Fra:1 Mem:330.89M (Peak 330.92M) | Time:00:01.08 | Mem:0.00M, Peak:0.00M | Scene, ViewLayer | Synchronizing object | Rear left drilled rotor perforation.042
Fra:1 Mem:330.91M (Peak 330.92M) | Time:00:01.08 | Mem:0.00M, Peak:0.00M | Scene, ViewLayer | Synchronizing object | Seamless curved studio cyclorama
Fra:1 Mem:331.07M (Peak 331.07M) | Time:00:01.08 | Mem:0.00M, Peak:0.00M | Scene, ViewLayer | Synchronizing object | Infinite studio floor
Fra:1 Mem:331.04M (Peak 331.07M) | Time:00:01.08 | Mem:0.00M, Peak:0.00M | Scene, ViewLayer | Synchronizing object | Flat aerodynamic underfloor
Fra:1 Mem:331.01M (Peak 331.07M) | Time:00:01.08 | Mem:0.00M, Peak:0.00M | Scene, ViewLayer | Synchronizing object | Rear left drilled rotor perforation.043
Fra:1 Mem:331.12M (Peak 331.12M) | Time:00:01.08 | Mem:0.00M, Peak:0.00M | Scene, ViewLayer | Synchronizing object | Rear left drilled rotor perforation.044
Fra:1 Mem:331.13M (Peak 331.13M) | Time:00:01.08 | Mem:0.00M, Peak:0.00M | Scene, ViewLayer | Synchronizing object | Rear left drilled rotor perforation.045
Fra:1 Mem:331.13M (Peak 331.13M) | Time:00:01.08 | Mem:0.00M, Peak:0.00M | Scene, ViewLayer | Synchronizing object | Rear left drilled rotor perforation.046
Fra:1 Mem:331.15M (Peak 331.15M) | Time:00:01.08 | Mem:0.00M, Peak:0.00M | Scene, ViewLayer | Synchronizing object | Rear left drilled rotor perforation.047
Fra:1 Mem:331.17M (Peak 331.17M) | Time:00:01.08 | Mem:0.00M, Peak:0.00M | Scene, ViewLayer | Synchronizing object | Roof rear camera blister
Fra:1 Mem:331.12M (Peak 331.17M) | Time:00:01.08 | Mem:0.00M, Peak:0.00M | Scene, ViewLayer | Synchronizing object | Rear left drilled rotor perforation.050
Fra:1 Mem:331.31M (Peak 331.31M) | Time:00:01.08 | Mem:0.00M, Peak:0.00M | Scene, ViewLayer | Synchronizing object | Lidar forward optical aperture
Fra:1 Mem:331.26M (Peak 331.31M) | Time:00:01.08 | Mem:0.00M, Peak:0.00M | Scene, ViewLayer | Synchronizing object | Rear left drilled rotor perforation.051
Fra:1 Mem:331.32M (Peak 331.32M) | Time:00:01.08 | Mem:0.00M, Peak:0.00M | Scene, ViewLayer | Synchronizing object | Rear left drilled rotor perforation.052
Fra:1 Mem:331.35M (Peak 331.35M) | Time:00:01.08 | Mem:0.00M, Peak:0.00M | Scene, ViewLayer | Synchronizing object | Rear left drilled rotor perforation.053
Fra:1 Mem:331.42M (Peak 331.42M) | Time:00:01.08 | Mem:0.00M, Peak:0.00M | Scene, ViewLayer | Synchronizing object | Roof lidar painted pod
Fra:1 Mem:331.42M (Peak 331.42M) | Time:00:01.08 | Mem:0.00M, Peak:0.00M | Scene, ViewLayer | Synchronizing object | Rear left drilled rotor perforation.054
Fra:1 Mem:331.46M (Peak 331.46M) | Time:00:01.08 | Mem:0.00M, Peak:0.00M | Scene, ViewLayer | Synchronizing object | Rear left drilled rotor perforation.055
Fra:1 Mem:331.49M (Peak 331.49M) | Time:00:01.08 | Mem:0.00M, Peak:0.00M | Scene, ViewLayer | Synchronizing object | Rear left drilled rotor perforation.056
Fra:1 Mem:331.50M (Peak 331.50M) | Time:00:01.08 | Mem:0.00M, Peak:0.00M | Scene, ViewLayer | Synchronizing object | Rear left drilled rotor perforation.057
Fra:1 Mem:331.46M (Peak 331.50M) | Time:00:01.08 | Mem:0.00M, Peak:0.00M | Scene, ViewLayer | Synchronizing object | Cup holder
Fra:1 Mem:331.51M (Peak 331.51M) | Time:00:01.08 | Mem:0.00M, Peak:0.00M | Scene, ViewLayer | Synchronizing object | Rear left drilled rotor perforation.058
Fra:1 Mem:331.48M (Peak 331.51M) | Time:00:01.08 | Mem:0.00M, Peak:0.00M | Scene, ViewLayer | Synchronizing object | Rear left drilled rotor perforation.059
Fra:1 Mem:331.54M (Peak 331.54M) | Time:00:01.08 | Mem:0.00M, Peak:0.00M | Scene, ViewLayer | Synchronizing object | Cup holder.001
Fra:1 Mem:331.54M (Peak 331.54M) | Time:00:01.08 | Mem:0.00M, Peak:0.00M | Scene, ViewLayer | Synchronizing object | Rear left drilled rotor perforation.060
Fra:1 Mem:331.59M (Peak 331.59M) | Time:00:01.08 | Mem:0.00M, Peak:0.00M | Scene, ViewLayer | Synchronizing object | Rear left drilled rotor perforation.061
Fra:1 Mem:331.66M (Peak 331.66M) | Time:00:01.08 | Mem:0.00M, Peak:0.00M | Scene, ViewLayer | Synchronizing object | Rear left drilled rotor perforation.062
Fra:1 Mem:331.59M (Peak 331.66M) | Time:00:01.08 | Mem:0.00M, Peak:0.00M | Scene, ViewLayer | Synchronizing object | Center tunnel
Fra:1 Mem:331.58M (Peak 331.66M) | Time:00:01.08 | Mem:0.00M, Peak:0.00M | Scene, ViewLayer | Synchronizing object | Rear left drilled rotor perforation.063
Fra:1 Mem:331.63M (Peak 331.66M) | Time:00:01.08 | Mem:0.00M, Peak:0.00M | Scene, ViewLayer | Synchronizing object | Steering center
Fra:1 Mem:331.64M (Peak 331.66M) | Time:00:01.08 | Mem:0.00M, Peak:0.00M | Scene, ViewLayer | Synchronizing object | Rear left drilled rotor perforation.064
Fra:1 Mem:331.73M (Peak 331.73M) | Time:00:01.08 | Mem:0.00M, Peak:0.00M | Scene, ViewLayer | Synchronizing object | Rear left drilled rotor perforation.066
Fra:1 Mem:331.71M (Peak 331.73M) | Time:00:01.08 | Mem:0.00M, Peak:0.00M | Scene, ViewLayer | Synchronizing object | Steering wheel
Fra:1 Mem:331.74M (Peak 331.74M) | Time:00:01.08 | Mem:0.00M, Peak:0.00M | Scene, ViewLayer | Synchronizing object | Rear left drilled rotor perforation.067
Fra:1 Mem:331.85M (Peak 331.85M) | Time:00:01.08 | Mem:0.00M, Peak:0.00M | Scene, ViewLayer | Synchronizing object | Rear left drilled rotor perforation.068
Fra:1 Mem:331.89M (Peak 331.89M) | Time:00:01.08 | Mem:0.00M, Peak:0.00M | Scene, ViewLayer | Synchronizing object | Screen glass
Fra:1 Mem:331.92M (Peak 331.92M) | Time:00:01.08 | Mem:0.00M, Peak:0.00M | Scene, ViewLayer | Synchronizing object | Rear left drilled rotor perforation.069
Fra:1 Mem:331.92M (Peak 331.92M) | Time:00:01.08 | Mem:0.00M, Peak:0.00M | Scene, ViewLayer | Synchronizing object | Rear left drilled rotor perforation.070
Fra:1 Mem:331.92M (Peak 331.92M) | Time:00:01.08 | Mem:0.00M, Peak:0.00M | Scene, ViewLayer | Synchronizing object | Dashboard center screen
Fra:1 Mem:331.98M (Peak 331.98M) | Time:00:01.08 | Mem:0.00M, Peak:0.00M | Scene, ViewLayer | Synchronizing object | Rear left drilled rotor perforation.071
Fra:1 Mem:331.98M (Peak 331.98M) | Time:00:01.08 | Mem:0.00M, Peak:0.00M | Scene, ViewLayer | Synchronizing object | Dashboard
Fra:1 Mem:331.98M (Peak 331.98M) | Time:00:01.08 | Mem:0.00M, Peak:0.00M | Scene, ViewLayer | Synchronizing object | Rear left brake disc bell
Fra:1 Mem:332.06M (Peak 332.05M) | Time:00:01.08 | Mem:0.00M, Peak:0.00M | Scene, ViewLayer | Synchronizing object | Rear left yellow six-piston caliper
Fra:1 Mem:332.10M (Peak 332.10M) | Time:00:01.08 | Mem:0.00M, Peak:0.00M | Scene, ViewLayer | Synchronizing object | Rear left machined split spoke
Fra:1 Mem:332.09M (Peak 332.10M) | Time:00:01.08 | Mem:0.00M, Peak:0.00M | Scene, ViewLayer | Synchronizing object | Rear left black spoke pocket
Fra:1 Mem:332.12M (Peak 332.12M) | Time:00:01.08 | Mem:0.00M, Peak:0.00M | Scene, ViewLayer | Synchronizing object | Rear left machined split spoke.001
Fra:1 Mem:332.17M (Peak 332.17M) | Time:00:01.08 | Mem:0.00M, Peak:0.00M | Scene, ViewLayer | Synchronizing object | Rear left black spoke pocket.001
Fra:1 Mem:332.20M (Peak 332.20M) | Time:00:01.08 | Mem:0.00M, Peak:0.00M | Scene, ViewLayer | Synchronizing object | Contoured seat back
Fra:1 Mem:332.21M (Peak 332.21M) | Time:00:01.08 | Mem:0.00M, Peak:0.00M | Scene, ViewLayer | Synchronizing object | Rear left black spoke pocket.002
Fra:1 Mem:332.29M (Peak 332.29M) | Time:00:01.08 | Mem:0.00M, Peak:0.00M | Scene, ViewLayer | Synchronizing object | Seat cushion.003
Fra:1 Mem:332.33M (Peak 332.33M) | Time:00:01.08 | Mem:0.00M, Peak:0.00M | Scene, ViewLayer | Synchronizing object | Rear left machined split spoke.003
Fra:1 Mem:332.39M (Peak 332.39M) | Time:00:01.08 | Mem:0.00M, Peak:0.00M | Scene, ViewLayer | Synchronizing object | Rear left black spoke pocket.003
Fra:1 Mem:332.35M (Peak 332.39M) | Time:00:01.08 | Mem:0.00M, Peak:0.00M | Scene, ViewLayer | Synchronizing object | Integrated head restraint.002
Fra:1 Mem:332.41M (Peak 332.41M) | Time:00:01.08 | Mem:0.00M, Peak:0.00M | Scene, ViewLayer | Synchronizing object | Rear left machined split spoke.004
Fra:1 Mem:332.52M (Peak 332.52M) | Time:00:01.08 | Mem:0.00M, Peak:0.00M | Scene, ViewLayer | Synchronizing object | Rear left black spoke pocket.004
Fra:1 Mem:332.53M (Peak 332.53M) | Time:00:01.08 | Mem:0.00M, Peak:0.00M | Scene, ViewLayer | Synchronizing object | Contoured seat back.003
Fra:1 Mem:332.55M (Peak 332.55M) | Time:00:01.08 | Mem:0.00M, Peak:0.00M | Scene, ViewLayer | Synchronizing object | Rear left machined split spoke.005
Fra:1 Mem:332.49M (Peak 332.55M) | Time:00:01.08 | Mem:0.00M, Peak:0.00M | Scene, ViewLayer | Synchronizing object | Rear left black spoke pocket.005
Fra:1 Mem:332.58M (Peak 332.58M) | Time:00:01.08 | Mem:0.00M, Peak:0.00M | Scene, ViewLayer | Synchronizing object | Seat cushion.002
Fra:1 Mem:332.61M (Peak 332.61M) | Time:00:01.08 | Mem:0.00M, Peak:0.00M | Scene, ViewLayer | Synchronizing object | Rear left machined split spoke.006
Fra:1 Mem:332.62M (Peak 332.62M) | Time:00:01.08 | Mem:0.00M, Peak:0.00M | Scene, ViewLayer | Synchronizing object | Rear left black spoke pocket.006
Fra:1 Mem:332.69M (Peak 332.69M) | Time:00:01.08 | Mem:0.00M, Peak:0.00M | Scene, ViewLayer | Synchronizing object | Integrated head restraint.001
Fra:1 Mem:332.68M (Peak 332.69M) | Time:00:01.08 | Mem:0.00M, Peak:0.00M | Scene, ViewLayer | Synchronizing object | Rear left machined split spoke.007
Fra:1 Mem:332.70M (Peak 332.70M) | Time:00:01.08 | Mem:0.00M, Peak:0.00M | Scene, ViewLayer | Synchronizing object | Rear left machined split spoke.008
Fra:1 Mem:332.79M (Peak 332.79M) | Time:00:01.08 | Mem:0.00M, Peak:0.00M | Scene, ViewLayer | Synchronizing object | Contoured seat back.002
Fra:1 Mem:332.84M (Peak 332.83M) | Time:00:01.08 | Mem:0.00M, Peak:0.00M | Scene, ViewLayer | Synchronizing object | Rear left black spoke pocket.008
Fra:1 Mem:332.91M (Peak 332.91M) | Time:00:01.08 | Mem:0.00M, Peak:0.00M | Scene, ViewLayer | Synchronizing object | Rear left machined split spoke.009
Fra:1 Mem:332.84M (Peak 332.91M) | Time:00:01.08 | Mem:0.00M, Peak:0.00M | Scene, ViewLayer | Synchronizing object | Seat cushion.001
Fra:1 Mem:332.94M (Peak 332.94M) | Time:00:01.08 | Mem:0.00M, Peak:0.00M | Scene, ViewLayer | Synchronizing object | Rear left black spoke pocket.009
Fra:1 Mem:332.94M (Peak 332.94M) | Time:00:01.08 | Mem:0.00M, Peak:0.00M | Scene, ViewLayer | Synchronizing object | Rear left center hub
Fra:1 Mem:332.98M (Peak 332.98M) | Time:00:01.08 | Mem:0.00M, Peak:0.00M | Scene, ViewLayer | Synchronizing object | Rear left center cap ring
Fra:1 Mem:332.99M (Peak 332.99M) | Time:00:01.08 | Mem:0.00M, Peak:0.00M | Scene, ViewLayer | Synchronizing object | Integrated head restraint
Fra:1 Mem:333.12M (Peak 333.12M) | Time:00:01.08 | Mem:0.00M, Peak:0.00M | Scene, ViewLayer | Synchronizing object | Rear left titanium lug nut
Fra:1 Mem:333.19M (Peak 333.19M) | Time:00:01.08 | Mem:0.00M, Peak:0.00M | Scene, ViewLayer | Synchronizing object | Rear left titanium lug nut.001
Fra:1 Mem:333.16M (Peak 333.19M) | Time:00:01.08 | Mem:0.00M, Peak:0.00M | Scene, ViewLayer | Synchronizing object | Rear left titanium lug nut.002
Fra:1 Mem:333.11M (Peak 333.19M) | Time:00:01.08 | Mem:0.00M, Peak:0.00M | Scene, ViewLayer | Synchronizing object | Contoured seat back.001
Fra:1 Mem:333.12M (Peak 333.19M) | Time:00:01.08 | Mem:0.00M, Peak:0.00M | Scene, ViewLayer | Synchronizing object | Rear left titanium lug nut.004
Fra:1 Mem:333.20M (Peak 333.20M) | Time:00:01.08 | Mem:0.00M, Peak:0.00M | Scene, ViewLayer | Synchronizing object | Rear left tire valve
Fra:1 Mem:333.22M (Peak 333.22M) | Time:00:01.09 | Mem:0.00M, Peak:0.00M | Scene, ViewLayer | Synchronizing object | Rear right | tire carcass
Fra:1 Mem:333.31M (Peak 333.31M) | Time:00:01.09 | Mem:0.00M, Peak:0.00M | Scene, ViewLayer | Synchronizing object | Rear right tire molded sidewall ring.001
Fra:1 Mem:333.32M (Peak 333.32M) | Time:00:01.09 | Mem:0.00M, Peak:0.00M | Scene, ViewLayer | Synchronizing object | Seat cushion
Fra:1 Mem:333.49M (Peak 333.49M) | Time:00:01.09 | Mem:0.00M, Peak:0.00M | Scene, ViewLayer | Synchronizing object | Rear right tire molded sidewall ring
Fra:1 Mem:333.76M (Peak 333.76M) | Time:00:01.09 | Mem:0.00M, Peak:0.00M | Scene, ViewLayer | Synchronizing object | Rear right directional tread | 792 blocks
Fra:1 Mem:333.89M (Peak 333.89M) | Time:00:01.09 | Mem:0.00M, Peak:0.00M | Scene, ViewLayer | Synchronizing object | Rear right cast rim barrel
Fra:1 Mem:333.91M (Peak 333.91M) | Time:00:01.09 | Mem:0.00M, Peak:0.00M | Scene, ViewLayer | Synchronizing object | Rear right diamond-cut outer flange
Fra:1 Mem:334.42M (Peak 334.42M) | Time:00:01.09 | Mem:0.00M, Peak:0.00M | Scene, ViewLayer | Synchronizing object | Rear right inner rim accent
Fra:1 Mem:334.46M (Peak 334.46M) | Time:00:01.09 | Mem:0.00M, Peak:0.00M | Scene, ViewLayer | Synchronizing object | Rear right brake rotor
Fra:1 Mem:334.65M (Peak 334.65M) | Time:00:01.09 | Mem:0.00M, Peak:0.00M | Scene, ViewLayer | Synchronizing object | Dark cabin tub
Fra:1 Mem:334.81M (Peak 334.81M) | Time:00:01.09 | Mem:0.00M, Peak:0.00M | Scene, ViewLayer | Synchronizing object | Rear right rotor outer scoring
Fra:1 Mem:334.97M (Peak 334.97M) | Time:00:01.09 | Mem:0.00M, Peak:0.00M | Scene, ViewLayer | Synchronizing object | Rear right drilled rotor perforation
Fra:1 Mem:334.99M (Peak 334.99M) | Time:00:01.09 | Mem:0.00M, Peak:0.00M | Scene, ViewLayer | Synchronizing object | Rear right drilled rotor perforation.001
Fra:1 Mem:334.98M (Peak 334.99M) | Time:00:01.09 | Mem:0.00M, Peak:0.00M | Scene, ViewLayer | Synchronizing object | Rear right tire valve
Fra:1 Mem:335.04M (Peak 335.04M) | Time:00:01.09 | Mem:0.00M, Peak:0.00M | Scene, ViewLayer | Synchronizing object | Rear right drilled rotor perforation.002
Fra:1 Mem:335.05M (Peak 335.05M) | Time:00:01.09 | Mem:0.00M, Peak:0.00M | Scene, ViewLayer | Synchronizing object | Rear right drilled rotor perforation.003
Fra:1 Mem:335.04M (Peak 335.05M) | Time:00:01.09 | Mem:0.00M, Peak:0.00M | Scene, ViewLayer | Synchronizing object | Rear right drilled rotor perforation.004
Fra:1 Mem:335.07M (Peak 335.07M) | Time:00:01.09 | Mem:0.00M, Peak:0.00M | Scene, ViewLayer | Synchronizing object | Rear right drilled rotor perforation.005
Fra:1 Mem:335.08M (Peak 335.08M) | Time:00:01.09 | Mem:0.00M, Peak:0.00M | Scene, ViewLayer | Synchronizing object | Rear right titanium lug nut.003
Fra:1 Mem:335.14M (Peak 335.14M) | Time:00:01.09 | Mem:0.00M, Peak:0.00M | Scene, ViewLayer | Synchronizing object | Rear right drilled rotor perforation.006
Fra:1 Mem:335.13M (Peak 335.14M) | Time:00:01.09 | Mem:0.00M, Peak:0.00M | Scene, ViewLayer | Synchronizing object | Rear right titanium lug nut.002
Fra:1 Mem:335.11M (Peak 335.14M) | Time:00:01.09 | Mem:0.00M, Peak:0.00M | Scene, ViewLayer | Synchronizing object | Rear right drilled rotor perforation.007
Fra:1 Mem:335.13M (Peak 335.14M) | Time:00:01.09 | Mem:0.00M, Peak:0.00M | Scene, ViewLayer | Synchronizing object | Rear right drilled rotor perforation.008
Fra:1 Mem:335.13M (Peak 335.14M) | Time:00:01.09 | Mem:0.00M, Peak:0.00M | Scene, ViewLayer | Synchronizing object | Rear right drilled rotor perforation.009
Fra:1 Mem:335.17M (Peak 335.17M) | Time:00:01.09 | Mem:0.00M, Peak:0.00M | Scene, ViewLayer | Synchronizing object | Rear right titanium lug nut.001
Fra:1 Mem:335.15M (Peak 335.17M) | Time:00:01.09 | Mem:0.00M, Peak:0.00M | Scene, ViewLayer | Synchronizing object | Rear right drilled rotor perforation.010
Fra:1 Mem:335.22M (Peak 335.22M) | Time:00:01.09 | Mem:0.00M, Peak:0.00M | Scene, ViewLayer | Synchronizing object | Rear right drilled rotor perforation.011
Fra:1 Mem:335.18M (Peak 335.22M) | Time:00:01.09 | Mem:0.00M, Peak:0.00M | Scene, ViewLayer | Synchronizing object | Rear right titanium lug nut
Fra:1 Mem:335.25M (Peak 335.25M) | Time:00:01.09 | Mem:0.00M, Peak:0.00M | Scene, ViewLayer | Synchronizing object | Rear right drilled rotor perforation.012
Fra:1 Mem:335.19M (Peak 335.25M) | Time:00:01.09 | Mem:0.00M, Peak:0.00M | Scene, ViewLayer | Synchronizing object | Rear right drilled rotor perforation.014
Fra:1 Mem:335.19M (Peak 335.25M) | Time:00:01.09 | Mem:0.00M, Peak:0.00M | Scene, ViewLayer | Synchronizing object | Rear right center cap ring
Fra:1 Mem:335.38M (Peak 335.38M) | Time:00:01.09 | Mem:0.00M, Peak:0.00M | Scene, ViewLayer | Synchronizing object | Rear right drilled rotor perforation.015
Fra:1 Mem:335.36M (Peak 335.38M) | Time:00:01.09 | Mem:0.00M, Peak:0.00M | Scene, ViewLayer | Synchronizing object | Rear right drilled rotor perforation.016
Fra:1 Mem:335.41M (Peak 335.41M) | Time:00:01.09 | Mem:0.00M, Peak:0.00M | Scene, ViewLayer | Synchronizing object | Rear right center hub
Fra:1 Mem:335.44M (Peak 335.44M) | Time:00:01.09 | Mem:0.00M, Peak:0.00M | Scene, ViewLayer | Synchronizing object | Rear right drilled rotor perforation.017
Fra:1 Mem:335.43M (Peak 335.44M) | Time:00:01.09 | Mem:0.00M, Peak:0.00M | Scene, ViewLayer | Synchronizing object | Rear right drilled rotor perforation.018
Fra:1 Mem:335.51M (Peak 335.51M) | Time:00:01.09 | Mem:0.00M, Peak:0.00M | Scene, ViewLayer | Synchronizing object | Rear right drilled rotor perforation.019
Fra:1 Mem:335.51M (Peak 335.51M) | Time:00:01.09 | Mem:0.00M, Peak:0.00M | Scene, ViewLayer | Synchronizing object | Rear right drilled rotor perforation.020
Fra:1 Mem:335.57M (Peak 335.57M) | Time:00:01.09 | Mem:0.00M, Peak:0.00M | Scene, ViewLayer | Synchronizing object | Rear right drilled rotor perforation.021
Fra:1 Mem:335.59M (Peak 335.59M) | Time:00:01.09 | Mem:0.00M, Peak:0.00M | Scene, ViewLayer | Synchronizing object | Rear right drilled rotor perforation.022
Fra:1 Mem:335.51M (Peak 335.59M) | Time:00:01.09 | Mem:0.00M, Peak:0.00M | Scene, ViewLayer | Synchronizing object | Rear right black spoke pocket.009
Fra:1 Mem:335.51M (Peak 335.59M) | Time:00:01.09 | Mem:0.00M, Peak:0.00M | Scene, ViewLayer | Synchronizing object | Rear right drilled rotor perforation.023
Fra:1 Mem:335.55M (Peak 335.59M) | Time:00:01.09 | Mem:0.00M, Peak:0.00M | Scene, ViewLayer | Synchronizing object | Rear right drilled rotor perforation.025
Fra:1 Mem:335.60M (Peak 335.60M) | Time:00:01.09 | Mem:0.00M, Peak:0.00M | Scene, ViewLayer | Synchronizing object | Rear right drilled rotor perforation.026
Fra:1 Mem:335.58M (Peak 335.60M) | Time:00:01.09 | Mem:0.00M, Peak:0.00M | Scene, ViewLayer | Synchronizing object | Rear right machined split spoke.009
Fra:1 Mem:335.59M (Peak 335.60M) | Time:00:01.09 | Mem:0.00M, Peak:0.00M | Scene, ViewLayer | Synchronizing object | Rear right drilled rotor perforation.028
Fra:1 Mem:335.69M (Peak 335.69M) | Time:00:01.09 | Mem:0.00M, Peak:0.00M | Scene, ViewLayer | Synchronizing object | Rear right drilled rotor perforation.029
Fra:1 Mem:335.68M (Peak 335.69M) | Time:00:01.09 | Mem:0.00M, Peak:0.00M | Scene, ViewLayer | Synchronizing object | Rear right drilled rotor perforation.030
Fra:1 Mem:335.72M (Peak 335.72M) | Time:00:01.09 | Mem:0.00M, Peak:0.00M | Scene, ViewLayer | Synchronizing object | Rear right drilled rotor perforation.031
Fra:1 Mem:335.75M (Peak 335.75M) | Time:00:01.09 | Mem:0.00M, Peak:0.00M | Scene, ViewLayer | Synchronizing object | Rear right black spoke pocket.008
Fra:1 Mem:335.73M (Peak 335.75M) | Time:00:01.09 | Mem:0.00M, Peak:0.00M | Scene, ViewLayer | Synchronizing object | Rear right drilled rotor perforation.032
Fra:1 Mem:335.78M (Peak 335.78M) | Time:00:01.09 | Mem:0.00M, Peak:0.00M | Scene, ViewLayer | Synchronizing object | Rear right drilled rotor perforation.033
Fra:1 Mem:335.76M (Peak 335.78M) | Time:00:01.09 | Mem:0.00M, Peak:0.00M | Scene, ViewLayer | Synchronizing object | Rear right drilled rotor perforation.034
Fra:1 Mem:335.76M (Peak 335.78M) | Time:00:01.09 | Mem:0.00M, Peak:0.00M | Scene, ViewLayer | Synchronizing object | Rear right drilled rotor perforation.035
Fra:1 Mem:335.78M (Peak 335.78M) | Time:00:01.09 | Mem:0.00M, Peak:0.00M | Scene, ViewLayer | Synchronizing object | Rear right machined split spoke.008
Fra:1 Mem:335.80M (Peak 335.80M) | Time:00:01.09 | Mem:0.00M, Peak:0.00M | Scene, ViewLayer | Synchronizing object | Rear right drilled rotor perforation.037
Fra:1 Mem:335.87M (Peak 335.87M) | Time:00:01.09 | Mem:0.00M, Peak:0.00M | Scene, ViewLayer | Synchronizing object | Rear right drilled rotor perforation.038
Fra:1 Mem:335.81M (Peak 335.87M) | Time:00:01.09 | Mem:0.00M, Peak:0.00M | Scene, ViewLayer | Synchronizing object | Rear right drilled rotor perforation.039
Fra:1 Mem:335.84M (Peak 335.87M) | Time:00:01.09 | Mem:0.00M, Peak:0.00M | Scene, ViewLayer | Synchronizing object | Rear right black spoke pocket.007
Fra:1 Mem:335.91M (Peak 335.91M) | Time:00:01.09 | Mem:0.00M, Peak:0.00M | Scene, ViewLayer | Synchronizing object | Rear right drilled rotor perforation.040
Fra:1 Mem:335.90M (Peak 335.91M) | Time:00:01.09 | Mem:0.00M, Peak:0.00M | Scene, ViewLayer | Synchronizing object | Rear right drilled rotor perforation.041
Fra:1 Mem:335.89M (Peak 335.91M) | Time:00:01.09 | Mem:0.00M, Peak:0.00M | Scene, ViewLayer | Synchronizing object | Rear right drilled rotor perforation.042
Fra:1 Mem:335.92M (Peak 335.92M) | Time:00:01.09 | Mem:0.00M, Peak:0.00M | Scene, ViewLayer | Synchronizing object | Rear right drilled rotor perforation.043
Fra:1 Mem:335.97M (Peak 335.97M) | Time:00:01.09 | Mem:0.00M, Peak:0.00M | Scene, ViewLayer | Synchronizing object | Rear right drilled rotor perforation.044
Fra:1 Mem:335.97M (Peak 335.97M) | Time:00:01.09 | Mem:0.00M, Peak:0.00M | Scene, ViewLayer | Synchronizing object | Rear right drilled rotor perforation.046
Fra:1 Mem:335.97M (Peak 335.97M) | Time:00:01.09 | Mem:0.00M, Peak:0.00M | Scene, ViewLayer | Synchronizing object | Rear right black spoke pocket.006
Fra:1 Mem:336.08M (Peak 336.08M) | Time:00:01.09 | Mem:0.00M, Peak:0.00M | Scene, ViewLayer | Synchronizing object | Rear right drilled rotor perforation.047
Fra:1 Mem:336.07M (Peak 336.08M) | Time:00:01.09 | Mem:0.00M, Peak:0.00M | Scene, ViewLayer | Synchronizing object | Rear right drilled rotor perforation.048
Fra:1 Mem:336.10M (Peak 336.10M) | Time:00:01.09 | Mem:0.00M, Peak:0.00M | Scene, ViewLayer | Synchronizing object | Rear right drilled rotor perforation.049
Fra:1 Mem:336.07M (Peak 336.10M) | Time:00:01.09 | Mem:0.00M, Peak:0.00M | Scene, ViewLayer | Synchronizing object | Rear right machined split spoke.006
Fra:1 Mem:336.12M (Peak 336.12M) | Time:00:01.09 | Mem:0.00M, Peak:0.00M | Scene, ViewLayer | Synchronizing object | Rear right drilled rotor perforation.050
Fra:1 Mem:336.16M (Peak 336.16M) | Time:00:01.09 | Mem:0.00M, Peak:0.00M | Scene, ViewLayer | Synchronizing object | Rear right drilled rotor perforation.051
Fra:1 Mem:336.19M (Peak 336.19M) | Time:00:01.09 | Mem:0.00M, Peak:0.00M | Scene, ViewLayer | Synchronizing object | Rear right drilled rotor perforation.052
Fra:1 Mem:336.15M (Peak 336.19M) | Time:00:01.09 | Mem:0.00M, Peak:0.00M | Scene, ViewLayer | Synchronizing object | Rear right black spoke pocket.005
Fra:1 Mem:336.15M (Peak 336.19M) | Time:00:01.09 | Mem:0.00M, Peak:0.00M | Scene, ViewLayer | Synchronizing object | Rear right drilled rotor perforation.054
Fra:1 Mem:336.22M (Peak 336.22M) | Time:00:01.09 | Mem:0.00M, Peak:0.00M | Scene, ViewLayer | Synchronizing object | Rear right drilled rotor perforation.055
Fra:1 Mem:336.25M (Peak 336.25M) | Time:00:01.09 | Mem:0.00M, Peak:0.00M | Scene, ViewLayer | Synchronizing object | Rear right machined split spoke.005
Fra:1 Mem:336.20M (Peak 336.25M) | Time:00:01.09 | Mem:0.00M, Peak:0.00M | Scene, ViewLayer | Synchronizing object | Rear right drilled rotor perforation.056
Fra:1 Mem:336.30M (Peak 336.30M) | Time:00:01.09 | Mem:0.00M, Peak:0.00M | Scene, ViewLayer | Synchronizing object | Rear right drilled rotor perforation.057
Fra:1 Mem:336.29M (Peak 336.30M) | Time:00:01.09 | Mem:0.00M, Peak:0.00M | Scene, ViewLayer | Synchronizing object | Rear right drilled rotor perforation.058
Fra:1 Mem:336.29M (Peak 336.30M) | Time:00:01.09 | Mem:0.00M, Peak:0.00M | Scene, ViewLayer | Synchronizing object | Rear right black spoke pocket.004
Fra:1 Mem:336.33M (Peak 336.33M) | Time:00:01.09 | Mem:0.00M, Peak:0.00M | Scene, ViewLayer | Synchronizing object | Rear right drilled rotor perforation.059
Fra:1 Mem:336.31M (Peak 336.33M) | Time:00:01.09 | Mem:0.00M, Peak:0.00M | Scene, ViewLayer | Synchronizing object | Rear right drilled rotor perforation.061
Fra:1 Mem:336.31M (Peak 336.33M) | Time:00:01.09 | Mem:0.00M, Peak:0.00M | Scene, ViewLayer | Synchronizing object | Rear right machined split spoke.004
Fra:1 Mem:336.40M (Peak 336.40M) | Time:00:01.09 | Mem:0.00M, Peak:0.00M | Scene, ViewLayer | Synchronizing object | Rear right drilled rotor perforation.062
Fra:1 Mem:336.38M (Peak 336.40M) | Time:00:01.09 | Mem:0.00M, Peak:0.00M | Scene, ViewLayer | Synchronizing object | Rear right drilled rotor perforation.063
Fra:1 Mem:336.42M (Peak 336.42M) | Time:00:01.09 | Mem:0.00M, Peak:0.00M | Scene, ViewLayer | Synchronizing object | Rear right drilled rotor perforation.064
Fra:1 Mem:336.47M (Peak 336.47M) | Time:00:01.09 | Mem:0.00M, Peak:0.00M | Scene, ViewLayer | Synchronizing object | Rear right drilled rotor perforation.065
Fra:1 Mem:336.48M (Peak 336.48M) | Time:00:01.09 | Mem:0.00M, Peak:0.00M | Scene, ViewLayer | Synchronizing object | Rear right drilled rotor perforation.066
Fra:1 Mem:336.48M (Peak 336.48M) | Time:00:01.09 | Mem:0.00M, Peak:0.00M | Scene, ViewLayer | Synchronizing object | Rear right black spoke pocket.003
Fra:1 Mem:336.44M (Peak 336.48M) | Time:00:01.09 | Mem:0.00M, Peak:0.00M | Scene, ViewLayer | Synchronizing object | Rear right drilled rotor perforation.068
Fra:1 Mem:336.55M (Peak 336.55M) | Time:00:01.09 | Mem:0.00M, Peak:0.00M | Scene, ViewLayer | Synchronizing object | Rear right drilled rotor perforation.069
Fra:1 Mem:336.53M (Peak 336.55M) | Time:00:01.09 | Mem:0.00M, Peak:0.00M | Scene, ViewLayer | Synchronizing object | Rear right machined split spoke.003
Fra:1 Mem:336.50M (Peak 336.55M) | Time:00:01.09 | Mem:0.00M, Peak:0.00M | Scene, ViewLayer | Synchronizing object | Rear right drilled rotor perforation.070
Fra:1 Mem:336.56M (Peak 336.56M) | Time:00:01.09 | Mem:0.00M, Peak:0.00M | Scene, ViewLayer | Synchronizing object | Rear right drilled rotor perforation.071
Fra:1 Mem:336.62M (Peak 336.62M) | Time:00:01.09 | Mem:0.00M, Peak:0.00M | Scene, ViewLayer | Synchronizing object | Rear right brake disc bell
Fra:1 Mem:336.61M (Peak 336.62M) | Time:00:01.09 | Mem:0.00M, Peak:0.00M | Scene, ViewLayer | Synchronizing object | Rear right black spoke pocket.002
Fra:1 Mem:336.64M (Peak 336.64M) | Time:00:01.09 | Mem:0.00M, Peak:0.00M | Scene, ViewLayer | Synchronizing object | Rear right yellow six-piston caliper
Fra:1 Mem:336.68M (Peak 336.68M) | Time:00:01.09 | Mem:0.00M, Peak:0.00M | Scene, ViewLayer | Synchronizing object | Rear right machined split spoke
Fra:1 Mem:336.71M (Peak 336.71M) | Time:00:01.09 | Mem:0.00M, Peak:0.00M | Scene, ViewLayer | Synchronizing object | Rear right machined split spoke.002
Fra:1 Mem:336.76M (Peak 336.76M) | Time:00:01.09 | Mem:0.00M, Peak:0.00M | Scene, ViewLayer | Synchronizing object | Rear right black spoke pocket
Fra:1 Mem:336.69M (Peak 336.76M) | Time:00:01.09 | Mem:0.00M, Peak:0.00M | Scene, ViewLayer | Synchronizing object | Rear right machined split spoke.001
Fra:1 Mem:336.79M (Peak 336.79M) | Time:00:01.09 | Mem:0.00M, Peak:0.00M | Scene, ViewLayer | Synchronizing object | Rear right black spoke pocket.001
Fra:1 Mem:336.77M (Peak 336.79M) | Time:00:01.09 | Mem:0.00M, Peak:0.00M | Scene, ViewLayer | Initializing
Fra:1 Mem:252.30M (Peak 336.79M) | Time:00:01.12 | Mem:0.00M, Peak:0.00M | Scene, ViewLayer | Waiting for render to start
Fra:1 Mem:252.30M (Peak 336.79M) | Time:00:01.12 | Mem:0.00M, Peak:0.00M | Scene, ViewLayer | Loading render kernels (may take a few minutes the first time)
Fra:1 Mem:252.30M (Peak 336.79M) | Time:00:01.12 | Mem:0.00M, Peak:0.00M | Scene, ViewLayer | Updating Scene
Fra:1 Mem:252.30M (Peak 336.79M) | Time:00:01.12 | Mem:0.00M, Peak:0.00M | Scene, ViewLayer | Updating Shaders
Fra:1 Mem:252.31M (Peak 336.79M) | Time:00:01.12 | Mem:0.01M, Peak:0.01M | Scene, ViewLayer | Updating Procedurals
Fra:1 Mem:252.31M (Peak 336.79M) | Time:00:01.12 | Mem:0.01M, Peak:0.01M | Scene, ViewLayer | Updating Background
Fra:1 Mem:252.31M (Peak 336.79M) | Time:00:01.12 | Mem:0.01M, Peak:0.01M | Scene, ViewLayer | Updating Camera
Fra:1 Mem:252.31M (Peak 336.79M) | Time:00:01.12 | Mem:0.01M, Peak:0.01M | Scene, ViewLayer | Updating Meshes Flags
Fra:1 Mem:252.31M (Peak 336.79M) | Time:00:01.12 | Mem:0.01M, Peak:0.01M | Scene, ViewLayer | Updating Objects
Fra:1 Mem:252.31M (Peak 336.79M) | Time:00:01.12 | Mem:0.01M, Peak:0.01M | Scene, ViewLayer | Updating Objects | Copying Transformations to device
Fra:1 Mem:252.47M (Peak 336.79M) | Time:00:01.13 | Mem:0.16M, Peak:0.16M | Scene, ViewLayer | Updating Objects | Applying Static Transformations
Fra:1 Mem:252.47M (Peak 336.79M) | Time:00:01.13 | Mem:0.16M, Peak:0.16M | Scene, ViewLayer | Updating Particle Systems
Fra:1 Mem:252.47M (Peak 336.79M) | Time:00:01.13 | Mem:0.16M, Peak:0.16M | Scene, ViewLayer | Updating Particle Systems | Copying Particles to device
Fra:1 Mem:252.47M (Peak 336.79M) | Time:00:01.13 | Mem:0.16M, Peak:0.16M | Scene, ViewLayer | Updating Meshes
Fra:1 Mem:267.05M (Peak 336.79M) | Time:00:01.15 | Mem:0.16M, Peak:0.16M | Scene, ViewLayer | Updating Mesh | Computing attributes
Fra:1 Mem:273.65M (Peak 336.79M) | Time:00:01.15 | Mem:0.21M, Peak:0.21M | Scene, ViewLayer | Updating Mesh | Copying Attributes to device
Fra:1 Mem:273.54M (Peak 336.79M) | Time:00:01.16 | Mem:6.65M, Peak:6.65M | Scene, ViewLayer | Updating Scene BVH | Building
Fra:1 Mem:273.55M (Peak 336.79M) | Time:00:01.16 | Mem:6.65M, Peak:6.65M | Scene, ViewLayer | Updating Scene BVH | Building BVH
Fra:1 Mem:273.55M (Peak 336.79M) | Time:00:01.16 | Mem:35.82M, Peak:35.82M | Scene, ViewLayer | Updating Scene BVH | Building BVH 0%
Fra:1 Mem:273.55M (Peak 336.79M) | Time:00:01.26 | Mem:66.65M, Peak:95.82M | Scene, ViewLayer | Updating Scene BVH | Copying BVH to device
Fra:1 Mem:273.55M (Peak 336.79M) | Time:00:01.26 | Mem:66.65M, Peak:95.82M | Scene, ViewLayer | Updating Mesh | Computing normals
Fra:1 Mem:309.53M (Peak 336.79M) | Time:00:01.28 | Mem:66.65M, Peak:95.82M | Scene, ViewLayer | Updating Mesh | Copying Mesh to device
Fra:1 Mem:309.53M (Peak 336.79M) | Time:00:01.28 | Mem:102.63M, Peak:102.63M | Scene, ViewLayer | Updating Objects Flags
Fra:1 Mem:309.53M (Peak 336.79M) | Time:00:01.28 | Mem:102.64M, Peak:102.64M | Scene, ViewLayer | Updating Primitive Offsets
Fra:1 Mem:309.53M (Peak 336.79M) | Time:00:01.28 | Mem:102.64M, Peak:102.64M | Scene, ViewLayer | Updating Images
Fra:1 Mem:309.53M (Peak 336.79M) | Time:00:01.28 | Mem:102.64M, Peak:102.64M | Scene, ViewLayer | Updating Camera Volume
Fra:1 Mem:309.53M (Peak 336.79M) | Time:00:01.28 | Mem:102.64M, Peak:102.64M | Scene, ViewLayer | Updating Lookup Tables
Fra:1 Mem:309.53M (Peak 336.79M) | Time:00:01.28 | Mem:102.64M, Peak:102.64M | Scene, ViewLayer | Updating Lights
Fra:1 Mem:309.53M (Peak 336.79M) | Time:00:01.28 | Mem:102.64M, Peak:102.64M | Scene, ViewLayer | Updating Lights | Computing distribution
Fra:1 Mem:309.53M (Peak 336.79M) | Time:00:01.28 | Mem:102.64M, Peak:102.64M | Scene, ViewLayer | Updating Lights | Computing tree
Fra:1 Mem:311.18M (Peak 336.79M) | Time:00:01.31 | Mem:104.29M, Peak:104.29M | Scene, ViewLayer | Updating Integrator
Fra:1 Mem:312.18M (Peak 336.79M) | Time:00:01.31 | Mem:105.29M, Peak:105.29M | Scene, ViewLayer | Updating Film
Fra:1 Mem:312.18M (Peak 336.79M) | Time:00:01.31 | Mem:105.29M, Peak:105.29M | Scene, ViewLayer | Updating Lookup Tables
Fra:1 Mem:312.18M (Peak 336.79M) | Time:00:01.31 | Mem:105.29M, Peak:105.29M | Scene, ViewLayer | Updating Baking
Fra:1 Mem:312.18M (Peak 336.79M) | Time:00:01.31 | Mem:105.29M, Peak:105.29M | Scene, ViewLayer | Updating Device | Writing constant memory
Fra:1 Mem:312.20M (Peak 336.79M) | Time:00:01.31 | Mem:105.29M, Peak:105.29M | Scene, ViewLayer | Sample 0/48
Fra:1 Mem:445.80M (Peak 445.80M) | Time:00:04.91 | Remaining:02:49.34 | Mem:238.88M, Peak:238.88M | Scene, ViewLayer | Sample 1/48
Fra:1 Mem:445.80M (Peak 445.80M) | Time:00:31.87 | Remaining:02:12.44 | Mem:238.88M, Peak:238.88M | Scene, ViewLayer | Sample 9/48
Fra:1 Mem:445.80M (Peak 445.80M) | Time:00:55.76 | Remaining:01:48.89 | Mem:238.88M, Peak:238.88M | Scene, ViewLayer | Sample 16/48
Fra:1 Mem:445.80M (Peak 445.80M) | Time:01:05.55 | Remaining:01:04.24 | Mem:238.88M, Peak:238.88M | Scene, ViewLayer | Sample 24/48
Fra:1 Mem:445.80M (Peak 445.80M) | Time:01:15.27 | Remaining:00:36.97 | Mem:238.88M, Peak:238.88M | Scene, ViewLayer | Sample 32/48
Fra:1 Mem:502.06M (Peak 586.43M) | Time:01:34.29 | Mem:238.88M, Peak:238.88M | Scene, ViewLayer | Sample 48/48
Fra:1 Mem:502.06M (Peak 586.43M) | Time:01:34.29 | Mem:238.88M, Peak:238.88M | Scene, ViewLayer | Finished
Saved: 'C:\MyProjects\TempProject (OpenAI)\su7\renders\front_hero.png'
 Time: 01:34.89 (Saving: 00:00.57)

PRODUCTION_RENDER_COMPLETE front_hero
PRODUCTION_RENDER_START rear_hero
Fra:1 Mem:285.45M (Peak 285.45M) | Time:00:01.12 | Mem:0.00M, Peak:0.00M | Scene, ViewLayer | Synchronizing object | Unified aluminum body | welded hood, quarters and bumpers
Fra:1 Mem:285.45M (Peak 285.45M) | Time:00:01.12 | Mem:0.00M, Peak:0.00M | Scene, ViewLayer | Synchronizing object | Window perimeter | satin black surround
Fra:1 Mem:290.59M (Peak 290.59M) | Time:00:01.12 | Mem:0.00M, Peak:0.00M | Scene, ViewLayer | Synchronizing object | B pillar black trim
Fra:1 Mem:290.90M (Peak 290.90M) | Time:00:01.12 | Mem:0.00M, Peak:0.00M | Scene, ViewLayer | Synchronizing object | B pillar black trim.001
Fra:1 Mem:290.94M (Peak 290.94M) | Time:00:01.12 | Mem:0.00M, Peak:0.00M | Scene, ViewLayer | Synchronizing object | B pillar black trim.002
Fra:1 Mem:290.98M (Peak 290.98M) | Time:00:01.12 | Mem:0.00M, Peak:0.00M | Scene, ViewLayer | Synchronizing object | Rear quarter glass division
Fra:1 Mem:291.01M (Peak 291.01M) | Time:00:01.12 | Mem:0.00M, Peak:0.00M | Scene, ViewLayer | Synchronizing object | Painted continuous A pillar and roof rail
Fra:1 Mem:291.22M (Peak 291.22M) | Time:00:01.12 | Mem:0.00M, Peak:0.00M | Scene, ViewLayer | Synchronizing object | Roof drip molding
Fra:1 Mem:291.40M (Peak 291.40M) | Time:00:01.12 | Mem:0.00M, Peak:0.00M | Scene, ViewLayer | Synchronizing object | Smooth continuous side glass
Fra:1 Mem:291.94M (Peak 291.94M) | Time:00:01.12 | Mem:0.00M, Peak:0.00M | Scene, ViewLayer | Synchronizing object | Window perimeter | satin black surround.001
Fra:1 Mem:292.29M (Peak 292.29M) | Time:00:01.12 | Mem:0.00M, Peak:0.00M | Scene, ViewLayer | Synchronizing object | B pillar black trim.003
Fra:1 Mem:292.33M (Peak 292.33M) | Time:00:01.12 | Mem:0.00M, Peak:0.00M | Scene, ViewLayer | Synchronizing object | Smooth continuous side glass.001
Fra:1 Mem:293.01M (Peak 293.01M) | Time:00:01.12 | Mem:0.00M, Peak:0.00M | Scene, ViewLayer | Synchronizing object | B pillar black trim.004
Fra:1 Mem:300.63M (Peak 300.63M) | Time:00:01.12 | Mem:0.00M, Peak:0.00M | Scene, ViewLayer | Synchronizing object | B pillar black trim.005
Fra:1 Mem:300.67M (Peak 300.67M) | Time:00:01.12 | Mem:0.00M, Peak:0.00M | Scene, ViewLayer | Synchronizing object | Rear quarter glass division.001
Fra:1 Mem:300.70M (Peak 300.70M) | Time:00:01.12 | Mem:0.00M, Peak:0.00M | Scene, ViewLayer | Synchronizing object | Painted continuous A pillar and roof rail.001
Fra:1 Mem:300.91M (Peak 300.91M) | Time:00:01.12 | Mem:0.00M, Peak:0.00M | Scene, ViewLayer | Synchronizing object | Roof drip molding.001
Fra:1 Mem:301.09M (Peak 301.09M) | Time:00:01.12 | Mem:0.00M, Peak:0.00M | Scene, ViewLayer | Synchronizing object | Hood precision shut line
Fra:1 Mem:303.64M (Peak 303.64M) | Time:00:01.12 | Mem:0.00M, Peak:0.00M | Scene, ViewLayer | Synchronizing object | Front door leading gap
Fra:1 Mem:303.71M (Peak 303.71M) | Time:00:01.12 | Mem:0.00M, Peak:0.00M | Scene, ViewLayer | Synchronizing object | B pillar door gap
Fra:1 Mem:303.77M (Peak 303.77M) | Time:00:01.12 | Mem:0.00M, Peak:0.00M | Scene, ViewLayer | Synchronizing object | Rear door trailing gap
Fra:1 Mem:303.84M (Peak 303.84M) | Time:00:01.12 | Mem:0.00M, Peak:0.00M | Scene, ViewLayer | Synchronizing object | Rocker sill
Fra:1 Mem:303.90M (Peak 303.90M) | Time:00:01.12 | Mem:0.00M, Peak:0.00M | Scene, ViewLayer | Synchronizing object | Rocker silver edge
Fra:1 Mem:306.40M (Peak 306.40M) | Time:00:01.12 | Mem:0.00M, Peak:0.00M | Scene, ViewLayer | Synchronizing object | Flush door handle recess
Fra:1 Mem:306.40M (Peak 306.40M) | Time:00:01.12 | Mem:0.00M, Peak:0.00M | Scene, ViewLayer | Synchronizing object | Handle finger undercut
Fra:1 Mem:306.47M (Peak 306.47M) | Time:00:01.12 | Mem:0.00M, Peak:0.00M | Scene, ViewLayer | Synchronizing object | Handle finger undercut.001
Fra:1 Mem:306.47M (Peak 306.47M) | Time:00:01.12 | Mem:0.00M, Peak:0.00M | Scene, ViewLayer | Synchronizing object | Charging door
Fra:1 Mem:306.52M (Peak 306.52M) | Time:00:01.12 | Mem:0.00M, Peak:0.00M | Scene, ViewLayer | Synchronizing object | Fender blade polished edge
Fra:1 Mem:306.49M (Peak 306.52M) | Time:00:01.12 | Mem:0.00M, Peak:0.00M | Scene, ViewLayer | Synchronizing object | Mirror stalk
Fra:1 Mem:306.49M (Peak 306.52M) | Time:00:01.12 | Mem:0.00M, Peak:0.00M | Scene, ViewLayer | Synchronizing object | Mirror LED indicator
Fra:1 Mem:306.50M (Peak 306.52M) | Time:00:01.12 | Mem:0.00M, Peak:0.00M | Scene, ViewLayer | Synchronizing object | Flush door handle | Aqua Blue
Fra:1 Mem:306.53M (Peak 306.53M) | Time:00:01.12 | Mem:0.00M, Peak:0.00M | Scene, ViewLayer | Synchronizing object | Rolled painted wheel arch lip
Fra:1 Mem:306.65M (Peak 306.65M) | Time:00:01.12 | Mem:0.00M, Peak:0.00M | Scene, ViewLayer | Synchronizing object | Wheelhouse dark reveal
Fra:1 Mem:306.77M (Peak 306.77M) | Time:00:01.12 | Mem:0.00M, Peak:0.00M | Scene, ViewLayer | Synchronizing object | Flush door handle recess.001
Fra:1 Mem:306.77M (Peak 306.77M) | Time:00:01.12 | Mem:0.00M, Peak:0.00M | Scene, ViewLayer | Synchronizing object | Rolled painted wheel arch lip.001
Fra:1 Mem:306.92M (Peak 306.92M) | Time:00:01.12 | Mem:0.00M, Peak:0.00M | Scene, ViewLayer | Synchronizing object | Wheelhouse dark reveal.001
Fra:1 Mem:307.01M (Peak 307.01M) | Time:00:01.12 | Mem:0.00M, Peak:0.00M | Scene, ViewLayer | Synchronizing object | Flush door handle | Aqua Blue.001
Fra:1 Mem:307.01M (Peak 307.01M) | Time:00:01.12 | Mem:0.00M, Peak:0.00M | Scene, ViewLayer | Synchronizing object | Hood precision shut line.001
Fra:1 Mem:307.22M (Peak 307.22M) | Time:00:01.12 | Mem:0.00M, Peak:0.00M | Scene, ViewLayer | Synchronizing object | Front door leading gap.001
Fra:1 Mem:307.24M (Peak 307.24M) | Time:00:01.13 | Mem:0.00M, Peak:0.00M | Scene, ViewLayer | Synchronizing object | Front fender black air blade
Fra:1 Mem:307.24M (Peak 307.24M) | Time:00:01.13 | Mem:0.00M, Peak:0.00M | Scene, ViewLayer | Synchronizing object | Side camera lens.001
Fra:1 Mem:307.24M (Peak 307.24M) | Time:00:01.13 | Mem:0.00M, Peak:0.00M | Scene, ViewLayer | Synchronizing object | Mirror black lower housing.001
Fra:1 Mem:307.44M (Peak 307.44M) | Time:00:01.13 | Mem:0.00M, Peak:0.00M | Scene, ViewLayer | Synchronizing object | Mirror painted upper cap.001
Fra:1 Mem:307.51M (Peak 307.51M) | Time:00:01.13 | Mem:0.00M, Peak:0.00M | Scene, ViewLayer | Synchronizing object | Mirror reflective glass.001
Fra:1 Mem:307.57M (Peak 307.57M) | Time:00:01.13 | Mem:0.00M, Peak:0.00M | Scene, ViewLayer | Synchronizing object | Wheelhouse liner
Fra:1 Mem:307.60M (Peak 307.60M) | Time:00:01.13 | Mem:0.00M, Peak:0.00M | Scene, ViewLayer | Synchronizing object | Wheelhouse liner.001
Fra:1 Mem:307.68M (Peak 307.68M) | Time:00:01.13 | Mem:0.00M, Peak:0.00M | Scene, ViewLayer | Synchronizing object | Rocker sill.001
Fra:1 Mem:307.74M (Peak 307.74M) | Time:00:01.13 | Mem:0.00M, Peak:0.00M | Scene, ViewLayer | Synchronizing object | Rocker silver edge.001
Fra:1 Mem:307.81M (Peak 307.81M) | Time:00:01.13 | Mem:0.00M, Peak:0.00M | Scene, ViewLayer | Synchronizing object | Flush door handle recess.002
Fra:1 Mem:307.81M (Peak 307.81M) | Time:00:01.13 | Mem:0.00M, Peak:0.00M | Scene, ViewLayer | Synchronizing object | Handle finger undercut.002
Fra:1 Mem:307.88M (Peak 307.88M) | Time:00:01.13 | Mem:0.00M, Peak:0.00M | Scene, ViewLayer | Synchronizing object | Flush door handle | Aqua Blue.002
Fra:1 Mem:307.89M (Peak 307.89M) | Time:00:01.13 | Mem:0.00M, Peak:0.00M | Scene, ViewLayer | Synchronizing object | Handle finger undercut.003
Fra:1 Mem:307.91M (Peak 307.91M) | Time:00:01.13 | Mem:0.00M, Peak:0.00M | Scene, ViewLayer | Synchronizing object | Fender blade polished edge.001
Fra:1 Mem:307.90M (Peak 307.91M) | Time:00:01.13 | Mem:0.00M, Peak:0.00M | Scene, ViewLayer | Synchronizing object | Mirror stalk.001
Fra:1 Mem:307.95M (Peak 307.95M) | Time:00:01.13 | Mem:0.00M, Peak:0.00M | Scene, ViewLayer | Synchronizing object | Mirror LED indicator.001
Fra:1 Mem:307.92M (Peak 307.95M) | Time:00:01.13 | Mem:0.00M, Peak:0.00M | Scene, ViewLayer | Synchronizing object | Flush door handle recess.003
Fra:1 Mem:308.02M (Peak 308.02M) | Time:00:01.13 | Mem:0.00M, Peak:0.00M | Scene, ViewLayer | Synchronizing object | Rolled painted wheel arch lip.002
Fra:1 Mem:308.05M (Peak 308.05M) | Time:00:01.13 | Mem:0.00M, Peak:0.00M | Scene, ViewLayer | Synchronizing object | Flush door handle | Aqua Blue.003
Fra:1 Mem:308.14M (Peak 308.14M) | Time:00:01.13 | Mem:0.00M, Peak:0.00M | Scene, ViewLayer | Synchronizing object | Front fender black air blade.001
Fra:1 Mem:308.13M (Peak 308.14M) | Time:00:01.13 | Mem:0.00M, Peak:0.00M | Scene, ViewLayer | Synchronizing object | Side camera lens
Fra:1 Mem:308.18M (Peak 308.18M) | Time:00:01.13 | Mem:0.00M, Peak:0.00M | Scene, ViewLayer | Synchronizing object | Wheelhouse dark reveal.002
Fra:1 Mem:308.30M (Peak 308.30M) | Time:00:01.13 | Mem:0.00M, Peak:0.00M | Scene, ViewLayer | Synchronizing object | Mirror black lower housing
Fra:1 Mem:308.36M (Peak 308.36M) | Time:00:01.13 | Mem:0.00M, Peak:0.00M | Scene, ViewLayer | Synchronizing object | Mirror painted upper cap
Fra:1 Mem:308.41M (Peak 308.41M) | Time:00:01.13 | Mem:0.00M, Peak:0.00M | Scene, ViewLayer | Synchronizing object | Rolled painted wheel arch lip.003
Fra:1 Mem:308.40M (Peak 308.41M) | Time:00:01.13 | Mem:0.00M, Peak:0.00M | Scene, ViewLayer | Synchronizing object | Wheelhouse liner.002
Fra:1 Mem:308.59M (Peak 308.59M) | Time:00:01.13 | Mem:0.00M, Peak:0.00M | Scene, ViewLayer | Synchronizing object | Wheelhouse dark reveal.003
Fra:1 Mem:308.69M (Peak 308.69M) | Time:00:01.13 | Mem:0.00M, Peak:0.00M | Scene, ViewLayer | Synchronizing object | Wheelhouse liner.003
Fra:1 Mem:308.70M (Peak 308.70M) | Time:00:01.13 | Mem:0.00M, Peak:0.00M | Scene, ViewLayer | Synchronizing object | Waterdrop headlight | dark compound-curved optical housing
Fra:1 Mem:308.83M (Peak 308.83M) | Time:00:01.13 | Mem:0.00M, Peak:0.00M | Scene, ViewLayer | Synchronizing object | Headlight polished rim
Fra:1 Mem:308.87M (Peak 308.87M) | Time:00:01.13 | Mem:0.00M, Peak:0.00M | Scene, ViewLayer | Synchronizing object | Signature sweeping diagonal DRL
Fra:1 Mem:308.92M (Peak 308.92M) | Time:00:01.13 | Mem:0.00M, Peak:0.00M | Scene, ViewLayer | Synchronizing object | Lower segmented optical return
Fra:1 Mem:308.97M (Peak 308.97M) | Time:00:01.13 | Mem:0.00M, Peak:0.00M | Scene, ViewLayer | Synchronizing object | Upper arrow DRL accent
Fra:1 Mem:309.01M (Peak 309.01M) | Time:00:01.13 | Mem:0.00M, Peak:0.00M | Scene, ViewLayer | Synchronizing object | Rectangular LED projector surround
Fra:1 Mem:309.02M (Peak 309.02M) | Time:00:01.13 | Mem:0.00M, Peak:0.00M | Scene, ViewLayer | Synchronizing object | Deep projector optic
Fra:1 Mem:309.09M (Peak 309.09M) | Time:00:01.13 | Mem:0.00M, Peak:0.00M | Scene, ViewLayer | Synchronizing object | Corner intake rim
Fra:1 Mem:309.12M (Peak 309.12M) | Time:00:01.13 | Mem:0.00M, Peak:0.00M | Scene, ViewLayer | Synchronizing object | Air curtain inner fin
Fra:1 Mem:309.16M (Peak 309.16M) | Time:00:01.13 | Mem:0.00M, Peak:0.00M | Scene, ViewLayer | Synchronizing object | Headlight rubber gasket.001
Fra:1 Mem:309.16M (Peak 309.16M) | Time:00:01.13 | Mem:0.00M, Peak:0.00M | Scene, ViewLayer | Synchronizing object | Rectangular LED projector surround.001
Fra:1 Mem:309.20M (Peak 309.20M) | Time:00:01.13 | Mem:0.00M, Peak:0.00M | Scene, ViewLayer | Synchronizing object | Headlight polished rim.001
Fra:1 Mem:309.28M (Peak 309.28M) | Time:00:01.13 | Mem:0.00M, Peak:0.00M | Scene, ViewLayer | Synchronizing object | Signature sweeping diagonal DRL.001
Fra:1 Mem:309.23M (Peak 309.28M) | Time:00:01.13 | Mem:0.00M, Peak:0.00M | Scene, ViewLayer | Synchronizing object | Deep projector optic.001
Fra:1 Mem:309.28M (Peak 309.28M) | Time:00:01.13 | Mem:0.00M, Peak:0.00M | Scene, ViewLayer | Synchronizing object | Lower segmented optical return.001
Fra:1 Mem:309.38M (Peak 309.38M) | Time:00:01.13 | Mem:0.00M, Peak:0.00M | Scene, ViewLayer | Synchronizing object | Rectangular LED projector surround.002
Fra:1 Mem:309.40M (Peak 309.40M) | Time:00:01.13 | Mem:0.00M, Peak:0.00M | Scene, ViewLayer | Synchronizing object | Upper arrow DRL accent.001
Fra:1 Mem:309.45M (Peak 309.45M) | Time:00:01.13 | Mem:0.00M, Peak:0.00M | Scene, ViewLayer | Synchronizing object | Corner intake rim.001
Fra:1 Mem:309.42M (Peak 309.45M) | Time:00:01.13 | Mem:0.00M, Peak:0.00M | Scene, ViewLayer | Synchronizing object | Rectangular LED projector surround.003
Fra:1 Mem:309.46M (Peak 309.46M) | Time:00:01.13 | Mem:0.00M, Peak:0.00M | Scene, ViewLayer | Synchronizing object | Air curtain inner fin.001
Fra:1 Mem:309.58M (Peak 309.58M) | Time:00:01.13 | Mem:0.00M, Peak:0.00M | Scene, ViewLayer | Synchronizing object | Satin front intake frame
Fra:1 Mem:309.58M (Peak 309.58M) | Time:00:01.13 | Mem:0.00M, Peak:0.00M | Scene, ViewLayer | Synchronizing object | Painted intake ring
Fra:1 Mem:309.55M (Peak 309.58M) | Time:00:01.13 | Mem:0.00M, Peak:0.00M | Scene, ViewLayer | Synchronizing object | Deep projector optic.003
Fra:1 Mem:309.60M (Peak 309.60M) | Time:00:01.13 | Mem:0.00M, Peak:0.00M | Scene, ViewLayer | Synchronizing object | Painted intake ring.001
Fra:1 Mem:309.64M (Peak 309.64M) | Time:00:01.13 | Mem:0.00M, Peak:0.00M | Scene, ViewLayer | Synchronizing object | Vertical corner air curtain
Fra:1 Mem:309.68M (Peak 309.68M) | Time:00:01.13 | Mem:0.00M, Peak:0.00M | Scene, ViewLayer | Synchronizing object | Horizontal grille louver
Fra:1 Mem:309.68M (Peak 309.68M) | Time:00:01.13 | Mem:0.00M, Peak:0.00M | Scene, ViewLayer | Synchronizing object | Waterdrop headlight | dark compound-curved optical housing.001
Fra:1 Mem:309.69M (Peak 309.69M) | Time:00:01.13 | Mem:0.00M, Peak:0.00M | Scene, ViewLayer | Synchronizing object | Horizontal grille louver.001
Fra:1 Mem:309.81M (Peak 309.81M) | Time:00:01.13 | Mem:0.00M, Peak:0.00M | Scene, ViewLayer | Synchronizing object | Deep projector optic.004
Fra:1 Mem:312.35M (Peak 312.35M) | Time:00:01.13 | Mem:0.00M, Peak:0.00M | Scene, ViewLayer | Synchronizing object | Horizontal grille louver.002
Fra:1 Mem:312.40M (Peak 312.40M) | Time:00:01.13 | Mem:0.00M, Peak:0.00M | Scene, ViewLayer | Synchronizing object | Horizontal grille louver.003
Fra:1 Mem:312.37M (Peak 312.40M) | Time:00:01.13 | Mem:0.00M, Peak:0.00M | Scene, ViewLayer | Synchronizing object | Rectangular LED projector surround.005
Fra:1 Mem:312.36M (Peak 312.40M) | Time:00:01.13 | Mem:0.00M, Peak:0.00M | Scene, ViewLayer | Synchronizing object | Deep projector optic.005
Fra:1 Mem:312.42M (Peak 312.42M) | Time:00:01.13 | Mem:0.00M, Peak:0.00M | Scene, ViewLayer | Synchronizing object | Grille vertical reinforcement
Fra:1 Mem:312.43M (Peak 312.43M) | Time:00:01.13 | Mem:0.00M, Peak:0.00M | Scene, ViewLayer | Synchronizing object | Grille vertical reinforcement.001
Fra:1 Mem:310.02M (Peak 312.43M) | Time:00:01.13 | Mem:0.00M, Peak:0.00M | Scene, ViewLayer | Synchronizing object | Grille vertical reinforcement.002
Fra:1 Mem:310.01M (Peak 312.43M) | Time:00:01.13 | Mem:0.00M, Peak:0.00M | Scene, ViewLayer | Synchronizing object | Grille vertical reinforcement.003
Fra:1 Mem:312.41M (Peak 312.43M) | Time:00:01.13 | Mem:0.00M, Peak:0.00M | Scene, ViewLayer | Synchronizing object | Rectangular LED projector surround.006
Fra:1 Mem:312.43M (Peak 312.43M) | Time:00:01.13 | Mem:0.00M, Peak:0.00M | Scene, ViewLayer | Synchronizing object | Grille vertical reinforcement.004
Fra:1 Mem:312.49M (Peak 312.49M) | Time:00:01.13 | Mem:0.00M, Peak:0.00M | Scene, ViewLayer | Synchronizing object | Grille vertical reinforcement.005
Fra:1 Mem:312.48M (Peak 312.49M) | Time:00:01.13 | Mem:0.00M, Peak:0.00M | Scene, ViewLayer | Synchronizing object | Grille vertical reinforcement.006
Fra:1 Mem:312.45M (Peak 312.49M) | Time:00:01.13 | Mem:0.00M, Peak:0.00M | Scene, ViewLayer | Synchronizing object | Grille vertical reinforcement.007
Fra:1 Mem:312.45M (Peak 312.49M) | Time:00:01.13 | Mem:0.00M, Peak:0.00M | Scene, ViewLayer | Synchronizing object | Rectangular LED projector surround.007
Fra:1 Mem:312.45M (Peak 312.49M) | Time:00:01.13 | Mem:0.00M, Peak:0.00M | Scene, ViewLayer | Synchronizing object | Grille vertical reinforcement.008
Fra:1 Mem:312.49M (Peak 312.49M) | Time:00:01.13 | Mem:0.00M, Peak:0.00M | Scene, ViewLayer | Synchronizing object | Grille vertical reinforcement.009
Fra:1 Mem:312.60M (Peak 312.60M) | Time:00:01.13 | Mem:0.00M, Peak:0.00M | Scene, ViewLayer | Synchronizing object | Grille vertical reinforcement.010
Fra:1 Mem:312.55M (Peak 312.60M) | Time:00:01.13 | Mem:0.00M, Peak:0.00M | Scene, ViewLayer | Synchronizing object | Front splitter blade
Fra:1 Mem:312.66M (Peak 312.66M) | Time:00:01.13 | Mem:0.00M, Peak:0.00M | Scene, ViewLayer | Synchronizing object | Deep projector optic.007
Fra:1 Mem:312.64M (Peak 312.66M) | Time:00:01.13 | Mem:0.00M, Peak:0.00M | Scene, ViewLayer | Synchronizing object | Vertical corner air curtain.001
Fra:1 Mem:310.26M (Peak 312.66M) | Time:00:01.13 | Mem:0.00M, Peak:0.00M | Scene, ViewLayer | Synchronizing object | Front plate lettering
Fra:1 Mem:310.51M (Peak 312.66M) | Time:00:01.13 | Mem:0.00M, Peak:0.00M | Scene, ViewLayer | Synchronizing object | Wide trapezoidal front lower intake
Fra:1 Mem:310.58M (Peak 312.66M) | Time:00:01.13 | Mem:0.00M, Peak:0.00M | Scene, ViewLayer | Synchronizing object | Sculpted Aqua Blue intake side surround.001
Fra:1 Mem:310.57M (Peak 312.66M) | Time:00:01.13 | Mem:0.00M, Peak:0.00M | Scene, ViewLayer | Synchronizing object | Sculpted Aqua Blue intake side surround
Fra:1 Mem:310.57M (Peak 312.66M) | Time:00:01.13 | Mem:0.00M, Peak:0.00M | Scene, ViewLayer | Synchronizing object | Front license plate bracket
Fra:1 Mem:310.60M (Peak 312.66M) | Time:00:01.13 | Mem:0.00M, Peak:0.00M | Scene, ViewLayer | Synchronizing object | Front license plate
Fra:1 Mem:311.45M (Peak 312.66M) | Time:00:01.13 | Mem:0.00M, Peak:0.00M | Scene, ViewLayer | Synchronizing object | Ultrasonic parking sensor
Fra:1 Mem:311.45M (Peak 312.66M) | Time:00:01.13 | Mem:0.00M, Peak:0.00M | Scene, ViewLayer | Synchronizing object | Ultrasonic parking sensor.001
Fra:1 Mem:311.48M (Peak 312.66M) | Time:00:01.13 | Mem:0.00M, Peak:0.00M | Scene, ViewLayer | Synchronizing object | Hood mi insignia
Fra:1 Mem:311.73M (Peak 312.66M) | Time:00:01.14 | Mem:0.00M, Peak:0.00M | Scene, ViewLayer | Synchronizing object | License plate screw.001
Fra:1 Mem:311.77M (Peak 312.66M) | Time:00:01.14 | Mem:0.00M, Peak:0.00M | Scene, ViewLayer | Synchronizing object | Xiaomi hood emblem
Fra:1 Mem:311.80M (Peak 312.66M) | Time:00:01.14 | Mem:0.00M, Peak:0.00M | Scene, ViewLayer | Synchronizing object | Rear lamp outer seal
Fra:1 Mem:311.93M (Peak 312.66M) | Time:00:01.14 | Mem:0.00M, Peak:0.00M | Scene, ViewLayer | Synchronizing object | Front perception camera
Fra:1 Mem:311.94M (Peak 312.66M) | Time:00:01.14 | Mem:0.00M, Peak:0.00M | Scene, ViewLayer | Synchronizing object | Continuous halo rear LED
Fra:1 Mem:311.92M (Peak 312.66M) | Time:00:01.14 | Mem:0.00M, Peak:0.00M | Scene, ViewLayer | Synchronizing object | Halo rear red optical bed
Fra:1 Mem:312.13M (Peak 312.66M) | Time:00:01.14 | Mem:0.00M, Peak:0.00M | Scene, ViewLayer | Synchronizing object | Lower full-width LED filament
Fra:1 Mem:312.30M (Peak 312.66M) | Time:00:01.14 | Mem:0.00M, Peak:0.00M | Scene, ViewLayer | Synchronizing object | Inner taillight return
Fra:1 Mem:312.31M (Peak 312.66M) | Time:00:01.14 | Mem:0.00M, Peak:0.00M | Scene, ViewLayer | Synchronizing object | Rear bumper side air outlet
Fra:1 Mem:312.31M (Peak 312.66M) | Time:00:01.14 | Mem:0.00M, Peak:0.00M | Scene, ViewLayer | Synchronizing object | Rear vent rim
Fra:1 Mem:312.37M (Peak 312.66M) | Time:00:01.14 | Mem:0.00M, Peak:0.00M | Scene, ViewLayer | Synchronizing object | Trunk panel shut line
Fra:1 Mem:312.44M (Peak 312.66M) | Time:00:01.14 | Mem:0.00M, Peak:0.00M | Scene, ViewLayer | Synchronizing object | Rear lower reflector
Fra:1 Mem:312.51M (Peak 312.66M) | Time:00:01.14 | Mem:0.00M, Peak:0.00M | Scene, ViewLayer | Synchronizing object | Rear bumper side air outlet.001
Fra:1 Mem:312.55M (Peak 312.66M) | Time:00:01.14 | Mem:0.00M, Peak:0.00M | Scene, ViewLayer | Synchronizing object | Rear vent rim.001
Fra:1 Mem:312.54M (Peak 312.66M) | Time:00:01.14 | Mem:0.00M, Peak:0.00M | Scene, ViewLayer | Synchronizing object | Trunk panel shut line.001
Fra:1 Mem:312.61M (Peak 312.66M) | Time:00:01.14 | Mem:0.00M, Peak:0.00M | Scene, ViewLayer | Synchronizing object | Rear lower reflector.001
Fra:1 Mem:312.62M (Peak 312.66M) | Time:00:01.14 | Mem:0.00M, Peak:0.00M | Scene, ViewLayer | Synchronizing object | Rear diffuser black valance
Fra:1 Mem:312.77M (Peak 312.77M) | Time:00:01.14 | Mem:0.00M, Peak:0.00M | Scene, ViewLayer | Synchronizing object | Rear diffuser painted buttress.001
Fra:1 Mem:312.85M (Peak 312.85M) | Time:00:01.14 | Mem:0.00M, Peak:0.00M | Scene, ViewLayer | Synchronizing object | Rear diffuser lower lip
Fra:1 Mem:312.96M (Peak 312.96M) | Time:00:01.14 | Mem:0.00M, Peak:0.00M | Scene, ViewLayer | Synchronizing object | Underfloor diffuser strake
Fra:1 Mem:312.97M (Peak 312.97M) | Time:00:01.14 | Mem:0.00M, Peak:0.00M | Scene, ViewLayer | Synchronizing object | Underfloor diffuser strake.001
Fra:1 Mem:313.00M (Peak 313.00M) | Time:00:01.14 | Mem:0.00M, Peak:0.00M | Scene, ViewLayer | Synchronizing object | Rear plate SU7
Fra:1 Mem:313.29M (Peak 313.29M) | Time:00:01.14 | Mem:0.00M, Peak:0.00M | Scene, ViewLayer | Synchronizing object | Underfloor diffuser strake.002
Fra:1 Mem:313.37M (Peak 313.37M) | Time:00:01.14 | Mem:0.00M, Peak:0.00M | Scene, ViewLayer | Synchronizing object | Underfloor diffuser strake.004
Fra:1 Mem:313.35M (Peak 313.37M) | Time:00:01.14 | Mem:0.00M, Peak:0.00M | Scene, ViewLayer | Synchronizing object | Rear spaced Xiaomi lettering | x
Fra:1 Mem:313.55M (Peak 313.55M) | Time:00:01.14 | Mem:0.00M, Peak:0.00M | Scene, ViewLayer | Synchronizing object | Rear spaced Xiaomi lettering | i
Fra:1 Mem:313.57M (Peak 313.57M) | Time:00:01.14 | Mem:0.00M, Peak:0.00M | Scene, ViewLayer | Synchronizing object | Rear plate bracket
Fra:1 Mem:313.51M (Peak 313.57M) | Time:00:01.14 | Mem:0.00M, Peak:0.00M | Scene, ViewLayer | Synchronizing object | Rear license plate
Fra:1 Mem:313.57M (Peak 313.57M) | Time:00:01.14 | Mem:0.00M, Peak:0.00M | Scene, ViewLayer | Synchronizing object | Rear spaced Xiaomi lettering | a
Fra:1 Mem:313.81M (Peak 313.81M) | Time:00:01.14 | Mem:0.00M, Peak:0.00M | Scene, ViewLayer | Synchronizing object | Rear spaced Xiaomi lettering | o
Fra:1 Mem:313.95M (Peak 313.95M) | Time:00:01.14 | Mem:0.00M, Peak:0.00M | Scene, ViewLayer | Synchronizing object | Rear spaced Xiaomi lettering | m
Fra:1 Mem:314.10M (Peak 314.10M) | Time:00:01.14 | Mem:0.00M, Peak:0.00M | Scene, ViewLayer | Synchronizing object | Rear spaced Xiaomi lettering | i.001
Fra:1 Mem:314.17M (Peak 314.17M) | Time:00:01.14 | Mem:0.00M, Peak:0.00M | Scene, ViewLayer | Synchronizing object | Rear model badge
Fra:1 Mem:314.46M (Peak 314.46M) | Time:00:01.14 | Mem:0.00M, Peak:0.00M | Scene, ViewLayer | Synchronizing object | Rear Max badge
Fra:1 Mem:314.74M (Peak 314.74M) | Time:00:01.14 | Mem:0.00M, Peak:0.00M | Scene, ViewLayer | Synchronizing object | Rear manufacturer badge
Fra:1 Mem:314.93M (Peak 314.93M) | Time:00:01.14 | Mem:0.00M, Peak:0.00M | Scene, ViewLayer | Synchronizing object | Integrated rear deck ducktail
Fra:1 Mem:315.07M (Peak 315.07M) | Time:00:01.14 | Mem:0.00M, Peak:0.00M | Scene, ViewLayer | Synchronizing object | Retractable spoiler shut line
Fra:1 Mem:315.15M (Peak 315.15M) | Time:00:01.14 | Mem:0.00M, Peak:0.00M | Scene, ViewLayer | Synchronizing object | Front left | tire carcass
Fra:1 Mem:315.15M (Peak 315.15M) | Time:00:01.14 | Mem:0.00M, Peak:0.00M | Scene, ViewLayer | Synchronizing object | Rear parking camera
Fra:1 Mem:315.35M (Peak 315.35M) | Time:00:01.14 | Mem:0.00M, Peak:0.00M | Scene, ViewLayer | Synchronizing object | Front left tire molded sidewall ring.001
Fra:1 Mem:315.45M (Peak 315.45M) | Time:00:01.14 | Mem:0.00M, Peak:0.00M | Scene, ViewLayer | Synchronizing object | Front left tire molded sidewall ring.002
Fra:1 Mem:315.54M (Peak 315.54M) | Time:00:01.14 | Mem:0.00M, Peak:0.00M | Scene, ViewLayer | Synchronizing object | Front left tire molded sidewall ring
Fra:1 Mem:315.57M (Peak 315.57M) | Time:00:01.14 | Mem:0.00M, Peak:0.00M | Scene, ViewLayer | Synchronizing object | Front left directional tread | 792 blocks
Fra:1 Mem:315.98M (Peak 315.98M) | Time:00:01.14 | Mem:0.00M, Peak:0.00M | Scene, ViewLayer | Synchronizing object | Front left cast rim barrel
Fra:1 Mem:316.17M (Peak 316.17M) | Time:00:01.14 | Mem:0.00M, Peak:0.00M | Scene, ViewLayer | Synchronizing object | Front left diamond-cut outer flange
Fra:1 Mem:316.26M (Peak 316.26M) | Time:00:01.14 | Mem:0.00M, Peak:0.00M | Scene, ViewLayer | Synchronizing object | Front left inner rim accent
Fra:1 Mem:316.36M (Peak 316.36M) | Time:00:01.14 | Mem:0.00M, Peak:0.00M | Scene, ViewLayer | Synchronizing object | Front left brake rotor
Fra:1 Mem:316.44M (Peak 316.44M) | Time:00:01.14 | Mem:0.00M, Peak:0.00M | Scene, ViewLayer | Synchronizing object | Front left rotor outer scoring
Fra:1 Mem:316.60M (Peak 316.60M) | Time:00:01.14 | Mem:0.00M, Peak:0.00M | Scene, ViewLayer | Synchronizing object | Front left drilled rotor perforation
Fra:1 Mem:316.56M (Peak 316.60M) | Time:00:01.14 | Mem:0.00M, Peak:0.00M | Scene, ViewLayer | Synchronizing object | Front left drilled rotor perforation.001
Fra:1 Mem:316.56M (Peak 316.60M) | Time:00:01.15 | Mem:0.00M, Peak:0.00M | Scene, ViewLayer | Synchronizing object | Front left caliper marking
Fra:1 Mem:316.58M (Peak 316.60M) | Time:00:01.15 | Mem:0.00M, Peak:0.00M | Scene, ViewLayer | Synchronizing object | Front left drilled rotor perforation.002
Fra:1 Mem:316.72M (Peak 316.73M) | Time:00:01.15 | Mem:0.00M, Peak:0.00M | Scene, ViewLayer | Synchronizing object | Front left drilled rotor perforation.003
Fra:1 Mem:316.71M (Peak 316.73M) | Time:00:01.15 | Mem:0.00M, Peak:0.00M | Scene, ViewLayer | Synchronizing object | Front left drilled rotor perforation.004
Fra:1 Mem:316.76M (Peak 316.76M) | Time:00:01.15 | Mem:0.00M, Peak:0.00M | Scene, ViewLayer | Synchronizing object | Front left drilled rotor perforation.005
Fra:1 Mem:316.73M (Peak 316.76M) | Time:00:01.15 | Mem:0.00M, Peak:0.00M | Scene, ViewLayer | Synchronizing object | Front left drilled rotor perforation.006
Fra:1 Mem:317.09M (Peak 317.09M) | Time:00:01.15 | Mem:0.00M, Peak:0.00M | Scene, ViewLayer | Synchronizing object | Front left drilled rotor perforation.007
Fra:1 Mem:317.41M (Peak 317.41M) | Time:00:01.15 | Mem:0.00M, Peak:0.00M | Scene, ViewLayer | Synchronizing object | Front left drilled rotor perforation.008
Fra:1 Mem:317.40M (Peak 317.41M) | Time:00:01.15 | Mem:0.00M, Peak:0.00M | Scene, ViewLayer | Synchronizing object | Front left drilled rotor perforation.009
Fra:1 Mem:317.43M (Peak 317.43M) | Time:00:01.15 | Mem:0.00M, Peak:0.00M | Scene, ViewLayer | Synchronizing object | Front left drilled rotor perforation.010
Fra:1 Mem:317.43M (Peak 317.43M) | Time:00:01.15 | Mem:0.00M, Peak:0.00M | Scene, ViewLayer | Synchronizing object | Front left drilled rotor perforation.011
Fra:1 Mem:317.55M (Peak 317.55M) | Time:00:01.15 | Mem:0.00M, Peak:0.00M | Scene, ViewLayer | Synchronizing object | Front left drilled rotor perforation.012
Fra:1 Mem:317.59M (Peak 317.59M) | Time:00:01.15 | Mem:0.00M, Peak:0.00M | Scene, ViewLayer | Synchronizing object | Front left drilled rotor perforation.013
Fra:1 Mem:317.56M (Peak 317.59M) | Time:00:01.15 | Mem:0.00M, Peak:0.00M | Scene, ViewLayer | Synchronizing object | Front left drilled rotor perforation.014
Fra:1 Mem:317.51M (Peak 317.59M) | Time:00:01.15 | Mem:0.00M, Peak:0.00M | Scene, ViewLayer | Synchronizing object | Front left drilled rotor perforation.015
Fra:1 Mem:317.54M (Peak 317.59M) | Time:00:01.15 | Mem:0.00M, Peak:0.00M | Scene, ViewLayer | Synchronizing object | Front left center mi logo
Fra:1 Mem:317.64M (Peak 317.64M) | Time:00:01.15 | Mem:0.00M, Peak:0.00M | Scene, ViewLayer | Synchronizing object | Front left drilled rotor perforation.017
Fra:1 Mem:317.77M (Peak 317.77M) | Time:00:01.15 | Mem:0.00M, Peak:0.00M | Scene, ViewLayer | Synchronizing object | Front left drilled rotor perforation.019
Fra:1 Mem:317.85M (Peak 317.85M) | Time:00:01.15 | Mem:0.00M, Peak:0.00M | Scene, ViewLayer | Synchronizing object | Front left drilled rotor perforation.020
Fra:1 Mem:317.84M (Peak 317.85M) | Time:00:01.15 | Mem:0.00M, Peak:0.00M | Scene, ViewLayer | Synchronizing object | Front left sidewall lettering
Fra:1 Mem:317.84M (Peak 317.85M) | Time:00:01.15 | Mem:0.00M, Peak:0.00M | Scene, ViewLayer | Synchronizing object | Front left drilled rotor perforation.022
Fra:1 Mem:317.88M (Peak 317.88M) | Time:00:01.15 | Mem:0.00M, Peak:0.00M | Scene, ViewLayer | Synchronizing object | Front left sidewall lettering.001
Fra:1 Mem:317.93M (Peak 317.93M) | Time:00:01.15 | Mem:0.00M, Peak:0.00M | Scene, ViewLayer | Synchronizing object | Front left sidewall lettering.002
Fra:1 Mem:317.99M (Peak 317.99M) | Time:00:01.15 | Mem:0.00M, Peak:0.00M | Scene, ViewLayer | Synchronizing object | Front left drilled rotor perforation.023
Fra:1 Mem:318.06M (Peak 318.06M) | Time:00:01.15 | Mem:0.00M, Peak:0.00M | Scene, ViewLayer | Synchronizing object | Front left drilled rotor perforation.024
Fra:1 Mem:318.12M (Peak 318.12M) | Time:00:01.15 | Mem:0.00M, Peak:0.00M | Scene, ViewLayer | Synchronizing object | Front left drilled rotor perforation.025
Fra:1 Mem:318.08M (Peak 318.12M) | Time:00:01.15 | Mem:0.00M, Peak:0.00M | Scene, ViewLayer | Synchronizing object | Front left sidewall lettering.003
Fra:1 Mem:318.11M (Peak 318.12M) | Time:00:01.15 | Mem:0.00M, Peak:0.00M | Scene, ViewLayer | Synchronizing object | Front left drilled rotor perforation.026
Fra:1 Mem:318.11M (Peak 318.12M) | Time:00:01.15 | Mem:0.00M, Peak:0.00M | Scene, ViewLayer | Synchronizing object | Front left sidewall lettering.004
Fra:1 Mem:318.17M (Peak 318.17M) | Time:00:01.15 | Mem:0.00M, Peak:0.00M | Scene, ViewLayer | Synchronizing object | Front left drilled rotor perforation.027
Fra:1 Mem:318.19M (Peak 318.19M) | Time:00:01.15 | Mem:0.00M, Peak:0.00M | Scene, ViewLayer | Synchronizing object | Front left sidewall lettering.005
Fra:1 Mem:318.15M (Peak 318.19M) | Time:00:01.15 | Mem:0.00M, Peak:0.00M | Scene, ViewLayer | Synchronizing object | Front left sidewall lettering.006
Fra:1 Mem:318.15M (Peak 318.19M) | Time:00:01.15 | Mem:0.00M, Peak:0.00M | Scene, ViewLayer | Synchronizing object | Front left drilled rotor perforation.028
Fra:1 Mem:318.17M (Peak 318.19M) | Time:00:01.15 | Mem:0.00M, Peak:0.00M | Scene, ViewLayer | Synchronizing object | Front left sidewall lettering.007
Fra:1 Mem:318.19M (Peak 318.19M) | Time:00:01.15 | Mem:0.00M, Peak:0.00M | Scene, ViewLayer | Synchronizing object | Front left sidewall lettering.008
Fra:1 Mem:318.20M (Peak 318.21M) | Time:00:01.15 | Mem:0.00M, Peak:0.00M | Scene, ViewLayer | Synchronizing object | Front left drilled rotor perforation.030
Fra:1 Mem:318.31M (Peak 318.31M) | Time:00:01.15 | Mem:0.00M, Peak:0.00M | Scene, ViewLayer | Synchronizing object | Front left drilled rotor perforation.031
Fra:1 Mem:318.32M (Peak 318.32M) | Time:00:01.15 | Mem:0.00M, Peak:0.00M | Scene, ViewLayer | Synchronizing object | Front left sidewall lettering.009
Fra:1 Mem:318.37M (Peak 318.37M) | Time:00:01.15 | Mem:0.00M, Peak:0.00M | Scene, ViewLayer | Synchronizing object | Front left sidewall lettering.010
Fra:1 Mem:318.34M (Peak 318.37M) | Time:00:01.15 | Mem:0.00M, Peak:0.00M | Scene, ViewLayer | Synchronizing object | Front left drilled rotor perforation.032
Fra:1 Mem:318.31M (Peak 318.37M) | Time:00:01.15 | Mem:0.00M, Peak:0.00M | Scene, ViewLayer | Synchronizing object | Front left sidewall lettering.011
Fra:1 Mem:318.32M (Peak 318.37M) | Time:00:01.15 | Mem:0.00M, Peak:0.00M | Scene, ViewLayer | Synchronizing object | Front left drilled rotor perforation.034
Fra:1 Mem:318.35M (Peak 318.37M) | Time:00:01.15 | Mem:0.00M, Peak:0.00M | Scene, ViewLayer | Synchronizing object | Front left drilled rotor perforation.035
Fra:1 Mem:318.51M (Peak 318.51M) | Time:00:01.15 | Mem:0.00M, Peak:0.00M | Scene, ViewLayer | Synchronizing object | Front left drilled rotor perforation.036
Fra:1 Mem:318.54M (Peak 318.54M) | Time:00:01.15 | Mem:0.00M, Peak:0.00M | Scene, ViewLayer | Synchronizing object | Front left sidewall lettering.012
Fra:1 Mem:318.57M (Peak 318.57M) | Time:00:01.15 | Mem:0.00M, Peak:0.00M | Scene, ViewLayer | Synchronizing object | Front left drilled rotor perforation.037
Fra:1 Mem:318.52M (Peak 318.57M) | Time:00:01.15 | Mem:0.00M, Peak:0.00M | Scene, ViewLayer | Synchronizing object | Front left sidewall lettering.013
Fra:1 Mem:318.54M (Peak 318.57M) | Time:00:01.15 | Mem:0.00M, Peak:0.00M | Scene, ViewLayer | Synchronizing object | Front left drilled rotor perforation.039
Fra:1 Mem:318.54M (Peak 318.57M) | Time:00:01.15 | Mem:0.00M, Peak:0.00M | Scene, ViewLayer | Synchronizing object | Front left sidewall lettering.014
Fra:1 Mem:318.67M (Peak 318.67M) | Time:00:01.15 | Mem:0.00M, Peak:0.00M | Scene, ViewLayer | Synchronizing object | Front left drilled rotor perforation.040
Fra:1 Mem:318.77M (Peak 318.77M) | Time:00:01.15 | Mem:0.00M, Peak:0.00M | Scene, ViewLayer | Synchronizing object | Front left drilled rotor perforation.041
Fra:1 Mem:318.78M (Peak 318.78M) | Time:00:01.15 | Mem:0.00M, Peak:0.00M | Scene, ViewLayer | Synchronizing object | Front left drilled rotor perforation.042
Fra:1 Mem:318.77M (Peak 318.78M) | Time:00:01.15 | Mem:0.00M, Peak:0.00M | Scene, ViewLayer | Synchronizing object | Front left sidewall lettering.015
Fra:1 Mem:318.79M (Peak 318.79M) | Time:00:01.15 | Mem:0.00M, Peak:0.00M | Scene, ViewLayer | Synchronizing object | Front left drilled rotor perforation.043
Fra:1 Mem:318.86M (Peak 318.86M) | Time:00:01.15 | Mem:0.00M, Peak:0.00M | Scene, ViewLayer | Synchronizing object | Front left drilled rotor perforation.044
Fra:1 Mem:318.88M (Peak 318.88M) | Time:00:01.15 | Mem:0.00M, Peak:0.00M | Scene, ViewLayer | Synchronizing object | Front left sidewall lettering.016
Fra:1 Mem:319.04M (Peak 319.04M) | Time:00:01.15 | Mem:0.00M, Peak:0.00M | Scene, ViewLayer | Synchronizing object | Front left drilled rotor perforation.045
Fra:1 Mem:319.01M (Peak 319.04M) | Time:00:01.15 | Mem:0.00M, Peak:0.00M | Scene, ViewLayer | Synchronizing object | Front left drilled rotor perforation.047
Fra:1 Mem:319.05M (Peak 319.05M) | Time:00:01.15 | Mem:0.00M, Peak:0.00M | Scene, ViewLayer | Synchronizing object | Front left sidewall lettering.017
Fra:1 Mem:319.10M (Peak 319.10M) | Time:00:01.15 | Mem:0.00M, Peak:0.00M | Scene, ViewLayer | Synchronizing object | Front left drilled rotor perforation.048
Fra:1 Mem:319.19M (Peak 319.19M) | Time:00:01.15 | Mem:0.00M, Peak:0.00M | Scene, ViewLayer | Synchronizing object | Front left drilled rotor perforation.049
Fra:1 Mem:319.24M (Peak 319.24M) | Time:00:01.15 | Mem:0.00M, Peak:0.00M | Scene, ViewLayer | Synchronizing object | Front left drilled rotor perforation.050
Fra:1 Mem:319.25M (Peak 319.25M) | Time:00:01.15 | Mem:0.00M, Peak:0.00M | Scene, ViewLayer | Synchronizing object | Front left drilled rotor perforation.051
Fra:1 Mem:319.28M (Peak 319.28M) | Time:00:01.15 | Mem:0.00M, Peak:0.00M | Scene, ViewLayer | Synchronizing object | Front left drilled rotor perforation.052
Fra:1 Mem:319.31M (Peak 319.31M) | Time:00:01.15 | Mem:0.00M, Peak:0.00M | Scene, ViewLayer | Synchronizing object | Front left drilled rotor perforation.053
Fra:1 Mem:319.30M (Peak 319.31M) | Time:00:01.15 | Mem:0.00M, Peak:0.00M | Scene, ViewLayer | Synchronizing object | Front left sidewall lettering.019
Fra:1 Mem:319.34M (Peak 319.34M) | Time:00:01.15 | Mem:0.00M, Peak:0.00M | Scene, ViewLayer | Synchronizing object | Front left sidewall lettering.020
Fra:1 Mem:319.34M (Peak 319.34M) | Time:00:01.15 | Mem:0.00M, Peak:0.00M | Scene, ViewLayer | Synchronizing object | Front left drilled rotor perforation.054
Fra:1 Mem:319.32M (Peak 319.34M) | Time:00:01.15 | Mem:0.00M, Peak:0.00M | Scene, ViewLayer | Synchronizing object | Front left drilled rotor perforation.055
Fra:1 Mem:319.32M (Peak 319.34M) | Time:00:01.15 | Mem:0.00M, Peak:0.00M | Scene, ViewLayer | Synchronizing object | Front left drilled rotor perforation.056
Fra:1 Mem:319.35M (Peak 319.35M) | Time:00:01.15 | Mem:0.00M, Peak:0.00M | Scene, ViewLayer | Synchronizing object | Front left drilled rotor perforation.057
Fra:1 Mem:319.42M (Peak 319.42M) | Time:00:01.15 | Mem:0.00M, Peak:0.00M | Scene, ViewLayer | Synchronizing object | Front left drilled rotor perforation.058
Fra:1 Mem:319.41M (Peak 319.42M) | Time:00:01.15 | Mem:0.00M, Peak:0.00M | Scene, ViewLayer | Synchronizing object | Front left drilled rotor perforation.059
Fra:1 Mem:319.39M (Peak 319.42M) | Time:00:01.15 | Mem:0.00M, Peak:0.00M | Scene, ViewLayer | Synchronizing object | Front left drilled rotor perforation.060
Fra:1 Mem:319.45M (Peak 319.45M) | Time:00:01.15 | Mem:0.00M, Peak:0.00M | Scene, ViewLayer | Synchronizing object | Front left drilled rotor perforation.061
Fra:1 Mem:319.42M (Peak 319.45M) | Time:00:01.15 | Mem:0.00M, Peak:0.00M | Scene, ViewLayer | Synchronizing object | Front left drilled rotor perforation.062
Fra:1 Mem:319.48M (Peak 319.48M) | Time:00:01.15 | Mem:0.00M, Peak:0.00M | Scene, ViewLayer | Synchronizing object | Front left drilled rotor perforation.063
Fra:1 Mem:319.44M (Peak 319.48M) | Time:00:01.15 | Mem:0.00M, Peak:0.00M | Scene, ViewLayer | Synchronizing object | Front left drilled rotor perforation.065
Fra:1 Mem:319.52M (Peak 319.52M) | Time:00:01.15 | Mem:0.00M, Peak:0.00M | Scene, ViewLayer | Synchronizing object | Front left drilled rotor perforation.066
Fra:1 Mem:319.50M (Peak 319.52M) | Time:00:01.15 | Mem:0.00M, Peak:0.00M | Scene, ViewLayer | Synchronizing object | Front left drilled rotor perforation.068
Fra:1 Mem:319.55M (Peak 319.55M) | Time:00:01.15 | Mem:0.00M, Peak:0.00M | Scene, ViewLayer | Synchronizing object | Front right caliper marking
Fra:1 Mem:319.69M (Peak 319.69M) | Time:00:01.15 | Mem:0.00M, Peak:0.00M | Scene, ViewLayer | Synchronizing object | Front left drilled rotor perforation.069
Fra:1 Mem:319.68M (Peak 319.69M) | Time:00:01.15 | Mem:0.00M, Peak:0.00M | Scene, ViewLayer | Synchronizing object | Front left drilled rotor perforation.070
Fra:1 Mem:320.14M (Peak 320.14M) | Time:00:01.15 | Mem:0.00M, Peak:0.00M | Scene, ViewLayer | Synchronizing object | Front left drilled rotor perforation.071
Fra:1 Mem:320.23M (Peak 320.23M) | Time:00:01.15 | Mem:0.00M, Peak:0.00M | Scene, ViewLayer | Synchronizing object | Front left brake disc bell
Fra:1 Mem:320.29M (Peak 320.29M) | Time:00:01.15 | Mem:0.00M, Peak:0.00M | Scene, ViewLayer | Synchronizing object | Front left yellow six-piston caliper
Fra:1 Mem:320.36M (Peak 320.36M) | Time:00:01.15 | Mem:0.00M, Peak:0.00M | Scene, ViewLayer | Synchronizing object | Front left machined split spoke
Fra:1 Mem:320.33M (Peak 320.36M) | Time:00:01.15 | Mem:0.00M, Peak:0.00M | Scene, ViewLayer | Synchronizing object | Front left black spoke pocket
Fra:1 Mem:320.35M (Peak 320.36M) | Time:00:01.15 | Mem:0.00M, Peak:0.00M | Scene, ViewLayer | Synchronizing object | Front left machined split spoke.001
Fra:1 Mem:320.46M (Peak 320.46M) | Time:00:01.16 | Mem:0.00M, Peak:0.00M | Scene, ViewLayer | Synchronizing object | Front right center mi logo
Fra:1 Mem:320.47M (Peak 320.47M) | Time:00:01.16 | Mem:0.00M, Peak:0.00M | Scene, ViewLayer | Synchronizing object | Front left black spoke pocket.001
Fra:1 Mem:320.66M (Peak 320.66M) | Time:00:01.16 | Mem:0.00M, Peak:0.00M | Scene, ViewLayer | Synchronizing object | Front left machined split spoke.002
Fra:1 Mem:320.70M (Peak 320.70M) | Time:00:01.16 | Mem:0.00M, Peak:0.00M | Scene, ViewLayer | Synchronizing object | Front left black spoke pocket.002
Fra:1 Mem:320.76M (Peak 320.76M) | Time:00:01.16 | Mem:0.00M, Peak:0.00M | Scene, ViewLayer | Synchronizing object | Front right sidewall lettering
Fra:1 Mem:320.74M (Peak 320.76M) | Time:00:01.16 | Mem:0.00M, Peak:0.00M | Scene, ViewLayer | Synchronizing object | Front left machined split spoke.003
Fra:1 Mem:320.81M (Peak 320.81M) | Time:00:01.16 | Mem:0.00M, Peak:0.00M | Scene, ViewLayer | Synchronizing object | Front right sidewall lettering.001
Fra:1 Mem:320.79M (Peak 320.81M) | Time:00:01.16 | Mem:0.00M, Peak:0.00M | Scene, ViewLayer | Synchronizing object | Front left black spoke pocket.003
Fra:1 Mem:320.79M (Peak 320.81M) | Time:00:01.16 | Mem:0.00M, Peak:0.00M | Scene, ViewLayer | Synchronizing object | Front right sidewall lettering.002
Fra:1 Mem:321.00M (Peak 321.00M) | Time:00:01.16 | Mem:0.00M, Peak:0.00M | Scene, ViewLayer | Synchronizing object | Front left machined split spoke.004
Fra:1 Mem:320.93M (Peak 321.00M) | Time:00:01.16 | Mem:0.00M, Peak:0.00M | Scene, ViewLayer | Synchronizing object | Front right sidewall lettering.003
Fra:1 Mem:320.95M (Peak 321.00M) | Time:00:01.16 | Mem:0.00M, Peak:0.00M | Scene, ViewLayer | Synchronizing object | Front left machined split spoke.005
Fra:1 Mem:321.01M (Peak 321.01M) | Time:00:01.16 | Mem:0.00M, Peak:0.00M | Scene, ViewLayer | Synchronizing object | Front right sidewall lettering.004
Fra:1 Mem:321.02M (Peak 321.02M) | Time:00:01.16 | Mem:0.00M, Peak:0.00M | Scene, ViewLayer | Synchronizing object | Front right sidewall lettering.005
Fra:1 Mem:321.05M (Peak 321.05M) | Time:00:01.16 | Mem:0.00M, Peak:0.00M | Scene, ViewLayer | Synchronizing object | Front right sidewall lettering.006
Fra:1 Mem:321.06M (Peak 321.06M) | Time:00:01.16 | Mem:0.00M, Peak:0.00M | Scene, ViewLayer | Synchronizing object | Front left black spoke pocket.005
Fra:1 Mem:321.05M (Peak 321.06M) | Time:00:01.16 | Mem:0.00M, Peak:0.00M | Scene, ViewLayer | Synchronizing object | Front right sidewall lettering.007
Fra:1 Mem:321.09M (Peak 321.09M) | Time:00:01.16 | Mem:0.00M, Peak:0.00M | Scene, ViewLayer | Synchronizing object | Front left machined split spoke.006
Fra:1 Mem:321.16M (Peak 321.16M) | Time:00:01.16 | Mem:0.00M, Peak:0.00M | Scene, ViewLayer | Synchronizing object | Front right sidewall lettering.008
Fra:1 Mem:321.20M (Peak 321.20M) | Time:00:01.16 | Mem:0.00M, Peak:0.00M | Scene, ViewLayer | Synchronizing object | Front left black spoke pocket.006
Fra:1 Mem:321.25M (Peak 321.25M) | Time:00:01.16 | Mem:0.00M, Peak:0.00M | Scene, ViewLayer | Synchronizing object | Front right sidewall lettering.009
Fra:1 Mem:321.20M (Peak 321.25M) | Time:00:01.16 | Mem:0.00M, Peak:0.00M | Scene, ViewLayer | Synchronizing object | Front left machined split spoke.007
Fra:1 Mem:321.25M (Peak 321.25M) | Time:00:01.16 | Mem:0.00M, Peak:0.00M | Scene, ViewLayer | Synchronizing object | Front right sidewall lettering.010
Fra:1 Mem:321.28M (Peak 321.28M) | Time:00:01.16 | Mem:0.00M, Peak:0.00M | Scene, ViewLayer | Synchronizing object | Front left black spoke pocket.007
Fra:1 Mem:321.30M (Peak 321.30M) | Time:00:01.16 | Mem:0.00M, Peak:0.00M | Scene, ViewLayer | Synchronizing object | Front right sidewall lettering.011
Fra:1 Mem:321.43M (Peak 321.43M) | Time:00:01.16 | Mem:0.00M, Peak:0.00M | Scene, ViewLayer | Synchronizing object | Front left machined split spoke.008
Fra:1 Mem:321.47M (Peak 321.47M) | Time:00:01.16 | Mem:0.00M, Peak:0.00M | Scene, ViewLayer | Synchronizing object | Front left black spoke pocket.008
Fra:1 Mem:321.48M (Peak 321.48M) | Time:00:01.16 | Mem:0.00M, Peak:0.00M | Scene, ViewLayer | Synchronizing object | Front right sidewall lettering.012
Fra:1 Mem:321.55M (Peak 321.55M) | Time:00:01.16 | Mem:0.00M, Peak:0.00M | Scene, ViewLayer | Synchronizing object | Front right sidewall lettering.013
Fra:1 Mem:321.52M (Peak 321.55M) | Time:00:01.16 | Mem:0.00M, Peak:0.00M | Scene, ViewLayer | Synchronizing object | Front right sidewall lettering.014
Fra:1 Mem:321.60M (Peak 321.60M) | Time:00:01.16 | Mem:0.00M, Peak:0.00M | Scene, ViewLayer | Synchronizing object | Front left machined split spoke.009
Fra:1 Mem:321.71M (Peak 321.71M) | Time:00:01.16 | Mem:0.00M, Peak:0.00M | Scene, ViewLayer | Synchronizing object | Front left black spoke pocket.009
Fra:1 Mem:321.76M (Peak 321.76M) | Time:00:01.16 | Mem:0.00M, Peak:0.00M | Scene, ViewLayer | Synchronizing object | Front right sidewall lettering.015
Fra:1 Mem:321.85M (Peak 321.85M) | Time:00:01.16 | Mem:0.00M, Peak:0.00M | Scene, ViewLayer | Synchronizing object | Front left center hub
Fra:1 Mem:321.80M (Peak 321.85M) | Time:00:01.16 | Mem:0.00M, Peak:0.00M | Scene, ViewLayer | Synchronizing object | Front left center cap ring
Fra:1 Mem:321.84M (Peak 321.85M) | Time:00:01.16 | Mem:0.00M, Peak:0.00M | Scene, ViewLayer | Synchronizing object | Front right sidewall lettering.016
Fra:1 Mem:322.00M (Peak 322.00M) | Time:00:01.16 | Mem:0.00M, Peak:0.00M | Scene, ViewLayer | Synchronizing object | Front left titanium lug nut.001
Fra:1 Mem:322.01M (Peak 322.01M) | Time:00:01.16 | Mem:0.00M, Peak:0.00M | Scene, ViewLayer | Synchronizing object | Front left titanium lug nut.002
Fra:1 Mem:321.98M (Peak 322.01M) | Time:00:01.16 | Mem:0.00M, Peak:0.00M | Scene, ViewLayer | Synchronizing object | Front left titanium lug nut.003
Fra:1 Mem:322.01M (Peak 322.01M) | Time:00:01.16 | Mem:0.00M, Peak:0.00M | Scene, ViewLayer | Synchronizing object | Front left titanium lug nut.004
Fra:1 Mem:322.01M (Peak 322.01M) | Time:00:01.16 | Mem:0.00M, Peak:0.00M | Scene, ViewLayer | Synchronizing object | Front left tire valve
Fra:1 Mem:322.02M (Peak 322.02M) | Time:00:01.16 | Mem:0.00M, Peak:0.00M | Scene, ViewLayer | Synchronizing object | Front right | tire carcass
Fra:1 Mem:322.09M (Peak 322.09M) | Time:00:01.16 | Mem:0.00M, Peak:0.00M | Scene, ViewLayer | Synchronizing object | Front right tire molded sidewall ring.001
Fra:1 Mem:322.23M (Peak 322.23M) | Time:00:01.16 | Mem:0.00M, Peak:0.00M | Scene, ViewLayer | Synchronizing object | Front right tire molded sidewall ring.002
Fra:1 Mem:322.24M (Peak 322.24M) | Time:00:01.16 | Mem:0.00M, Peak:0.00M | Scene, ViewLayer | Synchronizing object | Front right tire molded sidewall ring
Fra:1 Mem:322.32M (Peak 322.32M) | Time:00:01.16 | Mem:0.00M, Peak:0.00M | Scene, ViewLayer | Synchronizing object | Front right directional tread | 792 blocks
Fra:1 Mem:322.50M (Peak 322.50M) | Time:00:01.16 | Mem:0.00M, Peak:0.00M | Scene, ViewLayer | Synchronizing object | Front right cast rim barrel
Fra:1 Mem:322.70M (Peak 322.70M) | Time:00:01.16 | Mem:0.00M, Peak:0.00M | Scene, ViewLayer | Synchronizing object | Front right diamond-cut outer flange
Fra:1 Mem:322.93M (Peak 322.93M) | Time:00:01.16 | Mem:0.00M, Peak:0.00M | Scene, ViewLayer | Synchronizing object | Front right inner rim accent
Fra:1 Mem:323.13M (Peak 323.13M) | Time:00:01.16 | Mem:0.00M, Peak:0.00M | Scene, ViewLayer | Synchronizing object | Front right brake rotor
Fra:1 Mem:323.25M (Peak 323.25M) | Time:00:01.16 | Mem:0.00M, Peak:0.00M | Scene, ViewLayer | Synchronizing object | Front right rotor outer scoring
Fra:1 Mem:323.40M (Peak 323.40M) | Time:00:01.16 | Mem:0.00M, Peak:0.00M | Scene, ViewLayer | Synchronizing object | Front right drilled rotor perforation
Fra:1 Mem:323.45M (Peak 323.45M) | Time:00:01.16 | Mem:0.00M, Peak:0.00M | Scene, ViewLayer | Synchronizing object | Front right drilled rotor perforation.001
Fra:1 Mem:323.46M (Peak 323.46M) | Time:00:01.16 | Mem:0.00M, Peak:0.00M | Scene, ViewLayer | Synchronizing object | Front right drilled rotor perforation.002
Fra:1 Mem:323.48M (Peak 323.48M) | Time:00:01.16 | Mem:0.00M, Peak:0.00M | Scene, ViewLayer | Synchronizing object | Front right drilled rotor perforation.003
Fra:1 Mem:323.42M (Peak 323.48M) | Time:00:01.16 | Mem:0.00M, Peak:0.00M | Scene, ViewLayer | Synchronizing object | Front right drilled rotor perforation.004
Fra:1 Mem:323.48M (Peak 323.48M) | Time:00:01.16 | Mem:0.00M, Peak:0.00M | Scene, ViewLayer | Synchronizing object | Front right drilled rotor perforation.005
Fra:1 Mem:323.50M (Peak 323.50M) | Time:00:01.16 | Mem:0.00M, Peak:0.00M | Scene, ViewLayer | Synchronizing object | Front right drilled rotor perforation.006
Fra:1 Mem:323.50M (Peak 323.50M) | Time:00:01.16 | Mem:0.00M, Peak:0.00M | Scene, ViewLayer | Synchronizing object | Front right drilled rotor perforation.007
Fra:1 Mem:323.64M (Peak 323.64M) | Time:00:01.16 | Mem:0.00M, Peak:0.00M | Scene, ViewLayer | Synchronizing object | Front right drilled rotor perforation.008
Fra:1 Mem:323.67M (Peak 323.67M) | Time:00:01.16 | Mem:0.00M, Peak:0.00M | Scene, ViewLayer | Synchronizing object | Front right drilled rotor perforation.009
Fra:1 Mem:323.68M (Peak 323.68M) | Time:00:01.16 | Mem:0.00M, Peak:0.00M | Scene, ViewLayer | Synchronizing object | Front right sidewall lettering.017
Fra:1 Mem:323.69M (Peak 323.69M) | Time:00:01.16 | Mem:0.00M, Peak:0.00M | Scene, ViewLayer | Synchronizing object | Front right drilled rotor perforation.010
Fra:1 Mem:323.68M (Peak 323.69M) | Time:00:01.16 | Mem:0.00M, Peak:0.00M | Scene, ViewLayer | Synchronizing object | Front right drilled rotor perforation.011
Fra:1 Mem:323.82M (Peak 323.82M) | Time:00:01.16 | Mem:0.00M, Peak:0.00M | Scene, ViewLayer | Synchronizing object | Front right drilled rotor perforation.012
Fra:1 Mem:323.83M (Peak 323.83M) | Time:00:01.16 | Mem:0.00M, Peak:0.00M | Scene, ViewLayer | Synchronizing object | Front right drilled rotor perforation.013
Fra:1 Mem:323.84M (Peak 323.84M) | Time:00:01.16 | Mem:0.00M, Peak:0.00M | Scene, ViewLayer | Synchronizing object | Front right drilled rotor perforation.014
Fra:1 Mem:323.85M (Peak 323.85M) | Time:00:01.16 | Mem:0.00M, Peak:0.00M | Scene, ViewLayer | Synchronizing object | Front right sidewall lettering.018
Fra:1 Mem:323.92M (Peak 323.92M) | Time:00:01.16 | Mem:0.00M, Peak:0.00M | Scene, ViewLayer | Synchronizing object | Front right sidewall lettering.019
Fra:1 Mem:323.92M (Peak 323.92M) | Time:00:01.16 | Mem:0.00M, Peak:0.00M | Scene, ViewLayer | Synchronizing object | Front right sidewall lettering.020
Fra:1 Mem:323.88M (Peak 323.92M) | Time:00:01.16 | Mem:0.00M, Peak:0.00M | Scene, ViewLayer | Synchronizing object | Front right drilled rotor perforation.015
Fra:1 Mem:323.91M (Peak 323.92M) | Time:00:01.16 | Mem:0.00M, Peak:0.00M | Scene, ViewLayer | Synchronizing object | Front right sidewall lettering.021
Fra:1 Mem:323.90M (Peak 323.92M) | Time:00:01.16 | Mem:0.00M, Peak:0.00M | Scene, ViewLayer | Synchronizing object | Front right drilled rotor perforation.016
Fra:1 Mem:323.94M (Peak 323.94M) | Time:00:01.16 | Mem:0.00M, Peak:0.00M | Scene, ViewLayer | Synchronizing object | Front right drilled rotor perforation.017
Fra:1 Mem:323.95M (Peak 323.95M) | Time:00:01.16 | Mem:0.00M, Peak:0.00M | Scene, ViewLayer | Synchronizing object | Front right drilled rotor perforation.018
Fra:1 Mem:323.94M (Peak 323.95M) | Time:00:01.16 | Mem:0.00M, Peak:0.00M | Scene, ViewLayer | Synchronizing object | Front right drilled rotor perforation.019
Fra:1 Mem:323.97M (Peak 323.97M) | Time:00:01.16 | Mem:0.00M, Peak:0.00M | Scene, ViewLayer | Synchronizing object | Front right drilled rotor perforation.020
Fra:1 Mem:324.04M (Peak 324.04M) | Time:00:01.16 | Mem:0.00M, Peak:0.00M | Scene, ViewLayer | Synchronizing object | Front right drilled rotor perforation.021
Fra:1 Mem:324.01M (Peak 324.04M) | Time:00:01.16 | Mem:0.00M, Peak:0.00M | Scene, ViewLayer | Synchronizing object | Front right drilled rotor perforation.022
Fra:1 Mem:324.01M (Peak 324.04M) | Time:00:01.16 | Mem:0.00M, Peak:0.00M | Scene, ViewLayer | Synchronizing object | Front right drilled rotor perforation.023
Fra:1 Mem:324.04M (Peak 324.04M) | Time:00:01.16 | Mem:0.00M, Peak:0.00M | Scene, ViewLayer | Synchronizing object | Front right drilled rotor perforation.024
Fra:1 Mem:324.06M (Peak 324.06M) | Time:00:01.16 | Mem:0.00M, Peak:0.00M | Scene, ViewLayer | Synchronizing object | Front right drilled rotor perforation.025
Fra:1 Mem:324.09M (Peak 324.09M) | Time:00:01.16 | Mem:0.00M, Peak:0.00M | Scene, ViewLayer | Synchronizing object | Front right drilled rotor perforation.026
Fra:1 Mem:324.08M (Peak 324.09M) | Time:00:01.16 | Mem:0.00M, Peak:0.00M | Scene, ViewLayer | Synchronizing object | Front right drilled rotor perforation.027
Fra:1 Mem:324.11M (Peak 324.11M) | Time:00:01.16 | Mem:0.00M, Peak:0.00M | Scene, ViewLayer | Synchronizing object | Rear left caliper marking
Fra:1 Mem:324.26M (Peak 324.26M) | Time:00:01.16 | Mem:0.00M, Peak:0.00M | Scene, ViewLayer | Synchronizing object | Front right drilled rotor perforation.028
Fra:1 Mem:324.25M (Peak 324.26M) | Time:00:01.16 | Mem:0.00M, Peak:0.00M | Scene, ViewLayer | Synchronizing object | Front right drilled rotor perforation.029
Fra:1 Mem:324.26M (Peak 324.26M) | Time:00:01.16 | Mem:0.00M, Peak:0.00M | Scene, ViewLayer | Synchronizing object | Front right drilled rotor perforation.030
Fra:1 Mem:324.63M (Peak 324.63M) | Time:00:01.16 | Mem:0.00M, Peak:0.00M | Scene, ViewLayer | Synchronizing object | Front right drilled rotor perforation.031
Fra:1 Mem:324.58M (Peak 324.63M) | Time:00:01.17 | Mem:0.00M, Peak:0.00M | Scene, ViewLayer | Synchronizing object | Front right drilled rotor perforation.032
Fra:1 Mem:324.74M (Peak 324.74M) | Time:00:01.17 | Mem:0.00M, Peak:0.00M | Scene, ViewLayer | Synchronizing object | Front right drilled rotor perforation.033
Fra:1 Mem:324.85M (Peak 324.85M) | Time:00:01.17 | Mem:0.00M, Peak:0.00M | Scene, ViewLayer | Synchronizing object | Front right drilled rotor perforation.034
Fra:1 Mem:324.85M (Peak 324.85M) | Time:00:01.17 | Mem:0.00M, Peak:0.00M | Scene, ViewLayer | Synchronizing object | Front right drilled rotor perforation.035
Fra:1 Mem:324.87M (Peak 324.87M) | Time:00:01.17 | Mem:0.00M, Peak:0.00M | Scene, ViewLayer | Synchronizing object | Front right drilled rotor perforation.036
Fra:1 Mem:324.86M (Peak 324.87M) | Time:00:01.17 | Mem:0.00M, Peak:0.00M | Scene, ViewLayer | Synchronizing object | Front right drilled rotor perforation.037
Fra:1 Mem:324.96M (Peak 324.96M) | Time:00:01.17 | Mem:0.00M, Peak:0.00M | Scene, ViewLayer | Synchronizing object | Front right drilled rotor perforation.038
Fra:1 Mem:324.95M (Peak 324.96M) | Time:00:01.17 | Mem:0.00M, Peak:0.00M | Scene, ViewLayer | Synchronizing object | Front right drilled rotor perforation.039
Fra:1 Mem:325.06M (Peak 325.06M) | Time:00:01.17 | Mem:0.00M, Peak:0.00M | Scene, ViewLayer | Synchronizing object | Front right drilled rotor perforation.040
Fra:1 Mem:324.99M (Peak 325.06M) | Time:00:01.17 | Mem:0.00M, Peak:0.00M | Scene, ViewLayer | Synchronizing object | Front right drilled rotor perforation.041
Fra:1 Mem:324.97M (Peak 325.06M) | Time:00:01.17 | Mem:0.00M, Peak:0.00M | Scene, ViewLayer | Synchronizing object | Rear left center mi logo
Fra:1 Mem:324.99M (Peak 325.06M) | Time:00:01.17 | Mem:0.00M, Peak:0.00M | Scene, ViewLayer | Synchronizing object | Front right drilled rotor perforation.043
Fra:1 Mem:325.22M (Peak 325.22M) | Time:00:01.17 | Mem:0.00M, Peak:0.00M | Scene, ViewLayer | Synchronizing object | Front right drilled rotor perforation.044
Fra:1 Mem:325.26M (Peak 325.26M) | Time:00:01.17 | Mem:0.00M, Peak:0.00M | Scene, ViewLayer | Synchronizing object | Front right drilled rotor perforation.045
Fra:1 Mem:325.28M (Peak 325.28M) | Time:00:01.17 | Mem:0.00M, Peak:0.00M | Scene, ViewLayer | Synchronizing object | Front right drilled rotor perforation.046
Fra:1 Mem:325.31M (Peak 325.31M) | Time:00:01.17 | Mem:0.00M, Peak:0.00M | Scene, ViewLayer | Synchronizing object | Front right drilled rotor perforation.047
Fra:1 Mem:325.29M (Peak 325.31M) | Time:00:01.17 | Mem:0.00M, Peak:0.00M | Scene, ViewLayer | Synchronizing object | Front right drilled rotor perforation.048
Fra:1 Mem:325.31M (Peak 325.31M) | Time:00:01.17 | Mem:0.00M, Peak:0.00M | Scene, ViewLayer | Synchronizing object | Rear left sidewall lettering
Fra:1 Mem:325.38M (Peak 325.38M) | Time:00:01.17 | Mem:0.00M, Peak:0.00M | Scene, ViewLayer | Synchronizing object | Rear left sidewall lettering.001
Fra:1 Mem:325.36M (Peak 325.38M) | Time:00:01.17 | Mem:0.00M, Peak:0.00M | Scene, ViewLayer | Synchronizing object | Front right drilled rotor perforation.049
Fra:1 Mem:325.33M (Peak 325.38M) | Time:00:01.17 | Mem:0.00M, Peak:0.00M | Scene, ViewLayer | Synchronizing object | Front right drilled rotor perforation.050
Fra:1 Mem:325.36M (Peak 325.38M) | Time:00:01.17 | Mem:0.00M, Peak:0.00M | Scene, ViewLayer | Synchronizing object | Rear left sidewall lettering.002
Fra:1 Mem:325.50M (Peak 325.50M) | Time:00:01.17 | Mem:0.00M, Peak:0.00M | Scene, ViewLayer | Synchronizing object | Front right drilled rotor perforation.052
Fra:1 Mem:325.48M (Peak 325.50M) | Time:00:01.17 | Mem:0.00M, Peak:0.00M | Scene, ViewLayer | Synchronizing object | Front right drilled rotor perforation.053
Fra:1 Mem:325.55M (Peak 325.55M) | Time:00:01.17 | Mem:0.00M, Peak:0.00M | Scene, ViewLayer | Synchronizing object | Rear left sidewall lettering.003
Fra:1 Mem:325.54M (Peak 325.55M) | Time:00:01.17 | Mem:0.00M, Peak:0.00M | Scene, ViewLayer | Synchronizing object | Front right drilled rotor perforation.054
Fra:1 Mem:325.55M (Peak 325.55M) | Time:00:01.17 | Mem:0.00M, Peak:0.00M | Scene, ViewLayer | Synchronizing object | Front right drilled rotor perforation.055
Fra:1 Mem:325.62M (Peak 325.62M) | Time:00:01.17 | Mem:0.00M, Peak:0.00M | Scene, ViewLayer | Synchronizing object | Rear left sidewall lettering.005
Fra:1 Mem:325.63M (Peak 325.63M) | Time:00:01.17 | Mem:0.00M, Peak:0.00M | Scene, ViewLayer | Synchronizing object | Front right drilled rotor perforation.056
Fra:1 Mem:325.60M (Peak 325.63M) | Time:00:01.17 | Mem:0.00M, Peak:0.00M | Scene, ViewLayer | Synchronizing object | Rear left sidewall lettering.006
Fra:1 Mem:325.62M (Peak 325.63M) | Time:00:01.17 | Mem:0.00M, Peak:0.00M | Scene, ViewLayer | Synchronizing object | Front right drilled rotor perforation.057
Fra:1 Mem:325.66M (Peak 325.66M) | Time:00:01.17 | Mem:0.00M, Peak:0.00M | Scene, ViewLayer | Synchronizing object | Rear left sidewall lettering.007
Fra:1 Mem:325.68M (Peak 325.68M) | Time:00:01.17 | Mem:0.00M, Peak:0.00M | Scene, ViewLayer | Synchronizing object | Front right drilled rotor perforation.058
Fra:1 Mem:325.66M (Peak 325.68M) | Time:00:01.17 | Mem:0.00M, Peak:0.00M | Scene, ViewLayer | Synchronizing object | Rear left sidewall lettering.008
Fra:1 Mem:325.70M (Peak 325.70M) | Time:00:01.17 | Mem:0.00M, Peak:0.00M | Scene, ViewLayer | Synchronizing object | Front right drilled rotor perforation.059
Fra:1 Mem:325.74M (Peak 325.74M) | Time:00:01.17 | Mem:0.00M, Peak:0.00M | Scene, ViewLayer | Synchronizing object | Front right drilled rotor perforation.060
Fra:1 Mem:325.80M (Peak 325.80M) | Time:00:01.17 | Mem:0.00M, Peak:0.00M | Scene, ViewLayer | Synchronizing object | Rear left sidewall lettering.009
Fra:1 Mem:325.78M (Peak 325.80M) | Time:00:01.17 | Mem:0.00M, Peak:0.00M | Scene, ViewLayer | Synchronizing object | Front right drilled rotor perforation.061
Fra:1 Mem:325.79M (Peak 325.80M) | Time:00:01.17 | Mem:0.00M, Peak:0.00M | Scene, ViewLayer | Synchronizing object | Rear left sidewall lettering.010
Fra:1 Mem:325.83M (Peak 325.83M) | Time:00:01.17 | Mem:0.00M, Peak:0.00M | Scene, ViewLayer | Synchronizing object | Rear left sidewall lettering.011
Fra:1 Mem:325.83M (Peak 325.83M) | Time:00:01.17 | Mem:0.00M, Peak:0.00M | Scene, ViewLayer | Synchronizing object | Front right drilled rotor perforation.062
Fra:1 Mem:325.97M (Peak 325.97M) | Time:00:01.17 | Mem:0.00M, Peak:0.00M | Scene, ViewLayer | Synchronizing object | Front right drilled rotor perforation.063
Fra:1 Mem:325.97M (Peak 325.97M) | Time:00:01.17 | Mem:0.00M, Peak:0.00M | Scene, ViewLayer | Synchronizing object | Rear left sidewall lettering.012
Fra:1 Mem:325.98M (Peak 325.98M) | Time:00:01.17 | Mem:0.00M, Peak:0.00M | Scene, ViewLayer | Synchronizing object | Rear left sidewall lettering.013
Fra:1 Mem:325.96M (Peak 325.98M) | Time:00:01.17 | Mem:0.00M, Peak:0.00M | Scene, ViewLayer | Synchronizing object | Front right drilled rotor perforation.065
Fra:1 Mem:325.96M (Peak 325.98M) | Time:00:01.17 | Mem:0.00M, Peak:0.00M | Scene, ViewLayer | Synchronizing object | Rear left sidewall lettering.014
Fra:1 Mem:326.16M (Peak 326.16M) | Time:00:01.17 | Mem:0.00M, Peak:0.00M | Scene, ViewLayer | Synchronizing object | Front right drilled rotor perforation.066
Fra:1 Mem:326.17M (Peak 326.17M) | Time:00:01.17 | Mem:0.00M, Peak:0.00M | Scene, ViewLayer | Synchronizing object | Front right drilled rotor perforation.067
Fra:1 Mem:326.23M (Peak 326.23M) | Time:00:01.17 | Mem:0.00M, Peak:0.00M | Scene, ViewLayer | Synchronizing object | Rear left sidewall lettering.015
Fra:1 Mem:326.22M (Peak 326.23M) | Time:00:01.17 | Mem:0.00M, Peak:0.00M | Scene, ViewLayer | Synchronizing object | Front right drilled rotor perforation.068
Fra:1 Mem:326.26M (Peak 326.26M) | Time:00:01.17 | Mem:0.00M, Peak:0.00M | Scene, ViewLayer | Synchronizing object | Front right drilled rotor perforation.069
Fra:1 Mem:326.33M (Peak 326.33M) | Time:00:01.17 | Mem:0.00M, Peak:0.00M | Scene, ViewLayer | Synchronizing object | Rear left sidewall lettering.016
Fra:1 Mem:326.39M (Peak 326.39M) | Time:00:01.17 | Mem:0.00M, Peak:0.00M | Scene, ViewLayer | Synchronizing object | Front right drilled rotor perforation.070
Fra:1 Mem:326.42M (Peak 326.42M) | Time:00:01.17 | Mem:0.00M, Peak:0.00M | Scene, ViewLayer | Synchronizing object | Front right drilled rotor perforation.071
Fra:1 Mem:326.45M (Peak 326.45M) | Time:00:01.17 | Mem:0.00M, Peak:0.00M | Scene, ViewLayer | Synchronizing object | Rear left sidewall lettering.017
Fra:1 Mem:326.50M (Peak 326.50M) | Time:00:01.17 | Mem:0.00M, Peak:0.00M | Scene, ViewLayer | Synchronizing object | Front right brake disc bell
Fra:1 Mem:326.68M (Peak 326.68M) | Time:00:01.17 | Mem:0.00M, Peak:0.00M | Scene, ViewLayer | Synchronizing object | Rear left sidewall lettering.018
Fra:1 Mem:326.66M (Peak 326.68M) | Time:00:01.17 | Mem:0.00M, Peak:0.00M | Scene, ViewLayer | Synchronizing object | Front right machined split spoke
Fra:1 Mem:326.71M (Peak 326.71M) | Time:00:01.17 | Mem:0.00M, Peak:0.00M | Scene, ViewLayer | Synchronizing object | Rear left sidewall lettering.019
Fra:1 Mem:326.79M (Peak 326.79M) | Time:00:01.17 | Mem:0.00M, Peak:0.00M | Scene, ViewLayer | Synchronizing object | Rear left sidewall lettering.020
Fra:1 Mem:326.71M (Peak 326.79M) | Time:00:01.17 | Mem:0.00M, Peak:0.00M | Scene, ViewLayer | Synchronizing object | Front right black spoke pocket
Fra:1 Mem:326.69M (Peak 326.79M) | Time:00:01.17 | Mem:0.00M, Peak:0.00M | Scene, ViewLayer | Synchronizing object | Rear left sidewall lettering.021
Fra:1 Mem:326.74M (Peak 326.79M) | Time:00:01.17 | Mem:0.00M, Peak:0.00M | Scene, ViewLayer | Synchronizing object | Front right machined split spoke.001
Fra:1 Mem:326.75M (Peak 326.79M) | Time:00:01.17 | Mem:0.00M, Peak:0.00M | Scene, ViewLayer | Synchronizing object | Front right black spoke pocket.001
Fra:1 Mem:326.76M (Peak 326.79M) | Time:00:01.17 | Mem:0.00M, Peak:0.00M | Scene, ViewLayer | Synchronizing object | Front right machined split spoke.002
Fra:1 Mem:326.86M (Peak 326.86M) | Time:00:01.17 | Mem:0.00M, Peak:0.00M | Scene, ViewLayer | Synchronizing object | Front right black spoke pocket.002
Fra:1 Mem:326.86M (Peak 326.86M) | Time:00:01.17 | Mem:0.00M, Peak:0.00M | Scene, ViewLayer | Synchronizing object | Front right machined split spoke.003
Fra:1 Mem:326.87M (Peak 326.87M) | Time:00:01.17 | Mem:0.00M, Peak:0.00M | Scene, ViewLayer | Synchronizing object | Front right black spoke pocket.003
Fra:1 Mem:326.92M (Peak 326.92M) | Time:00:01.17 | Mem:0.00M, Peak:0.00M | Scene, ViewLayer | Synchronizing object | Front right machined split spoke.004
Fra:1 Mem:326.99M (Peak 326.99M) | Time:00:01.17 | Mem:0.00M, Peak:0.00M | Scene, ViewLayer | Synchronizing object | Rear right caliper marking
Fra:1 Mem:327.15M (Peak 327.15M) | Time:00:01.17 | Mem:0.00M, Peak:0.00M | Scene, ViewLayer | Synchronizing object | Front right black spoke pocket.004
Fra:1 Mem:327.14M (Peak 327.15M) | Time:00:01.17 | Mem:0.00M, Peak:0.00M | Scene, ViewLayer | Synchronizing object | Front right machined split spoke.005
Fra:1 Mem:327.69M (Peak 327.69M) | Time:00:01.17 | Mem:0.00M, Peak:0.00M | Scene, ViewLayer | Synchronizing object | Front right black spoke pocket.005
Fra:1 Mem:327.65M (Peak 327.69M) | Time:00:01.17 | Mem:0.00M, Peak:0.00M | Scene, ViewLayer | Synchronizing object | Front right machined split spoke.006
Fra:1 Mem:327.66M (Peak 327.69M) | Time:00:01.17 | Mem:0.00M, Peak:0.00M | Scene, ViewLayer | Synchronizing object | Front right black spoke pocket.006
Fra:1 Mem:327.69M (Peak 327.69M) | Time:00:01.17 | Mem:0.00M, Peak:0.00M | Scene, ViewLayer | Synchronizing object | Front right machined split spoke.007
Fra:1 Mem:327.92M (Peak 327.92M) | Time:00:01.17 | Mem:0.00M, Peak:0.00M | Scene, ViewLayer | Synchronizing object | Front right black spoke pocket.007
Fra:1 Mem:327.79M (Peak 327.92M) | Time:00:01.17 | Mem:0.00M, Peak:0.00M | Scene, ViewLayer | Synchronizing object | Front right machined split spoke.008
Fra:1 Mem:327.86M (Peak 327.92M) | Time:00:01.17 | Mem:0.00M, Peak:0.00M | Scene, ViewLayer | Synchronizing object | Front right black spoke pocket.008
Fra:1 Mem:327.87M (Peak 327.92M) | Time:00:01.18 | Mem:0.00M, Peak:0.00M | Scene, ViewLayer | Synchronizing object | Rear right center mi logo
Fra:1 Mem:327.93M (Peak 327.93M) | Time:00:01.18 | Mem:0.00M, Peak:0.00M | Scene, ViewLayer | Synchronizing object | Front right machined split spoke.009
Fra:1 Mem:328.04M (Peak 328.04M) | Time:00:01.18 | Mem:0.00M, Peak:0.00M | Scene, ViewLayer | Synchronizing object | Front right black spoke pocket.009
Fra:1 Mem:328.16M (Peak 328.16M) | Time:00:01.18 | Mem:0.00M, Peak:0.00M | Scene, ViewLayer | Synchronizing object | Front right center hub
Fra:1 Mem:328.16M (Peak 328.16M) | Time:00:01.18 | Mem:0.00M, Peak:0.00M | Scene, ViewLayer | Synchronizing object | Rear right sidewall lettering
Fra:1 Mem:328.34M (Peak 328.34M) | Time:00:01.18 | Mem:0.00M, Peak:0.00M | Scene, ViewLayer | Synchronizing object | Rear right sidewall lettering.001
Fra:1 Mem:328.30M (Peak 328.34M) | Time:00:01.18 | Mem:0.00M, Peak:0.00M | Scene, ViewLayer | Synchronizing object | Rear right sidewall lettering.002
Fra:1 Mem:328.37M (Peak 328.37M) | Time:00:01.18 | Mem:0.00M, Peak:0.00M | Scene, ViewLayer | Synchronizing object | Front right titanium lug nut
Fra:1 Mem:328.45M (Peak 328.45M) | Time:00:01.18 | Mem:0.00M, Peak:0.00M | Scene, ViewLayer | Synchronizing object | Front right titanium lug nut.001
Fra:1 Mem:328.47M (Peak 328.47M) | Time:00:01.18 | Mem:0.00M, Peak:0.00M | Scene, ViewLayer | Synchronizing object | Rear right sidewall lettering.003
Fra:1 Mem:328.48M (Peak 328.48M) | Time:00:01.18 | Mem:0.00M, Peak:0.00M | Scene, ViewLayer | Synchronizing object | Front right titanium lug nut.002
Fra:1 Mem:328.48M (Peak 328.48M) | Time:00:01.18 | Mem:0.00M, Peak:0.00M | Scene, ViewLayer | Synchronizing object | Rear right sidewall lettering.004
Fra:1 Mem:328.52M (Peak 328.52M) | Time:00:01.18 | Mem:0.00M, Peak:0.00M | Scene, ViewLayer | Synchronizing object | Front right titanium lug nut.003
Fra:1 Mem:328.56M (Peak 328.56M) | Time:00:01.18 | Mem:0.00M, Peak:0.00M | Scene, ViewLayer | Synchronizing object | Rear right sidewall lettering.005
Fra:1 Mem:328.54M (Peak 328.56M) | Time:00:01.18 | Mem:0.00M, Peak:0.00M | Scene, ViewLayer | Synchronizing object | Front right titanium lug nut.004
Fra:1 Mem:328.57M (Peak 328.57M) | Time:00:01.18 | Mem:0.00M, Peak:0.00M | Scene, ViewLayer | Synchronizing object | Front right tire valve
Fra:1 Mem:328.60M (Peak 328.60M) | Time:00:01.18 | Mem:0.00M, Peak:0.00M | Scene, ViewLayer | Synchronizing object | Rear right sidewall lettering.006
Fra:1 Mem:328.63M (Peak 328.63M) | Time:00:01.18 | Mem:0.00M, Peak:0.00M | Scene, ViewLayer | Synchronizing object | Rear right sidewall lettering.007
Fra:1 Mem:328.62M (Peak 328.63M) | Time:00:01.18 | Mem:0.00M, Peak:0.00M | Scene, ViewLayer | Synchronizing object | Rear left | tire carcass
Fra:1 Mem:328.60M (Peak 328.63M) | Time:00:01.18 | Mem:0.00M, Peak:0.00M | Scene, ViewLayer | Synchronizing object | Rear left tire molded sidewall ring.001
Fra:1 Mem:328.70M (Peak 328.70M) | Time:00:01.18 | Mem:0.00M, Peak:0.00M | Scene, ViewLayer | Synchronizing object | Rear right sidewall lettering.008
Fra:1 Mem:328.88M (Peak 328.88M) | Time:00:01.18 | Mem:0.00M, Peak:0.00M | Scene, ViewLayer | Synchronizing object | Rear right sidewall lettering.009
Fra:1 Mem:328.89M (Peak 328.89M) | Time:00:01.18 | Mem:0.00M, Peak:0.00M | Scene, ViewLayer | Synchronizing object | Rear left tire molded sidewall ring.002
Fra:1 Mem:328.90M (Peak 328.90M) | Time:00:01.18 | Mem:0.00M, Peak:0.00M | Scene, ViewLayer | Synchronizing object | Rear left directional tread | 792 blocks
Fra:1 Mem:329.18M (Peak 329.18M) | Time:00:01.18 | Mem:0.00M, Peak:0.00M | Scene, ViewLayer | Synchronizing object | Rear right sidewall lettering.011
Fra:1 Mem:329.47M (Peak 329.47M) | Time:00:01.18 | Mem:0.00M, Peak:0.00M | Scene, ViewLayer | Synchronizing object | Rear left cast rim barrel
Fra:1 Mem:329.64M (Peak 329.64M) | Time:00:01.18 | Mem:0.00M, Peak:0.00M | Scene, ViewLayer | Synchronizing object | Rear left diamond-cut outer flange
Fra:1 Mem:329.94M (Peak 329.94M) | Time:00:01.18 | Mem:0.00M, Peak:0.00M | Scene, ViewLayer | Synchronizing object | Rear left inner rim accent
Fra:1 Mem:329.95M (Peak 329.95M) | Time:00:01.18 | Mem:0.00M, Peak:0.00M | Scene, ViewLayer | Synchronizing object | Rear left brake rotor
Fra:1 Mem:330.22M (Peak 330.22M) | Time:00:01.18 | Mem:0.00M, Peak:0.00M | Scene, ViewLayer | Synchronizing object | Rear left rotor outer scoring
Fra:1 Mem:330.13M (Peak 330.22M) | Time:00:01.18 | Mem:0.00M, Peak:0.00M | Scene, ViewLayer | Synchronizing object | Rear left drilled rotor perforation
Fra:1 Mem:330.13M (Peak 330.22M) | Time:00:01.18 | Mem:0.00M, Peak:0.00M | Scene, ViewLayer | Synchronizing object | Rear right sidewall lettering.013
Fra:1 Mem:330.20M (Peak 330.22M) | Time:00:01.18 | Mem:0.00M, Peak:0.00M | Scene, ViewLayer | Synchronizing object | Rear right sidewall lettering.014
Fra:1 Mem:330.21M (Peak 330.22M) | Time:00:01.18 | Mem:0.00M, Peak:0.00M | Scene, ViewLayer | Synchronizing object | Rear left drilled rotor perforation.001
Fra:1 Mem:330.51M (Peak 330.51M) | Time:00:01.18 | Mem:0.00M, Peak:0.00M | Scene, ViewLayer | Synchronizing object | Rear left drilled rotor perforation.002
Fra:1 Mem:330.48M (Peak 330.51M) | Time:00:01.18 | Mem:0.00M, Peak:0.00M | Scene, ViewLayer | Synchronizing object | Rear left drilled rotor perforation.003
Fra:1 Mem:330.50M (Peak 330.51M) | Time:00:01.18 | Mem:0.00M, Peak:0.00M | Scene, ViewLayer | Synchronizing object | Rear right sidewall lettering.015
Fra:1 Mem:330.44M (Peak 330.51M) | Time:00:01.18 | Mem:0.00M, Peak:0.00M | Scene, ViewLayer | Synchronizing object | Rear left drilled rotor perforation.006
Fra:1 Mem:330.56M (Peak 330.56M) | Time:00:01.18 | Mem:0.00M, Peak:0.00M | Scene, ViewLayer | Synchronizing object | Rear right sidewall lettering.016
Fra:1 Mem:330.68M (Peak 330.68M) | Time:00:01.18 | Mem:0.00M, Peak:0.00M | Scene, ViewLayer | Synchronizing object | Rear left drilled rotor perforation.007
Fra:1 Mem:330.68M (Peak 330.68M) | Time:00:01.18 | Mem:0.00M, Peak:0.00M | Scene, ViewLayer | Synchronizing object | Rear left drilled rotor perforation.009
Fra:1 Mem:330.75M (Peak 330.75M) | Time:00:01.18 | Mem:0.00M, Peak:0.00M | Scene, ViewLayer | Synchronizing object | Rear right sidewall lettering.017
Fra:1 Mem:330.87M (Peak 330.87M) | Time:00:01.18 | Mem:0.00M, Peak:0.00M | Scene, ViewLayer | Synchronizing object | Rear left drilled rotor perforation.010
Fra:1 Mem:330.88M (Peak 330.88M) | Time:00:01.18 | Mem:0.00M, Peak:0.00M | Scene, ViewLayer | Synchronizing object | Rear left drilled rotor perforation.011
Fra:1 Mem:330.90M (Peak 330.90M) | Time:00:01.18 | Mem:0.00M, Peak:0.00M | Scene, ViewLayer | Synchronizing object | Rear left drilled rotor perforation.012
Fra:1 Mem:330.93M (Peak 330.93M) | Time:00:01.18 | Mem:0.00M, Peak:0.00M | Scene, ViewLayer | Synchronizing object | Rear left drilled rotor perforation.013
Fra:1 Mem:330.89M (Peak 330.93M) | Time:00:01.18 | Mem:0.00M, Peak:0.00M | Scene, ViewLayer | Synchronizing object | Rear left drilled rotor perforation.014
Fra:1 Mem:330.95M (Peak 330.95M) | Time:00:01.18 | Mem:0.00M, Peak:0.00M | Scene, ViewLayer | Synchronizing object | Rear left drilled rotor perforation.015
Fra:1 Mem:330.97M (Peak 330.97M) | Time:00:01.18 | Mem:0.00M, Peak:0.00M | Scene, ViewLayer | Synchronizing object | Rear left drilled rotor perforation.016
Fra:1 Mem:330.96M (Peak 330.97M) | Time:00:01.18 | Mem:0.00M, Peak:0.00M | Scene, ViewLayer | Synchronizing object | Rear left drilled rotor perforation.017
Fra:1 Mem:330.95M (Peak 330.97M) | Time:00:01.18 | Mem:0.00M, Peak:0.00M | Scene, ViewLayer | Synchronizing object | Rear left drilled rotor perforation.018
Fra:1 Mem:330.96M (Peak 330.97M) | Time:00:01.18 | Mem:0.00M, Peak:0.00M | Scene, ViewLayer | Synchronizing object | Rear left drilled rotor perforation.019
Fra:1 Mem:331.03M (Peak 331.03M) | Time:00:01.18 | Mem:0.00M, Peak:0.00M | Scene, ViewLayer | Synchronizing object | Rear right sidewall lettering.019
Fra:1 Mem:331.05M (Peak 331.05M) | Time:00:01.18 | Mem:0.00M, Peak:0.00M | Scene, ViewLayer | Synchronizing object | Rear right sidewall lettering.020
Fra:1 Mem:331.02M (Peak 331.05M) | Time:00:01.18 | Mem:0.00M, Peak:0.00M | Scene, ViewLayer | Synchronizing object | Rear left drilled rotor perforation.020
Fra:1 Mem:331.03M (Peak 331.05M) | Time:00:01.18 | Mem:0.00M, Peak:0.00M | Scene, ViewLayer | Synchronizing object | Rear left drilled rotor perforation.022
Fra:1 Mem:331.10M (Peak 331.10M) | Time:00:01.18 | Mem:0.00M, Peak:0.00M | Scene, ViewLayer | Synchronizing object | Rear left drilled rotor perforation.023
Fra:1 Mem:331.14M (Peak 331.14M) | Time:00:01.18 | Mem:0.00M, Peak:0.00M | Scene, ViewLayer | Synchronizing object | Seat piping
Fra:1 Mem:331.09M (Peak 331.14M) | Time:00:01.18 | Mem:0.00M, Peak:0.00M | Scene, ViewLayer | Synchronizing object | Rear left drilled rotor perforation.024
Fra:1 Mem:331.09M (Peak 331.14M) | Time:00:01.18 | Mem:0.00M, Peak:0.00M | Scene, ViewLayer | Synchronizing object | Seat piping.001
Fra:1 Mem:331.13M (Peak 331.14M) | Time:00:01.18 | Mem:0.00M, Peak:0.00M | Scene, ViewLayer | Synchronizing object | Rear left drilled rotor perforation.026
Fra:1 Mem:331.19M (Peak 331.19M) | Time:00:01.18 | Mem:0.00M, Peak:0.00M | Scene, ViewLayer | Synchronizing object | Seat piping.002
Fra:1 Mem:331.15M (Peak 331.19M) | Time:00:01.18 | Mem:0.00M, Peak:0.00M | Scene, ViewLayer | Synchronizing object | Rear left drilled rotor perforation.028
Fra:1 Mem:331.19M (Peak 331.19M) | Time:00:01.18 | Mem:0.00M, Peak:0.00M | Scene, ViewLayer | Synchronizing object | Seat piping.003
Fra:1 Mem:331.19M (Peak 331.19M) | Time:00:01.18 | Mem:0.00M, Peak:0.00M | Scene, ViewLayer | Synchronizing object | Rear left drilled rotor perforation.029
Fra:1 Mem:331.20M (Peak 331.20M) | Time:00:01.18 | Mem:0.00M, Peak:0.00M | Scene, ViewLayer | Synchronizing object | Seat piping.004
Fra:1 Mem:331.22M (Peak 331.22M) | Time:00:01.18 | Mem:0.00M, Peak:0.00M | Scene, ViewLayer | Synchronizing object | Seat piping.005
Fra:1 Mem:331.20M (Peak 331.22M) | Time:00:01.18 | Mem:0.00M, Peak:0.00M | Scene, ViewLayer | Synchronizing object | Rear left drilled rotor perforation.030
Fra:1 Mem:331.19M (Peak 331.22M) | Time:00:01.18 | Mem:0.00M, Peak:0.00M | Scene, ViewLayer | Synchronizing object | Rear left drilled rotor perforation.031
Fra:1 Mem:331.25M (Peak 331.25M) | Time:00:01.18 | Mem:0.00M, Peak:0.00M | Scene, ViewLayer | Synchronizing object | Seat piping.006
Fra:1 Mem:331.27M (Peak 331.27M) | Time:00:01.18 | Mem:0.00M, Peak:0.00M | Scene, ViewLayer | Synchronizing object | Rear left drilled rotor perforation.032
Fra:1 Mem:331.24M (Peak 331.27M) | Time:00:01.18 | Mem:0.00M, Peak:0.00M | Scene, ViewLayer | Synchronizing object | Seat piping.007
Fra:1 Mem:331.26M (Peak 331.27M) | Time:00:01.18 | Mem:0.00M, Peak:0.00M | Scene, ViewLayer | Synchronizing object | Rear left drilled rotor perforation.033
Fra:1 Mem:331.28M (Peak 331.28M) | Time:00:01.18 | Mem:0.00M, Peak:0.00M | Scene, ViewLayer | Synchronizing object | Rear left drilled rotor perforation.034
Fra:1 Mem:331.27M (Peak 331.28M) | Time:00:01.18 | Mem:0.00M, Peak:0.00M | Scene, ViewLayer | Synchronizing object | Steering wheel spokes
Fra:1 Mem:331.28M (Peak 331.28M) | Time:00:01.18 | Mem:0.00M, Peak:0.00M | Scene, ViewLayer | Synchronizing object | Rear left drilled rotor perforation.036
Fra:1 Mem:331.34M (Peak 331.34M) | Time:00:01.18 | Mem:0.00M, Peak:0.00M | Scene, ViewLayer | Synchronizing object | Windshield wiper arm
Fra:1 Mem:331.30M (Peak 331.34M) | Time:00:01.18 | Mem:0.00M, Peak:0.00M | Scene, ViewLayer | Synchronizing object | Rear left drilled rotor perforation.037
Fra:1 Mem:331.34M (Peak 331.34M) | Time:00:01.18 | Mem:0.00M, Peak:0.00M | Scene, ViewLayer | Synchronizing object | Rear left drilled rotor perforation.038
Fra:1 Mem:331.33M (Peak 331.34M) | Time:00:01.18 | Mem:0.00M, Peak:0.00M | Scene, ViewLayer | Synchronizing object | Rear left drilled rotor perforation.039
Fra:1 Mem:331.41M (Peak 331.41M) | Time:00:01.18 | Mem:0.00M, Peak:0.00M | Scene, ViewLayer | Synchronizing object | Windshield wiper arm.001
Fra:1 Mem:331.39M (Peak 331.41M) | Time:00:01.18 | Mem:0.00M, Peak:0.00M | Scene, ViewLayer | Synchronizing object | Rear left drilled rotor perforation.040
Fra:1 Mem:331.40M (Peak 331.41M) | Time:00:01.18 | Mem:0.00M, Peak:0.00M | Scene, ViewLayer | Synchronizing object | Wiper rubber blade.001
Fra:1 Mem:331.39M (Peak 331.41M) | Time:00:01.18 | Mem:0.00M, Peak:0.00M | Scene, ViewLayer | Synchronizing object | Rear left drilled rotor perforation.042
Fra:1 Mem:331.44M (Peak 331.44M) | Time:00:01.18 | Mem:0.00M, Peak:0.00M | Scene, ViewLayer | Synchronizing object | Rear left drilled rotor perforation.043
Fra:1 Mem:331.40M (Peak 331.44M) | Time:00:01.18 | Mem:0.00M, Peak:0.00M | Scene, ViewLayer | Synchronizing object | Rear left drilled rotor perforation.045
Fra:1 Mem:331.54M (Peak 331.54M) | Time:00:01.18 | Mem:0.00M, Peak:0.00M | Scene, ViewLayer | Synchronizing object | Infinite studio floor
Fra:1 Mem:331.54M (Peak 331.54M) | Time:00:01.18 | Mem:0.00M, Peak:0.00M | Scene, ViewLayer | Synchronizing object | Rear left drilled rotor perforation.046
Fra:1 Mem:331.54M (Peak 331.54M) | Time:00:01.18 | Mem:0.00M, Peak:0.00M | Scene, ViewLayer | Synchronizing object | Flat aerodynamic underfloor
Fra:1 Mem:331.54M (Peak 331.54M) | Time:00:01.18 | Mem:0.00M, Peak:0.00M | Scene, ViewLayer | Synchronizing object | Rear left drilled rotor perforation.047
Fra:1 Mem:331.56M (Peak 331.56M) | Time:00:01.18 | Mem:0.00M, Peak:0.00M | Scene, ViewLayer | Synchronizing object | Rear left drilled rotor perforation.048
Fra:1 Mem:331.61M (Peak 331.61M) | Time:00:01.19 | Mem:0.00M, Peak:0.00M | Scene, ViewLayer | Synchronizing object | Rear left drilled rotor perforation.049
Fra:1 Mem:331.58M (Peak 331.61M) | Time:00:01.19 | Mem:0.00M, Peak:0.00M | Scene, ViewLayer | Synchronizing object | Roof rear camera blister
Fra:1 Mem:331.66M (Peak 331.67M) | Time:00:01.19 | Mem:0.00M, Peak:0.00M | Scene, ViewLayer | Synchronizing object | Rear left drilled rotor perforation.050
Fra:1 Mem:331.67M (Peak 331.67M) | Time:00:01.19 | Mem:0.00M, Peak:0.00M | Scene, ViewLayer | Synchronizing object | Rear left drilled rotor perforation.051
Fra:1 Mem:331.77M (Peak 331.77M) | Time:00:01.19 | Mem:0.00M, Peak:0.00M | Scene, ViewLayer | Synchronizing object | Rear left drilled rotor perforation.052
Fra:1 Mem:331.80M (Peak 331.80M) | Time:00:01.19 | Mem:0.00M, Peak:0.00M | Scene, ViewLayer | Synchronizing object | Roof lidar painted pod
Fra:1 Mem:331.88M (Peak 331.88M) | Time:00:01.19 | Mem:0.00M, Peak:0.00M | Scene, ViewLayer | Synchronizing object | Rear left drilled rotor perforation.053
Fra:1 Mem:331.84M (Peak 331.88M) | Time:00:01.19 | Mem:0.00M, Peak:0.00M | Scene, ViewLayer | Synchronizing object | Rear left drilled rotor perforation.055
Fra:1 Mem:331.89M (Peak 331.89M) | Time:00:01.19 | Mem:0.00M, Peak:0.00M | Scene, ViewLayer | Synchronizing object | Cup holder
Fra:1 Mem:331.93M (Peak 331.93M) | Time:00:01.19 | Mem:0.00M, Peak:0.00M | Scene, ViewLayer | Synchronizing object | Rear left drilled rotor perforation.056
Fra:1 Mem:331.92M (Peak 331.93M) | Time:00:01.19 | Mem:0.00M, Peak:0.00M | Scene, ViewLayer | Synchronizing object | Rear left drilled rotor perforation.058
Fra:1 Mem:332.06M (Peak 332.06M) | Time:00:01.19 | Mem:0.00M, Peak:0.00M | Scene, ViewLayer | Synchronizing object | Rear left drilled rotor perforation.059
Fra:1 Mem:331.98M (Peak 332.06M) | Time:00:01.19 | Mem:0.00M, Peak:0.00M | Scene, ViewLayer | Synchronizing object | Rear left drilled rotor perforation.061
Fra:1 Mem:331.95M (Peak 332.06M) | Time:00:01.19 | Mem:0.00M, Peak:0.00M | Scene, ViewLayer | Synchronizing object | Cup holder.001
Fra:1 Mem:332.11M (Peak 332.11M) | Time:00:01.19 | Mem:0.00M, Peak:0.00M | Scene, ViewLayer | Synchronizing object | Rear left drilled rotor perforation.062
Fra:1 Mem:332.09M (Peak 332.11M) | Time:00:01.19 | Mem:0.00M, Peak:0.00M | Scene, ViewLayer | Synchronizing object | Rear left drilled rotor perforation.063
Fra:1 Mem:332.09M (Peak 332.11M) | Time:00:01.19 | Mem:0.00M, Peak:0.00M | Scene, ViewLayer | Synchronizing object | Rear left drilled rotor perforation.064
Fra:1 Mem:332.05M (Peak 332.11M) | Time:00:01.19 | Mem:0.00M, Peak:0.00M | Scene, ViewLayer | Synchronizing object | Center tunnel
Fra:1 Mem:332.11M (Peak 332.11M) | Time:00:01.19 | Mem:0.00M, Peak:0.00M | Scene, ViewLayer | Synchronizing object | Rear left drilled rotor perforation.065
Fra:1 Mem:332.13M (Peak 332.13M) | Time:00:01.19 | Mem:0.00M, Peak:0.00M | Scene, ViewLayer | Synchronizing object | Rear left drilled rotor perforation.066
Fra:1 Mem:332.08M (Peak 332.13M) | Time:00:01.19 | Mem:0.00M, Peak:0.00M | Scene, ViewLayer | Synchronizing object | Rear left drilled rotor perforation.067
Fra:1 Mem:332.17M (Peak 332.17M) | Time:00:01.19 | Mem:0.00M, Peak:0.00M | Scene, ViewLayer | Synchronizing object | Steering center
Fra:1 Mem:332.15M (Peak 332.17M) | Time:00:01.19 | Mem:0.00M, Peak:0.00M | Scene, ViewLayer | Synchronizing object | Rear left drilled rotor perforation.068
Fra:1 Mem:332.22M (Peak 332.22M) | Time:00:01.19 | Mem:0.00M, Peak:0.00M | Scene, ViewLayer | Synchronizing object | Rear left drilled rotor perforation.069
Fra:1 Mem:332.22M (Peak 332.22M) | Time:00:01.19 | Mem:0.00M, Peak:0.00M | Scene, ViewLayer | Synchronizing object | Rear left drilled rotor perforation.070
Fra:1 Mem:332.22M (Peak 332.22M) | Time:00:01.19 | Mem:0.00M, Peak:0.00M | Scene, ViewLayer | Synchronizing object | Rear left drilled rotor perforation.071
Fra:1 Mem:332.23M (Peak 332.23M) | Time:00:01.19 | Mem:0.00M, Peak:0.00M | Scene, ViewLayer | Synchronizing object | Steering wheel
Fra:1 Mem:332.33M (Peak 332.33M) | Time:00:01.19 | Mem:0.00M, Peak:0.00M | Scene, ViewLayer | Synchronizing object | Rear left brake disc bell
Fra:1 Mem:332.35M (Peak 332.35M) | Time:00:01.19 | Mem:0.00M, Peak:0.00M | Scene, ViewLayer | Synchronizing object | Screen glass
Fra:1 Mem:332.37M (Peak 332.37M) | Time:00:01.19 | Mem:0.00M, Peak:0.00M | Scene, ViewLayer | Synchronizing object | Rear left yellow six-piston caliper
Fra:1 Mem:332.42M (Peak 332.42M) | Time:00:01.19 | Mem:0.00M, Peak:0.00M | Scene, ViewLayer | Synchronizing object | Rear left machined split spoke
Fra:1 Mem:332.53M (Peak 332.53M) | Time:00:01.19 | Mem:0.00M, Peak:0.00M | Scene, ViewLayer | Synchronizing object | Rear left black spoke pocket
Fra:1 Mem:332.53M (Peak 332.53M) | Time:00:01.19 | Mem:0.00M, Peak:0.00M | Scene, ViewLayer | Synchronizing object | Dashboard center screen
Fra:1 Mem:332.58M (Peak 332.58M) | Time:00:01.19 | Mem:0.00M, Peak:0.00M | Scene, ViewLayer | Synchronizing object | Rear left machined split spoke.001
Fra:1 Mem:332.58M (Peak 332.58M) | Time:00:01.19 | Mem:0.00M, Peak:0.00M | Scene, ViewLayer | Synchronizing object | Rear left black spoke pocket.001
Fra:1 Mem:332.59M (Peak 332.59M) | Time:00:01.19 | Mem:0.00M, Peak:0.00M | Scene, ViewLayer | Synchronizing object | Rear left machined split spoke.002
Fra:1 Mem:332.59M (Peak 332.59M) | Time:00:01.19 | Mem:0.00M, Peak:0.00M | Scene, ViewLayer | Synchronizing object | Rear left black spoke pocket.002
Fra:1 Mem:332.60M (Peak 332.60M) | Time:00:01.19 | Mem:0.00M, Peak:0.00M | Scene, ViewLayer | Synchronizing object | Rear left machined split spoke.003
Fra:1 Mem:332.62M (Peak 332.62M) | Time:00:01.19 | Mem:0.00M, Peak:0.00M | Scene, ViewLayer | Synchronizing object | Integrated head restraint.003
Fra:1 Mem:332.77M (Peak 332.77M) | Time:00:01.19 | Mem:0.00M, Peak:0.00M | Scene, ViewLayer | Synchronizing object | Rear left machined split spoke.004
Fra:1 Mem:332.75M (Peak 332.77M) | Time:00:01.19 | Mem:0.00M, Peak:0.00M | Scene, ViewLayer | Synchronizing object | Rear left machined split spoke.005
Fra:1 Mem:332.85M (Peak 332.85M) | Time:00:01.19 | Mem:0.00M, Peak:0.00M | Scene, ViewLayer | Synchronizing object | Contoured seat back
Fra:1 Mem:332.89M (Peak 332.89M) | Time:00:01.19 | Mem:0.00M, Peak:0.00M | Scene, ViewLayer | Synchronizing object | Rear left black spoke pocket.005
Fra:1 Mem:332.86M (Peak 332.89M) | Time:00:01.19 | Mem:0.00M, Peak:0.00M | Scene, ViewLayer | Synchronizing object | Rear left black spoke pocket.006
Fra:1 Mem:332.97M (Peak 332.97M) | Time:00:01.19 | Mem:0.00M, Peak:0.00M | Scene, ViewLayer | Synchronizing object | Seat cushion.003
Fra:1 Mem:332.98M (Peak 332.98M) | Time:00:01.19 | Mem:0.00M, Peak:0.00M | Scene, ViewLayer | Synchronizing object | Rear left machined split spoke.007
Fra:1 Mem:333.08M (Peak 333.08M) | Time:00:01.19 | Mem:0.00M, Peak:0.00M | Scene, ViewLayer | Synchronizing object | Rear left black spoke pocket.007
Fra:1 Mem:333.06M (Peak 333.08M) | Time:00:01.19 | Mem:0.00M, Peak:0.00M | Scene, ViewLayer | Synchronizing object | Integrated head restraint.002
Fra:1 Mem:333.06M (Peak 333.08M) | Time:00:01.19 | Mem:0.00M, Peak:0.00M | Scene, ViewLayer | Synchronizing object | Rear left machined split spoke.008
Fra:1 Mem:333.03M (Peak 333.08M) | Time:00:01.19 | Mem:0.00M, Peak:0.00M | Scene, ViewLayer | Synchronizing object | Rear left black spoke pocket.008
Fra:1 Mem:333.17M (Peak 333.17M) | Time:00:01.19 | Mem:0.00M, Peak:0.00M | Scene, ViewLayer | Synchronizing object | Rear left machined split spoke.009
Fra:1 Mem:333.07M (Peak 333.17M) | Time:00:01.19 | Mem:0.00M, Peak:0.00M | Scene, ViewLayer | Synchronizing object | Rear left center hub
Fra:1 Mem:333.11M (Peak 333.17M) | Time:00:01.19 | Mem:0.00M, Peak:0.00M | Scene, ViewLayer | Synchronizing object | Rear left center cap ring
Fra:1 Mem:333.29M (Peak 333.29M) | Time:00:01.19 | Mem:0.00M, Peak:0.00M | Scene, ViewLayer | Synchronizing object | Rear left titanium lug nut
Fra:1 Mem:333.40M (Peak 333.40M) | Time:00:01.19 | Mem:0.00M, Peak:0.00M | Scene, ViewLayer | Synchronizing object | Rear left titanium lug nut.001
Fra:1 Mem:333.38M (Peak 333.40M) | Time:00:01.19 | Mem:0.00M, Peak:0.00M | Scene, ViewLayer | Synchronizing object | Rear left titanium lug nut.002
Fra:1 Mem:333.33M (Peak 333.40M) | Time:00:01.19 | Mem:0.00M, Peak:0.00M | Scene, ViewLayer | Synchronizing object | Rear left titanium lug nut.003
Fra:1 Mem:333.39M (Peak 333.40M) | Time:00:01.19 | Mem:0.00M, Peak:0.00M | Scene, ViewLayer | Synchronizing object | Rear left titanium lug nut.004
Fra:1 Mem:333.44M (Peak 333.44M) | Time:00:01.19 | Mem:0.00M, Peak:0.00M | Scene, ViewLayer | Synchronizing object | Rear left tire valve
Fra:1 Mem:333.43M (Peak 333.44M) | Time:00:01.19 | Mem:0.00M, Peak:0.00M | Scene, ViewLayer | Synchronizing object | Rear right | tire carcass
Fra:1 Mem:333.46M (Peak 333.46M) | Time:00:01.19 | Mem:0.00M, Peak:0.00M | Scene, ViewLayer | Synchronizing object | Rear right tire molded sidewall ring.001
Fra:1 Mem:333.64M (Peak 333.64M) | Time:00:01.19 | Mem:0.00M, Peak:0.00M | Scene, ViewLayer | Synchronizing object | Rear right tire molded sidewall ring.002
Fra:1 Mem:333.67M (Peak 333.67M) | Time:00:01.19 | Mem:0.00M, Peak:0.00M | Scene, ViewLayer | Synchronizing object | Rear right directional tread | 792 blocks
Fra:1 Mem:334.00M (Peak 334.00M) | Time:00:01.19 | Mem:0.00M, Peak:0.00M | Scene, ViewLayer | Synchronizing object | Integrated head restraint.001
Fra:1 Mem:334.25M (Peak 334.25M) | Time:00:01.19 | Mem:0.00M, Peak:0.00M | Scene, ViewLayer | Synchronizing object | Rear right cast rim barrel
Fra:1 Mem:334.34M (Peak 334.34M) | Time:00:01.19 | Mem:0.00M, Peak:0.00M | Scene, ViewLayer | Synchronizing object | Rear right diamond-cut outer flange
Fra:1 Mem:334.48M (Peak 334.48M) | Time:00:01.19 | Mem:0.00M, Peak:0.00M | Scene, ViewLayer | Synchronizing object | Rear right inner rim accent
Fra:1 Mem:334.68M (Peak 334.68M) | Time:00:01.19 | Mem:0.00M, Peak:0.00M | Scene, ViewLayer | Synchronizing object | Rear right brake rotor
Fra:1 Mem:334.70M (Peak 334.70M) | Time:00:01.19 | Mem:0.00M, Peak:0.00M | Scene, ViewLayer | Synchronizing object | Rear right rotor outer scoring
Fra:1 Mem:334.84M (Peak 334.84M) | Time:00:01.19 | Mem:0.00M, Peak:0.00M | Scene, ViewLayer | Synchronizing object | Rear right drilled rotor perforation
Fra:1 Mem:334.97M (Peak 334.97M) | Time:00:01.19 | Mem:0.00M, Peak:0.00M | Scene, ViewLayer | Synchronizing object | Rear right drilled rotor perforation.001
Fra:1 Mem:334.85M (Peak 334.97M) | Time:00:01.19 | Mem:0.00M, Peak:0.00M | Scene, ViewLayer | Synchronizing object | Contoured seat back.002
Fra:1 Mem:334.85M (Peak 334.97M) | Time:00:01.19 | Mem:0.00M, Peak:0.00M | Scene, ViewLayer | Synchronizing object | Rear right drilled rotor perforation.003
Fra:1 Mem:334.96M (Peak 334.97M) | Time:00:01.19 | Mem:0.00M, Peak:0.00M | Scene, ViewLayer | Synchronizing object | Rear right drilled rotor perforation.004
Fra:1 Mem:334.95M (Peak 334.97M) | Time:00:01.19 | Mem:0.00M, Peak:0.00M | Scene, ViewLayer | Synchronizing object | Rear right drilled rotor perforation.005
Fra:1 Mem:334.95M (Peak 334.97M) | Time:00:01.19 | Mem:0.00M, Peak:0.00M | Scene, ViewLayer | Synchronizing object | Rear right drilled rotor perforation.006
Fra:1 Mem:334.99M (Peak 334.99M) | Time:00:01.19 | Mem:0.00M, Peak:0.00M | Scene, ViewLayer | Synchronizing object | Rear right drilled rotor perforation.007
Fra:1 Mem:334.94M (Peak 334.99M) | Time:00:01.20 | Mem:0.00M, Peak:0.00M | Scene, ViewLayer | Synchronizing object | Seat cushion.001
Fra:1 Mem:334.95M (Peak 334.99M) | Time:00:01.20 | Mem:0.00M, Peak:0.00M | Scene, ViewLayer | Synchronizing object | Rear right drilled rotor perforation.009
Fra:1 Mem:335.06M (Peak 335.06M) | Time:00:01.20 | Mem:0.00M, Peak:0.00M | Scene, ViewLayer | Synchronizing object | Rear right drilled rotor perforation.010
Fra:1 Mem:335.07M (Peak 335.07M) | Time:00:01.20 | Mem:0.00M, Peak:0.00M | Scene, ViewLayer | Synchronizing object | Rear right drilled rotor perforation.011
Fra:1 Mem:335.08M (Peak 335.08M) | Time:00:01.20 | Mem:0.00M, Peak:0.00M | Scene, ViewLayer | Synchronizing object | Rear right drilled rotor perforation.012
Fra:1 Mem:335.12M (Peak 335.12M) | Time:00:01.20 | Mem:0.00M, Peak:0.00M | Scene, ViewLayer | Synchronizing object | Rear right drilled rotor perforation.013
Fra:1 Mem:335.10M (Peak 335.12M) | Time:00:01.20 | Mem:0.00M, Peak:0.00M | Scene, ViewLayer | Synchronizing object | Integrated head restraint
Fra:1 Mem:335.10M (Peak 335.12M) | Time:00:01.20 | Mem:0.00M, Peak:0.00M | Scene, ViewLayer | Synchronizing object | Rear right drilled rotor perforation.014
Fra:1 Mem:335.11M (Peak 335.12M) | Time:00:01.20 | Mem:0.00M, Peak:0.00M | Scene, ViewLayer | Synchronizing object | Rear right drilled rotor perforation.015
Fra:1 Mem:335.10M (Peak 335.12M) | Time:00:01.20 | Mem:0.00M, Peak:0.00M | Scene, ViewLayer | Synchronizing object | Rear right drilled rotor perforation.016
Fra:1 Mem:335.19M (Peak 335.19M) | Time:00:01.20 | Mem:0.00M, Peak:0.00M | Scene, ViewLayer | Synchronizing object | Rear right drilled rotor perforation.017
Fra:1 Mem:335.15M (Peak 335.19M) | Time:00:01.20 | Mem:0.00M, Peak:0.00M | Scene, ViewLayer | Synchronizing object | Rear right drilled rotor perforation.018
Fra:1 Mem:335.14M (Peak 335.19M) | Time:00:01.20 | Mem:0.00M, Peak:0.00M | Scene, ViewLayer | Synchronizing object | Rear right drilled rotor perforation.019
Fra:1 Mem:335.17M (Peak 335.19M) | Time:00:01.20 | Mem:0.00M, Peak:0.00M | Scene, ViewLayer | Synchronizing object | Rear right drilled rotor perforation.020
Fra:1 Mem:335.20M (Peak 335.20M) | Time:00:01.20 | Mem:0.00M, Peak:0.00M | Scene, ViewLayer | Synchronizing object | Rear right drilled rotor perforation.021
Fra:1 Mem:335.24M (Peak 335.24M) | Time:00:01.20 | Mem:0.00M, Peak:0.00M | Scene, ViewLayer | Synchronizing object | Rear right drilled rotor perforation.022
Fra:1 Mem:335.27M (Peak 335.27M) | Time:00:01.20 | Mem:0.00M, Peak:0.00M | Scene, ViewLayer | Synchronizing object | Rear right drilled rotor perforation.023
Fra:1 Mem:335.23M (Peak 335.27M) | Time:00:01.20 | Mem:0.00M, Peak:0.00M | Scene, ViewLayer | Synchronizing object | Contoured seat back.001
Fra:1 Mem:335.23M (Peak 335.27M) | Time:00:01.20 | Mem:0.00M, Peak:0.00M | Scene, ViewLayer | Synchronizing object | Rear right drilled rotor perforation.025
Fra:1 Mem:335.32M (Peak 335.32M) | Time:00:01.20 | Mem:0.00M, Peak:0.00M | Scene, ViewLayer | Synchronizing object | Rear right drilled rotor perforation.026
Fra:1 Mem:335.31M (Peak 335.32M) | Time:00:01.20 | Mem:0.00M, Peak:0.00M | Scene, ViewLayer | Synchronizing object | Rear right drilled rotor perforation.027
Fra:1 Mem:335.33M (Peak 335.33M) | Time:00:01.20 | Mem:0.00M, Peak:0.00M | Scene, ViewLayer | Synchronizing object | Seat cushion
Fra:1 Mem:335.32M (Peak 335.33M) | Time:00:01.20 | Mem:0.00M, Peak:0.00M | Scene, ViewLayer | Synchronizing object | Rear right drilled rotor perforation.028
Fra:1 Mem:335.38M (Peak 335.38M) | Time:00:01.20 | Mem:0.00M, Peak:0.00M | Scene, ViewLayer | Synchronizing object | Rear right drilled rotor perforation.029
Fra:1 Mem:335.38M (Peak 335.38M) | Time:00:01.20 | Mem:0.00M, Peak:0.00M | Scene, ViewLayer | Synchronizing object | Rear right drilled rotor perforation.030
Fra:1 Mem:335.37M (Peak 335.38M) | Time:00:01.20 | Mem:0.00M, Peak:0.00M | Scene, ViewLayer | Synchronizing object | Dark cabin tub
Fra:1 Mem:335.45M (Peak 335.45M) | Time:00:01.20 | Mem:0.00M, Peak:0.00M | Scene, ViewLayer | Synchronizing object | Rear right drilled rotor perforation.031
Fra:1 Mem:335.45M (Peak 335.45M) | Time:00:01.20 | Mem:0.00M, Peak:0.00M | Scene, ViewLayer | Synchronizing object | Rear right drilled rotor perforation.032
Fra:1 Mem:335.45M (Peak 335.45M) | Time:00:01.20 | Mem:0.00M, Peak:0.00M | Scene, ViewLayer | Synchronizing object | Rear right tire valve
Fra:1 Mem:335.51M (Peak 335.51M) | Time:00:01.20 | Mem:0.00M, Peak:0.00M | Scene, ViewLayer | Synchronizing object | Rear right drilled rotor perforation.033
Fra:1 Mem:335.52M (Peak 335.52M) | Time:00:01.20 | Mem:0.00M, Peak:0.00M | Scene, ViewLayer | Synchronizing object | Rear right drilled rotor perforation.034
Fra:1 Mem:335.50M (Peak 335.52M) | Time:00:01.20 | Mem:0.00M, Peak:0.00M | Scene, ViewLayer | Synchronizing object | Rear right drilled rotor perforation.035
Fra:1 Mem:335.49M (Peak 335.52M) | Time:00:01.20 | Mem:0.00M, Peak:0.00M | Scene, ViewLayer | Synchronizing object | Rear right titanium lug nut.004
Fra:1 Mem:335.54M (Peak 335.55M) | Time:00:01.20 | Mem:0.00M, Peak:0.00M | Scene, ViewLayer | Synchronizing object | Rear right drilled rotor perforation.036
Fra:1 Mem:335.51M (Peak 335.55M) | Time:00:01.20 | Mem:0.00M, Peak:0.00M | Scene, ViewLayer | Synchronizing object | Rear right drilled rotor perforation.037
Fra:1 Mem:335.53M (Peak 335.55M) | Time:00:01.20 | Mem:0.00M, Peak:0.00M | Scene, ViewLayer | Synchronizing object | Rear right titanium lug nut.003
Fra:1 Mem:335.61M (Peak 335.61M) | Time:00:01.20 | Mem:0.00M, Peak:0.00M | Scene, ViewLayer | Synchronizing object | Rear right drilled rotor perforation.039
Fra:1 Mem:335.58M (Peak 335.61M) | Time:00:01.20 | Mem:0.00M, Peak:0.00M | Scene, ViewLayer | Synchronizing object | Rear right titanium lug nut.002
Fra:1 Mem:335.57M (Peak 335.61M) | Time:00:01.20 | Mem:0.00M, Peak:0.00M | Scene, ViewLayer | Synchronizing object | Rear right drilled rotor perforation.041
Fra:1 Mem:335.64M (Peak 335.64M) | Time:00:01.20 | Mem:0.00M, Peak:0.00M | Scene, ViewLayer | Synchronizing object | Rear right drilled rotor perforation.042
Fra:1 Mem:335.69M (Peak 335.69M) | Time:00:01.20 | Mem:0.00M, Peak:0.00M | Scene, ViewLayer | Synchronizing object | Rear right titanium lug nut.001
Fra:1 Mem:335.66M (Peak 335.69M) | Time:00:01.20 | Mem:0.00M, Peak:0.00M | Scene, ViewLayer | Synchronizing object | Rear right drilled rotor perforation.043
Fra:1 Mem:335.65M (Peak 335.69M) | Time:00:01.20 | Mem:0.00M, Peak:0.00M | Scene, ViewLayer | Synchronizing object | Rear right drilled rotor perforation.044
Fra:1 Mem:335.71M (Peak 335.71M) | Time:00:01.20 | Mem:0.00M, Peak:0.00M | Scene, ViewLayer | Synchronizing object | Rear right titanium lug nut
Fra:1 Mem:335.71M (Peak 335.71M) | Time:00:01.20 | Mem:0.00M, Peak:0.00M | Scene, ViewLayer | Synchronizing object | Rear right drilled rotor perforation.045
Fra:1 Mem:335.69M (Peak 335.71M) | Time:00:01.20 | Mem:0.00M, Peak:0.00M | Scene, ViewLayer | Synchronizing object | Rear right drilled rotor perforation.047
Fra:1 Mem:335.68M (Peak 335.71M) | Time:00:01.20 | Mem:0.00M, Peak:0.00M | Scene, ViewLayer | Synchronizing object | Rear right center cap ring
Fra:1 Mem:335.84M (Peak 335.84M) | Time:00:01.20 | Mem:0.00M, Peak:0.00M | Scene, ViewLayer | Synchronizing object | Rear right drilled rotor perforation.048
Fra:1 Mem:335.84M (Peak 335.84M) | Time:00:01.20 | Mem:0.00M, Peak:0.00M | Scene, ViewLayer | Synchronizing object | Rear right center hub
Fra:1 Mem:335.84M (Peak 335.84M) | Time:00:01.20 | Mem:0.00M, Peak:0.00M | Scene, ViewLayer | Synchronizing object | Rear right drilled rotor perforation.050
Fra:1 Mem:335.98M (Peak 335.98M) | Time:00:01.20 | Mem:0.00M, Peak:0.00M | Scene, ViewLayer | Synchronizing object | Rear right drilled rotor perforation.051
Fra:1 Mem:335.95M (Peak 335.98M) | Time:00:01.20 | Mem:0.00M, Peak:0.00M | Scene, ViewLayer | Synchronizing object | Rear right drilled rotor perforation.052
Fra:1 Mem:335.94M (Peak 335.98M) | Time:00:01.20 | Mem:0.00M, Peak:0.00M | Scene, ViewLayer | Synchronizing object | Rear right drilled rotor perforation.053
Fra:1 Mem:336.00M (Peak 336.00M) | Time:00:01.20 | Mem:0.00M, Peak:0.00M | Scene, ViewLayer | Synchronizing object | Rear right drilled rotor perforation.054
Fra:1 Mem:335.93M (Peak 336.00M) | Time:00:01.20 | Mem:0.00M, Peak:0.00M | Scene, ViewLayer | Synchronizing object | Rear right black spoke pocket.009
Fra:1 Mem:336.03M (Peak 336.03M) | Time:00:01.20 | Mem:0.00M, Peak:0.00M | Scene, ViewLayer | Synchronizing object | Rear right drilled rotor perforation.057
Fra:1 Mem:335.99M (Peak 336.03M) | Time:00:01.20 | Mem:0.00M, Peak:0.00M | Scene, ViewLayer | Synchronizing object | Rear right drilled rotor perforation.058
Fra:1 Mem:336.03M (Peak 336.03M) | Time:00:01.20 | Mem:0.00M, Peak:0.00M | Scene, ViewLayer | Synchronizing object | Rear right drilled rotor perforation.059
Fra:1 Mem:336.04M (Peak 336.04M) | Time:00:01.20 | Mem:0.00M, Peak:0.00M | Scene, ViewLayer | Synchronizing object | Rear right drilled rotor perforation.060
Fra:1 Mem:336.05M (Peak 336.05M) | Time:00:01.20 | Mem:0.00M, Peak:0.00M | Scene, ViewLayer | Synchronizing object | Rear right drilled rotor perforation.061
Fra:1 Mem:336.04M (Peak 336.05M) | Time:00:01.20 | Mem:0.00M, Peak:0.00M | Scene, ViewLayer | Synchronizing object | Rear right drilled rotor perforation.062
Fra:1 Mem:336.07M (Peak 336.07M) | Time:00:01.20 | Mem:0.00M, Peak:0.00M | Scene, ViewLayer | Synchronizing object | Rear right drilled rotor perforation.063
Fra:1 Mem:336.09M (Peak 336.09M) | Time:00:01.20 | Mem:0.00M, Peak:0.00M | Scene, ViewLayer | Synchronizing object | Rear right drilled rotor perforation.064
Fra:1 Mem:336.09M (Peak 336.09M) | Time:00:01.20 | Mem:0.00M, Peak:0.00M | Scene, ViewLayer | Synchronizing object | Rear right drilled rotor perforation.065
Fra:1 Mem:336.13M (Peak 336.13M) | Time:00:01.20 | Mem:0.00M, Peak:0.00M | Scene, ViewLayer | Synchronizing object | Rear right drilled rotor perforation.066
Fra:1 Mem:336.10M (Peak 336.13M) | Time:00:01.20 | Mem:0.00M, Peak:0.00M | Scene, ViewLayer | Synchronizing object | Rear right drilled rotor perforation.067
Fra:1 Mem:336.12M (Peak 336.13M) | Time:00:01.20 | Mem:0.00M, Peak:0.00M | Scene, ViewLayer | Synchronizing object | Rear right drilled rotor perforation.068
Fra:1 Mem:336.24M (Peak 336.24M) | Time:00:01.20 | Mem:0.00M, Peak:0.00M | Scene, ViewLayer | Synchronizing object | Rear right drilled rotor perforation.069
Fra:1 Mem:336.20M (Peak 336.24M) | Time:00:01.20 | Mem:0.00M, Peak:0.00M | Scene, ViewLayer | Synchronizing object | Rear right drilled rotor perforation.070
Fra:1 Mem:336.23M (Peak 336.24M) | Time:00:01.20 | Mem:0.00M, Peak:0.00M | Scene, ViewLayer | Synchronizing object | Rear right drilled rotor perforation.071
Fra:1 Mem:336.25M (Peak 336.25M) | Time:00:01.20 | Mem:0.00M, Peak:0.00M | Scene, ViewLayer | Synchronizing object | Rear right machined split spoke.009
Fra:1 Mem:336.24M (Peak 336.25M) | Time:00:01.20 | Mem:0.00M, Peak:0.00M | Scene, ViewLayer | Synchronizing object | Rear right yellow six-piston caliper
Fra:1 Mem:336.25M (Peak 336.25M) | Time:00:01.20 | Mem:0.00M, Peak:0.00M | Scene, ViewLayer | Synchronizing object | Rear right machined split spoke
Fra:1 Mem:336.44M (Peak 336.44M) | Time:00:01.20 | Mem:0.00M, Peak:0.00M | Scene, ViewLayer | Synchronizing object | Rear right black spoke pocket
Fra:1 Mem:336.39M (Peak 336.44M) | Time:00:01.20 | Mem:0.00M, Peak:0.00M | Scene, ViewLayer | Synchronizing object | Rear right machined split spoke.001
Fra:1 Mem:336.39M (Peak 336.44M) | Time:00:01.20 | Mem:0.00M, Peak:0.00M | Scene, ViewLayer | Synchronizing object | Rear right black spoke pocket.001
Fra:1 Mem:336.51M (Peak 336.51M) | Time:00:01.20 | Mem:0.00M, Peak:0.00M | Scene, ViewLayer | Synchronizing object | Rear right machined split spoke.002
Fra:1 Mem:336.48M (Peak 336.51M) | Time:00:01.20 | Mem:0.00M, Peak:0.00M | Scene, ViewLayer | Synchronizing object | Rear right black spoke pocket.002
Fra:1 Mem:336.52M (Peak 336.52M) | Time:00:01.20 | Mem:0.00M, Peak:0.00M | Scene, ViewLayer | Synchronizing object | Rear right machined split spoke.003
Fra:1 Mem:336.55M (Peak 336.55M) | Time:00:01.20 | Mem:0.00M, Peak:0.00M | Scene, ViewLayer | Synchronizing object | Rear right machined split spoke.008
Fra:1 Mem:336.63M (Peak 336.63M) | Time:00:01.20 | Mem:0.00M, Peak:0.00M | Scene, ViewLayer | Synchronizing object | Rear right black spoke pocket.003
Fra:1 Mem:336.61M (Peak 336.63M) | Time:00:01.20 | Mem:0.00M, Peak:0.00M | Scene, ViewLayer | Synchronizing object | Rear right machined split spoke.004
Fra:1 Mem:336.64M (Peak 336.64M) | Time:00:01.20 | Mem:0.00M, Peak:0.00M | Scene, ViewLayer | Synchronizing object | Rear right black spoke pocket.004
Fra:1 Mem:336.71M (Peak 336.71M) | Time:00:01.20 | Mem:0.00M, Peak:0.00M | Scene, ViewLayer | Synchronizing object | Rear right machined split spoke.005
Fra:1 Mem:336.64M (Peak 336.71M) | Time:00:01.20 | Mem:0.00M, Peak:0.00M | Scene, ViewLayer | Synchronizing object | Rear right black spoke pocket.007
Fra:1 Mem:336.71M (Peak 336.71M) | Time:00:01.20 | Mem:0.00M, Peak:0.00M | Scene, ViewLayer | Synchronizing object | Rear right black spoke pocket.005
Fra:1 Mem:336.75M (Peak 336.75M) | Time:00:01.20 | Mem:0.00M, Peak:0.00M | Scene, ViewLayer | Synchronizing object | Rear right machined split spoke.006
Fra:1 Mem:336.74M (Peak 336.75M) | Time:00:01.20 | Mem:0.00M, Peak:0.00M | Scene, ViewLayer | Synchronizing object | Rear right black spoke pocket.006
Fra:1 Mem:336.76M (Peak 336.76M) | Time:00:01.20 | Mem:0.00M, Peak:0.00M | Scene, ViewLayer | Synchronizing object | Rear right machined split spoke.007
Fra:1 Mem:336.77M (Peak 336.77M) | Time:00:01.20 | Mem:0.00M, Peak:0.00M | Scene, ViewLayer | Initializing
Fra:1 Mem:252.30M (Peak 336.77M) | Time:00:01.24 | Mem:0.00M, Peak:0.00M | Scene, ViewLayer | Waiting for render to start
Fra:1 Mem:252.30M (Peak 336.77M) | Time:00:01.24 | Mem:0.00M, Peak:0.00M | Scene, ViewLayer | Loading render kernels (may take a few minutes the first time)
Fra:1 Mem:252.30M (Peak 336.77M) | Time:00:01.24 | Mem:0.00M, Peak:0.00M | Scene, ViewLayer | Updating Scene
Fra:1 Mem:252.30M (Peak 336.77M) | Time:00:01.24 | Mem:0.00M, Peak:0.00M | Scene, ViewLayer | Updating Shaders
Fra:1 Mem:252.31M (Peak 336.77M) | Time:00:01.24 | Mem:0.01M, Peak:0.01M | Scene, ViewLayer | Updating Procedurals
Fra:1 Mem:252.31M (Peak 336.77M) | Time:00:01.24 | Mem:0.01M, Peak:0.01M | Scene, ViewLayer | Updating Background
Fra:1 Mem:252.31M (Peak 336.77M) | Time:00:01.24 | Mem:0.01M, Peak:0.01M | Scene, ViewLayer | Updating Camera
Fra:1 Mem:252.31M (Peak 336.77M) | Time:00:01.24 | Mem:0.01M, Peak:0.01M | Scene, ViewLayer | Updating Meshes Flags
Fra:1 Mem:252.31M (Peak 336.77M) | Time:00:01.24 | Mem:0.01M, Peak:0.01M | Scene, ViewLayer | Updating Objects
Fra:1 Mem:252.31M (Peak 336.77M) | Time:00:01.24 | Mem:0.01M, Peak:0.01M | Scene, ViewLayer | Updating Objects | Copying Transformations to device
Fra:1 Mem:252.47M (Peak 336.77M) | Time:00:01.24 | Mem:0.16M, Peak:0.16M | Scene, ViewLayer | Updating Objects | Applying Static Transformations
Fra:1 Mem:252.47M (Peak 336.77M) | Time:00:01.24 | Mem:0.16M, Peak:0.16M | Scene, ViewLayer | Updating Particle Systems
Fra:1 Mem:252.47M (Peak 336.77M) | Time:00:01.24 | Mem:0.16M, Peak:0.16M | Scene, ViewLayer | Updating Particle Systems | Copying Particles to device
Fra:1 Mem:252.47M (Peak 336.77M) | Time:00:01.24 | Mem:0.16M, Peak:0.16M | Scene, ViewLayer | Updating Meshes
Fra:1 Mem:267.05M (Peak 336.77M) | Time:00:01.27 | Mem:0.16M, Peak:0.16M | Scene, ViewLayer | Updating Mesh | Computing attributes
Fra:1 Mem:273.65M (Peak 336.77M) | Time:00:01.27 | Mem:0.21M, Peak:0.21M | Scene, ViewLayer | Updating Mesh | Copying Attributes to device
Fra:1 Mem:273.54M (Peak 336.77M) | Time:00:01.27 | Mem:6.65M, Peak:6.65M | Scene, ViewLayer | Updating Scene BVH | Building
Fra:1 Mem:273.55M (Peak 336.77M) | Time:00:01.27 | Mem:6.65M, Peak:6.65M | Scene, ViewLayer | Updating Scene BVH | Building BVH
Fra:1 Mem:273.55M (Peak 336.77M) | Time:00:01.27 | Mem:35.82M, Peak:35.82M | Scene, ViewLayer | Updating Scene BVH | Building BVH 0%
Fra:1 Mem:273.55M (Peak 336.77M) | Time:00:01.38 | Mem:66.65M, Peak:95.82M | Scene, ViewLayer | Updating Scene BVH | Copying BVH to device
Fra:1 Mem:273.55M (Peak 336.77M) | Time:00:01.38 | Mem:66.65M, Peak:95.82M | Scene, ViewLayer | Updating Mesh | Computing normals
Fra:1 Mem:309.53M (Peak 336.77M) | Time:00:01.40 | Mem:66.65M, Peak:95.82M | Scene, ViewLayer | Updating Mesh | Copying Mesh to device
Fra:1 Mem:309.53M (Peak 336.77M) | Time:00:01.40 | Mem:102.63M, Peak:102.63M | Scene, ViewLayer | Updating Objects Flags
Fra:1 Mem:309.53M (Peak 336.77M) | Time:00:01.40 | Mem:102.64M, Peak:102.64M | Scene, ViewLayer | Updating Primitive Offsets
Fra:1 Mem:309.53M (Peak 336.77M) | Time:00:01.40 | Mem:102.64M, Peak:102.64M | Scene, ViewLayer | Updating Images
Fra:1 Mem:309.53M (Peak 336.77M) | Time:00:01.40 | Mem:102.64M, Peak:102.64M | Scene, ViewLayer | Updating Camera Volume
Fra:1 Mem:309.53M (Peak 336.77M) | Time:00:01.40 | Mem:102.64M, Peak:102.64M | Scene, ViewLayer | Updating Lookup Tables
Fra:1 Mem:309.53M (Peak 336.77M) | Time:00:01.40 | Mem:102.64M, Peak:102.64M | Scene, ViewLayer | Updating Lights
Fra:1 Mem:309.53M (Peak 336.77M) | Time:00:01.40 | Mem:102.64M, Peak:102.64M | Scene, ViewLayer | Updating Lights | Computing distribution
Fra:1 Mem:309.53M (Peak 336.77M) | Time:00:01.40 | Mem:102.64M, Peak:102.64M | Scene, ViewLayer | Updating Lights | Computing tree
Fra:1 Mem:311.18M (Peak 336.77M) | Time:00:01.43 | Mem:104.29M, Peak:104.29M | Scene, ViewLayer | Updating Integrator
Fra:1 Mem:312.18M (Peak 336.77M) | Time:00:01.43 | Mem:105.29M, Peak:105.29M | Scene, ViewLayer | Updating Film
Fra:1 Mem:312.18M (Peak 336.77M) | Time:00:01.43 | Mem:105.29M, Peak:105.29M | Scene, ViewLayer | Updating Lookup Tables
Fra:1 Mem:312.18M (Peak 336.77M) | Time:00:01.43 | Mem:105.29M, Peak:105.29M | Scene, ViewLayer | Updating Baking
Fra:1 Mem:312.18M (Peak 336.77M) | Time:00:01.43 | Mem:105.29M, Peak:105.29M | Scene, ViewLayer | Updating Device | Writing constant memory
Fra:1 Mem:312.20M (Peak 336.77M) | Time:00:01.43 | Mem:105.29M, Peak:105.29M | Scene, ViewLayer | Sample 0/48
Fra:1 Mem:445.80M (Peak 445.80M) | Time:00:04.59 | Remaining:02:28.45 | Mem:238.88M, Peak:238.88M | Scene, ViewLayer | Sample 1/48
Fra:1 Mem:445.80M (Peak 445.80M) | Time:00:29.07 | Remaining:01:59.76 | Mem:238.88M, Peak:238.88M | Scene, ViewLayer | Sample 9/48
Fra:1 Mem:445.80M (Peak 445.80M) | Time:00:50.74 | Remaining:01:38.62 | Mem:238.88M, Peak:238.88M | Scene, ViewLayer | Sample 16/48
Fra:1 Mem:445.80M (Peak 445.80M) | Time:00:59.65 | Remaining:00:58.22 | Mem:238.88M, Peak:238.88M | Scene, ViewLayer | Sample 24/48
Fra:1 Mem:445.80M (Peak 445.80M) | Time:01:08.18 | Remaining:00:33.37 | Mem:238.88M, Peak:238.88M | Scene, ViewLayer | Sample 32/48
Fra:1 Mem:502.06M (Peak 586.43M) | Time:01:21.87 | Mem:238.88M, Peak:238.88M | Scene, ViewLayer | Sample 48/48
Fra:1 Mem:502.06M (Peak 586.43M) | Time:01:21.87 | Mem:238.88M, Peak:238.88M | Scene, ViewLayer | Finished
Saved: 'C:\MyProjects\TempProject (OpenAI)\su7\renders\rear_hero.png'
 Time: 01:22.16 (Saving: 00:00.26)

PRODUCTION_RENDER_COMPLETE rear_hero
PRODUCTION_RENDER_START side
Fra:1 Mem:285.45M (Peak 285.45M) | Time:00:01.11 | Mem:0.00M, Peak:0.00M | Scene, ViewLayer | Synchronizing object | Unified aluminum body | welded hood, quarters and bumpers
Fra:1 Mem:285.45M (Peak 285.45M) | Time:00:01.11 | Mem:0.00M, Peak:0.00M | Scene, ViewLayer | Synchronizing object | Window perimeter | satin black surround
Fra:1 Mem:290.59M (Peak 290.59M) | Time:00:01.11 | Mem:0.00M, Peak:0.00M | Scene, ViewLayer | Synchronizing object | B pillar black trim
Fra:1 Mem:290.90M (Peak 290.90M) | Time:00:01.11 | Mem:0.00M, Peak:0.00M | Scene, ViewLayer | Synchronizing object | B pillar black trim.001
Fra:1 Mem:290.94M (Peak 290.94M) | Time:00:01.11 | Mem:0.00M, Peak:0.00M | Scene, ViewLayer | Synchronizing object | B pillar black trim.002
Fra:1 Mem:290.98M (Peak 290.98M) | Time:00:01.11 | Mem:0.00M, Peak:0.00M | Scene, ViewLayer | Synchronizing object | Rear quarter glass division
Fra:1 Mem:291.01M (Peak 291.01M) | Time:00:01.11 | Mem:0.00M, Peak:0.00M | Scene, ViewLayer | Synchronizing object | Painted continuous A pillar and roof rail
Fra:1 Mem:291.22M (Peak 291.22M) | Time:00:01.11 | Mem:0.00M, Peak:0.00M | Scene, ViewLayer | Synchronizing object | Roof drip molding
Fra:1 Mem:291.40M (Peak 291.40M) | Time:00:01.11 | Mem:0.00M, Peak:0.00M | Scene, ViewLayer | Synchronizing object | Smooth continuous side glass
Fra:1 Mem:292.08M (Peak 292.08M) | Time:00:01.11 | Mem:0.00M, Peak:0.00M | Scene, ViewLayer | Synchronizing object | Window perimeter | satin black surround.001
Fra:1 Mem:299.87M (Peak 299.87M) | Time:00:01.11 | Mem:0.00M, Peak:0.00M | Scene, ViewLayer | Synchronizing object | Smooth continuous side glass.001
Fra:1 Mem:299.87M (Peak 299.87M) | Time:00:01.11 | Mem:0.00M, Peak:0.00M | Scene, ViewLayer | Synchronizing object | B pillar black trim.003
Fra:1 Mem:300.45M (Peak 300.45M) | Time:00:01.11 | Mem:0.00M, Peak:0.00M | Scene, ViewLayer | Synchronizing object | B pillar black trim.004
Fra:1 Mem:300.63M (Peak 300.63M) | Time:00:01.11 | Mem:0.00M, Peak:0.00M | Scene, ViewLayer | Synchronizing object | B pillar black trim.005
Fra:1 Mem:300.67M (Peak 300.67M) | Time:00:01.11 | Mem:0.00M, Peak:0.00M | Scene, ViewLayer | Synchronizing object | Rear quarter glass division.001
Fra:1 Mem:300.70M (Peak 300.70M) | Time:00:01.11 | Mem:0.00M, Peak:0.00M | Scene, ViewLayer | Synchronizing object | Painted continuous A pillar and roof rail.001
Fra:1 Mem:303.34M (Peak 303.34M) | Time:00:01.11 | Mem:0.00M, Peak:0.00M | Scene, ViewLayer | Synchronizing object | Roof drip molding.001
Fra:1 Mem:303.51M (Peak 303.51M) | Time:00:01.11 | Mem:0.00M, Peak:0.00M | Scene, ViewLayer | Synchronizing object | Hood precision shut line
Fra:1 Mem:306.07M (Peak 306.07M) | Time:00:01.11 | Mem:0.00M, Peak:0.00M | Scene, ViewLayer | Synchronizing object | Front door leading gap
Fra:1 Mem:306.13M (Peak 306.13M) | Time:00:01.11 | Mem:0.00M, Peak:0.00M | Scene, ViewLayer | Synchronizing object | B pillar door gap
Fra:1 Mem:306.20M (Peak 306.20M) | Time:00:01.11 | Mem:0.00M, Peak:0.00M | Scene, ViewLayer | Synchronizing object | Rear door trailing gap
Fra:1 Mem:306.26M (Peak 306.26M) | Time:00:01.11 | Mem:0.00M, Peak:0.00M | Scene, ViewLayer | Synchronizing object | Rocker sill
Fra:1 Mem:306.33M (Peak 306.33M) | Time:00:01.11 | Mem:0.00M, Peak:0.00M | Scene, ViewLayer | Synchronizing object | Rocker silver edge
Fra:1 Mem:306.40M (Peak 306.40M) | Time:00:01.11 | Mem:0.00M, Peak:0.00M | Scene, ViewLayer | Synchronizing object | Flush door handle recess
Fra:1 Mem:306.40M (Peak 306.40M) | Time:00:01.11 | Mem:0.00M, Peak:0.00M | Scene, ViewLayer | Synchronizing object | Handle finger undercut
Fra:1 Mem:306.47M (Peak 306.47M) | Time:00:01.11 | Mem:0.00M, Peak:0.00M | Scene, ViewLayer | Synchronizing object | Handle finger undercut.001
Fra:1 Mem:306.47M (Peak 306.47M) | Time:00:01.11 | Mem:0.00M, Peak:0.00M | Scene, ViewLayer | Synchronizing object | Charging door
Fra:1 Mem:306.52M (Peak 306.52M) | Time:00:01.11 | Mem:0.00M, Peak:0.00M | Scene, ViewLayer | Synchronizing object | Flush door handle | Aqua Blue
Fra:1 Mem:306.53M (Peak 306.53M) | Time:00:01.11 | Mem:0.00M, Peak:0.00M | Scene, ViewLayer | Synchronizing object | Fender blade polished edge
Fra:1 Mem:306.54M (Peak 306.54M) | Time:00:01.11 | Mem:0.00M, Peak:0.00M | Scene, ViewLayer | Synchronizing object | Mirror stalk
Fra:1 Mem:306.51M (Peak 306.54M) | Time:00:01.11 | Mem:0.00M, Peak:0.00M | Scene, ViewLayer | Synchronizing object | Flush door handle recess.001
Fra:1 Mem:306.58M (Peak 306.58M) | Time:00:01.11 | Mem:0.00M, Peak:0.00M | Scene, ViewLayer | Synchronizing object | Mirror LED indicator
Fra:1 Mem:306.66M (Peak 306.66M) | Time:00:01.11 | Mem:0.00M, Peak:0.00M | Scene, ViewLayer | Synchronizing object | Rolled painted wheel arch lip
Fra:1 Mem:306.70M (Peak 306.70M) | Time:00:01.11 | Mem:0.00M, Peak:0.00M | Scene, ViewLayer | Synchronizing object | Flush door handle | Aqua Blue.001
Fra:1 Mem:306.70M (Peak 306.70M) | Time:00:01.11 | Mem:0.00M, Peak:0.00M | Scene, ViewLayer | Synchronizing object | Wheelhouse dark reveal
Fra:1 Mem:306.74M (Peak 306.74M) | Time:00:01.11 | Mem:0.00M, Peak:0.00M | Scene, ViewLayer | Synchronizing object | Front fender black air blade
Fra:1 Mem:306.81M (Peak 306.81M) | Time:00:01.11 | Mem:0.00M, Peak:0.00M | Scene, ViewLayer | Synchronizing object | Side camera lens.001
Fra:1 Mem:306.89M (Peak 306.89M) | Time:00:01.11 | Mem:0.00M, Peak:0.00M | Scene, ViewLayer | Synchronizing object | Mirror black lower housing.001
Fra:1 Mem:306.95M (Peak 306.95M) | Time:00:01.12 | Mem:0.00M, Peak:0.00M | Scene, ViewLayer | Synchronizing object | Rolled painted wheel arch lip.001
Fra:1 Mem:307.03M (Peak 307.03M) | Time:00:01.12 | Mem:0.00M, Peak:0.00M | Scene, ViewLayer | Synchronizing object | Mirror painted upper cap.001
Fra:1 Mem:307.18M (Peak 307.18M) | Time:00:01.12 | Mem:0.00M, Peak:0.00M | Scene, ViewLayer | Synchronizing object | Mirror reflective glass.001
Fra:1 Mem:307.15M (Peak 307.18M) | Time:00:01.12 | Mem:0.00M, Peak:0.00M | Scene, ViewLayer | Synchronizing object | Wheelhouse dark reveal.001
Fra:1 Mem:307.30M (Peak 307.30M) | Time:00:01.12 | Mem:0.00M, Peak:0.00M | Scene, ViewLayer | Synchronizing object | Wheelhouse liner
Fra:1 Mem:307.32M (Peak 307.32M) | Time:00:01.12 | Mem:0.00M, Peak:0.00M | Scene, ViewLayer | Synchronizing object | Hood precision shut line.001
Fra:1 Mem:307.35M (Peak 307.35M) | Time:00:01.12 | Mem:0.00M, Peak:0.00M | Scene, ViewLayer | Synchronizing object | Wheelhouse liner.001
Fra:1 Mem:307.48M (Peak 307.48M) | Time:00:01.12 | Mem:0.00M, Peak:0.00M | Scene, ViewLayer | Synchronizing object | Front door leading gap.001
Fra:1 Mem:307.55M (Peak 307.55M) | Time:00:01.12 | Mem:0.00M, Peak:0.00M | Scene, ViewLayer | Synchronizing object | B pillar door gap.001
Fra:1 Mem:307.61M (Peak 307.61M) | Time:00:01.12 | Mem:0.00M, Peak:0.00M | Scene, ViewLayer | Synchronizing object | Rear door trailing gap.001
Fra:1 Mem:307.68M (Peak 307.68M) | Time:00:01.12 | Mem:0.00M, Peak:0.00M | Scene, ViewLayer | Synchronizing object | Rocker sill.001
Fra:1 Mem:307.74M (Peak 307.74M) | Time:00:01.12 | Mem:0.00M, Peak:0.00M | Scene, ViewLayer | Synchronizing object | Rocker silver edge.001
Fra:1 Mem:307.81M (Peak 307.81M) | Time:00:01.12 | Mem:0.00M, Peak:0.00M | Scene, ViewLayer | Synchronizing object | Flush door handle recess.002
Fra:1 Mem:307.81M (Peak 307.81M) | Time:00:01.12 | Mem:0.00M, Peak:0.00M | Scene, ViewLayer | Synchronizing object | Handle finger undercut.002
Fra:1 Mem:307.88M (Peak 307.88M) | Time:00:01.12 | Mem:0.00M, Peak:0.00M | Scene, ViewLayer | Synchronizing object | Handle finger undercut.003
Fra:1 Mem:307.90M (Peak 307.90M) | Time:00:01.12 | Mem:0.00M, Peak:0.00M | Scene, ViewLayer | Synchronizing object | Fender blade polished edge.001
Fra:1 Mem:307.92M (Peak 307.92M) | Time:00:01.12 | Mem:0.00M, Peak:0.00M | Scene, ViewLayer | Synchronizing object | Mirror stalk.001
Fra:1 Mem:307.87M (Peak 307.92M) | Time:00:01.12 | Mem:0.00M, Peak:0.00M | Scene, ViewLayer | Synchronizing object | Flush door handle recess.003
Fra:1 Mem:307.88M (Peak 307.92M) | Time:00:01.12 | Mem:0.00M, Peak:0.00M | Scene, ViewLayer | Synchronizing object | Mirror LED indicator.001
Fra:1 Mem:308.02M (Peak 308.02M) | Time:00:01.12 | Mem:0.00M, Peak:0.00M | Scene, ViewLayer | Synchronizing object | Rolled painted wheel arch lip.002
Fra:1 Mem:308.06M (Peak 308.06M) | Time:00:01.12 | Mem:0.00M, Peak:0.00M | Scene, ViewLayer | Synchronizing object | Wheelhouse dark reveal.002
Fra:1 Mem:308.08M (Peak 308.08M) | Time:00:01.12 | Mem:0.00M, Peak:0.00M | Scene, ViewLayer | Synchronizing object | Front fender black air blade.001
Fra:1 Mem:308.16M (Peak 308.16M) | Time:00:01.12 | Mem:0.00M, Peak:0.00M | Scene, ViewLayer | Synchronizing object | Flush door handle | Aqua Blue.003
Fra:1 Mem:308.18M (Peak 308.18M) | Time:00:01.12 | Mem:0.00M, Peak:0.00M | Scene, ViewLayer | Synchronizing object | Side camera lens
Fra:1 Mem:308.25M (Peak 308.25M) | Time:00:01.12 | Mem:0.00M, Peak:0.00M | Scene, ViewLayer | Synchronizing object | Rolled painted wheel arch lip.003
Fra:1 Mem:308.33M (Peak 308.33M) | Time:00:01.12 | Mem:0.00M, Peak:0.00M | Scene, ViewLayer | Synchronizing object | Mirror black lower housing
Fra:1 Mem:308.44M (Peak 308.44M) | Time:00:01.12 | Mem:0.00M, Peak:0.00M | Scene, ViewLayer | Synchronizing object | Wheelhouse dark reveal.003
Fra:1 Mem:308.46M (Peak 308.46M) | Time:00:01.12 | Mem:0.00M, Peak:0.00M | Scene, ViewLayer | Synchronizing object | Mirror reflective glass
Fra:1 Mem:308.67M (Peak 308.67M) | Time:00:01.12 | Mem:0.00M, Peak:0.00M | Scene, ViewLayer | Synchronizing object | Wheelhouse liner.002
Fra:1 Mem:308.69M (Peak 308.69M) | Time:00:01.12 | Mem:0.00M, Peak:0.00M | Scene, ViewLayer | Synchronizing object | Headlight rubber gasket
Fra:1 Mem:308.69M (Peak 308.69M) | Time:00:01.12 | Mem:0.00M, Peak:0.00M | Scene, ViewLayer | Synchronizing object | Waterdrop headlight | dark compound-curved optical housing
Fra:1 Mem:308.76M (Peak 308.76M) | Time:00:01.12 | Mem:0.00M, Peak:0.00M | Scene, ViewLayer | Synchronizing object | Headlight polished rim
Fra:1 Mem:308.87M (Peak 308.87M) | Time:00:01.12 | Mem:0.00M, Peak:0.00M | Scene, ViewLayer | Synchronizing object | Signature sweeping diagonal DRL
Fra:1 Mem:308.92M (Peak 308.92M) | Time:00:01.12 | Mem:0.00M, Peak:0.00M | Scene, ViewLayer | Synchronizing object | Lower segmented optical return
Fra:1 Mem:308.97M (Peak 308.97M) | Time:00:01.12 | Mem:0.00M, Peak:0.00M | Scene, ViewLayer | Synchronizing object | Upper arrow DRL accent
Fra:1 Mem:309.01M (Peak 309.01M) | Time:00:01.12 | Mem:0.00M, Peak:0.00M | Scene, ViewLayer | Synchronizing object | Rectangular LED projector surround
Fra:1 Mem:309.08M (Peak 309.08M) | Time:00:01.12 | Mem:0.00M, Peak:0.00M | Scene, ViewLayer | Synchronizing object | Deep projector optic
Fra:1 Mem:309.08M (Peak 309.08M) | Time:00:01.12 | Mem:0.00M, Peak:0.00M | Scene, ViewLayer | Synchronizing object | Corner intake rim
Fra:1 Mem:309.15M (Peak 309.15M) | Time:00:01.12 | Mem:0.00M, Peak:0.00M | Scene, ViewLayer | Synchronizing object | Air curtain inner fin
Fra:1 Mem:309.08M (Peak 309.15M) | Time:00:01.12 | Mem:0.00M, Peak:0.00M | Scene, ViewLayer | Synchronizing object | Rectangular LED projector surround.001
Fra:1 Mem:309.15M (Peak 309.15M) | Time:00:01.12 | Mem:0.00M, Peak:0.00M | Scene, ViewLayer | Synchronizing object | Headlight rubber gasket.001
Fra:1 Mem:309.21M (Peak 309.21M) | Time:00:01.12 | Mem:0.00M, Peak:0.00M | Scene, ViewLayer | Synchronizing object | Deep projector optic.001
Fra:1 Mem:309.23M (Peak 309.23M) | Time:00:01.12 | Mem:0.00M, Peak:0.00M | Scene, ViewLayer | Synchronizing object | Headlight polished rim.001
Fra:1 Mem:309.25M (Peak 309.25M) | Time:00:01.12 | Mem:0.00M, Peak:0.00M | Scene, ViewLayer | Synchronizing object | Signature sweeping diagonal DRL.001
Fra:1 Mem:309.30M (Peak 309.30M) | Time:00:01.12 | Mem:0.00M, Peak:0.00M | Scene, ViewLayer | Synchronizing object | Rectangular LED projector surround.002
Fra:1 Mem:309.36M (Peak 309.36M) | Time:00:01.12 | Mem:0.00M, Peak:0.00M | Scene, ViewLayer | Synchronizing object | Deep projector optic.002
Fra:1 Mem:309.36M (Peak 309.36M) | Time:00:01.12 | Mem:0.00M, Peak:0.00M | Scene, ViewLayer | Synchronizing object | Lower segmented optical return.001
Fra:1 Mem:309.39M (Peak 309.39M) | Time:00:01.12 | Mem:0.00M, Peak:0.00M | Scene, ViewLayer | Synchronizing object | Rectangular LED projector surround.003
Fra:1 Mem:309.47M (Peak 309.47M) | Time:00:01.12 | Mem:0.00M, Peak:0.00M | Scene, ViewLayer | Synchronizing object | Upper arrow DRL accent.001
Fra:1 Mem:309.52M (Peak 309.52M) | Time:00:01.12 | Mem:0.00M, Peak:0.00M | Scene, ViewLayer | Synchronizing object | Deep projector optic.003
Fra:1 Mem:309.60M (Peak 309.60M) | Time:00:01.12 | Mem:0.00M, Peak:0.00M | Scene, ViewLayer | Synchronizing object | Corner intake rim.001
Fra:1 Mem:309.58M (Peak 309.60M) | Time:00:01.12 | Mem:0.00M, Peak:0.00M | Scene, ViewLayer | Synchronizing object | Air curtain inner fin.001
Fra:1 Mem:309.57M (Peak 309.60M) | Time:00:01.12 | Mem:0.00M, Peak:0.00M | Scene, ViewLayer | Synchronizing object | Vertical corner air curtain
Fra:1 Mem:309.54M (Peak 309.60M) | Time:00:01.12 | Mem:0.00M, Peak:0.00M | Scene, ViewLayer | Synchronizing object | Waterdrop headlight | dark compound-curved optical housing.001
Fra:1 Mem:309.57M (Peak 309.60M) | Time:00:01.12 | Mem:0.00M, Peak:0.00M | Scene, ViewLayer | Synchronizing object | Satin front intake frame
Fra:1 Mem:309.68M (Peak 309.68M) | Time:00:01.12 | Mem:0.00M, Peak:0.00M | Scene, ViewLayer | Synchronizing object | Rectangular LED projector surround.004
Fra:1 Mem:309.69M (Peak 309.69M) | Time:00:01.12 | Mem:0.00M, Peak:0.00M | Scene, ViewLayer | Synchronizing object | Deep projector optic.004
Fra:1 Mem:309.84M (Peak 309.84M) | Time:00:01.12 | Mem:0.00M, Peak:0.00M | Scene, ViewLayer | Synchronizing object | Painted intake ring.001
Fra:1 Mem:309.87M (Peak 309.87M) | Time:00:01.12 | Mem:0.00M, Peak:0.00M | Scene, ViewLayer | Synchronizing object | Horizontal grille louver
Fra:1 Mem:309.86M (Peak 309.87M) | Time:00:01.12 | Mem:0.00M, Peak:0.00M | Scene, ViewLayer | Synchronizing object | Horizontal grille louver.001
Fra:1 Mem:309.83M (Peak 309.87M) | Time:00:01.12 | Mem:0.00M, Peak:0.00M | Scene, ViewLayer | Synchronizing object | Rectangular LED projector surround.005
Fra:1 Mem:309.85M (Peak 309.87M) | Time:00:01.12 | Mem:0.00M, Peak:0.00M | Scene, ViewLayer | Synchronizing object | Deep projector optic.005
Fra:1 Mem:309.87M (Peak 309.87M) | Time:00:01.12 | Mem:0.00M, Peak:0.00M | Scene, ViewLayer | Synchronizing object | Horizontal grille louver.002
Fra:1 Mem:310.02M (Peak 310.02M) | Time:00:01.12 | Mem:0.00M, Peak:0.00M | Scene, ViewLayer | Synchronizing object | Horizontal grille louver.003
Fra:1 Mem:310.07M (Peak 310.07M) | Time:00:01.12 | Mem:0.00M, Peak:0.00M | Scene, ViewLayer | Synchronizing object | Grille vertical reinforcement
Fra:1 Mem:310.03M (Peak 310.07M) | Time:00:01.12 | Mem:0.00M, Peak:0.00M | Scene, ViewLayer | Synchronizing object | Grille vertical reinforcement.001
Fra:1 Mem:310.00M (Peak 310.07M) | Time:00:01.12 | Mem:0.00M, Peak:0.00M | Scene, ViewLayer | Synchronizing object | Grille vertical reinforcement.002
Fra:1 Mem:310.02M (Peak 310.07M) | Time:00:01.12 | Mem:0.00M, Peak:0.00M | Scene, ViewLayer | Synchronizing object | Rectangular LED projector surround.006
Fra:1 Mem:310.01M (Peak 310.07M) | Time:00:01.12 | Mem:0.00M, Peak:0.00M | Scene, ViewLayer | Synchronizing object | Deep projector optic.006
Fra:1 Mem:310.08M (Peak 310.08M) | Time:00:01.12 | Mem:0.00M, Peak:0.00M | Scene, ViewLayer | Synchronizing object | Grille vertical reinforcement.004
Fra:1 Mem:310.14M (Peak 310.14M) | Time:00:01.12 | Mem:0.00M, Peak:0.00M | Scene, ViewLayer | Synchronizing object | Grille vertical reinforcement.005
Fra:1 Mem:310.13M (Peak 310.14M) | Time:00:01.12 | Mem:0.00M, Peak:0.00M | Scene, ViewLayer | Synchronizing object | Grille vertical reinforcement.006
Fra:1 Mem:310.10M (Peak 310.14M) | Time:00:01.12 | Mem:0.00M, Peak:0.00M | Scene, ViewLayer | Synchronizing object | Grille vertical reinforcement.007
Fra:1 Mem:310.08M (Peak 310.14M) | Time:00:01.12 | Mem:0.00M, Peak:0.00M | Scene, ViewLayer | Synchronizing object | Grille vertical reinforcement.008
Fra:1 Mem:310.06M (Peak 310.14M) | Time:00:01.12 | Mem:0.00M, Peak:0.00M | Scene, ViewLayer | Synchronizing object | Rectangular LED projector surround.007
Fra:1 Mem:310.07M (Peak 310.14M) | Time:00:01.12 | Mem:0.00M, Peak:0.00M | Scene, ViewLayer | Synchronizing object | Grille vertical reinforcement.009
Fra:1 Mem:310.13M (Peak 310.14M) | Time:00:01.12 | Mem:0.00M, Peak:0.00M | Scene, ViewLayer | Synchronizing object | Deep projector optic.007
Fra:1 Mem:310.15M (Peak 310.15M) | Time:00:01.12 | Mem:0.00M, Peak:0.00M | Scene, ViewLayer | Synchronizing object | Grille vertical reinforcement.010
Fra:1 Mem:310.17M (Peak 310.17M) | Time:00:01.12 | Mem:0.00M, Peak:0.00M | Scene, ViewLayer | Synchronizing object | Front splitter blade
Fra:1 Mem:310.19M (Peak 310.19M) | Time:00:01.12 | Mem:0.00M, Peak:0.00M | Scene, ViewLayer | Synchronizing object | Vertical corner air curtain.001
Fra:1 Mem:310.29M (Peak 310.29M) | Time:00:01.12 | Mem:0.00M, Peak:0.00M | Scene, ViewLayer | Synchronizing object | Wide trapezoidal front lower intake
Fra:1 Mem:310.34M (Peak 310.34M) | Time:00:01.12 | Mem:0.00M, Peak:0.00M | Scene, ViewLayer | Synchronizing object | Sculpted Aqua Blue intake side surround
Fra:1 Mem:310.34M (Peak 310.34M) | Time:00:01.12 | Mem:0.00M, Peak:0.00M | Scene, ViewLayer | Synchronizing object | Sculpted Aqua Blue intake side surround.001
Fra:1 Mem:310.36M (Peak 310.36M) | Time:00:01.12 | Mem:0.00M, Peak:0.00M | Scene, ViewLayer | Synchronizing object | Front plate lettering
Fra:1 Mem:310.41M (Peak 310.41M) | Time:00:01.12 | Mem:0.00M, Peak:0.00M | Scene, ViewLayer | Synchronizing object | Front license plate bracket
Fra:1 Mem:310.60M (Peak 310.60M) | Time:00:01.12 | Mem:0.00M, Peak:0.00M | Scene, ViewLayer | Synchronizing object | Front license plate
Fra:1 Mem:313.87M (Peak 313.87M) | Time:00:01.12 | Mem:0.00M, Peak:0.00M | Scene, ViewLayer | Synchronizing object | Ultrasonic parking sensor
Fra:1 Mem:313.89M (Peak 313.89M) | Time:00:01.12 | Mem:0.00M, Peak:0.00M | Scene, ViewLayer | Synchronizing object | License plate screw
Fra:1 Mem:313.89M (Peak 313.89M) | Time:00:01.12 | Mem:0.00M, Peak:0.00M | Scene, ViewLayer | Synchronizing object | Hood mi insignia
Fra:1 Mem:311.72M (Peak 313.89M) | Time:00:01.13 | Mem:0.00M, Peak:0.00M | Scene, ViewLayer | Synchronizing object | Ultrasonic parking sensor.001
Fra:1 Mem:311.70M (Peak 313.89M) | Time:00:01.13 | Mem:0.00M, Peak:0.00M | Scene, ViewLayer | Synchronizing object | License plate screw.001
Fra:1 Mem:314.23M (Peak 314.23M) | Time:00:01.13 | Mem:0.00M, Peak:0.00M | Scene, ViewLayer | Synchronizing object | Rear lamp outer seal
Fra:1 Mem:314.17M (Peak 314.23M) | Time:00:01.13 | Mem:0.00M, Peak:0.00M | Scene, ViewLayer | Synchronizing object | Xiaomi hood emblem
Fra:1 Mem:314.24M (Peak 314.24M) | Time:00:01.13 | Mem:0.00M, Peak:0.00M | Scene, ViewLayer | Synchronizing object | Front perception camera
Fra:1 Mem:314.28M (Peak 314.28M) | Time:00:01.13 | Mem:0.00M, Peak:0.00M | Scene, ViewLayer | Synchronizing object | Continuous halo rear LED
Fra:1 Mem:314.35M (Peak 314.35M) | Time:00:01.13 | Mem:0.00M, Peak:0.00M | Scene, ViewLayer | Synchronizing object | Full-width smoked rear lamp housing
Fra:1 Mem:314.39M (Peak 314.39M) | Time:00:01.13 | Mem:0.00M, Peak:0.00M | Scene, ViewLayer | Synchronizing object | Halo rear red optical bed
Fra:1 Mem:314.47M (Peak 314.47M) | Time:00:01.13 | Mem:0.00M, Peak:0.00M | Scene, ViewLayer | Synchronizing object | Lower full-width LED filament
Fra:1 Mem:312.30M (Peak 314.47M) | Time:00:01.13 | Mem:0.00M, Peak:0.00M | Scene, ViewLayer | Synchronizing object | Inner taillight return
Fra:1 Mem:312.31M (Peak 314.47M) | Time:00:01.13 | Mem:0.00M, Peak:0.00M | Scene, ViewLayer | Synchronizing object | Rear bumper side air outlet
Fra:1 Mem:312.34M (Peak 314.47M) | Time:00:01.13 | Mem:0.00M, Peak:0.00M | Scene, ViewLayer | Synchronizing object | Rear vent rim
Fra:1 Mem:312.37M (Peak 314.47M) | Time:00:01.13 | Mem:0.00M, Peak:0.00M | Scene, ViewLayer | Synchronizing object | Trunk panel shut line
Fra:1 Mem:312.44M (Peak 314.47M) | Time:00:01.13 | Mem:0.00M, Peak:0.00M | Scene, ViewLayer | Synchronizing object | Rear lower reflector
Fra:1 Mem:312.44M (Peak 314.47M) | Time:00:01.13 | Mem:0.00M, Peak:0.00M | Scene, ViewLayer | Synchronizing object | Inner taillight return.001
Fra:1 Mem:312.51M (Peak 314.47M) | Time:00:01.13 | Mem:0.00M, Peak:0.00M | Scene, ViewLayer | Synchronizing object | Rear vent rim.001
Fra:1 Mem:312.54M (Peak 314.47M) | Time:00:01.13 | Mem:0.00M, Peak:0.00M | Scene, ViewLayer | Synchronizing object | Trunk panel shut line.001
Fra:1 Mem:312.54M (Peak 314.47M) | Time:00:01.13 | Mem:0.00M, Peak:0.00M | Scene, ViewLayer | Synchronizing object | Rear bumper side air outlet.001
Fra:1 Mem:312.61M (Peak 314.47M) | Time:00:01.13 | Mem:0.00M, Peak:0.00M | Scene, ViewLayer | Synchronizing object | Rear lower reflector.001
Fra:1 Mem:312.61M (Peak 314.47M) | Time:00:01.13 | Mem:0.00M, Peak:0.00M | Scene, ViewLayer | Synchronizing object | Rear diffuser painted buttress
Fra:1 Mem:312.83M (Peak 314.47M) | Time:00:01.13 | Mem:0.00M, Peak:0.00M | Scene, ViewLayer | Synchronizing object | Rear diffuser painted buttress.001
Fra:1 Mem:312.85M (Peak 314.47M) | Time:00:01.13 | Mem:0.00M, Peak:0.00M | Scene, ViewLayer | Synchronizing object | Rear diffuser lower lip
Fra:1 Mem:312.96M (Peak 314.47M) | Time:00:01.13 | Mem:0.00M, Peak:0.00M | Scene, ViewLayer | Synchronizing object | Underfloor diffuser strake
Fra:1 Mem:312.98M (Peak 314.47M) | Time:00:01.13 | Mem:0.00M, Peak:0.00M | Scene, ViewLayer | Synchronizing object | Underfloor diffuser strake.002
Fra:1 Mem:313.04M (Peak 314.47M) | Time:00:01.13 | Mem:0.00M, Peak:0.00M | Scene, ViewLayer | Synchronizing object | Rear plate SU7
Fra:1 Mem:313.41M (Peak 314.47M) | Time:00:01.13 | Mem:0.00M, Peak:0.00M | Scene, ViewLayer | Synchronizing object | Underfloor diffuser strake.003
Fra:1 Mem:313.40M (Peak 314.47M) | Time:00:01.13 | Mem:0.00M, Peak:0.00M | Scene, ViewLayer | Synchronizing object | Underfloor diffuser strake.004
Fra:1 Mem:313.40M (Peak 314.47M) | Time:00:01.13 | Mem:0.00M, Peak:0.00M | Scene, ViewLayer | Synchronizing object | Rear plate bracket
Fra:1 Mem:313.53M (Peak 314.47M) | Time:00:01.13 | Mem:0.00M, Peak:0.00M | Scene, ViewLayer | Synchronizing object | Rear spaced Xiaomi lettering | x
Fra:1 Mem:313.50M (Peak 314.47M) | Time:00:01.13 | Mem:0.00M, Peak:0.00M | Scene, ViewLayer | Synchronizing object | Rear license plate
Fra:1 Mem:313.47M (Peak 314.47M) | Time:00:01.13 | Mem:0.00M, Peak:0.00M | Scene, ViewLayer | Synchronizing object | Rear spaced Xiaomi lettering | i
Fra:1 Mem:313.60M (Peak 314.47M) | Time:00:01.13 | Mem:0.00M, Peak:0.00M | Scene, ViewLayer | Synchronizing object | Rear spaced Xiaomi lettering | a
Fra:1 Mem:313.81M (Peak 314.47M) | Time:00:01.13 | Mem:0.00M, Peak:0.00M | Scene, ViewLayer | Synchronizing object | Rear spaced Xiaomi lettering | o
Fra:1 Mem:313.95M (Peak 314.47M) | Time:00:01.13 | Mem:0.00M, Peak:0.00M | Scene, ViewLayer | Synchronizing object | Rear spaced Xiaomi lettering | m
Fra:1 Mem:314.10M (Peak 314.47M) | Time:00:01.13 | Mem:0.00M, Peak:0.00M | Scene, ViewLayer | Synchronizing object | Rear spaced Xiaomi lettering | i.001
Fra:1 Mem:314.17M (Peak 314.47M) | Time:00:01.13 | Mem:0.00M, Peak:0.00M | Scene, ViewLayer | Synchronizing object | Rear model badge
Fra:1 Mem:314.46M (Peak 314.47M) | Time:00:01.13 | Mem:0.00M, Peak:0.00M | Scene, ViewLayer | Synchronizing object | Rear Max badge
Fra:1 Mem:314.74M (Peak 314.74M) | Time:00:01.13 | Mem:0.00M, Peak:0.00M | Scene, ViewLayer | Synchronizing object | Rear manufacturer badge
Fra:1 Mem:314.93M (Peak 314.93M) | Time:00:01.13 | Mem:0.00M, Peak:0.00M | Scene, ViewLayer | Synchronizing object | Integrated rear deck ducktail
Fra:1 Mem:315.07M (Peak 315.07M) | Time:00:01.13 | Mem:0.00M, Peak:0.00M | Scene, ViewLayer | Synchronizing object | Retractable spoiler shut line
Fra:1 Mem:315.15M (Peak 315.15M) | Time:00:01.13 | Mem:0.00M, Peak:0.00M | Scene, ViewLayer | Synchronizing object | Rear parking camera
Fra:1 Mem:315.22M (Peak 315.22M) | Time:00:01.13 | Mem:0.00M, Peak:0.00M | Scene, ViewLayer | Synchronizing object | Front left tire molded sidewall ring.001
Fra:1 Mem:315.45M (Peak 315.45M) | Time:00:01.13 | Mem:0.00M, Peak:0.00M | Scene, ViewLayer | Synchronizing object | Front left tire molded sidewall ring.002
Fra:1 Mem:315.45M (Peak 315.45M) | Time:00:01.13 | Mem:0.00M, Peak:0.00M | Scene, ViewLayer | Synchronizing object | Front left tire molded sidewall ring
Fra:1 Mem:315.45M (Peak 315.45M) | Time:00:01.13 | Mem:0.00M, Peak:0.00M | Scene, ViewLayer | Synchronizing object | Front left directional tread | 792 blocks
Fra:1 Mem:316.09M (Peak 316.09M) | Time:00:01.13 | Mem:0.00M, Peak:0.00M | Scene, ViewLayer | Synchronizing object | Front left cast rim barrel
Fra:1 Mem:316.27M (Peak 316.27M) | Time:00:01.13 | Mem:0.00M, Peak:0.00M | Scene, ViewLayer | Synchronizing object | Front left diamond-cut outer flange
Fra:1 Mem:316.28M (Peak 316.28M) | Time:00:01.13 | Mem:0.00M, Peak:0.00M | Scene, ViewLayer | Synchronizing object | Front left inner rim accent
Fra:1 Mem:316.47M (Peak 316.47M) | Time:00:01.13 | Mem:0.00M, Peak:0.00M | Scene, ViewLayer | Synchronizing object | Front left brake rotor
Fra:1 Mem:316.47M (Peak 316.47M) | Time:00:01.13 | Mem:0.00M, Peak:0.00M | Scene, ViewLayer | Synchronizing object | Front left rotor outer scoring
Fra:1 Mem:316.51M (Peak 316.51M) | Time:00:01.13 | Mem:0.00M, Peak:0.00M | Scene, ViewLayer | Synchronizing object | Front left drilled rotor perforation
Fra:1 Mem:316.68M (Peak 316.68M) | Time:00:01.13 | Mem:0.00M, Peak:0.00M | Scene, ViewLayer | Synchronizing object | Front left drilled rotor perforation.001
Fra:1 Mem:316.71M (Peak 316.71M) | Time:00:01.13 | Mem:0.00M, Peak:0.00M | Scene, ViewLayer | Synchronizing object | Front left drilled rotor perforation.002
Fra:1 Mem:316.67M (Peak 316.71M) | Time:00:01.13 | Mem:0.00M, Peak:0.00M | Scene, ViewLayer | Synchronizing object | Front left drilled rotor perforation.003
Fra:1 Mem:316.68M (Peak 316.71M) | Time:00:01.14 | Mem:0.00M, Peak:0.00M | Scene, ViewLayer | Synchronizing object | Front left caliper marking
Fra:1 Mem:316.83M (Peak 316.83M) | Time:00:01.14 | Mem:0.00M, Peak:0.00M | Scene, ViewLayer | Synchronizing object | Front left drilled rotor perforation.005
Fra:1 Mem:316.89M (Peak 316.89M) | Time:00:01.14 | Mem:0.00M, Peak:0.00M | Scene, ViewLayer | Synchronizing object | Front left drilled rotor perforation.006
Fra:1 Mem:317.15M (Peak 317.15M) | Time:00:01.14 | Mem:0.00M, Peak:0.00M | Scene, ViewLayer | Synchronizing object | Front left drilled rotor perforation.007
Fra:1 Mem:317.17M (Peak 317.17M) | Time:00:01.14 | Mem:0.00M, Peak:0.00M | Scene, ViewLayer | Synchronizing object | Front left drilled rotor perforation.008
Fra:1 Mem:317.42M (Peak 317.42M) | Time:00:01.14 | Mem:0.00M, Peak:0.00M | Scene, ViewLayer | Synchronizing object | Front left drilled rotor perforation.009
Fra:1 Mem:317.41M (Peak 317.42M) | Time:00:01.14 | Mem:0.00M, Peak:0.00M | Scene, ViewLayer | Synchronizing object | Front left drilled rotor perforation.010
Fra:1 Mem:317.42M (Peak 317.42M) | Time:00:01.14 | Mem:0.00M, Peak:0.00M | Scene, ViewLayer | Synchronizing object | Front left drilled rotor perforation.011
Fra:1 Mem:317.55M (Peak 317.55M) | Time:00:01.14 | Mem:0.00M, Peak:0.00M | Scene, ViewLayer | Synchronizing object | Front left drilled rotor perforation.012
Fra:1 Mem:317.49M (Peak 317.55M) | Time:00:01.14 | Mem:0.00M, Peak:0.00M | Scene, ViewLayer | Synchronizing object | Front left drilled rotor perforation.013
Fra:1 Mem:317.51M (Peak 317.55M) | Time:00:01.14 | Mem:0.00M, Peak:0.00M | Scene, ViewLayer | Synchronizing object | Front left drilled rotor perforation.014
Fra:1 Mem:317.54M (Peak 317.55M) | Time:00:01.14 | Mem:0.00M, Peak:0.00M | Scene, ViewLayer | Synchronizing object | Front left drilled rotor perforation.016
Fra:1 Mem:317.55M (Peak 317.55M) | Time:00:01.14 | Mem:0.00M, Peak:0.00M | Scene, ViewLayer | Synchronizing object | Front left drilled rotor perforation.017
Fra:1 Mem:317.63M (Peak 317.63M) | Time:00:01.14 | Mem:0.00M, Peak:0.00M | Scene, ViewLayer | Synchronizing object | Front left center mi logo
Fra:1 Mem:317.59M (Peak 317.63M) | Time:00:01.14 | Mem:0.00M, Peak:0.00M | Scene, ViewLayer | Synchronizing object | Front left drilled rotor perforation.019
Fra:1 Mem:317.65M (Peak 317.65M) | Time:00:01.14 | Mem:0.00M, Peak:0.00M | Scene, ViewLayer | Synchronizing object | Front left drilled rotor perforation.020
Fra:1 Mem:317.85M (Peak 317.85M) | Time:00:01.14 | Mem:0.00M, Peak:0.00M | Scene, ViewLayer | Synchronizing object | Front left drilled rotor perforation.021
Fra:1 Mem:317.86M (Peak 317.86M) | Time:00:01.14 | Mem:0.00M, Peak:0.00M | Scene, ViewLayer | Synchronizing object | Front left drilled rotor perforation.022
Fra:1 Mem:317.83M (Peak 317.86M) | Time:00:01.14 | Mem:0.00M, Peak:0.00M | Scene, ViewLayer | Synchronizing object | Front left drilled rotor perforation.023
Fra:1 Mem:317.91M (Peak 317.91M) | Time:00:01.14 | Mem:0.00M, Peak:0.00M | Scene, ViewLayer | Synchronizing object | Front left drilled rotor perforation.024
Fra:1 Mem:317.88M (Peak 317.91M) | Time:00:01.14 | Mem:0.00M, Peak:0.00M | Scene, ViewLayer | Synchronizing object | Front left drilled rotor perforation.025
Fra:1 Mem:317.90M (Peak 317.91M) | Time:00:01.14 | Mem:0.00M, Peak:0.00M | Scene, ViewLayer | Synchronizing object | Front left sidewall lettering
Fra:1 Mem:317.99M (Peak 317.99M) | Time:00:01.14 | Mem:0.00M, Peak:0.00M | Scene, ViewLayer | Synchronizing object | Front left sidewall lettering.001
Fra:1 Mem:317.97M (Peak 317.99M) | Time:00:01.14 | Mem:0.00M, Peak:0.00M | Scene, ViewLayer | Synchronizing object | Front left drilled rotor perforation.027
Fra:1 Mem:317.96M (Peak 317.99M) | Time:00:01.14 | Mem:0.00M, Peak:0.00M | Scene, ViewLayer | Synchronizing object | Front left drilled rotor perforation.028
Fra:1 Mem:317.97M (Peak 317.99M) | Time:00:01.14 | Mem:0.00M, Peak:0.00M | Scene, ViewLayer | Synchronizing object | Front left drilled rotor perforation.029
Fra:1 Mem:318.13M (Peak 318.13M) | Time:00:01.14 | Mem:0.00M, Peak:0.00M | Scene, ViewLayer | Synchronizing object | Front left drilled rotor perforation.030
Fra:1 Mem:318.12M (Peak 318.13M) | Time:00:01.14 | Mem:0.00M, Peak:0.00M | Scene, ViewLayer | Synchronizing object | Front left drilled rotor perforation.032
Fra:1 Mem:318.23M (Peak 318.23M) | Time:00:01.14 | Mem:0.00M, Peak:0.00M | Scene, ViewLayer | Synchronizing object | Front left sidewall lettering.003
Fra:1 Mem:318.20M (Peak 318.23M) | Time:00:01.14 | Mem:0.00M, Peak:0.00M | Scene, ViewLayer | Synchronizing object | Front left drilled rotor perforation.033
Fra:1 Mem:318.20M (Peak 318.23M) | Time:00:01.14 | Mem:0.00M, Peak:0.00M | Scene, ViewLayer | Synchronizing object | Front left drilled rotor perforation.034
Fra:1 Mem:318.20M (Peak 318.23M) | Time:00:01.14 | Mem:0.00M, Peak:0.00M | Scene, ViewLayer | Synchronizing object | Front left drilled rotor perforation.035
Fra:1 Mem:318.26M (Peak 318.26M) | Time:00:01.14 | Mem:0.00M, Peak:0.00M | Scene, ViewLayer | Synchronizing object | Front left sidewall lettering.005
Fra:1 Mem:318.26M (Peak 318.26M) | Time:00:01.14 | Mem:0.00M, Peak:0.00M | Scene, ViewLayer | Synchronizing object | Front left drilled rotor perforation.036
Fra:1 Mem:318.27M (Peak 318.27M) | Time:00:01.14 | Mem:0.00M, Peak:0.00M | Scene, ViewLayer | Synchronizing object | Front left sidewall lettering.006
Fra:1 Mem:318.30M (Peak 318.30M) | Time:00:01.14 | Mem:0.00M, Peak:0.00M | Scene, ViewLayer | Synchronizing object | Front left drilled rotor perforation.037
Fra:1 Mem:318.31M (Peak 318.31M) | Time:00:01.14 | Mem:0.00M, Peak:0.00M | Scene, ViewLayer | Synchronizing object | Front left sidewall lettering.007
Fra:1 Mem:318.32M (Peak 318.32M) | Time:00:01.14 | Mem:0.00M, Peak:0.00M | Scene, ViewLayer | Synchronizing object | Front left sidewall lettering.008
Fra:1 Mem:318.33M (Peak 318.33M) | Time:00:01.14 | Mem:0.00M, Peak:0.00M | Scene, ViewLayer | Synchronizing object | Front left drilled rotor perforation.038
Fra:1 Mem:318.36M (Peak 318.36M) | Time:00:01.14 | Mem:0.00M, Peak:0.00M | Scene, ViewLayer | Synchronizing object | Front left drilled rotor perforation.039
Fra:1 Mem:318.41M (Peak 318.41M) | Time:00:01.14 | Mem:0.00M, Peak:0.00M | Scene, ViewLayer | Synchronizing object | Front left drilled rotor perforation.040
Fra:1 Mem:318.45M (Peak 318.45M) | Time:00:01.14 | Mem:0.00M, Peak:0.00M | Scene, ViewLayer | Synchronizing object | Front left sidewall lettering.009
Fra:1 Mem:318.47M (Peak 318.47M) | Time:00:01.14 | Mem:0.00M, Peak:0.00M | Scene, ViewLayer | Synchronizing object | Front left sidewall lettering.010
Fra:1 Mem:318.46M (Peak 318.47M) | Time:00:01.14 | Mem:0.00M, Peak:0.00M | Scene, ViewLayer | Synchronizing object | Front left drilled rotor perforation.041
Fra:1 Mem:318.42M (Peak 318.47M) | Time:00:01.14 | Mem:0.00M, Peak:0.00M | Scene, ViewLayer | Synchronizing object | Front left sidewall lettering.011
Fra:1 Mem:318.50M (Peak 318.50M) | Time:00:01.14 | Mem:0.00M, Peak:0.00M | Scene, ViewLayer | Synchronizing object | Front left drilled rotor perforation.042
Fra:1 Mem:318.55M (Peak 318.55M) | Time:00:01.14 | Mem:0.00M, Peak:0.00M | Scene, ViewLayer | Synchronizing object | Front left drilled rotor perforation.043
Fra:1 Mem:318.61M (Peak 318.61M) | Time:00:01.14 | Mem:0.00M, Peak:0.00M | Scene, ViewLayer | Synchronizing object | Front left drilled rotor perforation.044
Fra:1 Mem:318.62M (Peak 318.62M) | Time:00:01.14 | Mem:0.00M, Peak:0.00M | Scene, ViewLayer | Synchronizing object | Front left sidewall lettering.012
Fra:1 Mem:318.61M (Peak 318.62M) | Time:00:01.14 | Mem:0.00M, Peak:0.00M | Scene, ViewLayer | Synchronizing object | Front left drilled rotor perforation.046
Fra:1 Mem:318.65M (Peak 318.65M) | Time:00:01.14 | Mem:0.00M, Peak:0.00M | Scene, ViewLayer | Synchronizing object | Front left sidewall lettering.013
Fra:1 Mem:318.66M (Peak 318.66M) | Time:00:01.14 | Mem:0.00M, Peak:0.00M | Scene, ViewLayer | Synchronizing object | Front left drilled rotor perforation.047
Fra:1 Mem:318.72M (Peak 318.72M) | Time:00:01.14 | Mem:0.00M, Peak:0.00M | Scene, ViewLayer | Synchronizing object | Front left sidewall lettering.014
Fra:1 Mem:318.70M (Peak 318.72M) | Time:00:01.14 | Mem:0.00M, Peak:0.00M | Scene, ViewLayer | Synchronizing object | Front left drilled rotor perforation.048
Fra:1 Mem:318.91M (Peak 318.91M) | Time:00:01.14 | Mem:0.00M, Peak:0.00M | Scene, ViewLayer | Synchronizing object | Front left drilled rotor perforation.049
Fra:1 Mem:318.86M (Peak 318.91M) | Time:00:01.14 | Mem:0.00M, Peak:0.00M | Scene, ViewLayer | Synchronizing object | Front left drilled rotor perforation.050
Fra:1 Mem:318.90M (Peak 318.91M) | Time:00:01.14 | Mem:0.00M, Peak:0.00M | Scene, ViewLayer | Synchronizing object | Front left drilled rotor perforation.051
Fra:1 Mem:318.89M (Peak 318.91M) | Time:00:01.14 | Mem:0.00M, Peak:0.00M | Scene, ViewLayer | Synchronizing object | Front left drilled rotor perforation.052
Fra:1 Mem:319.01M (Peak 319.01M) | Time:00:01.14 | Mem:0.00M, Peak:0.00M | Scene, ViewLayer | Synchronizing object | Front left drilled rotor perforation.053
Fra:1 Mem:318.98M (Peak 319.01M) | Time:00:01.14 | Mem:0.00M, Peak:0.00M | Scene, ViewLayer | Synchronizing object | Front left drilled rotor perforation.055
Fra:1 Mem:319.20M (Peak 319.20M) | Time:00:01.14 | Mem:0.00M, Peak:0.00M | Scene, ViewLayer | Synchronizing object | Front left drilled rotor perforation.056
Fra:1 Mem:319.21M (Peak 319.21M) | Time:00:01.14 | Mem:0.00M, Peak:0.00M | Scene, ViewLayer | Synchronizing object | Front left drilled rotor perforation.057
Fra:1 Mem:319.22M (Peak 319.22M) | Time:00:01.14 | Mem:0.00M, Peak:0.00M | Scene, ViewLayer | Synchronizing object | Front left drilled rotor perforation.058
Fra:1 Mem:319.22M (Peak 319.22M) | Time:00:01.14 | Mem:0.00M, Peak:0.00M | Scene, ViewLayer | Synchronizing object | Front left sidewall lettering.017
Fra:1 Mem:319.28M (Peak 319.28M) | Time:00:01.14 | Mem:0.00M, Peak:0.00M | Scene, ViewLayer | Synchronizing object | Front left drilled rotor perforation.059
Fra:1 Mem:319.35M (Peak 319.36M) | Time:00:01.14 | Mem:0.00M, Peak:0.00M | Scene, ViewLayer | Synchronizing object | Front left drilled rotor perforation.060
Fra:1 Mem:319.36M (Peak 319.36M) | Time:00:01.14 | Mem:0.00M, Peak:0.00M | Scene, ViewLayer | Synchronizing object | Front left drilled rotor perforation.061
Fra:1 Mem:319.43M (Peak 319.43M) | Time:00:01.14 | Mem:0.00M, Peak:0.00M | Scene, ViewLayer | Synchronizing object | Front left drilled rotor perforation.062
Fra:1 Mem:319.43M (Peak 319.43M) | Time:00:01.14 | Mem:0.00M, Peak:0.00M | Scene, ViewLayer | Synchronizing object | Front left sidewall lettering.018
Fra:1 Mem:319.43M (Peak 319.43M) | Time:00:01.14 | Mem:0.00M, Peak:0.00M | Scene, ViewLayer | Synchronizing object | Front left drilled rotor perforation.063
Fra:1 Mem:319.41M (Peak 319.43M) | Time:00:01.14 | Mem:0.00M, Peak:0.00M | Scene, ViewLayer | Synchronizing object | Front left drilled rotor perforation.064
Fra:1 Mem:319.42M (Peak 319.43M) | Time:00:01.14 | Mem:0.00M, Peak:0.00M | Scene, ViewLayer | Synchronizing object | Front left sidewall lettering.019
Fra:1 Mem:319.52M (Peak 319.52M) | Time:00:01.14 | Mem:0.00M, Peak:0.00M | Scene, ViewLayer | Synchronizing object | Front left sidewall lettering.020
Fra:1 Mem:319.48M (Peak 319.52M) | Time:00:01.14 | Mem:0.00M, Peak:0.00M | Scene, ViewLayer | Synchronizing object | Front left drilled rotor perforation.066
Fra:1 Mem:319.51M (Peak 319.52M) | Time:00:01.14 | Mem:0.00M, Peak:0.00M | Scene, ViewLayer | Synchronizing object | Front left sidewall lettering.021
Fra:1 Mem:319.54M (Peak 319.54M) | Time:00:01.14 | Mem:0.00M, Peak:0.00M | Scene, ViewLayer | Synchronizing object | Front left drilled rotor perforation.067
Fra:1 Mem:319.54M (Peak 319.54M) | Time:00:01.14 | Mem:0.00M, Peak:0.00M | Scene, ViewLayer | Synchronizing object | Front left drilled rotor perforation.068
Fra:1 Mem:319.53M (Peak 319.54M) | Time:00:01.14 | Mem:0.00M, Peak:0.00M | Scene, ViewLayer | Synchronizing object | Front left drilled rotor perforation.069
Fra:1 Mem:319.54M (Peak 319.54M) | Time:00:01.14 | Mem:0.00M, Peak:0.00M | Scene, ViewLayer | Synchronizing object | Front left drilled rotor perforation.070
Fra:1 Mem:319.58M (Peak 319.58M) | Time:00:01.14 | Mem:0.00M, Peak:0.00M | Scene, ViewLayer | Synchronizing object | Front left drilled rotor perforation.071
Fra:1 Mem:319.58M (Peak 319.58M) | Time:00:01.14 | Mem:0.00M, Peak:0.00M | Scene, ViewLayer | Synchronizing object | Front left brake disc bell
Fra:1 Mem:319.60M (Peak 319.60M) | Time:00:01.14 | Mem:0.00M, Peak:0.00M | Scene, ViewLayer | Synchronizing object | Front left yellow six-piston caliper
Fra:1 Mem:319.66M (Peak 319.66M) | Time:00:01.14 | Mem:0.00M, Peak:0.00M | Scene, ViewLayer | Synchronizing object | Front left machined split spoke
Fra:1 Mem:319.71M (Peak 319.71M) | Time:00:01.14 | Mem:0.00M, Peak:0.00M | Scene, ViewLayer | Synchronizing object | Front left black spoke pocket
Fra:1 Mem:319.68M (Peak 319.71M) | Time:00:01.14 | Mem:0.00M, Peak:0.00M | Scene, ViewLayer | Synchronizing object | Front left machined split spoke.001
Fra:1 Mem:319.82M (Peak 319.82M) | Time:00:01.14 | Mem:0.00M, Peak:0.00M | Scene, ViewLayer | Synchronizing object | Front right caliper marking
Fra:1 Mem:319.90M (Peak 319.90M) | Time:00:01.14 | Mem:0.00M, Peak:0.00M | Scene, ViewLayer | Synchronizing object | Front left black spoke pocket.001
Fra:1 Mem:319.87M (Peak 319.90M) | Time:00:01.14 | Mem:0.00M, Peak:0.00M | Scene, ViewLayer | Synchronizing object | Front left machined split spoke.002
Fra:1 Mem:320.36M (Peak 320.36M) | Time:00:01.14 | Mem:0.00M, Peak:0.00M | Scene, ViewLayer | Synchronizing object | Front left black spoke pocket.002
Fra:1 Mem:320.43M (Peak 320.43M) | Time:00:01.14 | Mem:0.00M, Peak:0.00M | Scene, ViewLayer | Synchronizing object | Front left machined split spoke.003
Fra:1 Mem:320.51M (Peak 320.51M) | Time:00:01.14 | Mem:0.00M, Peak:0.00M | Scene, ViewLayer | Synchronizing object | Front left black spoke pocket.003
Fra:1 Mem:320.52M (Peak 320.52M) | Time:00:01.14 | Mem:0.00M, Peak:0.00M | Scene, ViewLayer | Synchronizing object | Front left machined split spoke.004
Fra:1 Mem:320.71M (Peak 320.71M) | Time:00:01.14 | Mem:0.00M, Peak:0.00M | Scene, ViewLayer | Synchronizing object | Front left black spoke pocket.004
Fra:1 Mem:320.62M (Peak 320.71M) | Time:00:01.14 | Mem:0.00M, Peak:0.00M | Scene, ViewLayer | Synchronizing object | Front left machined split spoke.005
Fra:1 Mem:320.70M (Peak 320.71M) | Time:00:01.15 | Mem:0.00M, Peak:0.00M | Scene, ViewLayer | Synchronizing object | Front left black spoke pocket.005
Fra:1 Mem:320.61M (Peak 320.71M) | Time:00:01.15 | Mem:0.00M, Peak:0.00M | Scene, ViewLayer | Synchronizing object | Front left machined split spoke.006
Fra:1 Mem:320.72M (Peak 320.72M) | Time:00:01.15 | Mem:0.00M, Peak:0.00M | Scene, ViewLayer | Synchronizing object | Front right center mi logo
Fra:1 Mem:320.78M (Peak 320.78M) | Time:00:01.15 | Mem:0.00M, Peak:0.00M | Scene, ViewLayer | Synchronizing object | Front left black spoke pocket.006
Fra:1 Mem:321.00M (Peak 321.00M) | Time:00:01.15 | Mem:0.00M, Peak:0.00M | Scene, ViewLayer | Synchronizing object | Front left machined split spoke.007
Fra:1 Mem:320.94M (Peak 321.00M) | Time:00:01.15 | Mem:0.00M, Peak:0.00M | Scene, ViewLayer | Synchronizing object | Front left machined split spoke.008
Fra:1 Mem:321.05M (Peak 321.07M) | Time:00:01.15 | Mem:0.00M, Peak:0.00M | Scene, ViewLayer | Synchronizing object | Front right sidewall lettering
Fra:1 Mem:321.12M (Peak 321.12M) | Time:00:01.15 | Mem:0.00M, Peak:0.00M | Scene, ViewLayer | Synchronizing object | Front right sidewall lettering.001
Fra:1 Mem:321.13M (Peak 321.13M) | Time:00:01.15 | Mem:0.00M, Peak:0.00M | Scene, ViewLayer | Synchronizing object | Front right sidewall lettering.002
Fra:1 Mem:321.13M (Peak 321.13M) | Time:00:01.15 | Mem:0.00M, Peak:0.00M | Scene, ViewLayer | Synchronizing object | Front left black spoke pocket.008
Fra:1 Mem:321.08M (Peak 321.13M) | Time:00:01.15 | Mem:0.00M, Peak:0.00M | Scene, ViewLayer | Synchronizing object | Front left machined split spoke.009
Fra:1 Mem:321.28M (Peak 321.28M) | Time:00:01.15 | Mem:0.00M, Peak:0.00M | Scene, ViewLayer | Synchronizing object | Front left black spoke pocket.009
Fra:1 Mem:321.28M (Peak 321.28M) | Time:00:01.15 | Mem:0.00M, Peak:0.00M | Scene, ViewLayer | Synchronizing object | Front right sidewall lettering.003
Fra:1 Mem:321.26M (Peak 321.28M) | Time:00:01.15 | Mem:0.00M, Peak:0.00M | Scene, ViewLayer | Synchronizing object | Front left center hub
Fra:1 Mem:321.31M (Peak 321.31M) | Time:00:01.15 | Mem:0.00M, Peak:0.00M | Scene, ViewLayer | Synchronizing object | Front right sidewall lettering.004
Fra:1 Mem:321.32M (Peak 321.32M) | Time:00:01.15 | Mem:0.00M, Peak:0.00M | Scene, ViewLayer | Synchronizing object | Front left center cap ring
Fra:1 Mem:321.37M (Peak 321.37M) | Time:00:01.15 | Mem:0.00M, Peak:0.00M | Scene, ViewLayer | Synchronizing object | Front left titanium lug nut
Fra:1 Mem:321.47M (Peak 321.47M) | Time:00:01.15 | Mem:0.00M, Peak:0.00M | Scene, ViewLayer | Synchronizing object | Front right sidewall lettering.005
Fra:1 Mem:321.47M (Peak 321.47M) | Time:00:01.15 | Mem:0.00M, Peak:0.00M | Scene, ViewLayer | Synchronizing object | Front left titanium lug nut.001
Fra:1 Mem:321.55M (Peak 321.55M) | Time:00:01.15 | Mem:0.00M, Peak:0.00M | Scene, ViewLayer | Synchronizing object | Front right sidewall lettering.006
Fra:1 Mem:321.52M (Peak 321.55M) | Time:00:01.15 | Mem:0.00M, Peak:0.00M | Scene, ViewLayer | Synchronizing object | Front left titanium lug nut.002
Fra:1 Mem:321.45M (Peak 321.55M) | Time:00:01.15 | Mem:0.00M, Peak:0.00M | Scene, ViewLayer | Synchronizing object | Front left titanium lug nut.004
Fra:1 Mem:321.48M (Peak 321.55M) | Time:00:01.15 | Mem:0.00M, Peak:0.00M | Scene, ViewLayer | Synchronizing object | Front right sidewall lettering.007
Fra:1 Mem:321.54M (Peak 321.55M) | Time:00:01.15 | Mem:0.00M, Peak:0.00M | Scene, ViewLayer | Synchronizing object | Front left tire valve
Fra:1 Mem:321.52M (Peak 321.55M) | Time:00:01.15 | Mem:0.00M, Peak:0.00M | Scene, ViewLayer | Synchronizing object | Front right sidewall lettering.008
Fra:1 Mem:321.58M (Peak 321.58M) | Time:00:01.15 | Mem:0.00M, Peak:0.00M | Scene, ViewLayer | Synchronizing object | Front right tire molded sidewall ring.001
Fra:1 Mem:321.81M (Peak 321.81M) | Time:00:01.15 | Mem:0.00M, Peak:0.00M | Scene, ViewLayer | Synchronizing object | Front right tire molded sidewall ring.002
Fra:1 Mem:321.90M (Peak 321.90M) | Time:00:01.15 | Mem:0.00M, Peak:0.00M | Scene, ViewLayer | Synchronizing object | Front right sidewall lettering.009
Fra:1 Mem:321.91M (Peak 321.91M) | Time:00:01.15 | Mem:0.00M, Peak:0.00M | Scene, ViewLayer | Synchronizing object | Front right directional tread | 792 blocks
Fra:1 Mem:321.92M (Peak 321.92M) | Time:00:01.15 | Mem:0.00M, Peak:0.00M | Scene, ViewLayer | Synchronizing object | Front right sidewall lettering.010
Fra:1 Mem:322.04M (Peak 322.04M) | Time:00:01.15 | Mem:0.00M, Peak:0.00M | Scene, ViewLayer | Synchronizing object | Front right sidewall lettering.011
Fra:1 Mem:322.15M (Peak 322.15M) | Time:00:01.15 | Mem:0.00M, Peak:0.00M | Scene, ViewLayer | Synchronizing object | Front right diamond-cut outer flange
Fra:1 Mem:322.56M (Peak 322.56M) | Time:00:01.15 | Mem:0.00M, Peak:0.00M | Scene, ViewLayer | Synchronizing object | Front right inner rim accent
Fra:1 Mem:322.84M (Peak 322.84M) | Time:00:01.15 | Mem:0.00M, Peak:0.00M | Scene, ViewLayer | Synchronizing object | Front right brake rotor
Fra:1 Mem:323.00M (Peak 323.00M) | Time:00:01.15 | Mem:0.00M, Peak:0.00M | Scene, ViewLayer | Synchronizing object | Front right rotor outer scoring
Fra:1 Mem:323.05M (Peak 323.05M) | Time:00:01.15 | Mem:0.00M, Peak:0.00M | Scene, ViewLayer | Synchronizing object | Front right sidewall lettering.012
Fra:1 Mem:323.15M (Peak 323.15M) | Time:00:01.15 | Mem:0.00M, Peak:0.00M | Scene, ViewLayer | Synchronizing object | Front right sidewall lettering.013
Fra:1 Mem:323.11M (Peak 323.15M) | Time:00:01.15 | Mem:0.00M, Peak:0.00M | Scene, ViewLayer | Synchronizing object | Front right sidewall lettering.014
Fra:1 Mem:323.22M (Peak 323.22M) | Time:00:01.15 | Mem:0.00M, Peak:0.00M | Scene, ViewLayer | Synchronizing object | Front right drilled rotor perforation
Fra:1 Mem:323.36M (Peak 323.36M) | Time:00:01.15 | Mem:0.00M, Peak:0.00M | Scene, ViewLayer | Synchronizing object | Front right drilled rotor perforation.001
Fra:1 Mem:323.30M (Peak 323.36M) | Time:00:01.15 | Mem:0.00M, Peak:0.00M | Scene, ViewLayer | Synchronizing object | Front right drilled rotor perforation.002
Fra:1 Mem:323.32M (Peak 323.36M) | Time:00:01.15 | Mem:0.00M, Peak:0.00M | Scene, ViewLayer | Synchronizing object | Front right drilled rotor perforation.003
Fra:1 Mem:323.37M (Peak 323.37M) | Time:00:01.15 | Mem:0.00M, Peak:0.00M | Scene, ViewLayer | Synchronizing object | Front right sidewall lettering.015
Fra:1 Mem:323.44M (Peak 323.44M) | Time:00:01.15 | Mem:0.00M, Peak:0.00M | Scene, ViewLayer | Synchronizing object | Front right drilled rotor perforation.004
Fra:1 Mem:323.48M (Peak 323.48M) | Time:00:01.15 | Mem:0.00M, Peak:0.00M | Scene, ViewLayer | Synchronizing object | Front right drilled rotor perforation.005
Fra:1 Mem:323.46M (Peak 323.48M) | Time:00:01.15 | Mem:0.00M, Peak:0.00M | Scene, ViewLayer | Synchronizing object | Front right sidewall lettering.016
Fra:1 Mem:323.52M (Peak 323.52M) | Time:00:01.15 | Mem:0.00M, Peak:0.00M | Scene, ViewLayer | Synchronizing object | Front right drilled rotor perforation.006
Fra:1 Mem:323.61M (Peak 323.61M) | Time:00:01.15 | Mem:0.00M, Peak:0.00M | Scene, ViewLayer | Synchronizing object | Front right drilled rotor perforation.007
Fra:1 Mem:323.61M (Peak 323.61M) | Time:00:01.15 | Mem:0.00M, Peak:0.00M | Scene, ViewLayer | Synchronizing object | Front right drilled rotor perforation.008
Fra:1 Mem:323.66M (Peak 323.66M) | Time:00:01.15 | Mem:0.00M, Peak:0.00M | Scene, ViewLayer | Synchronizing object | Front right sidewall lettering.017
Fra:1 Mem:323.77M (Peak 323.77M) | Time:00:01.15 | Mem:0.00M, Peak:0.00M | Scene, ViewLayer | Synchronizing object | Front right drilled rotor perforation.009
Fra:1 Mem:323.76M (Peak 323.77M) | Time:00:01.15 | Mem:0.00M, Peak:0.00M | Scene, ViewLayer | Synchronizing object | Front right drilled rotor perforation.010
Fra:1 Mem:323.79M (Peak 323.79M) | Time:00:01.15 | Mem:0.00M, Peak:0.00M | Scene, ViewLayer | Synchronizing object | Front right drilled rotor perforation.011
Fra:1 Mem:323.85M (Peak 323.85M) | Time:00:01.15 | Mem:0.00M, Peak:0.00M | Scene, ViewLayer | Synchronizing object | Front right sidewall lettering.018
Fra:1 Mem:323.81M (Peak 323.85M) | Time:00:01.15 | Mem:0.00M, Peak:0.00M | Scene, ViewLayer | Synchronizing object | Front right drilled rotor perforation.012
Fra:1 Mem:323.88M (Peak 323.88M) | Time:00:01.15 | Mem:0.00M, Peak:0.00M | Scene, ViewLayer | Synchronizing object | Front right sidewall lettering.019
Fra:1 Mem:323.90M (Peak 323.90M) | Time:00:01.15 | Mem:0.00M, Peak:0.00M | Scene, ViewLayer | Synchronizing object | Front right sidewall lettering.020
Fra:1 Mem:323.84M (Peak 323.90M) | Time:00:01.15 | Mem:0.00M, Peak:0.00M | Scene, ViewLayer | Synchronizing object | Front right drilled rotor perforation.013
Fra:1 Mem:323.84M (Peak 323.90M) | Time:00:01.15 | Mem:0.00M, Peak:0.00M | Scene, ViewLayer | Synchronizing object | Front right drilled rotor perforation.015
Fra:1 Mem:323.94M (Peak 323.94M) | Time:00:01.15 | Mem:0.00M, Peak:0.00M | Scene, ViewLayer | Synchronizing object | Front right drilled rotor perforation.016
Fra:1 Mem:323.89M (Peak 323.94M) | Time:00:01.15 | Mem:0.00M, Peak:0.00M | Scene, ViewLayer | Synchronizing object | Front right drilled rotor perforation.018
Fra:1 Mem:323.95M (Peak 323.95M) | Time:00:01.15 | Mem:0.00M, Peak:0.00M | Scene, ViewLayer | Synchronizing object | Front right drilled rotor perforation.019
Fra:1 Mem:323.96M (Peak 323.96M) | Time:00:01.15 | Mem:0.00M, Peak:0.00M | Scene, ViewLayer | Synchronizing object | Front right drilled rotor perforation.020
Fra:1 Mem:324.01M (Peak 324.01M) | Time:00:01.15 | Mem:0.00M, Peak:0.00M | Scene, ViewLayer | Synchronizing object | Front right drilled rotor perforation.021
Fra:1 Mem:324.00M (Peak 324.01M) | Time:00:01.15 | Mem:0.00M, Peak:0.00M | Scene, ViewLayer | Synchronizing object | Front right drilled rotor perforation.022
Fra:1 Mem:324.01M (Peak 324.01M) | Time:00:01.15 | Mem:0.00M, Peak:0.00M | Scene, ViewLayer | Synchronizing object | Front right drilled rotor perforation.023
Fra:1 Mem:324.04M (Peak 324.03M) | Time:00:01.15 | Mem:0.00M, Peak:0.00M | Scene, ViewLayer | Synchronizing object | Rear left caliper marking
Fra:1 Mem:324.20M (Peak 324.20M) | Time:00:01.15 | Mem:0.00M, Peak:0.00M | Scene, ViewLayer | Synchronizing object | Front right drilled rotor perforation.025
Fra:1 Mem:324.23M (Peak 324.23M) | Time:00:01.15 | Mem:0.00M, Peak:0.00M | Scene, ViewLayer | Synchronizing object | Front right drilled rotor perforation.026
Fra:1 Mem:324.22M (Peak 324.23M) | Time:00:01.15 | Mem:0.00M, Peak:0.00M | Scene, ViewLayer | Synchronizing object | Front right drilled rotor perforation.027
Fra:1 Mem:324.53M (Peak 324.53M) | Time:00:01.15 | Mem:0.00M, Peak:0.00M | Scene, ViewLayer | Synchronizing object | Front right drilled rotor perforation.028
Fra:1 Mem:324.74M (Peak 324.74M) | Time:00:01.15 | Mem:0.00M, Peak:0.00M | Scene, ViewLayer | Synchronizing object | Front right drilled rotor perforation.029
Fra:1 Mem:324.76M (Peak 324.76M) | Time:00:01.15 | Mem:0.00M, Peak:0.00M | Scene, ViewLayer | Synchronizing object | Front right drilled rotor perforation.030
Fra:1 Mem:324.84M (Peak 324.84M) | Time:00:01.15 | Mem:0.00M, Peak:0.00M | Scene, ViewLayer | Synchronizing object | Front right drilled rotor perforation.031
Fra:1 Mem:324.78M (Peak 324.84M) | Time:00:01.15 | Mem:0.00M, Peak:0.00M | Scene, ViewLayer | Synchronizing object | Front right drilled rotor perforation.032
Fra:1 Mem:324.81M (Peak 324.84M) | Time:00:01.15 | Mem:0.00M, Peak:0.00M | Scene, ViewLayer | Synchronizing object | Front right drilled rotor perforation.033
Fra:1 Mem:324.84M (Peak 324.84M) | Time:00:01.15 | Mem:0.00M, Peak:0.00M | Scene, ViewLayer | Synchronizing object | Front right drilled rotor perforation.034
Fra:1 Mem:324.91M (Peak 324.91M) | Time:00:01.15 | Mem:0.00M, Peak:0.00M | Scene, ViewLayer | Synchronizing object | Front right drilled rotor perforation.035
Fra:1 Mem:324.91M (Peak 324.91M) | Time:00:01.15 | Mem:0.00M, Peak:0.00M | Scene, ViewLayer | Synchronizing object | Front right drilled rotor perforation.036
Fra:1 Mem:324.91M (Peak 324.91M) | Time:00:01.15 | Mem:0.00M, Peak:0.00M | Scene, ViewLayer | Synchronizing object | Front right drilled rotor perforation.037
Fra:1 Mem:324.95M (Peak 324.95M) | Time:00:01.15 | Mem:0.00M, Peak:0.00M | Scene, ViewLayer | Synchronizing object | Front right drilled rotor perforation.038
Fra:1 Mem:324.91M (Peak 324.95M) | Time:00:01.15 | Mem:0.00M, Peak:0.00M | Scene, ViewLayer | Synchronizing object | Front right drilled rotor perforation.039
Fra:1 Mem:324.95M (Peak 324.95M) | Time:00:01.15 | Mem:0.00M, Peak:0.00M | Scene, ViewLayer | Synchronizing object | Front right drilled rotor perforation.040
Fra:1 Mem:324.97M (Peak 324.97M) | Time:00:01.15 | Mem:0.00M, Peak:0.00M | Scene, ViewLayer | Synchronizing object | Front right drilled rotor perforation.041
Fra:1 Mem:324.97M (Peak 324.97M) | Time:00:01.15 | Mem:0.00M, Peak:0.00M | Scene, ViewLayer | Synchronizing object | Front right drilled rotor perforation.042
Fra:1 Mem:325.07M (Peak 325.07M) | Time:00:01.15 | Mem:0.00M, Peak:0.00M | Scene, ViewLayer | Synchronizing object | Rear left center mi logo
Fra:1 Mem:325.04M (Peak 325.07M) | Time:00:01.15 | Mem:0.00M, Peak:0.00M | Scene, ViewLayer | Synchronizing object | Front right drilled rotor perforation.043
Fra:1 Mem:325.06M (Peak 325.07M) | Time:00:01.15 | Mem:0.00M, Peak:0.00M | Scene, ViewLayer | Synchronizing object | Front right drilled rotor perforation.044
Fra:1 Mem:325.07M (Peak 325.07M) | Time:00:01.15 | Mem:0.00M, Peak:0.00M | Scene, ViewLayer | Synchronizing object | Front right drilled rotor perforation.045
Fra:1 Mem:325.26M (Peak 325.26M) | Time:00:01.15 | Mem:0.00M, Peak:0.00M | Scene, ViewLayer | Synchronizing object | Front right drilled rotor perforation.046
Fra:1 Mem:325.27M (Peak 325.27M) | Time:00:01.15 | Mem:0.00M, Peak:0.00M | Scene, ViewLayer | Synchronizing object | Front right drilled rotor perforation.047
Fra:1 Mem:325.26M (Peak 325.27M) | Time:00:01.15 | Mem:0.00M, Peak:0.00M | Scene, ViewLayer | Synchronizing object | Front right drilled rotor perforation.048
Fra:1 Mem:325.33M (Peak 325.33M) | Time:00:01.15 | Mem:0.00M, Peak:0.00M | Scene, ViewLayer | Synchronizing object | Front right drilled rotor perforation.049
Fra:1 Mem:325.31M (Peak 325.33M) | Time:00:01.15 | Mem:0.00M, Peak:0.00M | Scene, ViewLayer | Synchronizing object | Front right drilled rotor perforation.050
Fra:1 Mem:325.32M (Peak 325.33M) | Time:00:01.15 | Mem:0.00M, Peak:0.00M | Scene, ViewLayer | Synchronizing object | Front right drilled rotor perforation.051
Fra:1 Mem:325.39M (Peak 325.39M) | Time:00:01.15 | Mem:0.00M, Peak:0.00M | Scene, ViewLayer | Synchronizing object | Rear left sidewall lettering
Fra:1 Mem:325.34M (Peak 325.39M) | Time:00:01.15 | Mem:0.00M, Peak:0.00M | Scene, ViewLayer | Synchronizing object | Front right drilled rotor perforation.052
Fra:1 Mem:325.36M (Peak 325.39M) | Time:00:01.15 | Mem:0.00M, Peak:0.00M | Scene, ViewLayer | Synchronizing object | Front right drilled rotor perforation.053
Fra:1 Mem:325.44M (Peak 325.44M) | Time:00:01.15 | Mem:0.00M, Peak:0.00M | Scene, ViewLayer | Synchronizing object | Front right drilled rotor perforation.054
Fra:1 Mem:325.39M (Peak 325.44M) | Time:00:01.15 | Mem:0.00M, Peak:0.00M | Scene, ViewLayer | Synchronizing object | Rear left sidewall lettering.001
Fra:1 Mem:325.42M (Peak 325.44M) | Time:00:01.15 | Mem:0.00M, Peak:0.00M | Scene, ViewLayer | Synchronizing object | Front right drilled rotor perforation.055
Fra:1 Mem:325.41M (Peak 325.44M) | Time:00:01.15 | Mem:0.00M, Peak:0.00M | Scene, ViewLayer | Synchronizing object | Front right drilled rotor perforation.056
Fra:1 Mem:325.45M (Peak 325.45M) | Time:00:01.15 | Mem:0.00M, Peak:0.00M | Scene, ViewLayer | Synchronizing object | Rear left sidewall lettering.002
Fra:1 Mem:325.61M (Peak 325.61M) | Time:00:01.16 | Mem:0.00M, Peak:0.00M | Scene, ViewLayer | Synchronizing object | Front right drilled rotor perforation.057
Fra:1 Mem:325.60M (Peak 325.61M) | Time:00:01.16 | Mem:0.00M, Peak:0.00M | Scene, ViewLayer | Synchronizing object | Front right drilled rotor perforation.058
Fra:1 Mem:325.61M (Peak 325.61M) | Time:00:01.16 | Mem:0.00M, Peak:0.00M | Scene, ViewLayer | Synchronizing object | Rear left sidewall lettering.003
Fra:1 Mem:325.66M (Peak 325.66M) | Time:00:01.16 | Mem:0.00M, Peak:0.00M | Scene, ViewLayer | Synchronizing object | Rear left sidewall lettering.004
Fra:1 Mem:325.68M (Peak 325.68M) | Time:00:01.16 | Mem:0.00M, Peak:0.00M | Scene, ViewLayer | Synchronizing object | Rear left sidewall lettering.005
Fra:1 Mem:325.68M (Peak 325.68M) | Time:00:01.16 | Mem:0.00M, Peak:0.00M | Scene, ViewLayer | Synchronizing object | Front right drilled rotor perforation.059
Fra:1 Mem:325.67M (Peak 325.68M) | Time:00:01.16 | Mem:0.00M, Peak:0.00M | Scene, ViewLayer | Synchronizing object | Rear left sidewall lettering.006
Fra:1 Mem:325.68M (Peak 325.68M) | Time:00:01.16 | Mem:0.00M, Peak:0.00M | Scene, ViewLayer | Synchronizing object | Front right drilled rotor perforation.060
Fra:1 Mem:325.77M (Peak 325.77M) | Time:00:01.16 | Mem:0.00M, Peak:0.00M | Scene, ViewLayer | Synchronizing object | Rear left sidewall lettering.007
Fra:1 Mem:325.73M (Peak 325.77M) | Time:00:01.16 | Mem:0.00M, Peak:0.00M | Scene, ViewLayer | Synchronizing object | Front right drilled rotor perforation.061
Fra:1 Mem:325.74M (Peak 325.77M) | Time:00:01.16 | Mem:0.00M, Peak:0.00M | Scene, ViewLayer | Synchronizing object | Rear left sidewall lettering.008
Fra:1 Mem:325.74M (Peak 325.77M) | Time:00:01.16 | Mem:0.00M, Peak:0.00M | Scene, ViewLayer | Synchronizing object | Front right drilled rotor perforation.062
Fra:1 Mem:325.80M (Peak 325.80M) | Time:00:01.16 | Mem:0.00M, Peak:0.00M | Scene, ViewLayer | Synchronizing object | Front right drilled rotor perforation.063
Fra:1 Mem:325.83M (Peak 325.83M) | Time:00:01.16 | Mem:0.00M, Peak:0.00M | Scene, ViewLayer | Synchronizing object | Front right drilled rotor perforation.064
Fra:1 Mem:325.86M (Peak 325.86M) | Time:00:01.16 | Mem:0.00M, Peak:0.00M | Scene, ViewLayer | Synchronizing object | Rear left sidewall lettering.009
Fra:1 Mem:325.90M (Peak 325.90M) | Time:00:01.16 | Mem:0.00M, Peak:0.00M | Scene, ViewLayer | Synchronizing object | Rear left sidewall lettering.010
Fra:1 Mem:325.87M (Peak 325.90M) | Time:00:01.16 | Mem:0.00M, Peak:0.00M | Scene, ViewLayer | Synchronizing object | Rear left sidewall lettering.011
Fra:1 Mem:325.86M (Peak 325.90M) | Time:00:01.16 | Mem:0.00M, Peak:0.00M | Scene, ViewLayer | Synchronizing object | Front right drilled rotor perforation.065
Fra:1 Mem:325.97M (Peak 325.97M) | Time:00:01.16 | Mem:0.00M, Peak:0.00M | Scene, ViewLayer | Synchronizing object | Front right drilled rotor perforation.066
Fra:1 Mem:326.03M (Peak 326.03M) | Time:00:01.16 | Mem:0.00M, Peak:0.00M | Scene, ViewLayer | Synchronizing object | Rear left sidewall lettering.012
Fra:1 Mem:326.04M (Peak 326.04M) | Time:00:01.16 | Mem:0.00M, Peak:0.00M | Scene, ViewLayer | Synchronizing object | Rear left sidewall lettering.013
Fra:1 Mem:326.02M (Peak 326.04M) | Time:00:01.16 | Mem:0.00M, Peak:0.00M | Scene, ViewLayer | Synchronizing object | Front right drilled rotor perforation.067
Fra:1 Mem:326.01M (Peak 326.04M) | Time:00:01.16 | Mem:0.00M, Peak:0.00M | Scene, ViewLayer | Synchronizing object | Front right drilled rotor perforation.068
Fra:1 Mem:326.06M (Peak 326.06M) | Time:00:01.16 | Mem:0.00M, Peak:0.00M | Scene, ViewLayer | Synchronizing object | Front right drilled rotor perforation.069
Fra:1 Mem:326.23M (Peak 326.23M) | Time:00:01.16 | Mem:0.00M, Peak:0.00M | Scene, ViewLayer | Synchronizing object | Front right drilled rotor perforation.070
Fra:1 Mem:326.21M (Peak 326.23M) | Time:00:01.16 | Mem:0.00M, Peak:0.00M | Scene, ViewLayer | Synchronizing object | Front right drilled rotor perforation.071
Fra:1 Mem:326.29M (Peak 326.29M) | Time:00:01.16 | Mem:0.00M, Peak:0.00M | Scene, ViewLayer | Synchronizing object | Rear left sidewall lettering.015
Fra:1 Mem:326.26M (Peak 326.29M) | Time:00:01.16 | Mem:0.00M, Peak:0.00M | Scene, ViewLayer | Synchronizing object | Front right brake disc bell
Fra:1 Mem:326.26M (Peak 326.29M) | Time:00:01.16 | Mem:0.00M, Peak:0.00M | Scene, ViewLayer | Synchronizing object | Front right yellow six-piston caliper
Fra:1 Mem:326.46M (Peak 326.46M) | Time:00:01.16 | Mem:0.00M, Peak:0.00M | Scene, ViewLayer | Synchronizing object | Rear left sidewall lettering.016
Fra:1 Mem:326.47M (Peak 326.47M) | Time:00:01.16 | Mem:0.00M, Peak:0.00M | Scene, ViewLayer | Synchronizing object | Front right machined split spoke
Fra:1 Mem:326.68M (Peak 326.68M) | Time:00:01.16 | Mem:0.00M, Peak:0.00M | Scene, ViewLayer | Synchronizing object | Front right black spoke pocket
Fra:1 Mem:326.65M (Peak 326.68M) | Time:00:01.16 | Mem:0.00M, Peak:0.00M | Scene, ViewLayer | Synchronizing object | Rear left sidewall lettering.017
Fra:1 Mem:326.62M (Peak 326.68M) | Time:00:01.16 | Mem:0.00M, Peak:0.00M | Scene, ViewLayer | Synchronizing object | Front right machined split spoke.001
Fra:1 Mem:326.64M (Peak 326.68M) | Time:00:01.16 | Mem:0.00M, Peak:0.00M | Scene, ViewLayer | Synchronizing object | Front right black spoke pocket.001
Fra:1 Mem:326.82M (Peak 326.82M) | Time:00:01.16 | Mem:0.00M, Peak:0.00M | Scene, ViewLayer | Synchronizing object | Front right machined split spoke.002
Fra:1 Mem:326.80M (Peak 326.82M) | Time:00:01.16 | Mem:0.00M, Peak:0.00M | Scene, ViewLayer | Synchronizing object | Rear left sidewall lettering.018
Fra:1 Mem:326.81M (Peak 326.82M) | Time:00:01.16 | Mem:0.00M, Peak:0.00M | Scene, ViewLayer | Synchronizing object | Rear left sidewall lettering.019
Fra:1 Mem:326.83M (Peak 326.83M) | Time:00:01.16 | Mem:0.00M, Peak:0.00M | Scene, ViewLayer | Synchronizing object | Front right black spoke pocket.002
Fra:1 Mem:326.82M (Peak 326.83M) | Time:00:01.16 | Mem:0.00M, Peak:0.00M | Scene, ViewLayer | Synchronizing object | Rear left sidewall lettering.020
Fra:1 Mem:326.85M (Peak 326.85M) | Time:00:01.16 | Mem:0.00M, Peak:0.00M | Scene, ViewLayer | Synchronizing object | Front right machined split spoke.003
Fra:1 Mem:326.98M (Peak 326.98M) | Time:00:01.16 | Mem:0.00M, Peak:0.00M | Scene, ViewLayer | Synchronizing object | Rear left sidewall lettering.021
Fra:1 Mem:326.91M (Peak 326.98M) | Time:00:01.16 | Mem:0.00M, Peak:0.00M | Scene, ViewLayer | Synchronizing object | Front right black spoke pocket.003
Fra:1 Mem:326.92M (Peak 326.98M) | Time:00:01.16 | Mem:0.00M, Peak:0.00M | Scene, ViewLayer | Synchronizing object | Front right machined split spoke.004
Fra:1 Mem:327.01M (Peak 327.01M) | Time:00:01.16 | Mem:0.00M, Peak:0.00M | Scene, ViewLayer | Synchronizing object | Front right black spoke pocket.004
Fra:1 Mem:326.98M (Peak 327.01M) | Time:00:01.16 | Mem:0.00M, Peak:0.00M | Scene, ViewLayer | Synchronizing object | Front right machined split spoke.005
Fra:1 Mem:327.04M (Peak 327.04M) | Time:00:01.16 | Mem:0.00M, Peak:0.00M | Scene, ViewLayer | Synchronizing object | Front right black spoke pocket.005
Fra:1 Mem:327.06M (Peak 327.06M) | Time:00:01.16 | Mem:0.00M, Peak:0.00M | Scene, ViewLayer | Synchronizing object | Front right machined split spoke.006
Fra:1 Mem:327.09M (Peak 327.09M) | Time:00:01.16 | Mem:0.00M, Peak:0.00M | Scene, ViewLayer | Synchronizing object | Front right black spoke pocket.006
Fra:1 Mem:327.11M (Peak 327.11M) | Time:00:01.16 | Mem:0.00M, Peak:0.00M | Scene, ViewLayer | Synchronizing object | Front right machined split spoke.007
Fra:1 Mem:327.14M (Peak 327.14M) | Time:00:01.16 | Mem:0.00M, Peak:0.00M | Scene, ViewLayer | Synchronizing object | Rear right caliper marking
Fra:1 Mem:327.33M (Peak 327.33M) | Time:00:01.16 | Mem:0.00M, Peak:0.00M | Scene, ViewLayer | Synchronizing object | Front right black spoke pocket.007
Fra:1 Mem:327.29M (Peak 327.33M) | Time:00:01.16 | Mem:0.00M, Peak:0.00M | Scene, ViewLayer | Synchronizing object | Front right machined split spoke.008
Fra:1 Mem:327.75M (Peak 327.75M) | Time:00:01.16 | Mem:0.00M, Peak:0.00M | Scene, ViewLayer | Synchronizing object | Front right black spoke pocket.008
Fra:1 Mem:327.73M (Peak 327.75M) | Time:00:01.16 | Mem:0.00M, Peak:0.00M | Scene, ViewLayer | Synchronizing object | Front right machined split spoke.009
Fra:1 Mem:327.93M (Peak 327.93M) | Time:00:01.16 | Mem:0.00M, Peak:0.00M | Scene, ViewLayer | Synchronizing object | Front right black spoke pocket.009
Fra:1 Mem:327.95M (Peak 327.95M) | Time:00:01.16 | Mem:0.00M, Peak:0.00M | Scene, ViewLayer | Synchronizing object | Front right center hub
Fra:1 Mem:327.99M (Peak 327.99M) | Time:00:01.16 | Mem:0.00M, Peak:0.00M | Scene, ViewLayer | Synchronizing object | Front right center cap ring
Fra:1 Mem:328.02M (Peak 328.02M) | Time:00:01.16 | Mem:0.00M, Peak:0.00M | Scene, ViewLayer | Synchronizing object | Front right titanium lug nut
Fra:1 Mem:328.31M (Peak 328.31M) | Time:00:01.16 | Mem:0.00M, Peak:0.00M | Scene, ViewLayer | Synchronizing object | Front right titanium lug nut.001
Fra:1 Mem:328.10M (Peak 328.31M) | Time:00:01.16 | Mem:0.00M, Peak:0.00M | Scene, ViewLayer | Synchronizing object | Front right titanium lug nut.002
Fra:1 Mem:328.10M (Peak 328.31M) | Time:00:01.16 | Mem:0.00M, Peak:0.00M | Scene, ViewLayer | Synchronizing object | Front right titanium lug nut.003
Fra:1 Mem:328.11M (Peak 328.31M) | Time:00:01.16 | Mem:0.00M, Peak:0.00M | Scene, ViewLayer | Synchronizing object | Rear right center mi logo
Fra:1 Mem:328.18M (Peak 328.31M) | Time:00:01.16 | Mem:0.00M, Peak:0.00M | Scene, ViewLayer | Synchronizing object | Front right titanium lug nut.004
Fra:1 Mem:328.27M (Peak 328.31M) | Time:00:01.16 | Mem:0.00M, Peak:0.00M | Scene, ViewLayer | Synchronizing object | Front right tire valve
Fra:1 Mem:328.35M (Peak 328.35M) | Time:00:01.16 | Mem:0.00M, Peak:0.00M | Scene, ViewLayer | Synchronizing object | Rear left | tire carcass
Fra:1 Mem:328.48M (Peak 328.48M) | Time:00:01.16 | Mem:0.00M, Peak:0.00M | Scene, ViewLayer | Synchronizing object | Rear left tire molded sidewall ring.001
Fra:1 Mem:328.49M (Peak 328.49M) | Time:00:01.16 | Mem:0.00M, Peak:0.00M | Scene, ViewLayer | Synchronizing object | Rear right sidewall lettering
Fra:1 Mem:328.63M (Peak 328.63M) | Time:00:01.16 | Mem:0.00M, Peak:0.00M | Scene, ViewLayer | Synchronizing object | Rear left tire molded sidewall ring
Fra:1 Mem:328.69M (Peak 328.69M) | Time:00:01.16 | Mem:0.00M, Peak:0.00M | Scene, ViewLayer | Synchronizing object | Rear right sidewall lettering.001
Fra:1 Mem:328.72M (Peak 328.72M) | Time:00:01.16 | Mem:0.00M, Peak:0.00M | Scene, ViewLayer | Synchronizing object | Rear left directional tread | 792 blocks
Fra:1 Mem:328.80M (Peak 328.80M) | Time:00:01.16 | Mem:0.00M, Peak:0.00M | Scene, ViewLayer | Synchronizing object | Rear right sidewall lettering.002
Fra:1 Mem:329.28M (Peak 329.28M) | Time:00:01.16 | Mem:0.00M, Peak:0.00M | Scene, ViewLayer | Synchronizing object | Rear left diamond-cut outer flange
Fra:1 Mem:329.31M (Peak 329.31M) | Time:00:01.16 | Mem:0.00M, Peak:0.00M | Scene, ViewLayer | Synchronizing object | Rear left inner rim accent
Fra:1 Mem:329.75M (Peak 329.75M) | Time:00:01.16 | Mem:0.00M, Peak:0.00M | Scene, ViewLayer | Synchronizing object | Rear left brake rotor
Fra:1 Mem:329.75M (Peak 329.75M) | Time:00:01.16 | Mem:0.00M, Peak:0.00M | Scene, ViewLayer | Synchronizing object | Rear right sidewall lettering.003
Fra:1 Mem:329.78M (Peak 329.78M) | Time:00:01.16 | Mem:0.00M, Peak:0.00M | Scene, ViewLayer | Synchronizing object | Rear left rotor outer scoring
Fra:1 Mem:329.87M (Peak 329.87M) | Time:00:01.16 | Mem:0.00M, Peak:0.00M | Scene, ViewLayer | Synchronizing object | Rear right sidewall lettering.004
Fra:1 Mem:329.95M (Peak 329.95M) | Time:00:01.16 | Mem:0.00M, Peak:0.00M | Scene, ViewLayer | Synchronizing object | Rear right sidewall lettering.005
Fra:1 Mem:330.12M (Peak 330.12M) | Time:00:01.16 | Mem:0.00M, Peak:0.00M | Scene, ViewLayer | Synchronizing object | Rear right sidewall lettering.006
Fra:1 Mem:329.95M (Peak 330.12M) | Time:00:01.16 | Mem:0.00M, Peak:0.00M | Scene, ViewLayer | Synchronizing object | Rear left drilled rotor perforation
Fra:1 Mem:329.99M (Peak 330.12M) | Time:00:01.16 | Mem:0.00M, Peak:0.00M | Scene, ViewLayer | Synchronizing object | Rear right sidewall lettering.007
Fra:1 Mem:330.01M (Peak 330.12M) | Time:00:01.16 | Mem:0.00M, Peak:0.00M | Scene, ViewLayer | Synchronizing object | Rear left drilled rotor perforation.001
Fra:1 Mem:329.99M (Peak 330.12M) | Time:00:01.16 | Mem:0.00M, Peak:0.00M | Scene, ViewLayer | Synchronizing object | Rear left drilled rotor perforation.002
Fra:1 Mem:330.00M (Peak 330.12M) | Time:00:01.16 | Mem:0.00M, Peak:0.00M | Scene, ViewLayer | Synchronizing object | Rear right sidewall lettering.008
Fra:1 Mem:330.10M (Peak 330.12M) | Time:00:01.16 | Mem:0.00M, Peak:0.00M | Scene, ViewLayer | Synchronizing object | Rear right sidewall lettering.009
Fra:1 Mem:330.08M (Peak 330.12M) | Time:00:01.16 | Mem:0.00M, Peak:0.00M | Scene, ViewLayer | Synchronizing object | Rear left drilled rotor perforation.003
Fra:1 Mem:330.08M (Peak 330.12M) | Time:00:01.16 | Mem:0.00M, Peak:0.00M | Scene, ViewLayer | Synchronizing object | Rear left drilled rotor perforation.004
Fra:1 Mem:330.09M (Peak 330.12M) | Time:00:01.16 | Mem:0.00M, Peak:0.00M | Scene, ViewLayer | Synchronizing object | Rear left drilled rotor perforation.005
Fra:1 Mem:330.16M (Peak 330.16M) | Time:00:01.16 | Mem:0.00M, Peak:0.00M | Scene, ViewLayer | Synchronizing object | Rear right sidewall lettering.011
Fra:1 Mem:330.27M (Peak 330.27M) | Time:00:01.16 | Mem:0.00M, Peak:0.00M | Scene, ViewLayer | Synchronizing object | Rear left drilled rotor perforation.006
Fra:1 Mem:330.28M (Peak 330.28M) | Time:00:01.17 | Mem:0.00M, Peak:0.00M | Scene, ViewLayer | Synchronizing object | Rear left drilled rotor perforation.007
Fra:1 Mem:330.30M (Peak 330.30M) | Time:00:01.17 | Mem:0.00M, Peak:0.00M | Scene, ViewLayer | Synchronizing object | Rear left drilled rotor perforation.008
Fra:1 Mem:330.32M (Peak 330.32M) | Time:00:01.17 | Mem:0.00M, Peak:0.00M | Scene, ViewLayer | Synchronizing object | Rear right sidewall lettering.012
Fra:1 Mem:330.40M (Peak 330.40M) | Time:00:01.17 | Mem:0.00M, Peak:0.00M | Scene, ViewLayer | Synchronizing object | Rear right sidewall lettering.013
Fra:1 Mem:330.36M (Peak 330.40M) | Time:00:01.17 | Mem:0.00M, Peak:0.00M | Scene, ViewLayer | Synchronizing object | Rear left drilled rotor perforation.009
Fra:1 Mem:330.34M (Peak 330.40M) | Time:00:01.17 | Mem:0.00M, Peak:0.00M | Scene, ViewLayer | Synchronizing object | Rear left drilled rotor perforation.010
Fra:1 Mem:330.52M (Peak 330.52M) | Time:00:01.17 | Mem:0.00M, Peak:0.00M | Scene, ViewLayer | Synchronizing object | Rear left drilled rotor perforation.011
Fra:1 Mem:330.56M (Peak 330.56M) | Time:00:01.17 | Mem:0.00M, Peak:0.00M | Scene, ViewLayer | Synchronizing object | Rear left drilled rotor perforation.012
Fra:1 Mem:330.56M (Peak 330.56M) | Time:00:01.17 | Mem:0.00M, Peak:0.00M | Scene, ViewLayer | Synchronizing object | Rear left drilled rotor perforation.013
Fra:1 Mem:330.63M (Peak 330.63M) | Time:00:01.17 | Mem:0.00M, Peak:0.00M | Scene, ViewLayer | Synchronizing object | Rear right sidewall lettering.015
Fra:1 Mem:330.71M (Peak 330.71M) | Time:00:01.17 | Mem:0.00M, Peak:0.00M | Scene, ViewLayer | Synchronizing object | Rear left drilled rotor perforation.014
Fra:1 Mem:330.68M (Peak 330.71M) | Time:00:01.17 | Mem:0.00M, Peak:0.00M | Scene, ViewLayer | Synchronizing object | Rear left drilled rotor perforation.015
Fra:1 Mem:330.69M (Peak 330.71M) | Time:00:01.17 | Mem:0.00M, Peak:0.00M | Scene, ViewLayer | Synchronizing object | Rear left drilled rotor perforation.016
Fra:1 Mem:330.72M (Peak 330.72M) | Time:00:01.17 | Mem:0.00M, Peak:0.00M | Scene, ViewLayer | Synchronizing object | Rear left drilled rotor perforation.017
Fra:1 Mem:330.85M (Peak 330.85M) | Time:00:01.17 | Mem:0.00M, Peak:0.00M | Scene, ViewLayer | Synchronizing object | Rear left drilled rotor perforation.018
Fra:1 Mem:330.83M (Peak 330.85M) | Time:00:01.17 | Mem:0.00M, Peak:0.00M | Scene, ViewLayer | Synchronizing object | Rear left drilled rotor perforation.019
Fra:1 Mem:330.92M (Peak 330.92M) | Time:00:01.17 | Mem:0.00M, Peak:0.00M | Scene, ViewLayer | Synchronizing object | Rear right sidewall lettering.017
Fra:1 Mem:330.86M (Peak 330.92M) | Time:00:01.17 | Mem:0.00M, Peak:0.00M | Scene, ViewLayer | Synchronizing object | Rear left drilled rotor perforation.021
Fra:1 Mem:330.88M (Peak 330.92M) | Time:00:01.17 | Mem:0.00M, Peak:0.00M | Scene, ViewLayer | Synchronizing object | Rear left drilled rotor perforation.022
Fra:1 Mem:331.08M (Peak 331.08M) | Time:00:01.17 | Mem:0.00M, Peak:0.00M | Scene, ViewLayer | Synchronizing object | Rear left drilled rotor perforation.023
Fra:1 Mem:331.04M (Peak 331.08M) | Time:00:01.17 | Mem:0.00M, Peak:0.00M | Scene, ViewLayer | Synchronizing object | Rear left drilled rotor perforation.025
Fra:1 Mem:331.13M (Peak 331.13M) | Time:00:01.17 | Mem:0.00M, Peak:0.00M | Scene, ViewLayer | Synchronizing object | Rear right sidewall lettering.019
Fra:1 Mem:331.10M (Peak 331.13M) | Time:00:01.17 | Mem:0.00M, Peak:0.00M | Scene, ViewLayer | Synchronizing object | Rear left drilled rotor perforation.026
Fra:1 Mem:331.12M (Peak 331.13M) | Time:00:01.17 | Mem:0.00M, Peak:0.00M | Scene, ViewLayer | Synchronizing object | Rear left drilled rotor perforation.027
Fra:1 Mem:331.15M (Peak 331.15M) | Time:00:01.17 | Mem:0.00M, Peak:0.00M | Scene, ViewLayer | Synchronizing object | Rear left drilled rotor perforation.028
Fra:1 Mem:331.17M (Peak 331.17M) | Time:00:01.17 | Mem:0.00M, Peak:0.00M | Scene, ViewLayer | Synchronizing object | Rear right sidewall lettering.021
Fra:1 Mem:331.17M (Peak 331.17M) | Time:00:01.17 | Mem:0.00M, Peak:0.00M | Scene, ViewLayer | Synchronizing object | Rear left drilled rotor perforation.029
Fra:1 Mem:331.17M (Peak 331.17M) | Time:00:01.17 | Mem:0.00M, Peak:0.00M | Scene, ViewLayer | Synchronizing object | Rear left drilled rotor perforation.030
Fra:1 Mem:331.23M (Peak 331.23M) | Time:00:01.17 | Mem:0.00M, Peak:0.00M | Scene, ViewLayer | Synchronizing object | Rear left drilled rotor perforation.031
Fra:1 Mem:331.22M (Peak 331.23M) | Time:00:01.17 | Mem:0.00M, Peak:0.00M | Scene, ViewLayer | Synchronizing object | Seat piping
Fra:1 Mem:331.21M (Peak 331.23M) | Time:00:01.17 | Mem:0.00M, Peak:0.00M | Scene, ViewLayer | Synchronizing object | Rear left drilled rotor perforation.033
Fra:1 Mem:331.23M (Peak 331.23M) | Time:00:01.17 | Mem:0.00M, Peak:0.00M | Scene, ViewLayer | Synchronizing object | Rear left drilled rotor perforation.034
Fra:1 Mem:331.26M (Peak 331.26M) | Time:00:01.17 | Mem:0.00M, Peak:0.00M | Scene, ViewLayer | Synchronizing object | Rear left drilled rotor perforation.035
Fra:1 Mem:331.25M (Peak 331.26M) | Time:00:01.17 | Mem:0.00M, Peak:0.00M | Scene, ViewLayer | Synchronizing object | Seat piping.002
Fra:1 Mem:331.33M (Peak 331.33M) | Time:00:01.17 | Mem:0.00M, Peak:0.00M | Scene, ViewLayer | Synchronizing object | Seat piping.003
Fra:1 Mem:331.33M (Peak 331.33M) | Time:00:01.17 | Mem:0.00M, Peak:0.00M | Scene, ViewLayer | Synchronizing object | Seat piping.004
Fra:1 Mem:331.31M (Peak 331.33M) | Time:00:01.17 | Mem:0.00M, Peak:0.00M | Scene, ViewLayer | Synchronizing object | Rear left drilled rotor perforation.037
Fra:1 Mem:331.29M (Peak 331.33M) | Time:00:01.17 | Mem:0.00M, Peak:0.00M | Scene, ViewLayer | Synchronizing object | Seat piping.005
Fra:1 Mem:331.30M (Peak 331.33M) | Time:00:01.17 | Mem:0.00M, Peak:0.00M | Scene, ViewLayer | Synchronizing object | Rear left drilled rotor perforation.038
Fra:1 Mem:331.29M (Peak 331.33M) | Time:00:01.17 | Mem:0.00M, Peak:0.00M | Scene, ViewLayer | Synchronizing object | Seat piping.006
Fra:1 Mem:331.34M (Peak 331.34M) | Time:00:01.17 | Mem:0.00M, Peak:0.00M | Scene, ViewLayer | Synchronizing object | Seat piping.007
Fra:1 Mem:331.34M (Peak 331.34M) | Time:00:01.17 | Mem:0.00M, Peak:0.00M | Scene, ViewLayer | Synchronizing object | Rear left drilled rotor perforation.039
Fra:1 Mem:331.39M (Peak 331.39M) | Time:00:01.17 | Mem:0.00M, Peak:0.00M | Scene, ViewLayer | Synchronizing object | Steering wheel spokes
Fra:1 Mem:331.41M (Peak 331.41M) | Time:00:01.17 | Mem:0.00M, Peak:0.00M | Scene, ViewLayer | Synchronizing object | Rear left drilled rotor perforation.040
Fra:1 Mem:331.38M (Peak 331.41M) | Time:00:01.17 | Mem:0.00M, Peak:0.00M | Scene, ViewLayer | Synchronizing object | Windshield wiper arm
Fra:1 Mem:331.39M (Peak 331.41M) | Time:00:01.17 | Mem:0.00M, Peak:0.00M | Scene, ViewLayer | Synchronizing object | Wiper rubber blade
Fra:1 Mem:331.35M (Peak 331.41M) | Time:00:01.17 | Mem:0.00M, Peak:0.00M | Scene, ViewLayer | Synchronizing object | Rear left drilled rotor perforation.043
Fra:1 Mem:331.37M (Peak 331.41M) | Time:00:01.17 | Mem:0.00M, Peak:0.00M | Scene, ViewLayer | Synchronizing object | Windshield wiper arm.001
Fra:1 Mem:331.42M (Peak 331.42M) | Time:00:01.17 | Mem:0.00M, Peak:0.00M | Scene, ViewLayer | Synchronizing object | Wiper rubber blade.001
Fra:1 Mem:331.49M (Peak 331.49M) | Time:00:01.17 | Mem:0.00M, Peak:0.00M | Scene, ViewLayer | Synchronizing object | Seamless curved studio cyclorama
Fra:1 Mem:331.44M (Peak 331.49M) | Time:00:01.17 | Mem:0.00M, Peak:0.00M | Scene, ViewLayer | Synchronizing object | Rear left drilled rotor perforation.044
Fra:1 Mem:331.49M (Peak 331.49M) | Time:00:01.17 | Mem:0.00M, Peak:0.00M | Scene, ViewLayer | Synchronizing object | Rear left drilled rotor perforation.045
Fra:1 Mem:331.52M (Peak 331.52M) | Time:00:01.17 | Mem:0.00M, Peak:0.00M | Scene, ViewLayer | Synchronizing object | Infinite studio floor
Fra:1 Mem:331.54M (Peak 331.54M) | Time:00:01.17 | Mem:0.00M, Peak:0.00M | Scene, ViewLayer | Synchronizing object | Flat aerodynamic underfloor
Fra:1 Mem:331.60M (Peak 331.60M) | Time:00:01.17 | Mem:0.00M, Peak:0.00M | Scene, ViewLayer | Synchronizing object | Rear left drilled rotor perforation.046
Fra:1 Mem:331.59M (Peak 331.60M) | Time:00:01.17 | Mem:0.00M, Peak:0.00M | Scene, ViewLayer | Synchronizing object | Rear left drilled rotor perforation.047
Fra:1 Mem:331.62M (Peak 331.62M) | Time:00:01.17 | Mem:0.00M, Peak:0.00M | Scene, ViewLayer | Synchronizing object | Rear left drilled rotor perforation.048
Fra:1 Mem:331.59M (Peak 331.62M) | Time:00:01.17 | Mem:0.00M, Peak:0.00M | Scene, ViewLayer | Synchronizing object | Rear left drilled rotor perforation.049
Fra:1 Mem:331.62M (Peak 331.62M) | Time:00:01.17 | Mem:0.00M, Peak:0.00M | Scene, ViewLayer | Synchronizing object | Roof rear camera blister
Fra:1 Mem:331.68M (Peak 331.68M) | Time:00:01.17 | Mem:0.00M, Peak:0.00M | Scene, ViewLayer | Synchronizing object | Rear left drilled rotor perforation.050
Fra:1 Mem:331.72M (Peak 331.72M) | Time:00:01.17 | Mem:0.00M, Peak:0.00M | Scene, ViewLayer | Synchronizing object | Lidar forward optical aperture
Fra:1 Mem:331.78M (Peak 331.78M) | Time:00:01.17 | Mem:0.00M, Peak:0.00M | Scene, ViewLayer | Synchronizing object | Rear left drilled rotor perforation.051
Fra:1 Mem:331.79M (Peak 331.79M) | Time:00:01.17 | Mem:0.00M, Peak:0.00M | Scene, ViewLayer | Synchronizing object | Roof lidar painted pod
Fra:1 Mem:331.80M (Peak 331.80M) | Time:00:01.17 | Mem:0.00M, Peak:0.00M | Scene, ViewLayer | Synchronizing object | Rear left drilled rotor perforation.052
Fra:1 Mem:331.80M (Peak 331.80M) | Time:00:01.17 | Mem:0.00M, Peak:0.00M | Scene, ViewLayer | Synchronizing object | Rear left drilled rotor perforation.053
Fra:1 Mem:331.84M (Peak 331.84M) | Time:00:01.17 | Mem:0.00M, Peak:0.00M | Scene, ViewLayer | Synchronizing object | Rear left drilled rotor perforation.054
Fra:1 Mem:331.81M (Peak 331.84M) | Time:00:01.17 | Mem:0.00M, Peak:0.00M | Scene, ViewLayer | Synchronizing object | Rear left drilled rotor perforation.055
Fra:1 Mem:331.86M (Peak 331.86M) | Time:00:01.17 | Mem:0.00M, Peak:0.00M | Scene, ViewLayer | Synchronizing object | Cup holder
Fra:1 Mem:331.86M (Peak 331.86M) | Time:00:01.17 | Mem:0.00M, Peak:0.00M | Scene, ViewLayer | Synchronizing object | Rear left drilled rotor perforation.056
Fra:1 Mem:331.95M (Peak 331.95M) | Time:00:01.17 | Mem:0.00M, Peak:0.00M | Scene, ViewLayer | Synchronizing object | Rear left drilled rotor perforation.057
Fra:1 Mem:331.95M (Peak 331.95M) | Time:00:01.17 | Mem:0.00M, Peak:0.00M | Scene, ViewLayer | Synchronizing object | Rear left drilled rotor perforation.058
Fra:1 Mem:331.98M (Peak 331.98M) | Time:00:01.17 | Mem:0.00M, Peak:0.00M | Scene, ViewLayer | Synchronizing object | Rear left drilled rotor perforation.059
Fra:1 Mem:331.97M (Peak 331.98M) | Time:00:01.17 | Mem:0.00M, Peak:0.00M | Scene, ViewLayer | Synchronizing object | Rear left drilled rotor perforation.060
Fra:1 Mem:332.07M (Peak 332.07M) | Time:00:01.17 | Mem:0.00M, Peak:0.00M | Scene, ViewLayer | Synchronizing object | Rear left drilled rotor perforation.061
Fra:1 Mem:332.06M (Peak 332.07M) | Time:00:01.17 | Mem:0.00M, Peak:0.00M | Scene, ViewLayer | Synchronizing object | Rear left drilled rotor perforation.062
Fra:1 Mem:332.03M (Peak 332.07M) | Time:00:01.17 | Mem:0.00M, Peak:0.00M | Scene, ViewLayer | Synchronizing object | Rear left drilled rotor perforation.063
Fra:1 Mem:332.09M (Peak 332.09M) | Time:00:01.17 | Mem:0.00M, Peak:0.00M | Scene, ViewLayer | Synchronizing object | Rear left drilled rotor perforation.064
Fra:1 Mem:332.03M (Peak 332.09M) | Time:00:01.17 | Mem:0.00M, Peak:0.00M | Scene, ViewLayer | Synchronizing object | Cup holder.001
Fra:1 Mem:332.04M (Peak 332.09M) | Time:00:01.17 | Mem:0.00M, Peak:0.00M | Scene, ViewLayer | Synchronizing object | Rear left drilled rotor perforation.066
Fra:1 Mem:332.06M (Peak 332.09M) | Time:00:01.17 | Mem:0.00M, Peak:0.00M | Scene, ViewLayer | Synchronizing object | Rear left drilled rotor perforation.067
Fra:1 Mem:332.19M (Peak 332.19M) | Time:00:01.17 | Mem:0.00M, Peak:0.00M | Scene, ViewLayer | Synchronizing object | Rear left drilled rotor perforation.068
Fra:1 Mem:332.12M (Peak 332.19M) | Time:00:01.17 | Mem:0.00M, Peak:0.00M | Scene, ViewLayer | Synchronizing object | Rear left drilled rotor perforation.069
Fra:1 Mem:332.15M (Peak 332.19M) | Time:00:01.17 | Mem:0.00M, Peak:0.00M | Scene, ViewLayer | Synchronizing object | Rear left drilled rotor perforation.070
Fra:1 Mem:332.17M (Peak 332.19M) | Time:00:01.17 | Mem:0.00M, Peak:0.00M | Scene, ViewLayer | Synchronizing object | Rear left drilled rotor perforation.071
Fra:1 Mem:332.15M (Peak 332.19M) | Time:00:01.17 | Mem:0.00M, Peak:0.00M | Scene, ViewLayer | Synchronizing object | Rear left brake disc bell
Fra:1 Mem:332.28M (Peak 332.28M) | Time:00:01.17 | Mem:0.00M, Peak:0.00M | Scene, ViewLayer | Synchronizing object | Rear left yellow six-piston caliper
Fra:1 Mem:332.29M (Peak 332.29M) | Time:00:01.17 | Mem:0.00M, Peak:0.00M | Scene, ViewLayer | Synchronizing object | Center tunnel
Fra:1 Mem:332.24M (Peak 332.29M) | Time:00:01.17 | Mem:0.00M, Peak:0.00M | Scene, ViewLayer | Synchronizing object | Rear left machined split spoke
Fra:1 Mem:332.34M (Peak 332.34M) | Time:00:01.17 | Mem:0.00M, Peak:0.00M | Scene, ViewLayer | Synchronizing object | Rear left black spoke pocket
Fra:1 Mem:332.40M (Peak 332.40M) | Time:00:01.17 | Mem:0.00M, Peak:0.00M | Scene, ViewLayer | Synchronizing object | Rear left machined split spoke.001
Fra:1 Mem:332.41M (Peak 332.41M) | Time:00:01.17 | Mem:0.00M, Peak:0.00M | Scene, ViewLayer | Synchronizing object | Rear left black spoke pocket.001
Fra:1 Mem:332.42M (Peak 332.42M) | Time:00:01.17 | Mem:0.00M, Peak:0.00M | Scene, ViewLayer | Synchronizing object | Rear left machined split spoke.002
Fra:1 Mem:332.40M (Peak 332.42M) | Time:00:01.17 | Mem:0.00M, Peak:0.00M | Scene, ViewLayer | Synchronizing object | Steering center
Fra:1 Mem:332.43M (Peak 332.43M) | Time:00:01.17 | Mem:0.00M, Peak:0.00M | Scene, ViewLayer | Synchronizing object | Rear left black spoke pocket.002
Fra:1 Mem:332.44M (Peak 332.43M) | Time:00:01.17 | Mem:0.00M, Peak:0.00M | Scene, ViewLayer | Synchronizing object | Rear left machined split spoke.003
Fra:1 Mem:332.45M (Peak 332.45M) | Time:00:01.17 | Mem:0.00M, Peak:0.00M | Scene, ViewLayer | Synchronizing object | Rear left black spoke pocket.003
Fra:1 Mem:332.58M (Peak 332.58M) | Time:00:01.17 | Mem:0.00M, Peak:0.00M | Scene, ViewLayer | Synchronizing object | Rear left machined split spoke.004
Fra:1 Mem:332.58M (Peak 332.58M) | Time:00:01.17 | Mem:0.00M, Peak:0.00M | Scene, ViewLayer | Synchronizing object | Rear left black spoke pocket.004
Fra:1 Mem:332.59M (Peak 332.59M) | Time:00:01.17 | Mem:0.00M, Peak:0.00M | Scene, ViewLayer | Synchronizing object | Rear left machined split spoke.005
Fra:1 Mem:332.63M (Peak 332.63M) | Time:00:01.17 | Mem:0.00M, Peak:0.00M | Scene, ViewLayer | Synchronizing object | Rear left black spoke pocket.005
Fra:1 Mem:332.60M (Peak 332.63M) | Time:00:01.17 | Mem:0.00M, Peak:0.00M | Scene, ViewLayer | Synchronizing object | Rear left machined split spoke.006
Fra:1 Mem:332.63M (Peak 332.63M) | Time:00:01.17 | Mem:0.00M, Peak:0.00M | Scene, ViewLayer | Synchronizing object | Steering wheel
Fra:1 Mem:332.61M (Peak 332.63M) | Time:00:01.17 | Mem:0.00M, Peak:0.00M | Scene, ViewLayer | Synchronizing object | Rear left black spoke pocket.006
Fra:1 Mem:332.83M (Peak 332.83M) | Time:00:01.18 | Mem:0.00M, Peak:0.00M | Scene, ViewLayer | Synchronizing object | Screen glass
Fra:1 Mem:332.77M (Peak 332.83M) | Time:00:01.18 | Mem:0.00M, Peak:0.00M | Scene, ViewLayer | Synchronizing object | Rear left machined split spoke.007
Fra:1 Mem:332.90M (Peak 332.90M) | Time:00:01.18 | Mem:0.00M, Peak:0.00M | Scene, ViewLayer | Synchronizing object | Rear left black spoke pocket.007
Fra:1 Mem:332.82M (Peak 332.90M) | Time:00:01.18 | Mem:0.00M, Peak:0.00M | Scene, ViewLayer | Synchronizing object | Rear left machined split spoke.008
Fra:1 Mem:332.91M (Peak 332.91M) | Time:00:01.18 | Mem:0.00M, Peak:0.00M | Scene, ViewLayer | Synchronizing object | Dashboard center screen
Fra:1 Mem:332.91M (Peak 332.91M) | Time:00:01.18 | Mem:0.00M, Peak:0.00M | Scene, ViewLayer | Synchronizing object | Rear left machined split spoke.009
Fra:1 Mem:332.97M (Peak 332.97M) | Time:00:01.18 | Mem:0.00M, Peak:0.00M | Scene, ViewLayer | Synchronizing object | Rear left black spoke pocket.009
Fra:1 Mem:333.05M (Peak 333.05M) | Time:00:01.18 | Mem:0.00M, Peak:0.00M | Scene, ViewLayer | Synchronizing object | Rear left center hub
Fra:1 Mem:333.00M (Peak 333.05M) | Time:00:01.18 | Mem:0.00M, Peak:0.00M | Scene, ViewLayer | Synchronizing object | Rear left center cap ring
Fra:1 Mem:333.13M (Peak 333.13M) | Time:00:01.18 | Mem:0.00M, Peak:0.00M | Scene, ViewLayer | Synchronizing object | Dashboard
Fra:1 Mem:333.19M (Peak 333.19M) | Time:00:01.18 | Mem:0.00M, Peak:0.00M | Scene, ViewLayer | Synchronizing object | Rear left titanium lug nut
Fra:1 Mem:333.22M (Peak 333.22M) | Time:00:01.18 | Mem:0.00M, Peak:0.00M | Scene, ViewLayer | Synchronizing object | Rear left titanium lug nut.001
Fra:1 Mem:333.28M (Peak 333.28M) | Time:00:01.18 | Mem:0.00M, Peak:0.00M | Scene, ViewLayer | Synchronizing object | Rear left titanium lug nut.002
Fra:1 Mem:333.25M (Peak 333.28M) | Time:00:01.18 | Mem:0.00M, Peak:0.00M | Scene, ViewLayer | Synchronizing object | Rear left titanium lug nut.003
Fra:1 Mem:333.17M (Peak 333.28M) | Time:00:01.18 | Mem:0.00M, Peak:0.00M | Scene, ViewLayer | Synchronizing object | Rear left titanium lug nut.004
Fra:1 Mem:333.18M (Peak 333.28M) | Time:00:01.18 | Mem:0.00M, Peak:0.00M | Scene, ViewLayer | Synchronizing object | Rear left tire valve
Fra:1 Mem:333.27M (Peak 333.28M) | Time:00:01.18 | Mem:0.00M, Peak:0.00M | Scene, ViewLayer | Synchronizing object | Rear right | tire carcass
Fra:1 Mem:333.44M (Peak 333.44M) | Time:00:01.18 | Mem:0.00M, Peak:0.00M | Scene, ViewLayer | Synchronizing object | Rear right tire molded sidewall ring.001
Fra:1 Mem:333.43M (Peak 333.44M) | Time:00:01.18 | Mem:0.00M, Peak:0.00M | Scene, ViewLayer | Synchronizing object | Rear right tire molded sidewall ring.002
Fra:1 Mem:333.49M (Peak 333.49M) | Time:00:01.18 | Mem:0.00M, Peak:0.00M | Scene, ViewLayer | Synchronizing object | Contoured seat back
Fra:1 Mem:333.55M (Peak 333.55M) | Time:00:01.18 | Mem:0.00M, Peak:0.00M | Scene, ViewLayer | Synchronizing object | Rear right tire molded sidewall ring
Fra:1 Mem:333.72M (Peak 333.72M) | Time:00:01.18 | Mem:0.00M, Peak:0.00M | Scene, ViewLayer | Synchronizing object | Rear right directional tread | 792 blocks
Fra:1 Mem:333.72M (Peak 333.72M) | Time:00:01.18 | Mem:0.00M, Peak:0.00M | Scene, ViewLayer | Synchronizing object | Rear right cast rim barrel
Fra:1 Mem:334.11M (Peak 334.11M) | Time:00:01.18 | Mem:0.00M, Peak:0.00M | Scene, ViewLayer | Synchronizing object | Rear right diamond-cut outer flange
Fra:1 Mem:334.12M (Peak 334.12M) | Time:00:01.18 | Mem:0.00M, Peak:0.00M | Scene, ViewLayer | Synchronizing object | Rear right inner rim accent
Fra:1 Mem:334.23M (Peak 334.23M) | Time:00:01.18 | Mem:0.00M, Peak:0.00M | Scene, ViewLayer | Synchronizing object | Seat cushion.003
Fra:1 Mem:334.56M (Peak 334.56M) | Time:00:01.18 | Mem:0.00M, Peak:0.00M | Scene, ViewLayer | Synchronizing object | Rear right brake rotor
Fra:1 Mem:334.55M (Peak 334.56M) | Time:00:01.18 | Mem:0.00M, Peak:0.00M | Scene, ViewLayer | Synchronizing object | Rear right rotor outer scoring
Fra:1 Mem:334.65M (Peak 334.65M) | Time:00:01.18 | Mem:0.00M, Peak:0.00M | Scene, ViewLayer | Synchronizing object | Integrated head restraint.002
Fra:1 Mem:334.67M (Peak 334.67M) | Time:00:01.18 | Mem:0.00M, Peak:0.00M | Scene, ViewLayer | Synchronizing object | Rear right drilled rotor perforation
Fra:1 Mem:334.73M (Peak 334.73M) | Time:00:01.18 | Mem:0.00M, Peak:0.00M | Scene, ViewLayer | Synchronizing object | Rear right drilled rotor perforation.001
Fra:1 Mem:334.77M (Peak 334.77M) | Time:00:01.18 | Mem:0.00M, Peak:0.00M | Scene, ViewLayer | Synchronizing object | Contoured seat back.003
Fra:1 Mem:334.82M (Peak 334.82M) | Time:00:01.18 | Mem:0.00M, Peak:0.00M | Scene, ViewLayer | Synchronizing object | Rear right drilled rotor perforation.002
Fra:1 Mem:334.89M (Peak 334.89M) | Time:00:01.18 | Mem:0.00M, Peak:0.00M | Scene, ViewLayer | Synchronizing object | Rear right drilled rotor perforation.003
Fra:1 Mem:334.87M (Peak 334.89M) | Time:00:01.18 | Mem:0.00M, Peak:0.00M | Scene, ViewLayer | Synchronizing object | Rear right drilled rotor perforation.004
Fra:1 Mem:334.79M (Peak 334.89M) | Time:00:01.18 | Mem:0.00M, Peak:0.00M | Scene, ViewLayer | Synchronizing object | Rear right drilled rotor perforation.005
Fra:1 Mem:334.82M (Peak 334.89M) | Time:00:01.18 | Mem:0.00M, Peak:0.00M | Scene, ViewLayer | Synchronizing object | Seat cushion.002
Fra:1 Mem:334.91M (Peak 334.91M) | Time:00:01.18 | Mem:0.00M, Peak:0.00M | Scene, ViewLayer | Synchronizing object | Rear right drilled rotor perforation.006
Fra:1 Mem:334.86M (Peak 334.91M) | Time:00:01.18 | Mem:0.00M, Peak:0.00M | Scene, ViewLayer | Synchronizing object | Rear right drilled rotor perforation.007
Fra:1 Mem:334.87M (Peak 334.91M) | Time:00:01.18 | Mem:0.00M, Peak:0.00M | Scene, ViewLayer | Synchronizing object | Integrated head restraint.001
Fra:1 Mem:334.94M (Peak 334.94M) | Time:00:01.18 | Mem:0.00M, Peak:0.00M | Scene, ViewLayer | Synchronizing object | Rear right drilled rotor perforation.008
Fra:1 Mem:334.98M (Peak 334.98M) | Time:00:01.18 | Mem:0.00M, Peak:0.00M | Scene, ViewLayer | Synchronizing object | Rear right drilled rotor perforation.009
Fra:1 Mem:334.94M (Peak 334.98M) | Time:00:01.18 | Mem:0.00M, Peak:0.00M | Scene, ViewLayer | Synchronizing object | Rear right drilled rotor perforation.010
Fra:1 Mem:334.95M (Peak 334.98M) | Time:00:01.18 | Mem:0.00M, Peak:0.00M | Scene, ViewLayer | Synchronizing object | Contoured seat back.002
Fra:1 Mem:335.01M (Peak 335.01M) | Time:00:01.18 | Mem:0.00M, Peak:0.00M | Scene, ViewLayer | Synchronizing object | Rear right drilled rotor perforation.011
Fra:1 Mem:335.05M (Peak 335.05M) | Time:00:01.18 | Mem:0.00M, Peak:0.00M | Scene, ViewLayer | Synchronizing object | Rear right drilled rotor perforation.012
Fra:1 Mem:335.01M (Peak 335.05M) | Time:00:01.18 | Mem:0.00M, Peak:0.00M | Scene, ViewLayer | Synchronizing object | Seat cushion.001
Fra:1 Mem:335.04M (Peak 335.05M) | Time:00:01.18 | Mem:0.00M, Peak:0.00M | Scene, ViewLayer | Synchronizing object | Rear right drilled rotor perforation.013
Fra:1 Mem:335.11M (Peak 335.11M) | Time:00:01.18 | Mem:0.00M, Peak:0.00M | Scene, ViewLayer | Synchronizing object | Rear right drilled rotor perforation.014
Fra:1 Mem:335.12M (Peak 335.12M) | Time:00:01.18 | Mem:0.00M, Peak:0.00M | Scene, ViewLayer | Synchronizing object | Rear right drilled rotor perforation.015
Fra:1 Mem:335.11M (Peak 335.12M) | Time:00:01.18 | Mem:0.00M, Peak:0.00M | Scene, ViewLayer | Synchronizing object | Rear right drilled rotor perforation.016
Fra:1 Mem:335.11M (Peak 335.12M) | Time:00:01.18 | Mem:0.00M, Peak:0.00M | Scene, ViewLayer | Synchronizing object | Integrated head restraint
Fra:1 Mem:335.20M (Peak 335.20M) | Time:00:01.18 | Mem:0.00M, Peak:0.00M | Scene, ViewLayer | Synchronizing object | Rear right drilled rotor perforation.017
Fra:1 Mem:335.22M (Peak 335.22M) | Time:00:01.18 | Mem:0.00M, Peak:0.00M | Scene, ViewLayer | Synchronizing object | Rear right drilled rotor perforation.018
Fra:1 Mem:335.19M (Peak 335.22M) | Time:00:01.18 | Mem:0.00M, Peak:0.00M | Scene, ViewLayer | Synchronizing object | Rear right drilled rotor perforation.019
Fra:1 Mem:335.15M (Peak 335.22M) | Time:00:01.18 | Mem:0.00M, Peak:0.00M | Scene, ViewLayer | Synchronizing object | Rear right drilled rotor perforation.020
Fra:1 Mem:335.29M (Peak 335.29M) | Time:00:01.18 | Mem:0.00M, Peak:0.00M | Scene, ViewLayer | Synchronizing object | Rear right drilled rotor perforation.021
Fra:1 Mem:335.26M (Peak 335.29M) | Time:00:01.18 | Mem:0.00M, Peak:0.00M | Scene, ViewLayer | Synchronizing object | Rear right drilled rotor perforation.023
Fra:1 Mem:335.22M (Peak 335.29M) | Time:00:01.18 | Mem:0.00M, Peak:0.00M | Scene, ViewLayer | Synchronizing object | Seat cushion
Fra:1 Mem:335.29M (Peak 335.29M) | Time:00:01.18 | Mem:0.00M, Peak:0.00M | Scene, ViewLayer | Synchronizing object | Rear right drilled rotor perforation.024
Fra:1 Mem:335.36M (Peak 335.36M) | Time:00:01.18 | Mem:0.00M, Peak:0.00M | Scene, ViewLayer | Synchronizing object | Rear right drilled rotor perforation.025
Fra:1 Mem:335.37M (Peak 335.37M) | Time:00:01.18 | Mem:0.00M, Peak:0.00M | Scene, ViewLayer | Synchronizing object | Dark cabin tub
Fra:1 Mem:335.33M (Peak 335.37M) | Time:00:01.18 | Mem:0.00M, Peak:0.00M | Scene, ViewLayer | Synchronizing object | Rear right drilled rotor perforation.026
Fra:1 Mem:335.43M (Peak 335.43M) | Time:00:01.18 | Mem:0.00M, Peak:0.00M | Scene, ViewLayer | Synchronizing object | Rear right drilled rotor perforation.027
Fra:1 Mem:335.42M (Peak 335.43M) | Time:00:01.18 | Mem:0.00M, Peak:0.00M | Scene, ViewLayer | Synchronizing object | Rear right drilled rotor perforation.028
Fra:1 Mem:335.39M (Peak 335.43M) | Time:00:01.18 | Mem:0.00M, Peak:0.00M | Scene, ViewLayer | Synchronizing object | Rear right drilled rotor perforation.029
Fra:1 Mem:335.42M (Peak 335.43M) | Time:00:01.18 | Mem:0.00M, Peak:0.00M | Scene, ViewLayer | Synchronizing object | Rear right drilled rotor perforation.030
Fra:1 Mem:335.48M (Peak 335.48M) | Time:00:01.18 | Mem:0.00M, Peak:0.00M | Scene, ViewLayer | Synchronizing object | Rear right drilled rotor perforation.031
Fra:1 Mem:335.49M (Peak 335.49M) | Time:00:01.18 | Mem:0.00M, Peak:0.00M | Scene, ViewLayer | Synchronizing object | Rear right titanium lug nut.004
Fra:1 Mem:335.48M (Peak 335.49M) | Time:00:01.18 | Mem:0.00M, Peak:0.00M | Scene, ViewLayer | Synchronizing object | Rear right drilled rotor perforation.032
Fra:1 Mem:335.48M (Peak 335.49M) | Time:00:01.18 | Mem:0.00M, Peak:0.00M | Scene, ViewLayer | Synchronizing object | Rear right drilled rotor perforation.033
Fra:1 Mem:335.50M (Peak 335.50M) | Time:00:01.18 | Mem:0.00M, Peak:0.00M | Scene, ViewLayer | Synchronizing object | Rear right titanium lug nut.003
Fra:1 Mem:335.47M (Peak 335.50M) | Time:00:01.18 | Mem:0.00M, Peak:0.00M | Scene, ViewLayer | Synchronizing object | Rear right drilled rotor perforation.036
Fra:1 Mem:335.55M (Peak 335.55M) | Time:00:01.18 | Mem:0.00M, Peak:0.00M | Scene, ViewLayer | Synchronizing object | Rear right titanium lug nut.002
Fra:1 Mem:335.56M (Peak 335.56M) | Time:00:01.18 | Mem:0.00M, Peak:0.00M | Scene, ViewLayer | Synchronizing object | Rear right drilled rotor perforation.037
Fra:1 Mem:335.59M (Peak 335.59M) | Time:00:01.18 | Mem:0.00M, Peak:0.00M | Scene, ViewLayer | Synchronizing object | Rear right drilled rotor perforation.038
Fra:1 Mem:335.60M (Peak 335.60M) | Time:00:01.18 | Mem:0.00M, Peak:0.00M | Scene, ViewLayer | Synchronizing object | Rear right titanium lug nut.001
Fra:1 Mem:335.61M (Peak 335.61M) | Time:00:01.18 | Mem:0.00M, Peak:0.00M | Scene, ViewLayer | Synchronizing object | Rear right drilled rotor perforation.039
Fra:1 Mem:335.64M (Peak 335.64M) | Time:00:01.18 | Mem:0.00M, Peak:0.00M | Scene, ViewLayer | Synchronizing object | Rear right drilled rotor perforation.040
Fra:1 Mem:335.58M (Peak 335.64M) | Time:00:01.18 | Mem:0.00M, Peak:0.00M | Scene, ViewLayer | Synchronizing object | Rear right drilled rotor perforation.042
Fra:1 Mem:335.67M (Peak 335.67M) | Time:00:01.18 | Mem:0.00M, Peak:0.00M | Scene, ViewLayer | Synchronizing object | Rear right center cap ring
Fra:1 Mem:335.64M (Peak 335.67M) | Time:00:01.18 | Mem:0.00M, Peak:0.00M | Scene, ViewLayer | Synchronizing object | Rear right drilled rotor perforation.043
Fra:1 Mem:335.76M (Peak 335.76M) | Time:00:01.18 | Mem:0.00M, Peak:0.00M | Scene, ViewLayer | Synchronizing object | Rear right drilled rotor perforation.045
Fra:1 Mem:335.81M (Peak 335.81M) | Time:00:01.18 | Mem:0.00M, Peak:0.00M | Scene, ViewLayer | Synchronizing object | Rear right center hub
Fra:1 Mem:335.85M (Peak 335.85M) | Time:00:01.18 | Mem:0.00M, Peak:0.00M | Scene, ViewLayer | Synchronizing object | Rear right drilled rotor perforation.046
Fra:1 Mem:335.85M (Peak 335.85M) | Time:00:01.18 | Mem:0.00M, Peak:0.00M | Scene, ViewLayer | Synchronizing object | Rear right drilled rotor perforation.048
Fra:1 Mem:335.91M (Peak 335.91M) | Time:00:01.18 | Mem:0.00M, Peak:0.00M | Scene, ViewLayer | Synchronizing object | Rear right drilled rotor perforation.049
Fra:1 Mem:335.99M (Peak 335.99M) | Time:00:01.18 | Mem:0.00M, Peak:0.00M | Scene, ViewLayer | Synchronizing object | Rear right drilled rotor perforation.050
Fra:1 Mem:335.92M (Peak 335.99M) | Time:00:01.18 | Mem:0.00M, Peak:0.00M | Scene, ViewLayer | Synchronizing object | Rear right drilled rotor perforation.051
Fra:1 Mem:335.95M (Peak 335.99M) | Time:00:01.18 | Mem:0.00M, Peak:0.00M | Scene, ViewLayer | Synchronizing object | Rear right black spoke pocket.009
Fra:1 Mem:335.94M (Peak 335.99M) | Time:00:01.18 | Mem:0.00M, Peak:0.00M | Scene, ViewLayer | Synchronizing object | Rear right drilled rotor perforation.052
Fra:1 Mem:335.92M (Peak 335.99M) | Time:00:01.19 | Mem:0.00M, Peak:0.00M | Scene, ViewLayer | Synchronizing object | Rear right drilled rotor perforation.053
Fra:1 Mem:335.99M (Peak 335.99M) | Time:00:01.19 | Mem:0.00M, Peak:0.00M | Scene, ViewLayer | Synchronizing object | Rear right drilled rotor perforation.054
Fra:1 Mem:336.04M (Peak 336.04M) | Time:00:01.19 | Mem:0.00M, Peak:0.00M | Scene, ViewLayer | Synchronizing object | Rear right drilled rotor perforation.055
Fra:1 Mem:335.98M (Peak 336.04M) | Time:00:01.19 | Mem:0.00M, Peak:0.00M | Scene, ViewLayer | Synchronizing object | Rear right drilled rotor perforation.056
Fra:1 Mem:336.03M (Peak 336.04M) | Time:00:01.19 | Mem:0.00M, Peak:0.00M | Scene, ViewLayer | Synchronizing object | Rear right machined split spoke.009
Fra:1 Mem:336.05M (Peak 336.05M) | Time:00:01.19 | Mem:0.00M, Peak:0.00M | Scene, ViewLayer | Synchronizing object | Rear right drilled rotor perforation.057
Fra:1 Mem:336.04M (Peak 336.05M) | Time:00:01.19 | Mem:0.00M, Peak:0.00M | Scene, ViewLayer | Synchronizing object | Rear right drilled rotor perforation.058
Fra:1 Mem:336.07M (Peak 336.07M) | Time:00:01.19 | Mem:0.00M, Peak:0.00M | Scene, ViewLayer | Synchronizing object | Rear right drilled rotor perforation.059
Fra:1 Mem:336.16M (Peak 336.16M) | Time:00:01.19 | Mem:0.00M, Peak:0.00M | Scene, ViewLayer | Synchronizing object | Rear right drilled rotor perforation.060
Fra:1 Mem:336.12M (Peak 336.16M) | Time:00:01.19 | Mem:0.00M, Peak:0.00M | Scene, ViewLayer | Synchronizing object | Rear right drilled rotor perforation.061
Fra:1 Mem:336.14M (Peak 336.16M) | Time:00:01.19 | Mem:0.00M, Peak:0.00M | Scene, ViewLayer | Synchronizing object | Rear right black spoke pocket.008
Fra:1 Mem:336.13M (Peak 336.16M) | Time:00:01.19 | Mem:0.00M, Peak:0.00M | Scene, ViewLayer | Synchronizing object | Rear right drilled rotor perforation.062
Fra:1 Mem:336.11M (Peak 336.16M) | Time:00:01.19 | Mem:0.00M, Peak:0.00M | Scene, ViewLayer | Synchronizing object | Rear right drilled rotor perforation.063
Fra:1 Mem:336.20M (Peak 336.20M) | Time:00:01.19 | Mem:0.00M, Peak:0.00M | Scene, ViewLayer | Synchronizing object | Rear right machined split spoke.008
Fra:1 Mem:336.16M (Peak 336.20M) | Time:00:01.19 | Mem:0.00M, Peak:0.00M | Scene, ViewLayer | Synchronizing object | Rear right drilled rotor perforation.064
Fra:1 Mem:336.21M (Peak 336.21M) | Time:00:01.19 | Mem:0.00M, Peak:0.00M | Scene, ViewLayer | Synchronizing object | Rear right drilled rotor perforation.065
Fra:1 Mem:336.20M (Peak 336.21M) | Time:00:01.19 | Mem:0.00M, Peak:0.00M | Scene, ViewLayer | Synchronizing object | Rear right drilled rotor perforation.066
Fra:1 Mem:336.20M (Peak 336.21M) | Time:00:01.19 | Mem:0.00M, Peak:0.00M | Scene, ViewLayer | Synchronizing object | Rear right black spoke pocket.007
Fra:1 Mem:336.21M (Peak 336.21M) | Time:00:01.19 | Mem:0.00M, Peak:0.00M | Scene, ViewLayer | Synchronizing object | Rear right drilled rotor perforation.068
Fra:1 Mem:336.34M (Peak 336.34M) | Time:00:01.19 | Mem:0.00M, Peak:0.00M | Scene, ViewLayer | Synchronizing object | Rear right drilled rotor perforation.069
Fra:1 Mem:336.31M (Peak 336.34M) | Time:00:01.19 | Mem:0.00M, Peak:0.00M | Scene, ViewLayer | Synchronizing object | Rear right drilled rotor perforation.070
Fra:1 Mem:336.31M (Peak 336.34M) | Time:00:01.19 | Mem:0.00M, Peak:0.00M | Scene, ViewLayer | Synchronizing object | Rear right drilled rotor perforation.071
Fra:1 Mem:336.31M (Peak 336.34M) | Time:00:01.19 | Mem:0.00M, Peak:0.00M | Scene, ViewLayer | Synchronizing object | Rear right brake disc bell
Fra:1 Mem:336.44M (Peak 336.44M) | Time:00:01.19 | Mem:0.00M, Peak:0.00M | Scene, ViewLayer | Synchronizing object | Rear right yellow six-piston caliper
Fra:1 Mem:336.43M (Peak 336.44M) | Time:00:01.19 | Mem:0.00M, Peak:0.00M | Scene, ViewLayer | Synchronizing object | Rear right machined split spoke
Fra:1 Mem:336.46M (Peak 336.46M) | Time:00:01.19 | Mem:0.00M, Peak:0.00M | Scene, ViewLayer | Synchronizing object | Rear right black spoke pocket.006
Fra:1 Mem:336.55M (Peak 336.55M) | Time:00:01.19 | Mem:0.00M, Peak:0.00M | Scene, ViewLayer | Synchronizing object | Rear right black spoke pocket
Fra:1 Mem:336.45M (Peak 336.55M) | Time:00:01.19 | Mem:0.00M, Peak:0.00M | Scene, ViewLayer | Synchronizing object | Rear right black spoke pocket.001
Fra:1 Mem:336.59M (Peak 336.59M) | Time:00:01.19 | Mem:0.00M, Peak:0.00M | Scene, ViewLayer | Synchronizing object | Rear right machined split spoke.002
Fra:1 Mem:336.53M (Peak 336.59M) | Time:00:01.19 | Mem:0.00M, Peak:0.00M | Scene, ViewLayer | Synchronizing object | Rear right black spoke pocket.002
Fra:1 Mem:336.70M (Peak 336.70M) | Time:00:01.19 | Mem:0.00M, Peak:0.00M | Scene, ViewLayer | Synchronizing object | Rear right machined split spoke.003
Fra:1 Mem:336.68M (Peak 336.70M) | Time:00:01.19 | Mem:0.00M, Peak:0.00M | Scene, ViewLayer | Synchronizing object | Rear right black spoke pocket.003
Fra:1 Mem:336.66M (Peak 336.70M) | Time:00:01.19 | Mem:0.00M, Peak:0.00M | Scene, ViewLayer | Synchronizing object | Rear right machined split spoke.004
Fra:1 Mem:336.74M (Peak 336.74M) | Time:00:01.19 | Mem:0.00M, Peak:0.00M | Scene, ViewLayer | Synchronizing object | Rear right black spoke pocket.005
Fra:1 Mem:336.76M (Peak 336.76M) | Time:00:01.19 | Mem:0.00M, Peak:0.00M | Scene, ViewLayer | Synchronizing object | Rear right black spoke pocket.004
Fra:1 Mem:336.75M (Peak 336.76M) | Time:00:01.19 | Mem:0.00M, Peak:0.00M | Scene, ViewLayer | Synchronizing object | Rear right machined split spoke.005
Fra:1 Mem:336.77M (Peak 336.77M) | Time:00:01.19 | Mem:0.00M, Peak:0.00M | Scene, ViewLayer | Initializing
Fra:1 Mem:252.30M (Peak 336.77M) | Time:00:01.22 | Mem:0.00M, Peak:0.00M | Scene, ViewLayer | Waiting for render to start
Fra:1 Mem:252.30M (Peak 336.77M) | Time:00:01.22 | Mem:0.00M, Peak:0.00M | Scene, ViewLayer | Loading render kernels (may take a few minutes the first time)
Fra:1 Mem:252.30M (Peak 336.77M) | Time:00:01.22 | Mem:0.00M, Peak:0.00M | Scene, ViewLayer | Updating Scene
Fra:1 Mem:252.30M (Peak 336.77M) | Time:00:01.22 | Mem:0.00M, Peak:0.00M | Scene, ViewLayer | Updating Shaders
Fra:1 Mem:252.31M (Peak 336.77M) | Time:00:01.22 | Mem:0.01M, Peak:0.01M | Scene, ViewLayer | Updating Procedurals
Fra:1 Mem:252.31M (Peak 336.77M) | Time:00:01.22 | Mem:0.01M, Peak:0.01M | Scene, ViewLayer | Updating Background
Fra:1 Mem:252.31M (Peak 336.77M) | Time:00:01.22 | Mem:0.01M, Peak:0.01M | Scene, ViewLayer | Updating Camera
Fra:1 Mem:252.31M (Peak 336.77M) | Time:00:01.22 | Mem:0.01M, Peak:0.01M | Scene, ViewLayer | Updating Meshes Flags
Fra:1 Mem:252.31M (Peak 336.77M) | Time:00:01.22 | Mem:0.01M, Peak:0.01M | Scene, ViewLayer | Updating Objects
Fra:1 Mem:252.31M (Peak 336.77M) | Time:00:01.22 | Mem:0.01M, Peak:0.01M | Scene, ViewLayer | Updating Objects | Copying Transformations to device
Fra:1 Mem:252.47M (Peak 336.77M) | Time:00:01.22 | Mem:0.16M, Peak:0.16M | Scene, ViewLayer | Updating Objects | Applying Static Transformations
Fra:1 Mem:252.47M (Peak 336.77M) | Time:00:01.22 | Mem:0.16M, Peak:0.16M | Scene, ViewLayer | Updating Particle Systems
Fra:1 Mem:252.47M (Peak 336.77M) | Time:00:01.22 | Mem:0.16M, Peak:0.16M | Scene, ViewLayer | Updating Particle Systems | Copying Particles to device
Fra:1 Mem:252.47M (Peak 336.77M) | Time:00:01.22 | Mem:0.16M, Peak:0.16M | Scene, ViewLayer | Updating Meshes
Fra:1 Mem:267.05M (Peak 336.77M) | Time:00:01.25 | Mem:0.16M, Peak:0.16M | Scene, ViewLayer | Updating Mesh | Computing attributes
Fra:1 Mem:273.65M (Peak 336.77M) | Time:00:01.25 | Mem:0.21M, Peak:0.21M | Scene, ViewLayer | Updating Mesh | Copying Attributes to device
Fra:1 Mem:273.54M (Peak 336.77M) | Time:00:01.25 | Mem:6.65M, Peak:6.65M | Scene, ViewLayer | Updating Scene BVH | Building
Fra:1 Mem:273.55M (Peak 336.77M) | Time:00:01.25 | Mem:6.65M, Peak:6.65M | Scene, ViewLayer | Updating Scene BVH | Building BVH
Fra:1 Mem:273.55M (Peak 336.77M) | Time:00:01.25 | Mem:35.82M, Peak:35.82M | Scene, ViewLayer | Updating Scene BVH | Building BVH 0%
Fra:1 Mem:273.55M (Peak 336.77M) | Time:00:01.36 | Mem:66.65M, Peak:95.82M | Scene, ViewLayer | Updating Scene BVH | Copying BVH to device
Fra:1 Mem:273.55M (Peak 336.77M) | Time:00:01.36 | Mem:66.65M, Peak:95.82M | Scene, ViewLayer | Updating Mesh | Computing normals
Fra:1 Mem:309.53M (Peak 336.77M) | Time:00:01.38 | Mem:66.65M, Peak:95.82M | Scene, ViewLayer | Updating Mesh | Copying Mesh to device
Fra:1 Mem:309.53M (Peak 336.77M) | Time:00:01.38 | Mem:102.63M, Peak:102.63M | Scene, ViewLayer | Updating Objects Flags
Fra:1 Mem:309.53M (Peak 336.77M) | Time:00:01.38 | Mem:102.64M, Peak:102.64M | Scene, ViewLayer | Updating Primitive Offsets
Fra:1 Mem:309.53M (Peak 336.77M) | Time:00:01.38 | Mem:102.64M, Peak:102.64M | Scene, ViewLayer | Updating Images
Fra:1 Mem:309.53M (Peak 336.77M) | Time:00:01.38 | Mem:102.64M, Peak:102.64M | Scene, ViewLayer | Updating Camera Volume
Fra:1 Mem:309.53M (Peak 336.77M) | Time:00:01.38 | Mem:102.64M, Peak:102.64M | Scene, ViewLayer | Updating Lookup Tables
Fra:1 Mem:309.53M (Peak 336.77M) | Time:00:01.38 | Mem:102.64M, Peak:102.64M | Scene, ViewLayer | Updating Lights
Fra:1 Mem:309.53M (Peak 336.77M) | Time:00:01.38 | Mem:102.64M, Peak:102.64M | Scene, ViewLayer | Updating Lights | Computing distribution
Fra:1 Mem:309.53M (Peak 336.77M) | Time:00:01.38 | Mem:102.64M, Peak:102.64M | Scene, ViewLayer | Updating Lights | Computing tree
Fra:1 Mem:311.18M (Peak 336.77M) | Time:00:01.40 | Mem:104.29M, Peak:104.29M | Scene, ViewLayer | Updating Integrator
Fra:1 Mem:312.18M (Peak 336.77M) | Time:00:01.40 | Mem:105.29M, Peak:105.29M | Scene, ViewLayer | Updating Film
Fra:1 Mem:312.18M (Peak 336.77M) | Time:00:01.40 | Mem:105.29M, Peak:105.29M | Scene, ViewLayer | Updating Lookup Tables
Fra:1 Mem:312.18M (Peak 336.77M) | Time:00:01.40 | Mem:105.29M, Peak:105.29M | Scene, ViewLayer | Updating Baking
Fra:1 Mem:312.18M (Peak 336.77M) | Time:00:01.40 | Mem:105.29M, Peak:105.29M | Scene, ViewLayer | Updating Device | Writing constant memory
Fra:1 Mem:312.20M (Peak 336.77M) | Time:00:01.40 | Mem:105.29M, Peak:105.29M | Scene, ViewLayer | Sample 0/32
Fra:1 Mem:417.97M (Peak 417.97M) | Time:00:04.37 | Remaining:01:31.96 | Mem:211.05M, Peak:211.05M | Scene, ViewLayer | Sample 1/32
Fra:1 Mem:417.97M (Peak 417.97M) | Time:00:29.56 | Remaining:01:11.97 | Mem:211.05M, Peak:211.05M | Scene, ViewLayer | Sample 9/32
Fra:1 Mem:417.97M (Peak 417.97M) | Time:00:48.41 | Remaining:00:47.01 | Mem:211.05M, Peak:211.05M | Scene, ViewLayer | Sample 16/32
Fra:1 Mem:417.97M (Peak 417.97M) | Time:00:53.75 | Remaining:00:17.44 | Mem:211.05M, Peak:211.05M | Scene, ViewLayer | Sample 24/32
Fra:1 Mem:462.51M (Peak 529.30M) | Time:01:03.79 | Mem:211.05M, Peak:211.05M | Scene, ViewLayer | Sample 32/32
Fra:1 Mem:462.51M (Peak 529.30M) | Time:01:03.79 | Mem:211.05M, Peak:211.05M | Scene, ViewLayer | Finished
Saved: 'C:\MyProjects\TempProject (OpenAI)\su7\renders\side.png'
 Time: 01:04.05 (Saving: 00:00.22)

PRODUCTION_RENDER_COMPLETE side
PRODUCTION_RENDER_START front
Fra:1 Mem:285.45M (Peak 285.45M) | Time:00:01.05 | Mem:0.00M, Peak:0.00M | Scene, ViewLayer | Synchronizing object | Unified aluminum body | welded hood, quarters and bumpers
Fra:1 Mem:289.09M (Peak 289.09M) | Time:00:01.05 | Mem:0.00M, Peak:0.00M | Scene, ViewLayer | Synchronizing object | Window perimeter | satin black surround
Fra:1 Mem:290.59M (Peak 290.59M) | Time:00:01.05 | Mem:0.00M, Peak:0.00M | Scene, ViewLayer | Synchronizing object | B pillar black trim
Fra:1 Mem:290.90M (Peak 290.90M) | Time:00:01.05 | Mem:0.00M, Peak:0.00M | Scene, ViewLayer | Synchronizing object | B pillar black trim.001
Fra:1 Mem:290.94M (Peak 290.94M) | Time:00:01.05 | Mem:0.00M, Peak:0.00M | Scene, ViewLayer | Synchronizing object | B pillar black trim.002
Fra:1 Mem:290.98M (Peak 290.98M) | Time:00:01.05 | Mem:0.00M, Peak:0.00M | Scene, ViewLayer | Synchronizing object | Rear quarter glass division
Fra:1 Mem:291.01M (Peak 291.01M) | Time:00:01.05 | Mem:0.00M, Peak:0.00M | Scene, ViewLayer | Synchronizing object | Painted continuous A pillar and roof rail
Fra:1 Mem:291.22M (Peak 291.22M) | Time:00:01.05 | Mem:0.00M, Peak:0.00M | Scene, ViewLayer | Synchronizing object | Roof drip molding
Fra:1 Mem:291.40M (Peak 291.40M) | Time:00:01.05 | Mem:0.00M, Peak:0.00M | Scene, ViewLayer | Synchronizing object | Window perimeter | satin black surround.001
Fra:1 Mem:291.44M (Peak 291.44M) | Time:00:01.05 | Mem:0.00M, Peak:0.00M | Scene, ViewLayer | Synchronizing object | Smooth continuous side glass
Fra:1 Mem:292.29M (Peak 292.29M) | Time:00:01.05 | Mem:0.00M, Peak:0.00M | Scene, ViewLayer | Synchronizing object | B pillar black trim.003
Fra:1 Mem:292.47M (Peak 292.47M) | Time:00:01.05 | Mem:0.00M, Peak:0.00M | Scene, ViewLayer | Synchronizing object | B pillar black trim.004
Fra:1 Mem:292.34M (Peak 292.47M) | Time:00:01.05 | Mem:0.00M, Peak:0.00M | Scene, ViewLayer | Synchronizing object | Smooth continuous side glass.001
Fra:1 Mem:300.49M (Peak 300.49M) | Time:00:01.05 | Mem:0.00M, Peak:0.00M | Scene, ViewLayer | Synchronizing object | B pillar black trim.005
Fra:1 Mem:300.67M (Peak 300.67M) | Time:00:01.05 | Mem:0.00M, Peak:0.00M | Scene, ViewLayer | Synchronizing object | Rear quarter glass division.001
Fra:1 Mem:300.70M (Peak 300.70M) | Time:00:01.05 | Mem:0.00M, Peak:0.00M | Scene, ViewLayer | Synchronizing object | Painted continuous A pillar and roof rail.001
Fra:1 Mem:300.91M (Peak 300.91M) | Time:00:01.05 | Mem:0.00M, Peak:0.00M | Scene, ViewLayer | Synchronizing object | Roof drip molding.001
Fra:1 Mem:303.51M (Peak 303.51M) | Time:00:01.05 | Mem:0.00M, Peak:0.00M | Scene, ViewLayer | Synchronizing object | Hood precision shut line
Fra:1 Mem:303.64M (Peak 303.64M) | Time:00:01.05 | Mem:0.00M, Peak:0.00M | Scene, ViewLayer | Synchronizing object | Front door leading gap
Fra:1 Mem:303.71M (Peak 303.71M) | Time:00:01.05 | Mem:0.00M, Peak:0.00M | Scene, ViewLayer | Synchronizing object | B pillar door gap
Fra:1 Mem:303.77M (Peak 303.77M) | Time:00:01.05 | Mem:0.00M, Peak:0.00M | Scene, ViewLayer | Synchronizing object | Rear door trailing gap
Fra:1 Mem:303.84M (Peak 303.84M) | Time:00:01.05 | Mem:0.00M, Peak:0.00M | Scene, ViewLayer | Synchronizing object | Rocker sill
Fra:1 Mem:306.33M (Peak 306.33M) | Time:00:01.06 | Mem:0.00M, Peak:0.00M | Scene, ViewLayer | Synchronizing object | Rocker silver edge
Fra:1 Mem:306.40M (Peak 306.40M) | Time:00:01.06 | Mem:0.00M, Peak:0.00M | Scene, ViewLayer | Synchronizing object | Handle finger undercut
Fra:1 Mem:306.40M (Peak 306.40M) | Time:00:01.06 | Mem:0.00M, Peak:0.00M | Scene, ViewLayer | Synchronizing object | Flush door handle recess
Fra:1 Mem:306.40M (Peak 306.40M) | Time:00:01.06 | Mem:0.00M, Peak:0.00M | Scene, ViewLayer | Synchronizing object | Flush door handle | Aqua Blue
Fra:1 Mem:306.44M (Peak 306.44M) | Time:00:01.06 | Mem:0.00M, Peak:0.00M | Scene, ViewLayer | Synchronizing object | Handle finger undercut.001
Fra:1 Mem:306.48M (Peak 306.48M) | Time:00:01.06 | Mem:0.00M, Peak:0.00M | Scene, ViewLayer | Synchronizing object | Charging door
Fra:1 Mem:306.56M (Peak 306.56M) | Time:00:01.06 | Mem:0.00M, Peak:0.00M | Scene, ViewLayer | Synchronizing object | Fender blade polished edge
Fra:1 Mem:306.55M (Peak 306.56M) | Time:00:01.06 | Mem:0.00M, Peak:0.00M | Scene, ViewLayer | Synchronizing object | Flush door handle recess.001
Fra:1 Mem:306.53M (Peak 306.56M) | Time:00:01.06 | Mem:0.00M, Peak:0.00M | Scene, ViewLayer | Synchronizing object | Flush door handle | Aqua Blue.001
Fra:1 Mem:306.60M (Peak 306.60M) | Time:00:01.06 | Mem:0.00M, Peak:0.00M | Scene, ViewLayer | Synchronizing object | Mirror stalk
Fra:1 Mem:306.63M (Peak 306.63M) | Time:00:01.06 | Mem:0.00M, Peak:0.00M | Scene, ViewLayer | Synchronizing object | Front fender black air blade
Fra:1 Mem:306.63M (Peak 306.63M) | Time:00:01.06 | Mem:0.00M, Peak:0.00M | Scene, ViewLayer | Synchronizing object | Side camera lens.001
Fra:1 Mem:306.66M (Peak 306.66M) | Time:00:01.06 | Mem:0.00M, Peak:0.00M | Scene, ViewLayer | Synchronizing object | Mirror black lower housing.001
Fra:1 Mem:306.66M (Peak 306.66M) | Time:00:01.06 | Mem:0.00M, Peak:0.00M | Scene, ViewLayer | Synchronizing object | Mirror LED indicator
Fra:1 Mem:306.76M (Peak 306.76M) | Time:00:01.06 | Mem:0.00M, Peak:0.00M | Scene, ViewLayer | Synchronizing object | Mirror painted upper cap.001
Fra:1 Mem:306.77M (Peak 306.77M) | Time:00:01.06 | Mem:0.00M, Peak:0.00M | Scene, ViewLayer | Synchronizing object | Rolled painted wheel arch lip
Fra:1 Mem:307.00M (Peak 307.00M) | Time:00:01.06 | Mem:0.00M, Peak:0.00M | Scene, ViewLayer | Synchronizing object | Wheelhouse dark reveal
Fra:1 Mem:307.11M (Peak 307.11M) | Time:00:01.06 | Mem:0.00M, Peak:0.00M | Scene, ViewLayer | Synchronizing object | Rolled painted wheel arch lip.001
Fra:1 Mem:307.11M (Peak 307.11M) | Time:00:01.06 | Mem:0.00M, Peak:0.00M | Scene, ViewLayer | Synchronizing object | Wheelhouse liner
Fra:1 Mem:307.23M (Peak 307.23M) | Time:00:01.06 | Mem:0.00M, Peak:0.00M | Scene, ViewLayer | Synchronizing object | Wheelhouse dark reveal.001
Fra:1 Mem:307.33M (Peak 307.33M) | Time:00:01.06 | Mem:0.00M, Peak:0.00M | Scene, ViewLayer | Synchronizing object | Wheelhouse liner.001
Fra:1 Mem:307.34M (Peak 307.34M) | Time:00:01.06 | Mem:0.00M, Peak:0.00M | Scene, ViewLayer | Synchronizing object | Hood precision shut line.001
Fra:1 Mem:307.48M (Peak 307.48M) | Time:00:01.06 | Mem:0.00M, Peak:0.00M | Scene, ViewLayer | Synchronizing object | Front door leading gap.001
Fra:1 Mem:307.55M (Peak 307.55M) | Time:00:01.06 | Mem:0.00M, Peak:0.00M | Scene, ViewLayer | Synchronizing object | B pillar door gap.001
Fra:1 Mem:307.61M (Peak 307.61M) | Time:00:01.06 | Mem:0.00M, Peak:0.00M | Scene, ViewLayer | Synchronizing object | Rear door trailing gap.001
Fra:1 Mem:307.68M (Peak 307.68M) | Time:00:01.06 | Mem:0.00M, Peak:0.00M | Scene, ViewLayer | Synchronizing object | Rocker sill.001
Fra:1 Mem:307.74M (Peak 307.74M) | Time:00:01.06 | Mem:0.00M, Peak:0.00M | Scene, ViewLayer | Synchronizing object | Rocker silver edge.001
Fra:1 Mem:307.81M (Peak 307.81M) | Time:00:01.06 | Mem:0.00M, Peak:0.00M | Scene, ViewLayer | Synchronizing object | Flush door handle recess.002
Fra:1 Mem:307.81M (Peak 307.81M) | Time:00:01.06 | Mem:0.00M, Peak:0.00M | Scene, ViewLayer | Synchronizing object | Flush door handle | Aqua Blue.002
Fra:1 Mem:307.90M (Peak 307.90M) | Time:00:01.06 | Mem:0.00M, Peak:0.00M | Scene, ViewLayer | Synchronizing object | Handle finger undercut.003
Fra:1 Mem:307.95M (Peak 307.95M) | Time:00:01.06 | Mem:0.00M, Peak:0.00M | Scene, ViewLayer | Synchronizing object | Fender blade polished edge.001
Fra:1 Mem:307.91M (Peak 307.95M) | Time:00:01.06 | Mem:0.00M, Peak:0.00M | Scene, ViewLayer | Synchronizing object | Mirror stalk.001
Fra:1 Mem:307.91M (Peak 307.95M) | Time:00:01.06 | Mem:0.00M, Peak:0.00M | Scene, ViewLayer | Synchronizing object | Flush door handle recess.003
Fra:1 Mem:307.92M (Peak 307.95M) | Time:00:01.06 | Mem:0.00M, Peak:0.00M | Scene, ViewLayer | Synchronizing object | Mirror LED indicator.001
Fra:1 Mem:308.03M (Peak 308.03M) | Time:00:01.06 | Mem:0.00M, Peak:0.00M | Scene, ViewLayer | Synchronizing object | Rolled painted wheel arch lip.002
Fra:1 Mem:308.10M (Peak 308.10M) | Time:00:01.06 | Mem:0.00M, Peak:0.00M | Scene, ViewLayer | Synchronizing object | Flush door handle | Aqua Blue.003
Fra:1 Mem:308.06M (Peak 308.10M) | Time:00:01.06 | Mem:0.00M, Peak:0.00M | Scene, ViewLayer | Synchronizing object | Wheelhouse dark reveal.002
Fra:1 Mem:308.10M (Peak 308.10M) | Time:00:01.06 | Mem:0.00M, Peak:0.00M | Scene, ViewLayer | Synchronizing object | Front fender black air blade.001
Fra:1 Mem:308.23M (Peak 308.23M) | Time:00:01.06 | Mem:0.00M, Peak:0.00M | Scene, ViewLayer | Synchronizing object | Rolled painted wheel arch lip.003
Fra:1 Mem:308.29M (Peak 308.29M) | Time:00:01.06 | Mem:0.00M, Peak:0.00M | Scene, ViewLayer | Synchronizing object | Side camera lens
Fra:1 Mem:308.37M (Peak 308.37M) | Time:00:01.06 | Mem:0.00M, Peak:0.00M | Scene, ViewLayer | Synchronizing object | Mirror black lower housing
Fra:1 Mem:308.37M (Peak 308.37M) | Time:00:01.06 | Mem:0.00M, Peak:0.00M | Scene, ViewLayer | Synchronizing object | Mirror painted upper cap
Fra:1 Mem:308.56M (Peak 308.56M) | Time:00:01.06 | Mem:0.00M, Peak:0.00M | Scene, ViewLayer | Synchronizing object | Mirror reflective glass
Fra:1 Mem:308.62M (Peak 308.62M) | Time:00:01.06 | Mem:0.00M, Peak:0.00M | Scene, ViewLayer | Synchronizing object | Wheelhouse liner.002
Fra:1 Mem:308.69M (Peak 308.69M) | Time:00:01.06 | Mem:0.00M, Peak:0.00M | Scene, ViewLayer | Synchronizing object | Headlight rubber gasket
Fra:1 Mem:308.70M (Peak 308.70M) | Time:00:01.06 | Mem:0.00M, Peak:0.00M | Scene, ViewLayer | Synchronizing object | Wheelhouse liner.003
Fra:1 Mem:308.75M (Peak 308.75M) | Time:00:01.06 | Mem:0.00M, Peak:0.00M | Scene, ViewLayer | Synchronizing object | Waterdrop headlight | dark compound-curved optical housing
Fra:1 Mem:308.75M (Peak 308.75M) | Time:00:01.06 | Mem:0.00M, Peak:0.00M | Scene, ViewLayer | Synchronizing object | Headlight polished rim
Fra:1 Mem:308.87M (Peak 308.87M) | Time:00:01.06 | Mem:0.00M, Peak:0.00M | Scene, ViewLayer | Synchronizing object | Signature sweeping diagonal DRL
Fra:1 Mem:308.92M (Peak 308.92M) | Time:00:01.06 | Mem:0.00M, Peak:0.00M | Scene, ViewLayer | Synchronizing object | Lower segmented optical return
Fra:1 Mem:308.97M (Peak 308.97M) | Time:00:01.06 | Mem:0.00M, Peak:0.00M | Scene, ViewLayer | Synchronizing object | Upper arrow DRL accent
Fra:1 Mem:309.01M (Peak 309.01M) | Time:00:01.06 | Mem:0.00M, Peak:0.00M | Scene, ViewLayer | Synchronizing object | Rectangular LED projector surround
Fra:1 Mem:309.01M (Peak 309.01M) | Time:00:01.06 | Mem:0.00M, Peak:0.00M | Scene, ViewLayer | Synchronizing object | Deep projector optic
Fra:1 Mem:309.03M (Peak 309.03M) | Time:00:01.06 | Mem:0.00M, Peak:0.00M | Scene, ViewLayer | Synchronizing object | Corner intake rim
Fra:1 Mem:309.17M (Peak 309.17M) | Time:00:01.06 | Mem:0.00M, Peak:0.00M | Scene, ViewLayer | Synchronizing object | Air curtain inner fin
Fra:1 Mem:309.17M (Peak 309.17M) | Time:00:01.06 | Mem:0.00M, Peak:0.00M | Scene, ViewLayer | Synchronizing object | Headlight rubber gasket.001
Fra:1 Mem:309.22M (Peak 309.22M) | Time:00:01.06 | Mem:0.00M, Peak:0.00M | Scene, ViewLayer | Synchronizing object | Headlight polished rim.001
Fra:1 Mem:309.19M (Peak 309.22M) | Time:00:01.06 | Mem:0.00M, Peak:0.00M | Scene, ViewLayer | Synchronizing object | Rectangular LED projector surround.001
Fra:1 Mem:309.22M (Peak 309.22M) | Time:00:01.06 | Mem:0.00M, Peak:0.00M | Scene, ViewLayer | Synchronizing object | Signature sweeping diagonal DRL.001
Fra:1 Mem:309.29M (Peak 309.29M) | Time:00:01.06 | Mem:0.00M, Peak:0.00M | Scene, ViewLayer | Synchronizing object | Deep projector optic.001
Fra:1 Mem:309.38M (Peak 309.38M) | Time:00:01.06 | Mem:0.00M, Peak:0.00M | Scene, ViewLayer | Synchronizing object | Lower segmented optical return.001
Fra:1 Mem:309.33M (Peak 309.38M) | Time:00:01.06 | Mem:0.00M, Peak:0.00M | Scene, ViewLayer | Synchronizing object | Rectangular LED projector surround.002
Fra:1 Mem:309.42M (Peak 309.42M) | Time:00:01.06 | Mem:0.00M, Peak:0.00M | Scene, ViewLayer | Synchronizing object | Upper arrow DRL accent.001
Fra:1 Mem:309.45M (Peak 309.45M) | Time:00:01.06 | Mem:0.00M, Peak:0.00M | Scene, ViewLayer | Synchronizing object | Deep projector optic.002
Fra:1 Mem:311.88M (Peak 311.88M) | Time:00:01.06 | Mem:0.00M, Peak:0.00M | Scene, ViewLayer | Synchronizing object | Rectangular LED projector surround.003
Fra:1 Mem:311.98M (Peak 311.98M) | Time:00:01.06 | Mem:0.00M, Peak:0.00M | Scene, ViewLayer | Synchronizing object | Corner intake rim.001
Fra:1 Mem:311.90M (Peak 311.98M) | Time:00:01.06 | Mem:0.00M, Peak:0.00M | Scene, ViewLayer | Synchronizing object | Deep projector optic.003
Fra:1 Mem:312.03M (Peak 312.03M) | Time:00:01.06 | Mem:0.00M, Peak:0.00M | Scene, ViewLayer | Synchronizing object | Air curtain inner fin.001
Fra:1 Mem:311.97M (Peak 312.03M) | Time:00:01.06 | Mem:0.00M, Peak:0.00M | Scene, ViewLayer | Synchronizing object | Vertical corner air curtain
Fra:1 Mem:309.61M (Peak 312.03M) | Time:00:01.06 | Mem:0.00M, Peak:0.00M | Scene, ViewLayer | Synchronizing object | Satin front intake frame
Fra:1 Mem:309.60M (Peak 312.03M) | Time:00:01.06 | Mem:0.00M, Peak:0.00M | Scene, ViewLayer | Synchronizing object | Waterdrop headlight | dark compound-curved optical housing.001
Fra:1 Mem:309.61M (Peak 312.03M) | Time:00:01.06 | Mem:0.00M, Peak:0.00M | Scene, ViewLayer | Synchronizing object | Rectangular LED projector surround.004
Fra:1 Mem:312.04M (Peak 312.04M) | Time:00:01.06 | Mem:0.00M, Peak:0.00M | Scene, ViewLayer | Synchronizing object | Painted intake ring
Fra:1 Mem:312.20M (Peak 312.20M) | Time:00:01.06 | Mem:0.00M, Peak:0.00M | Scene, ViewLayer | Synchronizing object | Painted intake ring.001
Fra:1 Mem:312.16M (Peak 312.20M) | Time:00:01.06 | Mem:0.00M, Peak:0.00M | Scene, ViewLayer | Synchronizing object | Deep projector optic.004
Fra:1 Mem:312.18M (Peak 312.20M) | Time:00:01.06 | Mem:0.00M, Peak:0.00M | Scene, ViewLayer | Synchronizing object | Horizontal grille louver
Fra:1 Mem:312.18M (Peak 312.20M) | Time:00:01.07 | Mem:0.00M, Peak:0.00M | Scene, ViewLayer | Synchronizing object | Rectangular LED projector surround.005
Fra:1 Mem:312.24M (Peak 312.25M) | Time:00:01.07 | Mem:0.00M, Peak:0.00M | Scene, ViewLayer | Synchronizing object | Horizontal grille louver.001
Fra:1 Mem:309.90M (Peak 312.25M) | Time:00:01.07 | Mem:0.00M, Peak:0.00M | Scene, ViewLayer | Synchronizing object | Horizontal grille louver.002
Fra:1 Mem:309.98M (Peak 312.25M) | Time:00:01.07 | Mem:0.00M, Peak:0.00M | Scene, ViewLayer | Synchronizing object | Horizontal grille louver.003
Fra:1 Mem:309.99M (Peak 312.25M) | Time:00:01.07 | Mem:0.00M, Peak:0.00M | Scene, ViewLayer | Synchronizing object | Rectangular LED projector surround.006
Fra:1 Mem:309.98M (Peak 312.25M) | Time:00:01.07 | Mem:0.00M, Peak:0.00M | Scene, ViewLayer | Synchronizing object | Grille vertical reinforcement
Fra:1 Mem:309.96M (Peak 312.25M) | Time:00:01.07 | Mem:0.00M, Peak:0.00M | Scene, ViewLayer | Synchronizing object | Deep projector optic.006
Fra:1 Mem:309.99M (Peak 312.25M) | Time:00:01.07 | Mem:0.00M, Peak:0.00M | Scene, ViewLayer | Synchronizing object | Grille vertical reinforcement.001
Fra:1 Mem:310.11M (Peak 312.25M) | Time:00:01.07 | Mem:0.00M, Peak:0.00M | Scene, ViewLayer | Synchronizing object | Grille vertical reinforcement.002
Fra:1 Mem:310.17M (Peak 312.25M) | Time:00:01.07 | Mem:0.00M, Peak:0.00M | Scene, ViewLayer | Synchronizing object | Grille vertical reinforcement.003
Fra:1 Mem:310.16M (Peak 312.25M) | Time:00:01.07 | Mem:0.00M, Peak:0.00M | Scene, ViewLayer | Synchronizing object | Grille vertical reinforcement.004
Fra:1 Mem:310.09M (Peak 312.25M) | Time:00:01.07 | Mem:0.00M, Peak:0.00M | Scene, ViewLayer | Synchronizing object | Rectangular LED projector surround.007
Fra:1 Mem:310.09M (Peak 312.25M) | Time:00:01.07 | Mem:0.00M, Peak:0.00M | Scene, ViewLayer | Synchronizing object | Grille vertical reinforcement.005
Fra:1 Mem:310.17M (Peak 312.25M) | Time:00:01.07 | Mem:0.00M, Peak:0.00M | Scene, ViewLayer | Synchronizing object | Grille vertical reinforcement.006
Fra:1 Mem:310.08M (Peak 312.25M) | Time:00:01.07 | Mem:0.00M, Peak:0.00M | Scene, ViewLayer | Synchronizing object | Grille vertical reinforcement.007
Fra:1 Mem:310.14M (Peak 312.25M) | Time:00:01.07 | Mem:0.00M, Peak:0.00M | Scene, ViewLayer | Synchronizing object | Vertical corner air curtain.001
Fra:1 Mem:310.13M (Peak 312.25M) | Time:00:01.07 | Mem:0.00M, Peak:0.00M | Scene, ViewLayer | Synchronizing object | Grille vertical reinforcement.008
Fra:1 Mem:310.12M (Peak 312.25M) | Time:00:01.07 | Mem:0.00M, Peak:0.00M | Scene, ViewLayer | Synchronizing object | Wide trapezoidal front lower intake
Fra:1 Mem:310.27M (Peak 312.25M) | Time:00:01.07 | Mem:0.00M, Peak:0.00M | Scene, ViewLayer | Synchronizing object | Grille vertical reinforcement.009
Fra:1 Mem:310.21M (Peak 312.25M) | Time:00:01.07 | Mem:0.00M, Peak:0.00M | Scene, ViewLayer | Synchronizing object | Sculpted Aqua Blue intake side surround.001
Fra:1 Mem:310.30M (Peak 312.25M) | Time:00:01.07 | Mem:0.00M, Peak:0.00M | Scene, ViewLayer | Synchronizing object | Grille vertical reinforcement.010
Fra:1 Mem:310.29M (Peak 312.25M) | Time:00:01.07 | Mem:0.00M, Peak:0.00M | Scene, ViewLayer | Synchronizing object | Front splitter blade
Fra:1 Mem:310.41M (Peak 312.25M) | Time:00:01.07 | Mem:0.00M, Peak:0.00M | Scene, ViewLayer | Synchronizing object | Front license plate bracket
Fra:1 Mem:310.43M (Peak 312.25M) | Time:00:01.07 | Mem:0.00M, Peak:0.00M | Scene, ViewLayer | Synchronizing object | Front plate lettering
Fra:1 Mem:311.45M (Peak 312.25M) | Time:00:01.07 | Mem:0.00M, Peak:0.00M | Scene, ViewLayer | Synchronizing object | Ultrasonic parking sensor
Fra:1 Mem:311.46M (Peak 312.25M) | Time:00:01.07 | Mem:0.00M, Peak:0.00M | Scene, ViewLayer | Synchronizing object | Hood mi insignia
Fra:1 Mem:311.79M (Peak 312.25M) | Time:00:01.07 | Mem:0.00M, Peak:0.00M | Scene, ViewLayer | Synchronizing object | License plate screw.001
Fra:1 Mem:311.76M (Peak 312.25M) | Time:00:01.07 | Mem:0.00M, Peak:0.00M | Scene, ViewLayer | Synchronizing object | Xiaomi hood emblem
Fra:1 Mem:311.83M (Peak 312.25M) | Time:00:01.07 | Mem:0.00M, Peak:0.00M | Scene, ViewLayer | Synchronizing object | Rear lamp outer seal
Fra:1 Mem:311.81M (Peak 312.25M) | Time:00:01.07 | Mem:0.00M, Peak:0.00M | Scene, ViewLayer | Synchronizing object | Full-width smoked rear lamp housing
Fra:1 Mem:311.98M (Peak 312.25M) | Time:00:01.07 | Mem:0.00M, Peak:0.00M | Scene, ViewLayer | Synchronizing object | Continuous halo rear LED
Fra:1 Mem:312.01M (Peak 312.25M) | Time:00:01.07 | Mem:0.00M, Peak:0.00M | Scene, ViewLayer | Synchronizing object | Halo rear red optical bed
Fra:1 Mem:312.13M (Peak 312.25M) | Time:00:01.07 | Mem:0.00M, Peak:0.00M | Scene, ViewLayer | Synchronizing object | Lower full-width LED filament
Fra:1 Mem:312.30M (Peak 312.30M) | Time:00:01.07 | Mem:0.00M, Peak:0.00M | Scene, ViewLayer | Synchronizing object | Inner taillight return
Fra:1 Mem:312.31M (Peak 312.31M) | Time:00:01.07 | Mem:0.00M, Peak:0.00M | Scene, ViewLayer | Synchronizing object | Rear bumper side air outlet
Fra:1 Mem:312.31M (Peak 312.31M) | Time:00:01.07 | Mem:0.00M, Peak:0.00M | Scene, ViewLayer | Synchronizing object | Rear vent rim
Fra:1 Mem:312.37M (Peak 312.37M) | Time:00:01.07 | Mem:0.00M, Peak:0.00M | Scene, ViewLayer | Synchronizing object | Trunk panel shut line
Fra:1 Mem:312.44M (Peak 312.44M) | Time:00:01.07 | Mem:0.00M, Peak:0.00M | Scene, ViewLayer | Synchronizing object | Rear lower reflector
Fra:1 Mem:312.45M (Peak 312.45M) | Time:00:01.07 | Mem:0.00M, Peak:0.00M | Scene, ViewLayer | Synchronizing object | Inner taillight return.001
Fra:1 Mem:312.46M (Peak 312.46M) | Time:00:01.07 | Mem:0.00M, Peak:0.00M | Scene, ViewLayer | Synchronizing object | Rear bumper side air outlet.001
Fra:1 Mem:312.51M (Peak 312.51M) | Time:00:01.07 | Mem:0.00M, Peak:0.00M | Scene, ViewLayer | Synchronizing object | Rear vent rim.001
Fra:1 Mem:312.57M (Peak 312.57M) | Time:00:01.07 | Mem:0.00M, Peak:0.00M | Scene, ViewLayer | Synchronizing object | Trunk panel shut line.001
Fra:1 Mem:312.61M (Peak 312.61M) | Time:00:01.07 | Mem:0.00M, Peak:0.00M | Scene, ViewLayer | Synchronizing object | Rear lower reflector.001
Fra:1 Mem:312.61M (Peak 312.62M) | Time:00:01.07 | Mem:0.00M, Peak:0.00M | Scene, ViewLayer | Synchronizing object | Rear diffuser painted buttress
Fra:1 Mem:312.79M (Peak 312.79M) | Time:00:01.07 | Mem:0.00M, Peak:0.00M | Scene, ViewLayer | Synchronizing object | Rear diffuser painted buttress.001
Fra:1 Mem:312.85M (Peak 312.85M) | Time:00:01.07 | Mem:0.00M, Peak:0.00M | Scene, ViewLayer | Synchronizing object | Rear diffuser lower lip
Fra:1 Mem:312.96M (Peak 312.96M) | Time:00:01.07 | Mem:0.00M, Peak:0.00M | Scene, ViewLayer | Synchronizing object | Underfloor diffuser strake
Fra:1 Mem:312.98M (Peak 312.98M) | Time:00:01.07 | Mem:0.00M, Peak:0.00M | Scene, ViewLayer | Synchronizing object | Underfloor diffuser strake.002
Fra:1 Mem:313.04M (Peak 313.04M) | Time:00:01.07 | Mem:0.00M, Peak:0.00M | Scene, ViewLayer | Synchronizing object | Rear plate SU7
Fra:1 Mem:313.40M (Peak 313.40M) | Time:00:01.07 | Mem:0.00M, Peak:0.00M | Scene, ViewLayer | Synchronizing object | Underfloor diffuser strake.003
Fra:1 Mem:313.38M (Peak 313.40M) | Time:00:01.07 | Mem:0.00M, Peak:0.00M | Scene, ViewLayer | Synchronizing object | Underfloor diffuser strake.004
Fra:1 Mem:313.40M (Peak 313.40M) | Time:00:01.07 | Mem:0.00M, Peak:0.00M | Scene, ViewLayer | Synchronizing object | Rear plate bracket
Fra:1 Mem:313.55M (Peak 313.55M) | Time:00:01.07 | Mem:0.00M, Peak:0.00M | Scene, ViewLayer | Synchronizing object | Rear spaced Xiaomi lettering | x
Fra:1 Mem:313.45M (Peak 313.55M) | Time:00:01.07 | Mem:0.00M, Peak:0.00M | Scene, ViewLayer | Synchronizing object | Rear license plate
Fra:1 Mem:313.48M (Peak 313.55M) | Time:00:01.07 | Mem:0.00M, Peak:0.00M | Scene, ViewLayer | Synchronizing object | Rear spaced Xiaomi lettering | i
Fra:1 Mem:313.62M (Peak 313.62M) | Time:00:01.07 | Mem:0.00M, Peak:0.00M | Scene, ViewLayer | Synchronizing object | Rear spaced Xiaomi lettering | a
Fra:1 Mem:313.81M (Peak 313.81M) | Time:00:01.07 | Mem:0.00M, Peak:0.00M | Scene, ViewLayer | Synchronizing object | Rear spaced Xiaomi lettering | o
Fra:1 Mem:313.95M (Peak 313.95M) | Time:00:01.07 | Mem:0.00M, Peak:0.00M | Scene, ViewLayer | Synchronizing object | Rear spaced Xiaomi lettering | m
Fra:1 Mem:314.10M (Peak 314.10M) | Time:00:01.07 | Mem:0.00M, Peak:0.00M | Scene, ViewLayer | Synchronizing object | Rear spaced Xiaomi lettering | i.001
Fra:1 Mem:314.17M (Peak 314.17M) | Time:00:01.07 | Mem:0.00M, Peak:0.00M | Scene, ViewLayer | Synchronizing object | Rear model badge
Fra:1 Mem:314.46M (Peak 314.46M) | Time:00:01.07 | Mem:0.00M, Peak:0.00M | Scene, ViewLayer | Synchronizing object | Rear Max badge
Fra:1 Mem:314.74M (Peak 314.74M) | Time:00:01.07 | Mem:0.00M, Peak:0.00M | Scene, ViewLayer | Synchronizing object | Rear manufacturer badge
Fra:1 Mem:314.93M (Peak 314.93M) | Time:00:01.08 | Mem:0.00M, Peak:0.00M | Scene, ViewLayer | Synchronizing object | Integrated rear deck ducktail
Fra:1 Mem:315.07M (Peak 315.07M) | Time:00:01.08 | Mem:0.00M, Peak:0.00M | Scene, ViewLayer | Synchronizing object | Retractable spoiler shut line
Fra:1 Mem:315.15M (Peak 315.15M) | Time:00:01.08 | Mem:0.00M, Peak:0.00M | Scene, ViewLayer | Synchronizing object | Rear parking camera
Fra:1 Mem:315.15M (Peak 315.15M) | Time:00:01.08 | Mem:0.00M, Peak:0.00M | Scene, ViewLayer | Synchronizing object | Front left tire molded sidewall ring.001
Fra:1 Mem:315.44M (Peak 315.44M) | Time:00:01.08 | Mem:0.00M, Peak:0.00M | Scene, ViewLayer | Synchronizing object | Front left tire molded sidewall ring.002
Fra:1 Mem:315.45M (Peak 315.45M) | Time:00:01.08 | Mem:0.00M, Peak:0.00M | Scene, ViewLayer | Synchronizing object | Front left tire molded sidewall ring
Fra:1 Mem:315.55M (Peak 315.55M) | Time:00:01.08 | Mem:0.00M, Peak:0.00M | Scene, ViewLayer | Synchronizing object | Front left directional tread | 792 blocks
Fra:1 Mem:315.98M (Peak 315.98M) | Time:00:01.08 | Mem:0.00M, Peak:0.00M | Scene, ViewLayer | Synchronizing object | Front left cast rim barrel
Fra:1 Mem:316.13M (Peak 316.13M) | Time:00:01.08 | Mem:0.00M, Peak:0.00M | Scene, ViewLayer | Synchronizing object | Front left diamond-cut outer flange
Fra:1 Mem:316.36M (Peak 316.36M) | Time:00:01.08 | Mem:0.00M, Peak:0.00M | Scene, ViewLayer | Synchronizing object | Front left inner rim accent
Fra:1 Mem:316.46M (Peak 316.46M) | Time:00:01.08 | Mem:0.00M, Peak:0.00M | Scene, ViewLayer | Synchronizing object | Front left brake rotor
Fra:1 Mem:316.49M (Peak 316.49M) | Time:00:01.08 | Mem:0.00M, Peak:0.00M | Scene, ViewLayer | Synchronizing object | Front left rotor outer scoring
Fra:1 Mem:316.59M (Peak 316.59M) | Time:00:01.08 | Mem:0.00M, Peak:0.00M | Scene, ViewLayer | Synchronizing object | Front left drilled rotor perforation
Fra:1 Mem:316.66M (Peak 316.66M) | Time:00:01.08 | Mem:0.00M, Peak:0.00M | Scene, ViewLayer | Synchronizing object | Front left drilled rotor perforation.001
Fra:1 Mem:316.73M (Peak 316.73M) | Time:00:01.08 | Mem:0.00M, Peak:0.00M | Scene, ViewLayer | Synchronizing object | Front left drilled rotor perforation.002
Fra:1 Mem:316.73M (Peak 316.73M) | Time:00:01.08 | Mem:0.00M, Peak:0.00M | Scene, ViewLayer | Synchronizing object | Front left drilled rotor perforation.003
Fra:1 Mem:316.76M (Peak 316.76M) | Time:00:01.08 | Mem:0.00M, Peak:0.00M | Scene, ViewLayer | Synchronizing object | Front left caliper marking
Fra:1 Mem:316.85M (Peak 316.85M) | Time:00:01.08 | Mem:0.00M, Peak:0.00M | Scene, ViewLayer | Synchronizing object | Front left drilled rotor perforation.004
Fra:1 Mem:316.81M (Peak 316.85M) | Time:00:01.08 | Mem:0.00M, Peak:0.00M | Scene, ViewLayer | Synchronizing object | Front left drilled rotor perforation.006
Fra:1 Mem:317.27M (Peak 317.27M) | Time:00:01.08 | Mem:0.00M, Peak:0.00M | Scene, ViewLayer | Synchronizing object | Front left drilled rotor perforation.008
Fra:1 Mem:317.44M (Peak 317.44M) | Time:00:01.08 | Mem:0.00M, Peak:0.00M | Scene, ViewLayer | Synchronizing object | Front left drilled rotor perforation.009
Fra:1 Mem:317.43M (Peak 317.44M) | Time:00:01.08 | Mem:0.00M, Peak:0.00M | Scene, ViewLayer | Synchronizing object | Front left drilled rotor perforation.010
Fra:1 Mem:317.44M (Peak 317.44M) | Time:00:01.08 | Mem:0.00M, Peak:0.00M | Scene, ViewLayer | Synchronizing object | Front left drilled rotor perforation.011
Fra:1 Mem:317.51M (Peak 317.51M) | Time:00:01.08 | Mem:0.00M, Peak:0.00M | Scene, ViewLayer | Synchronizing object | Front left drilled rotor perforation.012
Fra:1 Mem:317.50M (Peak 317.51M) | Time:00:01.08 | Mem:0.00M, Peak:0.00M | Scene, ViewLayer | Synchronizing object | Front left drilled rotor perforation.014
Fra:1 Mem:317.60M (Peak 317.60M) | Time:00:01.08 | Mem:0.00M, Peak:0.00M | Scene, ViewLayer | Synchronizing object | Front left drilled rotor perforation.015
Fra:1 Mem:317.52M (Peak 317.60M) | Time:00:01.08 | Mem:0.00M, Peak:0.00M | Scene, ViewLayer | Synchronizing object | Front left drilled rotor perforation.016
Fra:1 Mem:317.54M (Peak 317.60M) | Time:00:01.08 | Mem:0.00M, Peak:0.00M | Scene, ViewLayer | Synchronizing object | Front left drilled rotor perforation.017
Fra:1 Mem:317.56M (Peak 317.60M) | Time:00:01.08 | Mem:0.00M, Peak:0.00M | Scene, ViewLayer | Synchronizing object | Front left center mi logo
Fra:1 Mem:317.83M (Peak 317.83M) | Time:00:01.08 | Mem:0.00M, Peak:0.00M | Scene, ViewLayer | Synchronizing object | Front left drilled rotor perforation.018
Fra:1 Mem:317.82M (Peak 317.83M) | Time:00:01.08 | Mem:0.00M, Peak:0.00M | Scene, ViewLayer | Synchronizing object | Front left drilled rotor perforation.019
Fra:1 Mem:317.83M (Peak 317.83M) | Time:00:01.08 | Mem:0.00M, Peak:0.00M | Scene, ViewLayer | Synchronizing object | Front left drilled rotor perforation.020
Fra:1 Mem:317.84M (Peak 317.84M) | Time:00:01.08 | Mem:0.00M, Peak:0.00M | Scene, ViewLayer | Synchronizing object | Front left drilled rotor perforation.021
Fra:1 Mem:317.84M (Peak 317.84M) | Time:00:01.08 | Mem:0.00M, Peak:0.00M | Scene, ViewLayer | Synchronizing object | Front left sidewall lettering
Fra:1 Mem:317.92M (Peak 317.92M) | Time:00:01.08 | Mem:0.00M, Peak:0.00M | Scene, ViewLayer | Synchronizing object | Front left sidewall lettering.001
Fra:1 Mem:317.95M (Peak 317.95M) | Time:00:01.08 | Mem:0.00M, Peak:0.00M | Scene, ViewLayer | Synchronizing object | Front left sidewall lettering.002
Fra:1 Mem:317.92M (Peak 317.95M) | Time:00:01.08 | Mem:0.00M, Peak:0.00M | Scene, ViewLayer | Synchronizing object | Front left drilled rotor perforation.024
Fra:1 Mem:318.10M (Peak 318.10M) | Time:00:01.08 | Mem:0.00M, Peak:0.00M | Scene, ViewLayer | Synchronizing object | Front left drilled rotor perforation.025
Fra:1 Mem:318.08M (Peak 318.10M) | Time:00:01.08 | Mem:0.00M, Peak:0.00M | Scene, ViewLayer | Synchronizing object | Front left drilled rotor perforation.026
Fra:1 Mem:318.07M (Peak 318.10M) | Time:00:01.08 | Mem:0.00M, Peak:0.00M | Scene, ViewLayer | Synchronizing object | Front left drilled rotor perforation.027
Fra:1 Mem:318.15M (Peak 318.15M) | Time:00:01.08 | Mem:0.00M, Peak:0.00M | Scene, ViewLayer | Synchronizing object | Front left sidewall lettering.004
Fra:1 Mem:318.18M (Peak 318.18M) | Time:00:01.08 | Mem:0.00M, Peak:0.00M | Scene, ViewLayer | Synchronizing object | Front left drilled rotor perforation.028
Fra:1 Mem:318.14M (Peak 318.18M) | Time:00:01.08 | Mem:0.00M, Peak:0.00M | Scene, ViewLayer | Synchronizing object | Front left drilled rotor perforation.029
Fra:1 Mem:318.16M (Peak 318.18M) | Time:00:01.08 | Mem:0.00M, Peak:0.00M | Scene, ViewLayer | Synchronizing object | Front left drilled rotor perforation.030
Fra:1 Mem:318.19M (Peak 318.19M) | Time:00:01.08 | Mem:0.00M, Peak:0.00M | Scene, ViewLayer | Synchronizing object | Front left sidewall lettering.006
Fra:1 Mem:318.21M (Peak 318.21M) | Time:00:01.08 | Mem:0.00M, Peak:0.00M | Scene, ViewLayer | Synchronizing object | Front left drilled rotor perforation.031
Fra:1 Mem:318.22M (Peak 318.22M) | Time:00:01.08 | Mem:0.00M, Peak:0.00M | Scene, ViewLayer | Synchronizing object | Front left sidewall lettering.007
Fra:1 Mem:318.19M (Peak 318.22M) | Time:00:01.08 | Mem:0.00M, Peak:0.00M | Scene, ViewLayer | Synchronizing object | Front left drilled rotor perforation.032
Fra:1 Mem:318.20M (Peak 318.22M) | Time:00:01.08 | Mem:0.00M, Peak:0.00M | Scene, ViewLayer | Synchronizing object | Front left drilled rotor perforation.033
Fra:1 Mem:318.24M (Peak 318.24M) | Time:00:01.08 | Mem:0.00M, Peak:0.00M | Scene, ViewLayer | Synchronizing object | Front left sidewall lettering.008
Fra:1 Mem:318.37M (Peak 318.37M) | Time:00:01.08 | Mem:0.00M, Peak:0.00M | Scene, ViewLayer | Synchronizing object | Front left drilled rotor perforation.034
Fra:1 Mem:318.36M (Peak 318.37M) | Time:00:01.08 | Mem:0.00M, Peak:0.00M | Scene, ViewLayer | Synchronizing object | Front left sidewall lettering.009
Fra:1 Mem:318.35M (Peak 318.37M) | Time:00:01.08 | Mem:0.00M, Peak:0.00M | Scene, ViewLayer | Synchronizing object | Front left drilled rotor perforation.035
Fra:1 Mem:318.36M (Peak 318.37M) | Time:00:01.08 | Mem:0.00M, Peak:0.00M | Scene, ViewLayer | Synchronizing object | Front left sidewall lettering.010
Fra:1 Mem:318.36M (Peak 318.37M) | Time:00:01.08 | Mem:0.00M, Peak:0.00M | Scene, ViewLayer | Synchronizing object | Front left drilled rotor perforation.036
Fra:1 Mem:318.39M (Peak 318.39M) | Time:00:01.08 | Mem:0.00M, Peak:0.00M | Scene, ViewLayer | Synchronizing object | Front left sidewall lettering.011
Fra:1 Mem:318.51M (Peak 318.51M) | Time:00:01.08 | Mem:0.00M, Peak:0.00M | Scene, ViewLayer | Synchronizing object | Front left drilled rotor perforation.037
Fra:1 Mem:318.51M (Peak 318.51M) | Time:00:01.08 | Mem:0.00M, Peak:0.00M | Scene, ViewLayer | Synchronizing object | Front left drilled rotor perforation.038
Fra:1 Mem:318.55M (Peak 318.55M) | Time:00:01.08 | Mem:0.00M, Peak:0.00M | Scene, ViewLayer | Synchronizing object | Front left sidewall lettering.012
Fra:1 Mem:318.58M (Peak 318.58M) | Time:00:01.08 | Mem:0.00M, Peak:0.00M | Scene, ViewLayer | Synchronizing object | Front left drilled rotor perforation.039
Fra:1 Mem:318.58M (Peak 318.58M) | Time:00:01.08 | Mem:0.00M, Peak:0.00M | Scene, ViewLayer | Synchronizing object | Front left sidewall lettering.013
Fra:1 Mem:318.60M (Peak 318.60M) | Time:00:01.08 | Mem:0.00M, Peak:0.00M | Scene, ViewLayer | Synchronizing object | Front left drilled rotor perforation.040
Fra:1 Mem:318.58M (Peak 318.60M) | Time:00:01.08 | Mem:0.00M, Peak:0.00M | Scene, ViewLayer | Synchronizing object | Front left sidewall lettering.014
Fra:1 Mem:318.77M (Peak 318.77M) | Time:00:01.08 | Mem:0.00M, Peak:0.00M | Scene, ViewLayer | Synchronizing object | Front left drilled rotor perforation.041
Fra:1 Mem:318.75M (Peak 318.77M) | Time:00:01.08 | Mem:0.00M, Peak:0.00M | Scene, ViewLayer | Synchronizing object | Front left drilled rotor perforation.042
Fra:1 Mem:318.77M (Peak 318.77M) | Time:00:01.08 | Mem:0.00M, Peak:0.00M | Scene, ViewLayer | Synchronizing object | Front left drilled rotor perforation.043
Fra:1 Mem:318.79M (Peak 318.79M) | Time:00:01.08 | Mem:0.00M, Peak:0.00M | Scene, ViewLayer | Synchronizing object | Front left sidewall lettering.015
Fra:1 Mem:318.90M (Peak 318.90M) | Time:00:01.08 | Mem:0.00M, Peak:0.00M | Scene, ViewLayer | Synchronizing object | Front left drilled rotor perforation.044
Fra:1 Mem:318.89M (Peak 318.90M) | Time:00:01.08 | Mem:0.00M, Peak:0.00M | Scene, ViewLayer | Synchronizing object | Front left drilled rotor perforation.045
Fra:1 Mem:318.87M (Peak 318.90M) | Time:00:01.08 | Mem:0.00M, Peak:0.00M | Scene, ViewLayer | Synchronizing object | Front left sidewall lettering.016
Fra:1 Mem:319.06M (Peak 319.06M) | Time:00:01.08 | Mem:0.00M, Peak:0.00M | Scene, ViewLayer | Synchronizing object | Front left drilled rotor perforation.046
Fra:1 Mem:319.05M (Peak 319.06M) | Time:00:01.08 | Mem:0.00M, Peak:0.00M | Scene, ViewLayer | Synchronizing object | Front left drilled rotor perforation.047
Fra:1 Mem:319.05M (Peak 319.06M) | Time:00:01.08 | Mem:0.00M, Peak:0.00M | Scene, ViewLayer | Synchronizing object | Front left sidewall lettering.017
Fra:1 Mem:319.25M (Peak 319.25M) | Time:00:01.08 | Mem:0.00M, Peak:0.00M | Scene, ViewLayer | Synchronizing object | Front left drilled rotor perforation.049
Fra:1 Mem:319.23M (Peak 319.25M) | Time:00:01.08 | Mem:0.00M, Peak:0.00M | Scene, ViewLayer | Synchronizing object | Front left drilled rotor perforation.050
Fra:1 Mem:319.25M (Peak 319.25M) | Time:00:01.08 | Mem:0.00M, Peak:0.00M | Scene, ViewLayer | Synchronizing object | Front left drilled rotor perforation.051
Fra:1 Mem:319.28M (Peak 319.28M) | Time:00:01.08 | Mem:0.00M, Peak:0.00M | Scene, ViewLayer | Synchronizing object | Front left sidewall lettering.019
Fra:1 Mem:319.28M (Peak 319.28M) | Time:00:01.08 | Mem:0.00M, Peak:0.00M | Scene, ViewLayer | Synchronizing object | Front left sidewall lettering.020
Fra:1 Mem:319.28M (Peak 319.28M) | Time:00:01.08 | Mem:0.00M, Peak:0.00M | Scene, ViewLayer | Synchronizing object | Front left drilled rotor perforation.052
Fra:1 Mem:319.30M (Peak 319.30M) | Time:00:01.08 | Mem:0.00M, Peak:0.00M | Scene, ViewLayer | Synchronizing object | Front left sidewall lettering.021
Fra:1 Mem:319.34M (Peak 319.34M) | Time:00:01.08 | Mem:0.00M, Peak:0.00M | Scene, ViewLayer | Synchronizing object | Front left drilled rotor perforation.053
Fra:1 Mem:319.34M (Peak 319.34M) | Time:00:01.08 | Mem:0.00M, Peak:0.00M | Scene, ViewLayer | Synchronizing object | Front left drilled rotor perforation.054
Fra:1 Mem:319.32M (Peak 319.34M) | Time:00:01.08 | Mem:0.00M, Peak:0.00M | Scene, ViewLayer | Synchronizing object | Front left drilled rotor perforation.055
Fra:1 Mem:319.35M (Peak 319.35M) | Time:00:01.08 | Mem:0.00M, Peak:0.00M | Scene, ViewLayer | Synchronizing object | Front left drilled rotor perforation.056
Fra:1 Mem:319.41M (Peak 319.41M) | Time:00:01.08 | Mem:0.00M, Peak:0.00M | Scene, ViewLayer | Synchronizing object | Front left drilled rotor perforation.057
Fra:1 Mem:319.38M (Peak 319.41M) | Time:00:01.08 | Mem:0.00M, Peak:0.00M | Scene, ViewLayer | Synchronizing object | Front left drilled rotor perforation.058
Fra:1 Mem:319.44M (Peak 319.44M) | Time:00:01.08 | Mem:0.00M, Peak:0.00M | Scene, ViewLayer | Synchronizing object | Front left drilled rotor perforation.059
Fra:1 Mem:319.41M (Peak 319.44M) | Time:00:01.08 | Mem:0.00M, Peak:0.00M | Scene, ViewLayer | Synchronizing object | Front left drilled rotor perforation.060
Fra:1 Mem:319.42M (Peak 319.44M) | Time:00:01.08 | Mem:0.00M, Peak:0.00M | Scene, ViewLayer | Synchronizing object | Front left drilled rotor perforation.061
Fra:1 Mem:319.48M (Peak 319.48M) | Time:00:01.08 | Mem:0.00M, Peak:0.00M | Scene, ViewLayer | Synchronizing object | Front left drilled rotor perforation.063
Fra:1 Mem:319.46M (Peak 319.48M) | Time:00:01.08 | Mem:0.00M, Peak:0.00M | Scene, ViewLayer | Synchronizing object | Front right caliper marking
Fra:1 Mem:319.60M (Peak 319.60M) | Time:00:01.08 | Mem:0.00M, Peak:0.00M | Scene, ViewLayer | Synchronizing object | Front left drilled rotor perforation.064
Fra:1 Mem:319.87M (Peak 319.87M) | Time:00:01.08 | Mem:0.00M, Peak:0.00M | Scene, ViewLayer | Synchronizing object | Front left drilled rotor perforation.065
Fra:1 Mem:320.06M (Peak 320.06M) | Time:00:01.09 | Mem:0.00M, Peak:0.00M | Scene, ViewLayer | Synchronizing object | Front left drilled rotor perforation.066
Fra:1 Mem:320.20M (Peak 320.20M) | Time:00:01.09 | Mem:0.00M, Peak:0.00M | Scene, ViewLayer | Synchronizing object | Front left drilled rotor perforation.067
Fra:1 Mem:320.16M (Peak 320.20M) | Time:00:01.09 | Mem:0.00M, Peak:0.00M | Scene, ViewLayer | Synchronizing object | Front left drilled rotor perforation.068
Fra:1 Mem:320.19M (Peak 320.20M) | Time:00:01.09 | Mem:0.00M, Peak:0.00M | Scene, ViewLayer | Synchronizing object | Front left drilled rotor perforation.069
Fra:1 Mem:320.25M (Peak 320.25M) | Time:00:01.09 | Mem:0.00M, Peak:0.00M | Scene, ViewLayer | Synchronizing object | Front left drilled rotor perforation.070
Fra:1 Mem:320.30M (Peak 320.30M) | Time:00:01.09 | Mem:0.00M, Peak:0.00M | Scene, ViewLayer | Synchronizing object | Front left drilled rotor perforation.071
Fra:1 Mem:320.27M (Peak 320.30M) | Time:00:01.09 | Mem:0.00M, Peak:0.00M | Scene, ViewLayer | Synchronizing object | Front left brake disc bell
Fra:1 Mem:320.31M (Peak 320.31M) | Time:00:01.09 | Mem:0.00M, Peak:0.00M | Scene, ViewLayer | Synchronizing object | Front left yellow six-piston caliper
Fra:1 Mem:320.43M (Peak 320.43M) | Time:00:01.09 | Mem:0.00M, Peak:0.00M | Scene, ViewLayer | Synchronizing object | Front right center mi logo
Fra:1 Mem:320.45M (Peak 320.45M) | Time:00:01.09 | Mem:0.00M, Peak:0.00M | Scene, ViewLayer | Synchronizing object | Front left machined split spoke
Fra:1 Mem:320.60M (Peak 320.60M) | Time:00:01.09 | Mem:0.00M, Peak:0.00M | Scene, ViewLayer | Synchronizing object | Front left black spoke pocket
Fra:1 Mem:320.62M (Peak 320.62M) | Time:00:01.09 | Mem:0.00M, Peak:0.00M | Scene, ViewLayer | Synchronizing object | Front left machined split spoke.001
Fra:1 Mem:320.66M (Peak 320.66M) | Time:00:01.09 | Mem:0.00M, Peak:0.00M | Scene, ViewLayer | Synchronizing object | Front left black spoke pocket.001
Fra:1 Mem:320.71M (Peak 320.71M) | Time:00:01.09 | Mem:0.00M, Peak:0.00M | Scene, ViewLayer | Synchronizing object | Front right sidewall lettering
Fra:1 Mem:320.78M (Peak 320.78M) | Time:00:01.09 | Mem:0.00M, Peak:0.00M | Scene, ViewLayer | Synchronizing object | Front right sidewall lettering.001
Fra:1 Mem:320.75M (Peak 320.78M) | Time:00:01.09 | Mem:0.00M, Peak:0.00M | Scene, ViewLayer | Synchronizing object | Front right sidewall lettering.002
Fra:1 Mem:320.74M (Peak 320.78M) | Time:00:01.09 | Mem:0.00M, Peak:0.00M | Scene, ViewLayer | Synchronizing object | Front left black spoke pocket.002
Fra:1 Mem:320.83M (Peak 320.83M) | Time:00:01.09 | Mem:0.00M, Peak:0.00M | Scene, ViewLayer | Synchronizing object | Front left machined split spoke.003
Fra:1 Mem:320.93M (Peak 320.92M) | Time:00:01.09 | Mem:0.00M, Peak:0.00M | Scene, ViewLayer | Synchronizing object | Front right sidewall lettering.003
Fra:1 Mem:321.02M (Peak 321.02M) | Time:00:01.09 | Mem:0.00M, Peak:0.00M | Scene, ViewLayer | Synchronizing object | Front right sidewall lettering.004
Fra:1 Mem:320.95M (Peak 321.02M) | Time:00:01.09 | Mem:0.00M, Peak:0.00M | Scene, ViewLayer | Synchronizing object | Front left black spoke pocket.003
Fra:1 Mem:321.00M (Peak 321.02M) | Time:00:01.09 | Mem:0.00M, Peak:0.00M | Scene, ViewLayer | Synchronizing object | Front right sidewall lettering.005
Fra:1 Mem:321.01M (Peak 321.02M) | Time:00:01.09 | Mem:0.00M, Peak:0.00M | Scene, ViewLayer | Synchronizing object | Front left machined split spoke.004
Fra:1 Mem:321.00M (Peak 321.02M) | Time:00:01.09 | Mem:0.00M, Peak:0.00M | Scene, ViewLayer | Synchronizing object | Front right sidewall lettering.006
Fra:1 Mem:321.06M (Peak 321.06M) | Time:00:01.09 | Mem:0.00M, Peak:0.00M | Scene, ViewLayer | Synchronizing object | Front left black spoke pocket.004
Fra:1 Mem:321.05M (Peak 321.06M) | Time:00:01.09 | Mem:0.00M, Peak:0.00M | Scene, ViewLayer | Synchronizing object | Front right sidewall lettering.007
Fra:1 Mem:321.10M (Peak 321.10M) | Time:00:01.09 | Mem:0.00M, Peak:0.00M | Scene, ViewLayer | Synchronizing object | Front left machined split spoke.005
Fra:1 Mem:321.09M (Peak 321.10M) | Time:00:01.09 | Mem:0.00M, Peak:0.00M | Scene, ViewLayer | Synchronizing object | Front right sidewall lettering.008
Fra:1 Mem:321.18M (Peak 321.18M) | Time:00:01.09 | Mem:0.00M, Peak:0.00M | Scene, ViewLayer | Synchronizing object | Front left black spoke pocket.005
Fra:1 Mem:321.19M (Peak 321.19M) | Time:00:01.09 | Mem:0.00M, Peak:0.00M | Scene, ViewLayer | Synchronizing object | Front left machined split spoke.006
Fra:1 Mem:321.22M (Peak 321.22M) | Time:00:01.09 | Mem:0.00M, Peak:0.00M | Scene, ViewLayer | Synchronizing object | Front left black spoke pocket.006
Fra:1 Mem:321.32M (Peak 321.32M) | Time:00:01.09 | Mem:0.00M, Peak:0.00M | Scene, ViewLayer | Synchronizing object | Front right sidewall lettering.010
Fra:1 Mem:321.34M (Peak 321.34M) | Time:00:01.09 | Mem:0.00M, Peak:0.00M | Scene, ViewLayer | Synchronizing object | Front right sidewall lettering.011
Fra:1 Mem:321.27M (Peak 321.34M) | Time:00:01.09 | Mem:0.00M, Peak:0.00M | Scene, ViewLayer | Synchronizing object | Front left machined split spoke.007
Fra:1 Mem:321.37M (Peak 321.37M) | Time:00:01.09 | Mem:0.00M, Peak:0.00M | Scene, ViewLayer | Synchronizing object | Front left machined split spoke.008
Fra:1 Mem:321.49M (Peak 321.49M) | Time:00:01.09 | Mem:0.00M, Peak:0.00M | Scene, ViewLayer | Synchronizing object | Front right sidewall lettering.012
Fra:1 Mem:321.54M (Peak 321.54M) | Time:00:01.09 | Mem:0.00M, Peak:0.00M | Scene, ViewLayer | Synchronizing object | Front right sidewall lettering.013
Fra:1 Mem:321.55M (Peak 321.55M) | Time:00:01.09 | Mem:0.00M, Peak:0.00M | Scene, ViewLayer | Synchronizing object | Front right sidewall lettering.014
Fra:1 Mem:321.54M (Peak 321.55M) | Time:00:01.09 | Mem:0.00M, Peak:0.00M | Scene, ViewLayer | Synchronizing object | Front left black spoke pocket.008
Fra:1 Mem:321.64M (Peak 321.64M) | Time:00:01.09 | Mem:0.00M, Peak:0.00M | Scene, ViewLayer | Synchronizing object | Front left machined split spoke.009
Fra:1 Mem:321.74M (Peak 321.74M) | Time:00:01.09 | Mem:0.00M, Peak:0.00M | Scene, ViewLayer | Synchronizing object | Front right sidewall lettering.015
Fra:1 Mem:321.81M (Peak 321.82M) | Time:00:01.09 | Mem:0.00M, Peak:0.00M | Scene, ViewLayer | Synchronizing object | Front left black spoke pocket.009
Fra:1 Mem:321.79M (Peak 321.82M) | Time:00:01.09 | Mem:0.00M, Peak:0.00M | Scene, ViewLayer | Synchronizing object | Front left center hub
Fra:1 Mem:321.81M (Peak 321.82M) | Time:00:01.09 | Mem:0.00M, Peak:0.00M | Scene, ViewLayer | Synchronizing object | Front right sidewall lettering.016
Fra:1 Mem:321.88M (Peak 321.88M) | Time:00:01.09 | Mem:0.00M, Peak:0.00M | Scene, ViewLayer | Synchronizing object | Front left center cap ring
Fra:1 Mem:322.15M (Peak 322.15M) | Time:00:01.09 | Mem:0.00M, Peak:0.00M | Scene, ViewLayer | Synchronizing object | Front left titanium lug nut
Fra:1 Mem:322.18M (Peak 322.18M) | Time:00:01.09 | Mem:0.00M, Peak:0.00M | Scene, ViewLayer | Synchronizing object | Front right sidewall lettering.017
Fra:1 Mem:322.15M (Peak 322.18M) | Time:00:01.09 | Mem:0.00M, Peak:0.00M | Scene, ViewLayer | Synchronizing object | Front left titanium lug nut.001
Fra:1 Mem:322.22M (Peak 322.22M) | Time:00:01.09 | Mem:0.00M, Peak:0.00M | Scene, ViewLayer | Synchronizing object | Front left titanium lug nut.002
Fra:1 Mem:322.24M (Peak 322.24M) | Time:00:01.09 | Mem:0.00M, Peak:0.00M | Scene, ViewLayer | Synchronizing object | Front left titanium lug nut.003
Fra:1 Mem:322.28M (Peak 322.28M) | Time:00:01.09 | Mem:0.00M, Peak:0.00M | Scene, ViewLayer | Synchronizing object | Front right sidewall lettering.018
Fra:1 Mem:322.29M (Peak 322.29M) | Time:00:01.09 | Mem:0.00M, Peak:0.00M | Scene, ViewLayer | Synchronizing object | Front left titanium lug nut.004
Fra:1 Mem:322.26M (Peak 322.29M) | Time:00:01.09 | Mem:0.00M, Peak:0.00M | Scene, ViewLayer | Synchronizing object | Front right sidewall lettering.019
Fra:1 Mem:322.28M (Peak 322.29M) | Time:00:01.09 | Mem:0.00M, Peak:0.00M | Scene, ViewLayer | Synchronizing object | Front right | tire carcass
Fra:1 Mem:322.39M (Peak 322.39M) | Time:00:01.09 | Mem:0.00M, Peak:0.00M | Scene, ViewLayer | Synchronizing object | Front right sidewall lettering.020
Fra:1 Mem:322.42M (Peak 322.42M) | Time:00:01.09 | Mem:0.00M, Peak:0.00M | Scene, ViewLayer | Synchronizing object | Front right tire molded sidewall ring.001
Fra:1 Mem:322.41M (Peak 322.42M) | Time:00:01.09 | Mem:0.00M, Peak:0.00M | Scene, ViewLayer | Synchronizing object | Front right sidewall lettering.021
Fra:1 Mem:322.50M (Peak 322.50M) | Time:00:01.09 | Mem:0.00M, Peak:0.00M | Scene, ViewLayer | Synchronizing object | Front right tire molded sidewall ring
Fra:1 Mem:322.73M (Peak 322.73M) | Time:00:01.09 | Mem:0.00M, Peak:0.00M | Scene, ViewLayer | Synchronizing object | Front right directional tread | 792 blocks
Fra:1 Mem:322.80M (Peak 322.80M) | Time:00:01.09 | Mem:0.00M, Peak:0.00M | Scene, ViewLayer | Synchronizing object | Front right cast rim barrel
Fra:1 Mem:323.13M (Peak 323.13M) | Time:00:01.09 | Mem:0.00M, Peak:0.00M | Scene, ViewLayer | Synchronizing object | Front right diamond-cut outer flange
Fra:1 Mem:323.20M (Peak 323.20M) | Time:00:01.09 | Mem:0.00M, Peak:0.00M | Scene, ViewLayer | Synchronizing object | Front right inner rim accent
Fra:1 Mem:323.44M (Peak 323.44M) | Time:00:01.09 | Mem:0.00M, Peak:0.00M | Scene, ViewLayer | Synchronizing object | Front right brake rotor
Fra:1 Mem:323.57M (Peak 323.57M) | Time:00:01.09 | Mem:0.00M, Peak:0.00M | Scene, ViewLayer | Synchronizing object | Front right rotor outer scoring
Fra:1 Mem:323.72M (Peak 323.72M) | Time:00:01.09 | Mem:0.00M, Peak:0.00M | Scene, ViewLayer | Synchronizing object | Front right drilled rotor perforation
Fra:1 Mem:323.82M (Peak 323.82M) | Time:00:01.09 | Mem:0.00M, Peak:0.00M | Scene, ViewLayer | Synchronizing object | Front right drilled rotor perforation.001
Fra:1 Mem:323.85M (Peak 323.85M) | Time:00:01.09 | Mem:0.00M, Peak:0.00M | Scene, ViewLayer | Synchronizing object | Rear left caliper marking
Fra:1 Mem:323.91M (Peak 323.91M) | Time:00:01.09 | Mem:0.00M, Peak:0.00M | Scene, ViewLayer | Synchronizing object | Front right drilled rotor perforation.002
Fra:1 Mem:323.90M (Peak 323.91M) | Time:00:01.09 | Mem:0.00M, Peak:0.00M | Scene, ViewLayer | Synchronizing object | Front right drilled rotor perforation.003
Fra:1 Mem:324.18M (Peak 324.18M) | Time:00:01.09 | Mem:0.00M, Peak:0.00M | Scene, ViewLayer | Synchronizing object | Front right drilled rotor perforation.004
Fra:1 Mem:324.42M (Peak 324.42M) | Time:00:01.09 | Mem:0.00M, Peak:0.00M | Scene, ViewLayer | Synchronizing object | Front right drilled rotor perforation.005
Fra:1 Mem:324.42M (Peak 324.42M) | Time:00:01.09 | Mem:0.00M, Peak:0.00M | Scene, ViewLayer | Synchronizing object | Front right drilled rotor perforation.007
Fra:1 Mem:324.57M (Peak 324.57M) | Time:00:01.09 | Mem:0.00M, Peak:0.00M | Scene, ViewLayer | Synchronizing object | Front right drilled rotor perforation.008
Fra:1 Mem:324.52M (Peak 324.57M) | Time:00:01.09 | Mem:0.00M, Peak:0.00M | Scene, ViewLayer | Synchronizing object | Front right drilled rotor perforation.009
Fra:1 Mem:324.52M (Peak 324.57M) | Time:00:01.09 | Mem:0.00M, Peak:0.00M | Scene, ViewLayer | Synchronizing object | Front right drilled rotor perforation.010
Fra:1 Mem:324.59M (Peak 324.59M) | Time:00:01.09 | Mem:0.00M, Peak:0.00M | Scene, ViewLayer | Synchronizing object | Front right drilled rotor perforation.011
Fra:1 Mem:324.56M (Peak 324.59M) | Time:00:01.09 | Mem:0.00M, Peak:0.00M | Scene, ViewLayer | Synchronizing object | Rear left center mi logo
Fra:1 Mem:324.66M (Peak 324.66M) | Time:00:01.09 | Mem:0.00M, Peak:0.00M | Scene, ViewLayer | Synchronizing object | Front right drilled rotor perforation.012
Fra:1 Mem:324.77M (Peak 324.77M) | Time:00:01.09 | Mem:0.00M, Peak:0.00M | Scene, ViewLayer | Synchronizing object | Front right drilled rotor perforation.013
Fra:1 Mem:324.79M (Peak 324.79M) | Time:00:01.09 | Mem:0.00M, Peak:0.00M | Scene, ViewLayer | Synchronizing object | Front right drilled rotor perforation.014
Fra:1 Mem:324.85M (Peak 324.85M) | Time:00:01.09 | Mem:0.00M, Peak:0.00M | Scene, ViewLayer | Synchronizing object | Front right drilled rotor perforation.015
Fra:1 Mem:324.85M (Peak 324.85M) | Time:00:01.09 | Mem:0.00M, Peak:0.00M | Scene, ViewLayer | Synchronizing object | Front right drilled rotor perforation.016
Fra:1 Mem:324.83M (Peak 324.85M) | Time:00:01.09 | Mem:0.00M, Peak:0.00M | Scene, ViewLayer | Synchronizing object | Front right drilled rotor perforation.018
Fra:1 Mem:324.89M (Peak 324.89M) | Time:00:01.09 | Mem:0.00M, Peak:0.00M | Scene, ViewLayer | Synchronizing object | Rear left sidewall lettering
Fra:1 Mem:325.00M (Peak 325.00M) | Time:00:01.09 | Mem:0.00M, Peak:0.00M | Scene, ViewLayer | Synchronizing object | Rear left sidewall lettering.001
Fra:1 Mem:324.94M (Peak 325.00M) | Time:00:01.09 | Mem:0.00M, Peak:0.00M | Scene, ViewLayer | Synchronizing object | Front right drilled rotor perforation.019
Fra:1 Mem:324.90M (Peak 325.00M) | Time:00:01.09 | Mem:0.00M, Peak:0.00M | Scene, ViewLayer | Synchronizing object | Front right drilled rotor perforation.021
Fra:1 Mem:324.98M (Peak 325.00M) | Time:00:01.09 | Mem:0.00M, Peak:0.00M | Scene, ViewLayer | Synchronizing object | Rear left sidewall lettering.002
Fra:1 Mem:325.04M (Peak 325.04M) | Time:00:01.09 | Mem:0.00M, Peak:0.00M | Scene, ViewLayer | Synchronizing object | Front right drilled rotor perforation.022
Fra:1 Mem:325.04M (Peak 325.04M) | Time:00:01.09 | Mem:0.00M, Peak:0.00M | Scene, ViewLayer | Synchronizing object | Front right drilled rotor perforation.023
Fra:1 Mem:325.03M (Peak 325.04M) | Time:00:01.09 | Mem:0.00M, Peak:0.00M | Scene, ViewLayer | Synchronizing object | Front right drilled rotor perforation.024
Fra:1 Mem:325.08M (Peak 325.08M) | Time:00:01.09 | Mem:0.00M, Peak:0.00M | Scene, ViewLayer | Synchronizing object | Front right drilled rotor perforation.025
Fra:1 Mem:325.07M (Peak 325.08M) | Time:00:01.09 | Mem:0.00M, Peak:0.00M | Scene, ViewLayer | Synchronizing object | Front right drilled rotor perforation.026
Fra:1 Mem:325.10M (Peak 325.10M) | Time:00:01.09 | Mem:0.00M, Peak:0.00M | Scene, ViewLayer | Synchronizing object | Front right drilled rotor perforation.027
Fra:1 Mem:325.20M (Peak 325.20M) | Time:00:01.09 | Mem:0.00M, Peak:0.00M | Scene, ViewLayer | Synchronizing object | Front right drilled rotor perforation.028
Fra:1 Mem:325.16M (Peak 325.20M) | Time:00:01.09 | Mem:0.00M, Peak:0.00M | Scene, ViewLayer | Synchronizing object | Front right drilled rotor perforation.029
Fra:1 Mem:325.20M (Peak 325.20M) | Time:00:01.09 | Mem:0.00M, Peak:0.00M | Scene, ViewLayer | Synchronizing object | Rear left sidewall lettering.003
Fra:1 Mem:325.29M (Peak 325.29M) | Time:00:01.09 | Mem:0.00M, Peak:0.00M | Scene, ViewLayer | Synchronizing object | Rear left sidewall lettering.004
Fra:1 Mem:325.27M (Peak 325.29M) | Time:00:01.10 | Mem:0.00M, Peak:0.00M | Scene, ViewLayer | Synchronizing object | Front right drilled rotor perforation.031
Fra:1 Mem:325.26M (Peak 325.29M) | Time:00:01.10 | Mem:0.00M, Peak:0.00M | Scene, ViewLayer | Synchronizing object | Rear left sidewall lettering.005
Fra:1 Mem:325.26M (Peak 325.29M) | Time:00:01.10 | Mem:0.00M, Peak:0.00M | Scene, ViewLayer | Synchronizing object | Front right drilled rotor perforation.033
Fra:1 Mem:325.36M (Peak 325.35M) | Time:00:01.10 | Mem:0.00M, Peak:0.00M | Scene, ViewLayer | Synchronizing object | Rear left sidewall lettering.006
Fra:1 Mem:325.31M (Peak 325.35M) | Time:00:01.10 | Mem:0.00M, Peak:0.00M | Scene, ViewLayer | Synchronizing object | Front right drilled rotor perforation.034
Fra:1 Mem:325.29M (Peak 325.35M) | Time:00:01.10 | Mem:0.00M, Peak:0.00M | Scene, ViewLayer | Synchronizing object | Front right drilled rotor perforation.036
Fra:1 Mem:325.34M (Peak 325.35M) | Time:00:01.10 | Mem:0.00M, Peak:0.00M | Scene, ViewLayer | Synchronizing object | Rear left sidewall lettering.007
Fra:1 Mem:325.42M (Peak 325.42M) | Time:00:01.10 | Mem:0.00M, Peak:0.00M | Scene, ViewLayer | Synchronizing object | Rear left sidewall lettering.008
Fra:1 Mem:325.40M (Peak 325.42M) | Time:00:01.10 | Mem:0.00M, Peak:0.00M | Scene, ViewLayer | Synchronizing object | Front right drilled rotor perforation.038
Fra:1 Mem:325.43M (Peak 325.43M) | Time:00:01.10 | Mem:0.00M, Peak:0.00M | Scene, ViewLayer | Synchronizing object | Front right drilled rotor perforation.039
Fra:1 Mem:325.52M (Peak 325.52M) | Time:00:01.10 | Mem:0.00M, Peak:0.00M | Scene, ViewLayer | Synchronizing object | Rear left sidewall lettering.009
Fra:1 Mem:325.54M (Peak 325.54M) | Time:00:01.10 | Mem:0.00M, Peak:0.00M | Scene, ViewLayer | Synchronizing object | Rear left sidewall lettering.010
Fra:1 Mem:325.50M (Peak 325.54M) | Time:00:01.10 | Mem:0.00M, Peak:0.00M | Scene, ViewLayer | Synchronizing object | Front right drilled rotor perforation.041
Fra:1 Mem:325.48M (Peak 325.54M) | Time:00:01.10 | Mem:0.00M, Peak:0.00M | Scene, ViewLayer | Synchronizing object | Rear left sidewall lettering.011
Fra:1 Mem:325.52M (Peak 325.54M) | Time:00:01.10 | Mem:0.00M, Peak:0.00M | Scene, ViewLayer | Synchronizing object | Front right drilled rotor perforation.042
Fra:1 Mem:325.58M (Peak 325.58M) | Time:00:01.10 | Mem:0.00M, Peak:0.00M | Scene, ViewLayer | Synchronizing object | Front right drilled rotor perforation.043
Fra:1 Mem:325.70M (Peak 325.70M) | Time:00:01.10 | Mem:0.00M, Peak:0.00M | Scene, ViewLayer | Synchronizing object | Front right drilled rotor perforation.044
Fra:1 Mem:325.72M (Peak 325.72M) | Time:00:01.10 | Mem:0.00M, Peak:0.00M | Scene, ViewLayer | Synchronizing object | Rear left sidewall lettering.012
Fra:1 Mem:325.73M (Peak 325.73M) | Time:00:01.10 | Mem:0.00M, Peak:0.00M | Scene, ViewLayer | Synchronizing object | Front right drilled rotor perforation.045
Fra:1 Mem:325.75M (Peak 325.75M) | Time:00:01.10 | Mem:0.00M, Peak:0.00M | Scene, ViewLayer | Synchronizing object | Rear left sidewall lettering.013
Fra:1 Mem:325.77M (Peak 325.77M) | Time:00:01.10 | Mem:0.00M, Peak:0.00M | Scene, ViewLayer | Synchronizing object | Rear left sidewall lettering.014
Fra:1 Mem:325.76M (Peak 325.77M) | Time:00:01.10 | Mem:0.00M, Peak:0.00M | Scene, ViewLayer | Synchronizing object | Front right drilled rotor perforation.046
Fra:1 Mem:325.93M (Peak 325.93M) | Time:00:01.10 | Mem:0.00M, Peak:0.00M | Scene, ViewLayer | Synchronizing object | Front right drilled rotor perforation.047
Fra:1 Mem:325.98M (Peak 325.98M) | Time:00:01.10 | Mem:0.00M, Peak:0.00M | Scene, ViewLayer | Synchronizing object | Rear left sidewall lettering.015
Fra:1 Mem:326.04M (Peak 326.04M) | Time:00:01.10 | Mem:0.00M, Peak:0.00M | Scene, ViewLayer | Synchronizing object | Front right drilled rotor perforation.048
Fra:1 Mem:326.02M (Peak 326.04M) | Time:00:01.10 | Mem:0.00M, Peak:0.00M | Scene, ViewLayer | Synchronizing object | Rear left sidewall lettering.016
Fra:1 Mem:326.06M (Peak 326.06M) | Time:00:01.10 | Mem:0.00M, Peak:0.00M | Scene, ViewLayer | Synchronizing object | Front right drilled rotor perforation.049
Fra:1 Mem:326.12M (Peak 326.12M) | Time:00:01.10 | Mem:0.00M, Peak:0.00M | Scene, ViewLayer | Synchronizing object | Front right drilled rotor perforation.050
Fra:1 Mem:326.19M (Peak 326.19M) | Time:00:01.10 | Mem:0.00M, Peak:0.00M | Scene, ViewLayer | Synchronizing object | Front right drilled rotor perforation.051
Fra:1 Mem:326.25M (Peak 326.25M) | Time:00:01.10 | Mem:0.00M, Peak:0.00M | Scene, ViewLayer | Synchronizing object | Rear left sidewall lettering.017
Fra:1 Mem:326.25M (Peak 326.25M) | Time:00:01.10 | Mem:0.00M, Peak:0.00M | Scene, ViewLayer | Synchronizing object | Front right drilled rotor perforation.052
Fra:1 Mem:326.35M (Peak 326.35M) | Time:00:01.10 | Mem:0.00M, Peak:0.00M | Scene, ViewLayer | Synchronizing object | Front right drilled rotor perforation.053
Fra:1 Mem:326.38M (Peak 326.38M) | Time:00:01.10 | Mem:0.00M, Peak:0.00M | Scene, ViewLayer | Synchronizing object | Rear left sidewall lettering.018
Fra:1 Mem:326.38M (Peak 326.38M) | Time:00:01.10 | Mem:0.00M, Peak:0.00M | Scene, ViewLayer | Synchronizing object | Front right drilled rotor perforation.054
Fra:1 Mem:326.39M (Peak 326.39M) | Time:00:01.10 | Mem:0.00M, Peak:0.00M | Scene, ViewLayer | Synchronizing object | Front right drilled rotor perforation.055
Fra:1 Mem:326.42M (Peak 326.42M) | Time:00:01.10 | Mem:0.00M, Peak:0.00M | Scene, ViewLayer | Synchronizing object | Rear left sidewall lettering.019
Fra:1 Mem:326.47M (Peak 326.47M) | Time:00:01.10 | Mem:0.00M, Peak:0.00M | Scene, ViewLayer | Synchronizing object | Rear left sidewall lettering.020
Fra:1 Mem:326.47M (Peak 326.47M) | Time:00:01.10 | Mem:0.00M, Peak:0.00M | Scene, ViewLayer | Synchronizing object | Front right drilled rotor perforation.056
Fra:1 Mem:326.49M (Peak 326.49M) | Time:00:01.10 | Mem:0.00M, Peak:0.00M | Scene, ViewLayer | Synchronizing object | Rear left sidewall lettering.021
Fra:1 Mem:326.46M (Peak 326.49M) | Time:00:01.10 | Mem:0.00M, Peak:0.00M | Scene, ViewLayer | Synchronizing object | Front right drilled rotor perforation.057
Fra:1 Mem:326.47M (Peak 326.49M) | Time:00:01.10 | Mem:0.00M, Peak:0.00M | Scene, ViewLayer | Synchronizing object | Front right drilled rotor perforation.058
Fra:1 Mem:326.47M (Peak 326.49M) | Time:00:01.10 | Mem:0.00M, Peak:0.00M | Scene, ViewLayer | Synchronizing object | Front right drilled rotor perforation.059
Fra:1 Mem:326.48M (Peak 326.49M) | Time:00:01.10 | Mem:0.00M, Peak:0.00M | Scene, ViewLayer | Synchronizing object | Front right drilled rotor perforation.060
Fra:1 Mem:326.52M (Peak 326.52M) | Time:00:01.10 | Mem:0.00M, Peak:0.00M | Scene, ViewLayer | Synchronizing object | Front right drilled rotor perforation.061
Fra:1 Mem:326.54M (Peak 326.54M) | Time:00:01.10 | Mem:0.00M, Peak:0.00M | Scene, ViewLayer | Synchronizing object | Front right drilled rotor perforation.062
Fra:1 Mem:326.55M (Peak 326.55M) | Time:00:01.10 | Mem:0.00M, Peak:0.00M | Scene, ViewLayer | Synchronizing object | Front right drilled rotor perforation.063
Fra:1 Mem:326.53M (Peak 326.55M) | Time:00:01.10 | Mem:0.00M, Peak:0.00M | Scene, ViewLayer | Synchronizing object | Front right drilled rotor perforation.064
Fra:1 Mem:326.55M (Peak 326.55M) | Time:00:01.10 | Mem:0.00M, Peak:0.00M | Scene, ViewLayer | Synchronizing object | Front right drilled rotor perforation.065
Fra:1 Mem:326.61M (Peak 326.61M) | Time:00:01.10 | Mem:0.00M, Peak:0.00M | Scene, ViewLayer | Synchronizing object | Front right drilled rotor perforation.066
Fra:1 Mem:326.59M (Peak 326.61M) | Time:00:01.10 | Mem:0.00M, Peak:0.00M | Scene, ViewLayer | Synchronizing object | Front right drilled rotor perforation.067
Fra:1 Mem:326.62M (Peak 326.62M) | Time:00:01.10 | Mem:0.00M, Peak:0.00M | Scene, ViewLayer | Synchronizing object | Rear right caliper marking
Fra:1 Mem:326.74M (Peak 326.74M) | Time:00:01.10 | Mem:0.00M, Peak:0.00M | Scene, ViewLayer | Synchronizing object | Front right drilled rotor perforation.069
Fra:1 Mem:326.77M (Peak 326.77M) | Time:00:01.10 | Mem:0.00M, Peak:0.00M | Scene, ViewLayer | Synchronizing object | Front right drilled rotor perforation.070
Fra:1 Mem:327.32M (Peak 327.32M) | Time:00:01.10 | Mem:0.00M, Peak:0.00M | Scene, ViewLayer | Synchronizing object | Front right drilled rotor perforation.071
Fra:1 Mem:327.29M (Peak 327.32M) | Time:00:01.10 | Mem:0.00M, Peak:0.00M | Scene, ViewLayer | Synchronizing object | Front right brake disc bell
Fra:1 Mem:327.31M (Peak 327.32M) | Time:00:01.10 | Mem:0.00M, Peak:0.00M | Scene, ViewLayer | Synchronizing object | Front right yellow six-piston caliper
Fra:1 Mem:327.34M (Peak 327.34M) | Time:00:01.10 | Mem:0.00M, Peak:0.00M | Scene, ViewLayer | Synchronizing object | Front right machined split spoke
Fra:1 Mem:327.62M (Peak 327.62M) | Time:00:01.10 | Mem:0.00M, Peak:0.00M | Scene, ViewLayer | Synchronizing object | Front right black spoke pocket
Fra:1 Mem:327.42M (Peak 327.62M) | Time:00:01.10 | Mem:0.00M, Peak:0.00M | Scene, ViewLayer | Synchronizing object | Front right machined split spoke.001
Fra:1 Mem:327.55M (Peak 327.62M) | Time:00:01.10 | Mem:0.00M, Peak:0.00M | Scene, ViewLayer | Synchronizing object | Rear right center mi logo
Fra:1 Mem:327.55M (Peak 327.62M) | Time:00:01.10 | Mem:0.00M, Peak:0.00M | Scene, ViewLayer | Synchronizing object | Front right machined split spoke.002
Fra:1 Mem:327.63M (Peak 327.63M) | Time:00:01.10 | Mem:0.00M, Peak:0.00M | Scene, ViewLayer | Synchronizing object | Front right black spoke pocket.002
Fra:1 Mem:327.83M (Peak 327.83M) | Time:00:01.10 | Mem:0.00M, Peak:0.00M | Scene, ViewLayer | Synchronizing object | Front right machined split spoke.003
Fra:1 Mem:327.79M (Peak 327.83M) | Time:00:01.10 | Mem:0.00M, Peak:0.00M | Scene, ViewLayer | Synchronizing object | Front right machined split spoke.004
Fra:1 Mem:327.81M (Peak 327.83M) | Time:00:01.10 | Mem:0.00M, Peak:0.00M | Scene, ViewLayer | Synchronizing object | Rear right sidewall lettering
Fra:1 Mem:327.96M (Peak 327.96M) | Time:00:01.10 | Mem:0.00M, Peak:0.00M | Scene, ViewLayer | Synchronizing object | Rear right sidewall lettering.001
Fra:1 Mem:328.01M (Peak 328.01M) | Time:00:01.10 | Mem:0.00M, Peak:0.00M | Scene, ViewLayer | Synchronizing object | Rear right sidewall lettering.002
Fra:1 Mem:327.97M (Peak 328.01M) | Time:00:01.10 | Mem:0.00M, Peak:0.00M | Scene, ViewLayer | Synchronizing object | Front right black spoke pocket.004
Fra:1 Mem:328.06M (Peak 328.06M) | Time:00:01.10 | Mem:0.00M, Peak:0.00M | Scene, ViewLayer | Synchronizing object | Front right machined split spoke.005
Fra:1 Mem:328.09M (Peak 328.09M) | Time:00:01.10 | Mem:0.00M, Peak:0.00M | Scene, ViewLayer | Synchronizing object | Front right black spoke pocket.005
Fra:1 Mem:328.16M (Peak 328.16M) | Time:00:01.10 | Mem:0.00M, Peak:0.00M | Scene, ViewLayer | Synchronizing object | Rear right sidewall lettering.003
Fra:1 Mem:328.18M (Peak 328.18M) | Time:00:01.10 | Mem:0.00M, Peak:0.00M | Scene, ViewLayer | Synchronizing object | Rear right sidewall lettering.004
Fra:1 Mem:328.22M (Peak 328.22M) | Time:00:01.10 | Mem:0.00M, Peak:0.00M | Scene, ViewLayer | Synchronizing object | Front right machined split spoke.006
Fra:1 Mem:328.23M (Peak 328.23M) | Time:00:01.10 | Mem:0.00M, Peak:0.00M | Scene, ViewLayer | Synchronizing object | Rear right sidewall lettering.005
Fra:1 Mem:328.28M (Peak 328.28M) | Time:00:01.10 | Mem:0.00M, Peak:0.00M | Scene, ViewLayer | Synchronizing object | Rear right sidewall lettering.006
Fra:1 Mem:328.21M (Peak 328.28M) | Time:00:01.10 | Mem:0.00M, Peak:0.00M | Scene, ViewLayer | Synchronizing object | Rear right sidewall lettering.007
Fra:1 Mem:328.26M (Peak 328.28M) | Time:00:01.10 | Mem:0.00M, Peak:0.00M | Scene, ViewLayer | Synchronizing object | Rear right sidewall lettering.008
Fra:1 Mem:328.28M (Peak 328.28M) | Time:00:01.10 | Mem:0.00M, Peak:0.00M | Scene, ViewLayer | Synchronizing object | Front right machined split spoke.007
Fra:1 Mem:328.38M (Peak 328.38M) | Time:00:01.10 | Mem:0.00M, Peak:0.00M | Scene, ViewLayer | Synchronizing object | Rear right sidewall lettering.009
Fra:1 Mem:328.35M (Peak 328.38M) | Time:00:01.10 | Mem:0.00M, Peak:0.00M | Scene, ViewLayer | Synchronizing object | Front right black spoke pocket.007
Fra:1 Mem:328.40M (Peak 328.40M) | Time:00:01.10 | Mem:0.00M, Peak:0.00M | Scene, ViewLayer | Synchronizing object | Rear right sidewall lettering.010
Fra:1 Mem:328.46M (Peak 328.46M) | Time:00:01.10 | Mem:0.00M, Peak:0.00M | Scene, ViewLayer | Synchronizing object | Rear right sidewall lettering.011
Fra:1 Mem:328.43M (Peak 328.46M) | Time:00:01.10 | Mem:0.00M, Peak:0.00M | Scene, ViewLayer | Synchronizing object | Front right machined split spoke.008
Fra:1 Mem:328.58M (Peak 328.58M) | Time:00:01.10 | Mem:0.00M, Peak:0.00M | Scene, ViewLayer | Synchronizing object | Front right black spoke pocket.008
Fra:1 Mem:328.52M (Peak 328.58M) | Time:00:01.10 | Mem:0.00M, Peak:0.00M | Scene, ViewLayer | Synchronizing object | Front right machined split spoke.009
Fra:1 Mem:328.59M (Peak 328.59M) | Time:00:01.10 | Mem:0.00M, Peak:0.00M | Scene, ViewLayer | Synchronizing object | Rear right sidewall lettering.012
Fra:1 Mem:328.67M (Peak 328.67M) | Time:00:01.10 | Mem:0.00M, Peak:0.00M | Scene, ViewLayer | Synchronizing object | Rear right sidewall lettering.013
Fra:1 Mem:328.62M (Peak 328.67M) | Time:00:01.10 | Mem:0.00M, Peak:0.00M | Scene, ViewLayer | Synchronizing object | Front right black spoke pocket.009
Fra:1 Mem:328.68M (Peak 328.68M) | Time:00:01.10 | Mem:0.00M, Peak:0.00M | Scene, ViewLayer | Synchronizing object | Rear right sidewall lettering.014
Fra:1 Mem:328.79M (Peak 328.79M) | Time:00:01.10 | Mem:0.00M, Peak:0.00M | Scene, ViewLayer | Synchronizing object | Front right center hub
Fra:1 Mem:328.87M (Peak 328.87M) | Time:00:01.10 | Mem:0.00M, Peak:0.00M | Scene, ViewLayer | Synchronizing object | Front right center cap ring
Fra:1 Mem:328.98M (Peak 328.98M) | Time:00:01.10 | Mem:0.00M, Peak:0.00M | Scene, ViewLayer | Synchronizing object | Rear right sidewall lettering.015
Fra:1 Mem:329.03M (Peak 329.03M) | Time:00:01.10 | Mem:0.00M, Peak:0.00M | Scene, ViewLayer | Synchronizing object | Rear right sidewall lettering.016
Fra:1 Mem:329.06M (Peak 329.06M) | Time:00:01.10 | Mem:0.00M, Peak:0.00M | Scene, ViewLayer | Synchronizing object | Front right titanium lug nut
Fra:1 Mem:329.21M (Peak 329.21M) | Time:00:01.10 | Mem:0.00M, Peak:0.00M | Scene, ViewLayer | Synchronizing object | Front right titanium lug nut.001
Fra:1 Mem:329.22M (Peak 329.22M) | Time:00:01.11 | Mem:0.00M, Peak:0.00M | Scene, ViewLayer | Synchronizing object | Front right titanium lug nut.002
Fra:1 Mem:329.23M (Peak 329.23M) | Time:00:01.11 | Mem:0.00M, Peak:0.00M | Scene, ViewLayer | Synchronizing object | Rear right sidewall lettering.017
Fra:1 Mem:329.27M (Peak 329.27M) | Time:00:01.11 | Mem:0.00M, Peak:0.00M | Scene, ViewLayer | Synchronizing object | Front right titanium lug nut.003
Fra:1 Mem:329.32M (Peak 329.32M) | Time:00:01.11 | Mem:0.00M, Peak:0.00M | Scene, ViewLayer | Synchronizing object | Front right titanium lug nut.004
Fra:1 Mem:329.36M (Peak 329.36M) | Time:00:01.11 | Mem:0.00M, Peak:0.00M | Scene, ViewLayer | Synchronizing object | Front right tire valve
Fra:1 Mem:329.34M (Peak 329.36M) | Time:00:01.11 | Mem:0.00M, Peak:0.00M | Scene, ViewLayer | Synchronizing object | Rear left | tire carcass
Fra:1 Mem:329.37M (Peak 329.37M) | Time:00:01.11 | Mem:0.00M, Peak:0.00M | Scene, ViewLayer | Synchronizing object | Rear left tire molded sidewall ring.001
Fra:1 Mem:329.55M (Peak 329.55M) | Time:00:01.11 | Mem:0.00M, Peak:0.00M | Scene, ViewLayer | Synchronizing object | Rear right sidewall lettering.019
Fra:1 Mem:329.59M (Peak 329.59M) | Time:00:01.11 | Mem:0.00M, Peak:0.00M | Scene, ViewLayer | Synchronizing object | Rear right sidewall lettering.020
Fra:1 Mem:329.59M (Peak 329.59M) | Time:00:01.11 | Mem:0.00M, Peak:0.00M | Scene, ViewLayer | Synchronizing object | Rear left tire molded sidewall ring
Fra:1 Mem:329.62M (Peak 329.62M) | Time:00:01.11 | Mem:0.00M, Peak:0.00M | Scene, ViewLayer | Synchronizing object | Rear left tire molded sidewall ring.002
Fra:1 Mem:329.71M (Peak 329.71M) | Time:00:01.11 | Mem:0.00M, Peak:0.00M | Scene, ViewLayer | Synchronizing object | Rear left directional tread | 792 blocks
Fra:1 Mem:330.13M (Peak 330.13M) | Time:00:01.11 | Mem:0.00M, Peak:0.00M | Scene, ViewLayer | Synchronizing object | Rear left cast rim barrel
Fra:1 Mem:330.21M (Peak 330.21M) | Time:00:01.11 | Mem:0.00M, Peak:0.00M | Scene, ViewLayer | Synchronizing object | Rear left diamond-cut outer flange
Fra:1 Mem:330.39M (Peak 330.39M) | Time:00:01.11 | Mem:0.00M, Peak:0.00M | Scene, ViewLayer | Synchronizing object | Rear left inner rim accent
Fra:1 Mem:330.48M (Peak 330.48M) | Time:00:01.11 | Mem:0.00M, Peak:0.00M | Scene, ViewLayer | Synchronizing object | Seat piping
Fra:1 Mem:330.61M (Peak 330.61M) | Time:00:01.11 | Mem:0.00M, Peak:0.00M | Scene, ViewLayer | Synchronizing object | Rear left brake rotor
Fra:1 Mem:330.62M (Peak 330.62M) | Time:00:01.11 | Mem:0.00M, Peak:0.00M | Scene, ViewLayer | Synchronizing object | Seat piping.001
Fra:1 Mem:330.64M (Peak 330.64M) | Time:00:01.11 | Mem:0.00M, Peak:0.00M | Scene, ViewLayer | Synchronizing object | Rear left rotor outer scoring
Fra:1 Mem:330.70M (Peak 330.70M) | Time:00:01.11 | Mem:0.00M, Peak:0.00M | Scene, ViewLayer | Synchronizing object | Seat piping.002
Fra:1 Mem:330.80M (Peak 330.80M) | Time:00:01.11 | Mem:0.00M, Peak:0.00M | Scene, ViewLayer | Synchronizing object | Seat piping.003
Fra:1 Mem:330.78M (Peak 330.80M) | Time:00:01.11 | Mem:0.00M, Peak:0.00M | Scene, ViewLayer | Synchronizing object | Seat piping.004
Fra:1 Mem:330.83M (Peak 330.83M) | Time:00:01.11 | Mem:0.00M, Peak:0.00M | Scene, ViewLayer | Synchronizing object | Rear left drilled rotor perforation
Fra:1 Mem:330.87M (Peak 330.87M) | Time:00:01.11 | Mem:0.00M, Peak:0.00M | Scene, ViewLayer | Synchronizing object | Seat piping.005
Fra:1 Mem:330.88M (Peak 330.88M) | Time:00:01.11 | Mem:0.00M, Peak:0.00M | Scene, ViewLayer | Synchronizing object | Rear left drilled rotor perforation.001
Fra:1 Mem:330.84M (Peak 330.88M) | Time:00:01.11 | Mem:0.00M, Peak:0.00M | Scene, ViewLayer | Synchronizing object | Rear left drilled rotor perforation.002
Fra:1 Mem:330.85M (Peak 330.88M) | Time:00:01.11 | Mem:0.00M, Peak:0.00M | Scene, ViewLayer | Synchronizing object | Seat piping.006
Fra:1 Mem:330.86M (Peak 330.88M) | Time:00:01.11 | Mem:0.00M, Peak:0.00M | Scene, ViewLayer | Synchronizing object | Rear left drilled rotor perforation.003
Fra:1 Mem:330.88M (Peak 330.88M) | Time:00:01.11 | Mem:0.00M, Peak:0.00M | Scene, ViewLayer | Synchronizing object | Seat piping.007
Fra:1 Mem:330.83M (Peak 330.88M) | Time:00:01.11 | Mem:0.00M, Peak:0.00M | Scene, ViewLayer | Synchronizing object | Rear left drilled rotor perforation.004
Fra:1 Mem:330.86M (Peak 330.88M) | Time:00:01.11 | Mem:0.00M, Peak:0.00M | Scene, ViewLayer | Synchronizing object | Steering wheel spokes
Fra:1 Mem:330.88M (Peak 330.88M) | Time:00:01.11 | Mem:0.00M, Peak:0.00M | Scene, ViewLayer | Synchronizing object | Windshield wiper arm
Fra:1 Mem:330.88M (Peak 330.88M) | Time:00:01.11 | Mem:0.00M, Peak:0.00M | Scene, ViewLayer | Synchronizing object | Rear left drilled rotor perforation.006
Fra:1 Mem:330.90M (Peak 330.90M) | Time:00:01.11 | Mem:0.00M, Peak:0.00M | Scene, ViewLayer | Synchronizing object | Wiper rubber blade
Fra:1 Mem:330.93M (Peak 330.93M) | Time:00:01.11 | Mem:0.00M, Peak:0.00M | Scene, ViewLayer | Synchronizing object | Rear left drilled rotor perforation.008
Fra:1 Mem:330.90M (Peak 330.93M) | Time:00:01.11 | Mem:0.00M, Peak:0.00M | Scene, ViewLayer | Synchronizing object | Rear left drilled rotor perforation.010
Fra:1 Mem:331.01M (Peak 331.01M) | Time:00:01.11 | Mem:0.00M, Peak:0.00M | Scene, ViewLayer | Synchronizing object | Wiper rubber blade.001
Fra:1 Mem:330.98M (Peak 331.01M) | Time:00:01.11 | Mem:0.00M, Peak:0.00M | Scene, ViewLayer | Synchronizing object | Rear left drilled rotor perforation.011
Fra:1 Mem:330.95M (Peak 331.01M) | Time:00:01.11 | Mem:0.00M, Peak:0.00M | Scene, ViewLayer | Synchronizing object | Rear left drilled rotor perforation.012
Fra:1 Mem:330.98M (Peak 331.01M) | Time:00:01.11 | Mem:0.00M, Peak:0.00M | Scene, ViewLayer | Synchronizing object | Rear left drilled rotor perforation.013
Fra:1 Mem:331.02M (Peak 331.02M) | Time:00:01.11 | Mem:0.00M, Peak:0.00M | Scene, ViewLayer | Synchronizing object | Seamless curved studio cyclorama
Fra:1 Mem:331.09M (Peak 331.09M) | Time:00:01.11 | Mem:0.00M, Peak:0.00M | Scene, ViewLayer | Synchronizing object | Rear left drilled rotor perforation.014
Fra:1 Mem:331.07M (Peak 331.09M) | Time:00:01.11 | Mem:0.00M, Peak:0.00M | Scene, ViewLayer | Synchronizing object | Infinite studio floor
Fra:1 Mem:331.09M (Peak 331.09M) | Time:00:01.11 | Mem:0.00M, Peak:0.00M | Scene, ViewLayer | Synchronizing object | Rear left drilled rotor perforation.016
Fra:1 Mem:331.12M (Peak 331.12M) | Time:00:01.11 | Mem:0.00M, Peak:0.00M | Scene, ViewLayer | Synchronizing object | Flat aerodynamic underfloor
Fra:1 Mem:331.19M (Peak 331.19M) | Time:00:01.11 | Mem:0.00M, Peak:0.00M | Scene, ViewLayer | Synchronizing object | Rear left drilled rotor perforation.017
Fra:1 Mem:331.17M (Peak 331.19M) | Time:00:01.11 | Mem:0.00M, Peak:0.00M | Scene, ViewLayer | Synchronizing object | Rear left drilled rotor perforation.018
Fra:1 Mem:331.19M (Peak 331.19M) | Time:00:01.11 | Mem:0.00M, Peak:0.00M | Scene, ViewLayer | Synchronizing object | Rear left drilled rotor perforation.019
Fra:1 Mem:331.16M (Peak 331.19M) | Time:00:01.11 | Mem:0.00M, Peak:0.00M | Scene, ViewLayer | Synchronizing object | Roof rear camera blister
Fra:1 Mem:331.26M (Peak 331.26M) | Time:00:01.11 | Mem:0.00M, Peak:0.00M | Scene, ViewLayer | Synchronizing object | Lidar forward optical aperture
Fra:1 Mem:331.34M (Peak 331.34M) | Time:00:01.11 | Mem:0.00M, Peak:0.00M | Scene, ViewLayer | Synchronizing object | Rear left drilled rotor perforation.022
Fra:1 Mem:331.41M (Peak 331.41M) | Time:00:01.11 | Mem:0.00M, Peak:0.00M | Scene, ViewLayer | Synchronizing object | Roof lidar painted pod
Fra:1 Mem:331.37M (Peak 331.41M) | Time:00:01.11 | Mem:0.00M, Peak:0.00M | Scene, ViewLayer | Synchronizing object | Rear left drilled rotor perforation.023
Fra:1 Mem:331.38M (Peak 331.41M) | Time:00:01.11 | Mem:0.00M, Peak:0.00M | Scene, ViewLayer | Synchronizing object | Rear left drilled rotor perforation.024
Fra:1 Mem:331.49M (Peak 331.49M) | Time:00:01.11 | Mem:0.00M, Peak:0.00M | Scene, ViewLayer | Synchronizing object | Rear left drilled rotor perforation.025
Fra:1 Mem:331.44M (Peak 331.49M) | Time:00:01.11 | Mem:0.00M, Peak:0.00M | Scene, ViewLayer | Synchronizing object | Rear left drilled rotor perforation.026
Fra:1 Mem:331.44M (Peak 331.49M) | Time:00:01.11 | Mem:0.00M, Peak:0.00M | Scene, ViewLayer | Synchronizing object | Rear left drilled rotor perforation.027
Fra:1 Mem:331.55M (Peak 331.55M) | Time:00:01.11 | Mem:0.00M, Peak:0.00M | Scene, ViewLayer | Synchronizing object | Rear left drilled rotor perforation.028
Fra:1 Mem:331.48M (Peak 331.55M) | Time:00:01.11 | Mem:0.00M, Peak:0.00M | Scene, ViewLayer | Synchronizing object | Rear left drilled rotor perforation.029
Fra:1 Mem:331.49M (Peak 331.55M) | Time:00:01.11 | Mem:0.00M, Peak:0.00M | Scene, ViewLayer | Synchronizing object | Cup holder
Fra:1 Mem:331.54M (Peak 331.55M) | Time:00:01.11 | Mem:0.00M, Peak:0.00M | Scene, ViewLayer | Synchronizing object | Rear left drilled rotor perforation.031
Fra:1 Mem:331.61M (Peak 331.61M) | Time:00:01.11 | Mem:0.00M, Peak:0.00M | Scene, ViewLayer | Synchronizing object | Rear left drilled rotor perforation.033
Fra:1 Mem:331.66M (Peak 331.66M) | Time:00:01.11 | Mem:0.00M, Peak:0.00M | Scene, ViewLayer | Synchronizing object | Rear left drilled rotor perforation.034
Fra:1 Mem:331.65M (Peak 331.66M) | Time:00:01.11 | Mem:0.00M, Peak:0.00M | Scene, ViewLayer | Synchronizing object | Cup holder.001
Fra:1 Mem:331.65M (Peak 331.66M) | Time:00:01.11 | Mem:0.00M, Peak:0.00M | Scene, ViewLayer | Synchronizing object | Rear left drilled rotor perforation.035
Fra:1 Mem:331.67M (Peak 331.67M) | Time:00:01.11 | Mem:0.00M, Peak:0.00M | Scene, ViewLayer | Synchronizing object | Rear left drilled rotor perforation.036
Fra:1 Mem:331.71M (Peak 331.71M) | Time:00:01.11 | Mem:0.00M, Peak:0.00M | Scene, ViewLayer | Synchronizing object | Rear left drilled rotor perforation.037
Fra:1 Mem:331.72M (Peak 331.72M) | Time:00:01.11 | Mem:0.00M, Peak:0.00M | Scene, ViewLayer | Synchronizing object | Rear left drilled rotor perforation.038
Fra:1 Mem:331.71M (Peak 331.72M) | Time:00:01.11 | Mem:0.00M, Peak:0.00M | Scene, ViewLayer | Synchronizing object | Rear left drilled rotor perforation.039
Fra:1 Mem:331.71M (Peak 331.72M) | Time:00:01.11 | Mem:0.00M, Peak:0.00M | Scene, ViewLayer | Synchronizing object | Rear left drilled rotor perforation.040
Fra:1 Mem:331.76M (Peak 331.76M) | Time:00:01.11 | Mem:0.00M, Peak:0.00M | Scene, ViewLayer | Synchronizing object | Rear left drilled rotor perforation.041
Fra:1 Mem:331.85M (Peak 331.85M) | Time:00:01.11 | Mem:0.00M, Peak:0.00M | Scene, ViewLayer | Synchronizing object | Rear left drilled rotor perforation.042
Fra:1 Mem:331.78M (Peak 331.85M) | Time:00:01.11 | Mem:0.00M, Peak:0.00M | Scene, ViewLayer | Synchronizing object | Rear left drilled rotor perforation.043
Fra:1 Mem:331.83M (Peak 331.85M) | Time:00:01.11 | Mem:0.00M, Peak:0.00M | Scene, ViewLayer | Synchronizing object | Rear left drilled rotor perforation.044
Fra:1 Mem:331.87M (Peak 331.87M) | Time:00:01.11 | Mem:0.00M, Peak:0.00M | Scene, ViewLayer | Synchronizing object | Rear left drilled rotor perforation.045
Fra:1 Mem:331.80M (Peak 331.87M) | Time:00:01.11 | Mem:0.00M, Peak:0.00M | Scene, ViewLayer | Synchronizing object | Rear left drilled rotor perforation.046
Fra:1 Mem:331.91M (Peak 331.91M) | Time:00:01.11 | Mem:0.00M, Peak:0.00M | Scene, ViewLayer | Synchronizing object | Rear left drilled rotor perforation.047
Fra:1 Mem:331.88M (Peak 331.91M) | Time:00:01.11 | Mem:0.00M, Peak:0.00M | Scene, ViewLayer | Synchronizing object | Steering wheel
Fra:1 Mem:331.97M (Peak 331.97M) | Time:00:01.11 | Mem:0.00M, Peak:0.00M | Scene, ViewLayer | Synchronizing object | Rear left drilled rotor perforation.048
Fra:1 Mem:331.98M (Peak 331.98M) | Time:00:01.11 | Mem:0.00M, Peak:0.00M | Scene, ViewLayer | Synchronizing object | Screen glass
Fra:1 Mem:332.00M (Peak 332.00M) | Time:00:01.11 | Mem:0.00M, Peak:0.00M | Scene, ViewLayer | Synchronizing object | Rear left drilled rotor perforation.049
Fra:1 Mem:332.05M (Peak 332.05M) | Time:00:01.11 | Mem:0.00M, Peak:0.00M | Scene, ViewLayer | Synchronizing object | Rear left drilled rotor perforation.050
Fra:1 Mem:332.05M (Peak 332.05M) | Time:00:01.11 | Mem:0.00M, Peak:0.00M | Scene, ViewLayer | Synchronizing object | Dashboard center screen
Fra:1 Mem:332.03M (Peak 332.05M) | Time:00:01.11 | Mem:0.00M, Peak:0.00M | Scene, ViewLayer | Synchronizing object | Rear left drilled rotor perforation.051
Fra:1 Mem:332.15M (Peak 332.15M) | Time:00:01.11 | Mem:0.00M, Peak:0.00M | Scene, ViewLayer | Synchronizing object | Rear left drilled rotor perforation.052
Fra:1 Mem:332.15M (Peak 332.15M) | Time:00:01.11 | Mem:0.00M, Peak:0.00M | Scene, ViewLayer | Synchronizing object | Dashboard
Fra:1 Mem:332.13M (Peak 332.15M) | Time:00:01.11 | Mem:0.00M, Peak:0.00M | Scene, ViewLayer | Synchronizing object | Rear left drilled rotor perforation.053
Fra:1 Mem:332.19M (Peak 332.19M) | Time:00:01.11 | Mem:0.00M, Peak:0.00M | Scene, ViewLayer | Synchronizing object | Rear left drilled rotor perforation.054
Fra:1 Mem:332.16M (Peak 332.19M) | Time:00:01.11 | Mem:0.00M, Peak:0.00M | Scene, ViewLayer | Synchronizing object | Integrated head restraint.003
Fra:1 Mem:332.17M (Peak 332.19M) | Time:00:01.11 | Mem:0.00M, Peak:0.00M | Scene, ViewLayer | Synchronizing object | Rear left drilled rotor perforation.056
Fra:1 Mem:332.24M (Peak 332.24M) | Time:00:01.11 | Mem:0.00M, Peak:0.00M | Scene, ViewLayer | Synchronizing object | Rear left drilled rotor perforation.057
Fra:1 Mem:332.26M (Peak 332.26M) | Time:00:01.11 | Mem:0.00M, Peak:0.00M | Scene, ViewLayer | Synchronizing object | Contoured seat back
Fra:1 Mem:332.32M (Peak 332.32M) | Time:00:01.12 | Mem:0.00M, Peak:0.00M | Scene, ViewLayer | Synchronizing object | Rear left drilled rotor perforation.058
Fra:1 Mem:332.33M (Peak 332.33M) | Time:00:01.12 | Mem:0.00M, Peak:0.00M | Scene, ViewLayer | Synchronizing object | Rear left drilled rotor perforation.059
Fra:1 Mem:332.32M (Peak 332.33M) | Time:00:01.12 | Mem:0.00M, Peak:0.00M | Scene, ViewLayer | Synchronizing object | Seat cushion.003
Fra:1 Mem:332.41M (Peak 332.41M) | Time:00:01.12 | Mem:0.00M, Peak:0.00M | Scene, ViewLayer | Synchronizing object | Rear left drilled rotor perforation.060
Fra:1 Mem:332.34M (Peak 332.41M) | Time:00:01.12 | Mem:0.00M, Peak:0.00M | Scene, ViewLayer | Synchronizing object | Rear left drilled rotor perforation.061
Fra:1 Mem:332.38M (Peak 332.41M) | Time:00:01.12 | Mem:0.00M, Peak:0.00M | Scene, ViewLayer | Synchronizing object | Integrated head restraint.002
Fra:1 Mem:332.39M (Peak 332.41M) | Time:00:01.12 | Mem:0.00M, Peak:0.00M | Scene, ViewLayer | Synchronizing object | Rear left drilled rotor perforation.062
Fra:1 Mem:332.44M (Peak 332.44M) | Time:00:01.12 | Mem:0.00M, Peak:0.00M | Scene, ViewLayer | Synchronizing object | Rear left drilled rotor perforation.063
Fra:1 Mem:332.51M (Peak 332.51M) | Time:00:01.12 | Mem:0.00M, Peak:0.00M | Scene, ViewLayer | Synchronizing object | Rear left drilled rotor perforation.064
Fra:1 Mem:332.47M (Peak 332.51M) | Time:00:01.12 | Mem:0.00M, Peak:0.00M | Scene, ViewLayer | Synchronizing object | Rear left drilled rotor perforation.065
Fra:1 Mem:332.46M (Peak 332.51M) | Time:00:01.12 | Mem:0.00M, Peak:0.00M | Scene, ViewLayer | Synchronizing object | Contoured seat back.003
Fra:1 Mem:332.55M (Peak 332.55M) | Time:00:01.12 | Mem:0.00M, Peak:0.00M | Scene, ViewLayer | Synchronizing object | Rear left drilled rotor perforation.066
Fra:1 Mem:332.55M (Peak 332.55M) | Time:00:01.12 | Mem:0.00M, Peak:0.00M | Scene, ViewLayer | Synchronizing object | Rear left drilled rotor perforation.067
Fra:1 Mem:332.52M (Peak 332.55M) | Time:00:01.12 | Mem:0.00M, Peak:0.00M | Scene, ViewLayer | Synchronizing object | Rear left drilled rotor perforation.068
Fra:1 Mem:332.52M (Peak 332.55M) | Time:00:01.12 | Mem:0.00M, Peak:0.00M | Scene, ViewLayer | Synchronizing object | Seat cushion.002
Fra:1 Mem:332.62M (Peak 332.62M) | Time:00:01.12 | Mem:0.00M, Peak:0.00M | Scene, ViewLayer | Synchronizing object | Rear left drilled rotor perforation.069
Fra:1 Mem:332.61M (Peak 332.62M) | Time:00:01.12 | Mem:0.00M, Peak:0.00M | Scene, ViewLayer | Synchronizing object | Rear left drilled rotor perforation.070
Fra:1 Mem:332.64M (Peak 332.64M) | Time:00:01.12 | Mem:0.00M, Peak:0.00M | Scene, ViewLayer | Synchronizing object | Integrated head restraint.001
Fra:1 Mem:332.64M (Peak 332.64M) | Time:00:01.12 | Mem:0.00M, Peak:0.00M | Scene, ViewLayer | Synchronizing object | Rear left drilled rotor perforation.071
Fra:1 Mem:332.68M (Peak 332.68M) | Time:00:01.12 | Mem:0.00M, Peak:0.00M | Scene, ViewLayer | Synchronizing object | Rear left brake disc bell
Fra:1 Mem:332.70M (Peak 332.70M) | Time:00:01.12 | Mem:0.00M, Peak:0.00M | Scene, ViewLayer | Synchronizing object | Contoured seat back.002
Fra:1 Mem:332.78M (Peak 332.78M) | Time:00:01.12 | Mem:0.00M, Peak:0.00M | Scene, ViewLayer | Synchronizing object | Rear left yellow six-piston caliper
Fra:1 Mem:332.79M (Peak 332.79M) | Time:00:01.12 | Mem:0.00M, Peak:0.00M | Scene, ViewLayer | Synchronizing object | Rear left machined split spoke
Fra:1 Mem:332.74M (Peak 332.79M) | Time:00:01.12 | Mem:0.00M, Peak:0.00M | Scene, ViewLayer | Synchronizing object | Rear left machined split spoke.001
Fra:1 Mem:332.81M (Peak 332.81M) | Time:00:01.12 | Mem:0.00M, Peak:0.00M | Scene, ViewLayer | Synchronizing object | Rear left black spoke pocket.001
Fra:1 Mem:332.89M (Peak 332.89M) | Time:00:01.12 | Mem:0.00M, Peak:0.00M | Scene, ViewLayer | Synchronizing object | Rear left machined split spoke.002
Fra:1 Mem:332.92M (Peak 332.92M) | Time:00:01.12 | Mem:0.00M, Peak:0.00M | Scene, ViewLayer | Synchronizing object | Rear left black spoke pocket.002
Fra:1 Mem:333.01M (Peak 333.01M) | Time:00:01.12 | Mem:0.00M, Peak:0.00M | Scene, ViewLayer | Synchronizing object | Rear left machined split spoke.003
Fra:1 Mem:332.98M (Peak 333.01M) | Time:00:01.12 | Mem:0.00M, Peak:0.00M | Scene, ViewLayer | Synchronizing object | Integrated head restraint
Fra:1 Mem:332.99M (Peak 333.01M) | Time:00:01.12 | Mem:0.00M, Peak:0.00M | Scene, ViewLayer | Synchronizing object | Rear left black spoke pocket.003
Fra:1 Mem:333.05M (Peak 333.05M) | Time:00:01.12 | Mem:0.00M, Peak:0.00M | Scene, ViewLayer | Synchronizing object | Rear left machined split spoke.004
Fra:1 Mem:333.09M (Peak 333.09M) | Time:00:01.12 | Mem:0.00M, Peak:0.00M | Scene, ViewLayer | Synchronizing object | Contoured seat back.001
Fra:1 Mem:333.11M (Peak 333.11M) | Time:00:01.12 | Mem:0.00M, Peak:0.00M | Scene, ViewLayer | Synchronizing object | Rear left black spoke pocket.004
Fra:1 Mem:333.19M (Peak 333.19M) | Time:00:01.12 | Mem:0.00M, Peak:0.00M | Scene, ViewLayer | Synchronizing object | Rear left machined split spoke.005
Fra:1 Mem:333.16M (Peak 333.19M) | Time:00:01.12 | Mem:0.00M, Peak:0.00M | Scene, ViewLayer | Synchronizing object | Rear left black spoke pocket.005
Fra:1 Mem:333.18M (Peak 333.19M) | Time:00:01.12 | Mem:0.00M, Peak:0.00M | Scene, ViewLayer | Synchronizing object | Seat cushion
Fra:1 Mem:333.23M (Peak 333.23M) | Time:00:01.12 | Mem:0.00M, Peak:0.00M | Scene, ViewLayer | Synchronizing object | Rear left machined split spoke.006
Fra:1 Mem:333.26M (Peak 333.26M) | Time:00:01.12 | Mem:0.00M, Peak:0.00M | Scene, ViewLayer | Synchronizing object | Dark cabin tub
Fra:1 Mem:333.34M (Peak 333.34M) | Time:00:01.12 | Mem:0.00M, Peak:0.00M | Scene, ViewLayer | Synchronizing object | Rear left machined split spoke.007
Fra:1 Mem:333.29M (Peak 333.34M) | Time:00:01.12 | Mem:0.00M, Peak:0.00M | Scene, ViewLayer | Synchronizing object | Rear left black spoke pocket.007
Fra:1 Mem:333.34M (Peak 333.34M) | Time:00:01.12 | Mem:0.00M, Peak:0.00M | Scene, ViewLayer | Synchronizing object | Rear right tire valve
Fra:1 Mem:333.35M (Peak 333.35M) | Time:00:01.12 | Mem:0.00M, Peak:0.00M | Scene, ViewLayer | Synchronizing object | Rear left machined split spoke.008
Fra:1 Mem:333.39M (Peak 333.39M) | Time:00:01.12 | Mem:0.00M, Peak:0.00M | Scene, ViewLayer | Synchronizing object | Rear left black spoke pocket.008
Fra:1 Mem:333.42M (Peak 333.42M) | Time:00:01.12 | Mem:0.00M, Peak:0.00M | Scene, ViewLayer | Synchronizing object | Rear right titanium lug nut.004
Fra:1 Mem:333.47M (Peak 333.47M) | Time:00:01.12 | Mem:0.00M, Peak:0.00M | Scene, ViewLayer | Synchronizing object | Rear left machined split spoke.009
Fra:1 Mem:333.46M (Peak 333.47M) | Time:00:01.12 | Mem:0.00M, Peak:0.00M | Scene, ViewLayer | Synchronizing object | Rear left black spoke pocket.009
Fra:1 Mem:333.46M (Peak 333.47M) | Time:00:01.12 | Mem:0.00M, Peak:0.00M | Scene, ViewLayer | Synchronizing object | Rear right titanium lug nut.003
Fra:1 Mem:333.57M (Peak 333.57M) | Time:00:01.12 | Mem:0.00M, Peak:0.00M | Scene, ViewLayer | Synchronizing object | Rear left center cap ring
Fra:1 Mem:333.52M (Peak 333.57M) | Time:00:01.12 | Mem:0.00M, Peak:0.00M | Scene, ViewLayer | Synchronizing object | Rear right titanium lug nut.002
Fra:1 Mem:333.71M (Peak 333.71M) | Time:00:01.12 | Mem:0.00M, Peak:0.00M | Scene, ViewLayer | Synchronizing object | Rear left titanium lug nut.001
Fra:1 Mem:333.66M (Peak 333.71M) | Time:00:01.12 | Mem:0.00M, Peak:0.00M | Scene, ViewLayer | Synchronizing object | Rear left titanium lug nut.002
Fra:1 Mem:333.61M (Peak 333.71M) | Time:00:01.12 | Mem:0.00M, Peak:0.00M | Scene, ViewLayer | Synchronizing object | Rear left titanium lug nut.004
Fra:1 Mem:333.65M (Peak 333.71M) | Time:00:01.12 | Mem:0.00M, Peak:0.00M | Scene, ViewLayer | Synchronizing object | Rear left tire valve
Fra:1 Mem:333.67M (Peak 333.71M) | Time:00:01.12 | Mem:0.00M, Peak:0.00M | Scene, ViewLayer | Synchronizing object | Rear right | tire carcass
Fra:1 Mem:333.69M (Peak 333.71M) | Time:00:01.12 | Mem:0.00M, Peak:0.00M | Scene, ViewLayer | Synchronizing object | Rear right tire molded sidewall ring.001
Fra:1 Mem:333.91M (Peak 333.91M) | Time:00:01.12 | Mem:0.00M, Peak:0.00M | Scene, ViewLayer | Synchronizing object | Rear right center cap ring
Fra:1 Mem:333.97M (Peak 333.97M) | Time:00:01.12 | Mem:0.00M, Peak:0.00M | Scene, ViewLayer | Synchronizing object | Rear right tire molded sidewall ring.002
Fra:1 Mem:334.11M (Peak 334.11M) | Time:00:01.12 | Mem:0.00M, Peak:0.00M | Scene, ViewLayer | Synchronizing object | Rear right tire molded sidewall ring
Fra:1 Mem:334.19M (Peak 334.19M) | Time:00:01.12 | Mem:0.00M, Peak:0.00M | Scene, ViewLayer | Synchronizing object | Rear right center hub
Fra:1 Mem:334.23M (Peak 334.23M) | Time:00:01.12 | Mem:0.00M, Peak:0.00M | Scene, ViewLayer | Synchronizing object | Rear right directional tread | 792 blocks
Fra:1 Mem:334.60M (Peak 334.60M) | Time:00:01.12 | Mem:0.00M, Peak:0.00M | Scene, ViewLayer | Synchronizing object | Rear right cast rim barrel
Fra:1 Mem:334.77M (Peak 334.77M) | Time:00:01.12 | Mem:0.00M, Peak:0.00M | Scene, ViewLayer | Synchronizing object | Rear right diamond-cut outer flange
Fra:1 Mem:334.99M (Peak 334.99M) | Time:00:01.12 | Mem:0.00M, Peak:0.00M | Scene, ViewLayer | Synchronizing object | Rear right inner rim accent
Fra:1 Mem:334.95M (Peak 334.99M) | Time:00:01.12 | Mem:0.00M, Peak:0.00M | Scene, ViewLayer | Synchronizing object | Rear right black spoke pocket.009
Fra:1 Mem:335.09M (Peak 335.09M) | Time:00:01.12 | Mem:0.00M, Peak:0.00M | Scene, ViewLayer | Synchronizing object | Rear right brake rotor
Fra:1 Mem:335.11M (Peak 335.11M) | Time:00:01.12 | Mem:0.00M, Peak:0.00M | Scene, ViewLayer | Synchronizing object | Rear right rotor outer scoring
Fra:1 Mem:335.26M (Peak 335.26M) | Time:00:01.12 | Mem:0.00M, Peak:0.00M | Scene, ViewLayer | Synchronizing object | Rear right drilled rotor perforation
Fra:1 Mem:335.28M (Peak 335.28M) | Time:00:01.12 | Mem:0.00M, Peak:0.00M | Scene, ViewLayer | Synchronizing object | Rear right machined split spoke.009
Fra:1 Mem:335.29M (Peak 335.29M) | Time:00:01.12 | Mem:0.00M, Peak:0.00M | Scene, ViewLayer | Synchronizing object | Rear right drilled rotor perforation.001
Fra:1 Mem:335.28M (Peak 335.29M) | Time:00:01.12 | Mem:0.00M, Peak:0.00M | Scene, ViewLayer | Synchronizing object | Rear right drilled rotor perforation.002
Fra:1 Mem:335.32M (Peak 335.32M) | Time:00:01.12 | Mem:0.00M, Peak:0.00M | Scene, ViewLayer | Synchronizing object | Rear right black spoke pocket.008
Fra:1 Mem:335.32M (Peak 335.32M) | Time:00:01.12 | Mem:0.00M, Peak:0.00M | Scene, ViewLayer | Synchronizing object | Rear right drilled rotor perforation.004
Fra:1 Mem:335.33M (Peak 335.33M) | Time:00:01.13 | Mem:0.00M, Peak:0.00M | Scene, ViewLayer | Synchronizing object | Rear right machined split spoke.008
Fra:1 Mem:335.40M (Peak 335.40M) | Time:00:01.13 | Mem:0.00M, Peak:0.00M | Scene, ViewLayer | Synchronizing object | Rear right drilled rotor perforation.006
Fra:1 Mem:335.39M (Peak 335.40M) | Time:00:01.13 | Mem:0.00M, Peak:0.00M | Scene, ViewLayer | Synchronizing object | Rear right drilled rotor perforation.007
Fra:1 Mem:335.41M (Peak 335.41M) | Time:00:01.13 | Mem:0.00M, Peak:0.00M | Scene, ViewLayer | Synchronizing object | Rear right drilled rotor perforation.008
Fra:1 Mem:335.41M (Peak 335.41M) | Time:00:01.13 | Mem:0.00M, Peak:0.00M | Scene, ViewLayer | Synchronizing object | Rear right black spoke pocket.007
Fra:1 Mem:335.49M (Peak 335.49M) | Time:00:01.13 | Mem:0.00M, Peak:0.00M | Scene, ViewLayer | Synchronizing object | Rear right drilled rotor perforation.009
Fra:1 Mem:335.46M (Peak 335.49M) | Time:00:01.13 | Mem:0.00M, Peak:0.00M | Scene, ViewLayer | Synchronizing object | Rear right drilled rotor perforation.010
Fra:1 Mem:335.52M (Peak 335.52M) | Time:00:01.13 | Mem:0.00M, Peak:0.00M | Scene, ViewLayer | Synchronizing object | Rear right machined split spoke.007
Fra:1 Mem:335.48M (Peak 335.52M) | Time:00:01.13 | Mem:0.00M, Peak:0.00M | Scene, ViewLayer | Synchronizing object | Rear right drilled rotor perforation.011
Fra:1 Mem:335.55M (Peak 335.55M) | Time:00:01.13 | Mem:0.00M, Peak:0.00M | Scene, ViewLayer | Synchronizing object | Rear right drilled rotor perforation.012
Fra:1 Mem:335.55M (Peak 335.55M) | Time:00:01.13 | Mem:0.00M, Peak:0.00M | Scene, ViewLayer | Synchronizing object | Rear right drilled rotor perforation.013
Fra:1 Mem:335.60M (Peak 335.60M) | Time:00:01.13 | Mem:0.00M, Peak:0.00M | Scene, ViewLayer | Synchronizing object | Rear right black spoke pocket.006
Fra:1 Mem:335.59M (Peak 335.60M) | Time:00:01.13 | Mem:0.00M, Peak:0.00M | Scene, ViewLayer | Synchronizing object | Rear right drilled rotor perforation.014
Fra:1 Mem:335.61M (Peak 335.61M) | Time:00:01.13 | Mem:0.00M, Peak:0.00M | Scene, ViewLayer | Synchronizing object | Rear right drilled rotor perforation.015
Fra:1 Mem:335.60M (Peak 335.61M) | Time:00:01.13 | Mem:0.00M, Peak:0.00M | Scene, ViewLayer | Synchronizing object | Rear right drilled rotor perforation.016
Fra:1 Mem:335.62M (Peak 335.62M) | Time:00:01.13 | Mem:0.00M, Peak:0.00M | Scene, ViewLayer | Synchronizing object | Rear right machined split spoke.006
Fra:1 Mem:335.67M (Peak 335.67M) | Time:00:01.13 | Mem:0.00M, Peak:0.00M | Scene, ViewLayer | Synchronizing object | Rear right drilled rotor perforation.017
Fra:1 Mem:335.72M (Peak 335.72M) | Time:00:01.13 | Mem:0.00M, Peak:0.00M | Scene, ViewLayer | Synchronizing object | Rear right drilled rotor perforation.018
Fra:1 Mem:335.69M (Peak 335.72M) | Time:00:01.13 | Mem:0.00M, Peak:0.00M | Scene, ViewLayer | Synchronizing object | Rear right drilled rotor perforation.019
Fra:1 Mem:335.71M (Peak 335.72M) | Time:00:01.13 | Mem:0.00M, Peak:0.00M | Scene, ViewLayer | Synchronizing object | Rear right black spoke pocket.005
Fra:1 Mem:335.68M (Peak 335.72M) | Time:00:01.13 | Mem:0.00M, Peak:0.00M | Scene, ViewLayer | Synchronizing object | Rear right drilled rotor perforation.021
Fra:1 Mem:335.83M (Peak 335.83M) | Time:00:01.13 | Mem:0.00M, Peak:0.00M | Scene, ViewLayer | Synchronizing object | Rear right drilled rotor perforation.022
Fra:1 Mem:335.78M (Peak 335.83M) | Time:00:01.13 | Mem:0.00M, Peak:0.00M | Scene, ViewLayer | Synchronizing object | Rear right machined split spoke.005
Fra:1 Mem:335.76M (Peak 335.83M) | Time:00:01.13 | Mem:0.00M, Peak:0.00M | Scene, ViewLayer | Synchronizing object | Rear right drilled rotor perforation.023
Fra:1 Mem:335.76M (Peak 335.83M) | Time:00:01.13 | Mem:0.00M, Peak:0.00M | Scene, ViewLayer | Synchronizing object | Rear right drilled rotor perforation.024
Fra:1 Mem:335.82M (Peak 335.83M) | Time:00:01.13 | Mem:0.00M, Peak:0.00M | Scene, ViewLayer | Synchronizing object | Rear right drilled rotor perforation.025
Fra:1 Mem:335.82M (Peak 335.83M) | Time:00:01.13 | Mem:0.00M, Peak:0.00M | Scene, ViewLayer | Synchronizing object | Rear right black spoke pocket.004
Fra:1 Mem:335.82M (Peak 335.83M) | Time:00:01.13 | Mem:0.00M, Peak:0.00M | Scene, ViewLayer | Synchronizing object | Rear right drilled rotor perforation.026
Fra:1 Mem:335.88M (Peak 335.88M) | Time:00:01.13 | Mem:0.00M, Peak:0.00M | Scene, ViewLayer | Synchronizing object | Rear right drilled rotor perforation.027
Fra:1 Mem:335.88M (Peak 335.88M) | Time:00:01.13 | Mem:0.00M, Peak:0.00M | Scene, ViewLayer | Synchronizing object | Rear right drilled rotor perforation.028
Fra:1 Mem:335.88M (Peak 335.88M) | Time:00:01.13 | Mem:0.00M, Peak:0.00M | Scene, ViewLayer | Synchronizing object | Rear right machined split spoke.004
Fra:1 Mem:335.95M (Peak 335.95M) | Time:00:01.13 | Mem:0.00M, Peak:0.00M | Scene, ViewLayer | Synchronizing object | Rear right drilled rotor perforation.030
Fra:1 Mem:335.93M (Peak 335.95M) | Time:00:01.13 | Mem:0.00M, Peak:0.00M | Scene, ViewLayer | Synchronizing object | Rear right drilled rotor perforation.031
Fra:1 Mem:335.96M (Peak 335.96M) | Time:00:01.13 | Mem:0.00M, Peak:0.00M | Scene, ViewLayer | Synchronizing object | Rear right black spoke pocket.003
Fra:1 Mem:336.03M (Peak 336.03M) | Time:00:01.13 | Mem:0.00M, Peak:0.00M | Scene, ViewLayer | Synchronizing object | Rear right drilled rotor perforation.032
Fra:1 Mem:336.00M (Peak 336.03M) | Time:00:01.13 | Mem:0.00M, Peak:0.00M | Scene, ViewLayer | Synchronizing object | Rear right drilled rotor perforation.033
Fra:1 Mem:336.00M (Peak 336.03M) | Time:00:01.13 | Mem:0.00M, Peak:0.00M | Scene, ViewLayer | Synchronizing object | Rear right drilled rotor perforation.034
Fra:1 Mem:336.04M (Peak 336.04M) | Time:00:01.13 | Mem:0.00M, Peak:0.00M | Scene, ViewLayer | Synchronizing object | Rear right machined split spoke.003
Fra:1 Mem:336.03M (Peak 336.04M) | Time:00:01.13 | Mem:0.00M, Peak:0.00M | Scene, ViewLayer | Synchronizing object | Rear right drilled rotor perforation.035
Fra:1 Mem:336.07M (Peak 336.07M) | Time:00:01.13 | Mem:0.00M, Peak:0.00M | Scene, ViewLayer | Synchronizing object | Rear right drilled rotor perforation.036
Fra:1 Mem:336.15M (Peak 336.15M) | Time:00:01.13 | Mem:0.00M, Peak:0.00M | Scene, ViewLayer | Synchronizing object | Rear right drilled rotor perforation.037
Fra:1 Mem:336.09M (Peak 336.15M) | Time:00:01.13 | Mem:0.00M, Peak:0.00M | Scene, ViewLayer | Synchronizing object | Rear right drilled rotor perforation.038
Fra:1 Mem:336.10M (Peak 336.15M) | Time:00:01.13 | Mem:0.00M, Peak:0.00M | Scene, ViewLayer | Synchronizing object | Rear right black spoke pocket.002
Fra:1 Mem:336.12M (Peak 336.15M) | Time:00:01.13 | Mem:0.00M, Peak:0.00M | Scene, ViewLayer | Synchronizing object | Rear right drilled rotor perforation.039
Fra:1 Mem:336.15M (Peak 336.15M) | Time:00:01.13 | Mem:0.00M, Peak:0.00M | Scene, ViewLayer | Synchronizing object | Rear right drilled rotor perforation.040
Fra:1 Mem:336.20M (Peak 336.20M) | Time:00:01.13 | Mem:0.00M, Peak:0.00M | Scene, ViewLayer | Synchronizing object | Rear right drilled rotor perforation.041
Fra:1 Mem:336.23M (Peak 336.23M) | Time:00:01.13 | Mem:0.00M, Peak:0.00M | Scene, ViewLayer | Synchronizing object | Rear right machined split spoke.002
Fra:1 Mem:336.20M (Peak 336.23M) | Time:00:01.13 | Mem:0.00M, Peak:0.00M | Scene, ViewLayer | Synchronizing object | Rear right drilled rotor perforation.042
Fra:1 Mem:336.22M (Peak 336.23M) | Time:00:01.13 | Mem:0.00M, Peak:0.00M | Scene, ViewLayer | Synchronizing object | Rear right drilled rotor perforation.043
Fra:1 Mem:336.25M (Peak 336.25M) | Time:00:01.13 | Mem:0.00M, Peak:0.00M | Scene, ViewLayer | Synchronizing object | Rear right drilled rotor perforation.044
Fra:1 Mem:336.28M (Peak 336.28M) | Time:00:01.13 | Mem:0.00M, Peak:0.00M | Scene, ViewLayer | Synchronizing object | Rear right drilled rotor perforation.045
Fra:1 Mem:336.28M (Peak 336.28M) | Time:00:01.13 | Mem:0.00M, Peak:0.00M | Scene, ViewLayer | Synchronizing object | Rear right drilled rotor perforation.046
Fra:1 Mem:336.31M (Peak 336.31M) | Time:00:01.13 | Mem:0.00M, Peak:0.00M | Scene, ViewLayer | Synchronizing object | Rear right drilled rotor perforation.047
Fra:1 Mem:336.32M (Peak 336.32M) | Time:00:01.13 | Mem:0.00M, Peak:0.00M | Scene, ViewLayer | Synchronizing object | Rear right drilled rotor perforation.048
Fra:1 Mem:336.34M (Peak 336.34M) | Time:00:01.13 | Mem:0.00M, Peak:0.00M | Scene, ViewLayer | Synchronizing object | Rear right drilled rotor perforation.049
Fra:1 Mem:336.33M (Peak 336.34M) | Time:00:01.13 | Mem:0.00M, Peak:0.00M | Scene, ViewLayer | Synchronizing object | Rear right black spoke pocket.001
Fra:1 Mem:336.35M (Peak 336.35M) | Time:00:01.13 | Mem:0.00M, Peak:0.00M | Scene, ViewLayer | Synchronizing object | Rear right drilled rotor perforation.050
Fra:1 Mem:336.34M (Peak 336.35M) | Time:00:01.13 | Mem:0.00M, Peak:0.00M | Scene, ViewLayer | Synchronizing object | Rear right drilled rotor perforation.051
Fra:1 Mem:336.42M (Peak 336.42M) | Time:00:01.13 | Mem:0.00M, Peak:0.00M | Scene, ViewLayer | Synchronizing object | Rear right drilled rotor perforation.052
Fra:1 Mem:336.38M (Peak 336.42M) | Time:00:01.13 | Mem:0.00M, Peak:0.00M | Scene, ViewLayer | Synchronizing object | Rear right machined split spoke.001
Fra:1 Mem:336.41M (Peak 336.42M) | Time:00:01.13 | Mem:0.00M, Peak:0.00M | Scene, ViewLayer | Synchronizing object | Rear right drilled rotor perforation.053
Fra:1 Mem:336.44M (Peak 336.44M) | Time:00:01.13 | Mem:0.00M, Peak:0.00M | Scene, ViewLayer | Synchronizing object | Rear right drilled rotor perforation.054
Fra:1 Mem:336.46M (Peak 336.46M) | Time:00:01.13 | Mem:0.00M, Peak:0.00M | Scene, ViewLayer | Synchronizing object | Rear right drilled rotor perforation.055
Fra:1 Mem:336.49M (Peak 336.49M) | Time:00:01.13 | Mem:0.00M, Peak:0.00M | Scene, ViewLayer | Synchronizing object | Rear right drilled rotor perforation.056
Fra:1 Mem:336.46M (Peak 336.49M) | Time:00:01.13 | Mem:0.00M, Peak:0.00M | Scene, ViewLayer | Synchronizing object | Rear right drilled rotor perforation.057
Fra:1 Mem:336.51M (Peak 336.51M) | Time:00:01.13 | Mem:0.00M, Peak:0.00M | Scene, ViewLayer | Synchronizing object | Rear right drilled rotor perforation.058
Fra:1 Mem:336.55M (Peak 336.55M) | Time:00:01.13 | Mem:0.00M, Peak:0.00M | Scene, ViewLayer | Synchronizing object | Rear right drilled rotor perforation.059
Fra:1 Mem:336.50M (Peak 336.55M) | Time:00:01.13 | Mem:0.00M, Peak:0.00M | Scene, ViewLayer | Synchronizing object | Rear right drilled rotor perforation.060
Fra:1 Mem:336.58M (Peak 336.58M) | Time:00:01.13 | Mem:0.00M, Peak:0.00M | Scene, ViewLayer | Synchronizing object | Rear right black spoke pocket
Fra:1 Mem:336.53M (Peak 336.58M) | Time:00:01.13 | Mem:0.00M, Peak:0.00M | Scene, ViewLayer | Synchronizing object | Rear right drilled rotor perforation.061
Fra:1 Mem:336.51M (Peak 336.58M) | Time:00:01.13 | Mem:0.00M, Peak:0.00M | Scene, ViewLayer | Synchronizing object | Rear right drilled rotor perforation.062
Fra:1 Mem:336.55M (Peak 336.58M) | Time:00:01.13 | Mem:0.00M, Peak:0.00M | Scene, ViewLayer | Synchronizing object | Rear right drilled rotor perforation.063
Fra:1 Mem:336.62M (Peak 336.62M) | Time:00:01.13 | Mem:0.00M, Peak:0.00M | Scene, ViewLayer | Synchronizing object | Rear right drilled rotor perforation.064
Fra:1 Mem:336.62M (Peak 336.62M) | Time:00:01.13 | Mem:0.00M, Peak:0.00M | Scene, ViewLayer | Synchronizing object | Rear right drilled rotor perforation.065
Fra:1 Mem:336.62M (Peak 336.62M) | Time:00:01.13 | Mem:0.00M, Peak:0.00M | Scene, ViewLayer | Synchronizing object | Rear right drilled rotor perforation.066
Fra:1 Mem:336.62M (Peak 336.62M) | Time:00:01.13 | Mem:0.00M, Peak:0.00M | Scene, ViewLayer | Synchronizing object | Rear right drilled rotor perforation.067
Fra:1 Mem:336.67M (Peak 336.67M) | Time:00:01.13 | Mem:0.00M, Peak:0.00M | Scene, ViewLayer | Synchronizing object | Rear right drilled rotor perforation.068
Fra:1 Mem:336.66M (Peak 336.67M) | Time:00:01.13 | Mem:0.00M, Peak:0.00M | Scene, ViewLayer | Synchronizing object | Rear right machined split spoke
Fra:1 Mem:336.66M (Peak 336.67M) | Time:00:01.13 | Mem:0.00M, Peak:0.00M | Scene, ViewLayer | Synchronizing object | Rear right drilled rotor perforation.069
Fra:1 Mem:336.65M (Peak 336.67M) | Time:00:01.13 | Mem:0.00M, Peak:0.00M | Scene, ViewLayer | Synchronizing object | Rear right drilled rotor perforation.070
Fra:1 Mem:336.64M (Peak 336.67M) | Time:00:01.13 | Mem:0.00M, Peak:0.00M | Scene, ViewLayer | Synchronizing object | Rear right drilled rotor perforation.071
Fra:1 Mem:336.73M (Peak 336.73M) | Time:00:01.13 | Mem:0.00M, Peak:0.00M | Scene, ViewLayer | Synchronizing object | Rear right brake disc bell
Fra:1 Mem:336.70M (Peak 336.73M) | Time:00:01.13 | Mem:0.00M, Peak:0.00M | Scene, ViewLayer | Synchronizing object | Rear right yellow six-piston caliper
Fra:1 Mem:336.77M (Peak 336.77M) | Time:00:01.13 | Mem:0.00M, Peak:0.00M | Scene, ViewLayer | Initializing
Fra:1 Mem:252.30M (Peak 336.77M) | Time:00:01.16 | Mem:0.00M, Peak:0.00M | Scene, ViewLayer | Waiting for render to start
Fra:1 Mem:252.30M (Peak 336.77M) | Time:00:01.16 | Mem:0.00M, Peak:0.00M | Scene, ViewLayer | Loading render kernels (may take a few minutes the first time)
Fra:1 Mem:252.30M (Peak 336.77M) | Time:00:01.16 | Mem:0.00M, Peak:0.00M | Scene, ViewLayer | Updating Scene
Fra:1 Mem:252.30M (Peak 336.77M) | Time:00:01.16 | Mem:0.00M, Peak:0.00M | Scene, ViewLayer | Updating Shaders
Fra:1 Mem:252.31M (Peak 336.77M) | Time:00:01.16 | Mem:0.01M, Peak:0.01M | Scene, ViewLayer | Updating Procedurals
Fra:1 Mem:252.31M (Peak 336.77M) | Time:00:01.16 | Mem:0.01M, Peak:0.01M | Scene, ViewLayer | Updating Background
Fra:1 Mem:252.31M (Peak 336.77M) | Time:00:01.16 | Mem:0.01M, Peak:0.01M | Scene, ViewLayer | Updating Camera
Fra:1 Mem:252.31M (Peak 336.77M) | Time:00:01.16 | Mem:0.01M, Peak:0.01M | Scene, ViewLayer | Updating Meshes Flags
Fra:1 Mem:252.31M (Peak 336.77M) | Time:00:01.16 | Mem:0.01M, Peak:0.01M | Scene, ViewLayer | Updating Objects
Fra:1 Mem:252.31M (Peak 336.77M) | Time:00:01.16 | Mem:0.01M, Peak:0.01M | Scene, ViewLayer | Updating Objects | Copying Transformations to device
Fra:1 Mem:252.47M (Peak 336.77M) | Time:00:01.16 | Mem:0.16M, Peak:0.16M | Scene, ViewLayer | Updating Objects | Applying Static Transformations
Fra:1 Mem:252.47M (Peak 336.77M) | Time:00:01.16 | Mem:0.16M, Peak:0.16M | Scene, ViewLayer | Updating Particle Systems
Fra:1 Mem:252.47M (Peak 336.77M) | Time:00:01.16 | Mem:0.16M, Peak:0.16M | Scene, ViewLayer | Updating Particle Systems | Copying Particles to device
Fra:1 Mem:252.47M (Peak 336.77M) | Time:00:01.16 | Mem:0.16M, Peak:0.16M | Scene, ViewLayer | Updating Meshes
Fra:1 Mem:267.05M (Peak 336.77M) | Time:00:01.19 | Mem:0.16M, Peak:0.16M | Scene, ViewLayer | Updating Mesh | Computing attributes
Fra:1 Mem:273.65M (Peak 336.77M) | Time:00:01.19 | Mem:0.21M, Peak:0.21M | Scene, ViewLayer | Updating Mesh | Copying Attributes to device
Fra:1 Mem:273.54M (Peak 336.77M) | Time:00:01.19 | Mem:6.65M, Peak:6.65M | Scene, ViewLayer | Updating Scene BVH | Building
Fra:1 Mem:273.55M (Peak 336.77M) | Time:00:01.19 | Mem:6.65M, Peak:6.65M | Scene, ViewLayer | Updating Scene BVH | Building BVH
Fra:1 Mem:273.55M (Peak 336.77M) | Time:00:01.19 | Mem:35.82M, Peak:35.82M | Scene, ViewLayer | Updating Scene BVH | Building BVH 0%
Fra:1 Mem:273.55M (Peak 336.77M) | Time:00:01.30 | Mem:66.65M, Peak:95.82M | Scene, ViewLayer | Updating Scene BVH | Copying BVH to device
Fra:1 Mem:273.55M (Peak 336.77M) | Time:00:01.30 | Mem:66.65M, Peak:95.82M | Scene, ViewLayer | Updating Mesh | Computing normals
Fra:1 Mem:309.53M (Peak 336.77M) | Time:00:01.32 | Mem:66.65M, Peak:95.82M | Scene, ViewLayer | Updating Mesh | Copying Mesh to device
Fra:1 Mem:309.53M (Peak 336.77M) | Time:00:01.32 | Mem:102.63M, Peak:102.63M | Scene, ViewLayer | Updating Objects Flags
Fra:1 Mem:309.53M (Peak 336.77M) | Time:00:01.32 | Mem:102.64M, Peak:102.64M | Scene, ViewLayer | Updating Primitive Offsets
Fra:1 Mem:309.53M (Peak 336.77M) | Time:00:01.32 | Mem:102.64M, Peak:102.64M | Scene, ViewLayer | Updating Images
Fra:1 Mem:309.53M (Peak 336.77M) | Time:00:01.32 | Mem:102.64M, Peak:102.64M | Scene, ViewLayer | Updating Camera Volume
Fra:1 Mem:309.53M (Peak 336.77M) | Time:00:01.32 | Mem:102.64M, Peak:102.64M | Scene, ViewLayer | Updating Lookup Tables
Fra:1 Mem:309.53M (Peak 336.77M) | Time:00:01.32 | Mem:102.64M, Peak:102.64M | Scene, ViewLayer | Updating Lights
Fra:1 Mem:309.53M (Peak 336.77M) | Time:00:01.32 | Mem:102.64M, Peak:102.64M | Scene, ViewLayer | Updating Lights | Computing distribution
Fra:1 Mem:309.53M (Peak 336.77M) | Time:00:01.32 | Mem:102.64M, Peak:102.64M | Scene, ViewLayer | Updating Lights | Computing tree
Fra:1 Mem:311.18M (Peak 336.77M) | Time:00:01.34 | Mem:104.29M, Peak:104.29M | Scene, ViewLayer | Updating Integrator
Fra:1 Mem:312.18M (Peak 336.77M) | Time:00:01.34 | Mem:105.29M, Peak:105.29M | Scene, ViewLayer | Updating Film
Fra:1 Mem:312.18M (Peak 336.77M) | Time:00:01.35 | Mem:105.29M, Peak:105.29M | Scene, ViewLayer | Updating Lookup Tables
Fra:1 Mem:312.18M (Peak 336.77M) | Time:00:01.35 | Mem:105.29M, Peak:105.29M | Scene, ViewLayer | Updating Baking
Fra:1 Mem:312.18M (Peak 336.77M) | Time:00:01.35 | Mem:105.29M, Peak:105.29M | Scene, ViewLayer | Updating Device | Writing constant memory
Fra:1 Mem:312.20M (Peak 336.77M) | Time:00:01.35 | Mem:105.29M, Peak:105.29M | Scene, ViewLayer | Sample 0/32
Fra:1 Mem:408.61M (Peak 408.61M) | Time:00:03.67 | Remaining:01:12.08 | Mem:201.69M, Peak:201.69M | Scene, ViewLayer | Sample 1/32
Fra:1 Mem:408.61M (Peak 408.61M) | Time:00:38.04 | Remaining:00:36.69 | Mem:201.69M, Peak:201.69M | Scene, ViewLayer | Sample 16/32
Fra:1 Mem:449.20M (Peak 510.08M) | Time:00:48.05 | Mem:201.69M, Peak:201.69M | Scene, ViewLayer | Sample 32/32
Fra:1 Mem:449.20M (Peak 510.08M) | Time:00:48.05 | Mem:201.69M, Peak:201.69M | Scene, ViewLayer | Finished
Saved: 'C:\MyProjects\TempProject (OpenAI)\su7\renders\front.png'
 Time: 00:48.25 (Saving: 00:00.17)

PRODUCTION_RENDER_COMPLETE front
PRODUCTION_RENDER_START rear
Fra:1 Mem:285.45M (Peak 285.45M) | Time:00:01.14 | Mem:0.00M, Peak:0.00M | Scene, ViewLayer | Synchronizing object | Unified aluminum body | welded hood, quarters and bumpers
Fra:1 Mem:289.09M (Peak 289.09M) | Time:00:01.14 | Mem:0.00M, Peak:0.00M | Scene, ViewLayer | Synchronizing object | Window perimeter | satin black surround
Fra:1 Mem:290.86M (Peak 290.86M) | Time:00:01.14 | Mem:0.00M, Peak:0.00M | Scene, ViewLayer | Synchronizing object | B pillar black trim
Fra:1 Mem:290.90M (Peak 290.90M) | Time:00:01.14 | Mem:0.00M, Peak:0.00M | Scene, ViewLayer | Synchronizing object | B pillar black trim.001
Fra:1 Mem:290.94M (Peak 290.94M) | Time:00:01.14 | Mem:0.00M, Peak:0.00M | Scene, ViewLayer | Synchronizing object | B pillar black trim.002
Fra:1 Mem:290.98M (Peak 290.98M) | Time:00:01.14 | Mem:0.00M, Peak:0.00M | Scene, ViewLayer | Synchronizing object | Rear quarter glass division
Fra:1 Mem:291.01M (Peak 291.01M) | Time:00:01.14 | Mem:0.00M, Peak:0.00M | Scene, ViewLayer | Synchronizing object | Painted continuous A pillar and roof rail
Fra:1 Mem:291.22M (Peak 291.22M) | Time:00:01.14 | Mem:0.00M, Peak:0.00M | Scene, ViewLayer | Synchronizing object | Roof drip molding
Fra:1 Mem:291.40M (Peak 291.40M) | Time:00:01.14 | Mem:0.00M, Peak:0.00M | Scene, ViewLayer | Synchronizing object | Window perimeter | satin black surround.001
Fra:1 Mem:291.53M (Peak 291.53M) | Time:00:01.14 | Mem:0.00M, Peak:0.00M | Scene, ViewLayer | Synchronizing object | Smooth continuous side glass
Fra:1 Mem:292.29M (Peak 292.29M) | Time:00:01.14 | Mem:0.00M, Peak:0.00M | Scene, ViewLayer | Synchronizing object | B pillar black trim.003
Fra:1 Mem:292.33M (Peak 292.33M) | Time:00:01.14 | Mem:0.00M, Peak:0.00M | Scene, ViewLayer | Synchronizing object | B pillar black trim.004
Fra:1 Mem:292.37M (Peak 292.37M) | Time:00:01.14 | Mem:0.00M, Peak:0.00M | Scene, ViewLayer | Synchronizing object | B pillar black trim.005
Fra:1 Mem:292.55M (Peak 292.55M) | Time:00:01.14 | Mem:0.00M, Peak:0.00M | Scene, ViewLayer | Synchronizing object | Rear quarter glass division.001
Fra:1 Mem:292.44M (Peak 292.55M) | Time:00:01.14 | Mem:0.00M, Peak:0.00M | Scene, ViewLayer | Synchronizing object | Painted continuous A pillar and roof rail.001
Fra:1 Mem:292.64M (Peak 292.64M) | Time:00:01.14 | Mem:0.00M, Peak:0.00M | Scene, ViewLayer | Synchronizing object | Smooth continuous side glass.001
Fra:1 Mem:300.77M (Peak 300.77M) | Time:00:01.14 | Mem:0.00M, Peak:0.00M | Scene, ViewLayer | Synchronizing object | Roof drip molding.001
Fra:1 Mem:301.09M (Peak 301.09M) | Time:00:01.14 | Mem:0.00M, Peak:0.00M | Scene, ViewLayer | Synchronizing object | Hood precision shut line
Fra:1 Mem:301.22M (Peak 301.22M) | Time:00:01.14 | Mem:0.00M, Peak:0.00M | Scene, ViewLayer | Synchronizing object | Front door leading gap
Fra:1 Mem:301.28M (Peak 301.28M) | Time:00:01.15 | Mem:0.00M, Peak:0.00M | Scene, ViewLayer | Synchronizing object | B pillar door gap
Fra:1 Mem:303.77M (Peak 303.77M) | Time:00:01.15 | Mem:0.00M, Peak:0.00M | Scene, ViewLayer | Synchronizing object | Rear door trailing gap
Fra:1 Mem:303.84M (Peak 303.84M) | Time:00:01.15 | Mem:0.00M, Peak:0.00M | Scene, ViewLayer | Synchronizing object | Rocker sill
Fra:1 Mem:303.90M (Peak 303.90M) | Time:00:01.15 | Mem:0.00M, Peak:0.00M | Scene, ViewLayer | Synchronizing object | Rocker silver edge
Fra:1 Mem:303.97M (Peak 303.97M) | Time:00:01.15 | Mem:0.00M, Peak:0.00M | Scene, ViewLayer | Synchronizing object | Flush door handle recess
Fra:1 Mem:303.98M (Peak 303.98M) | Time:00:01.15 | Mem:0.00M, Peak:0.00M | Scene, ViewLayer | Synchronizing object | Flush door handle | Aqua Blue
Fra:1 Mem:303.99M (Peak 303.99M) | Time:00:01.15 | Mem:0.00M, Peak:0.00M | Scene, ViewLayer | Synchronizing object | Handle finger undercut
Fra:1 Mem:304.06M (Peak 304.06M) | Time:00:01.15 | Mem:0.00M, Peak:0.00M | Scene, ViewLayer | Synchronizing object | Handle finger undercut.001
Fra:1 Mem:304.06M (Peak 304.06M) | Time:00:01.15 | Mem:0.00M, Peak:0.00M | Scene, ViewLayer | Synchronizing object | Charging door
Fra:1 Mem:304.17M (Peak 304.17M) | Time:00:01.15 | Mem:0.00M, Peak:0.00M | Scene, ViewLayer | Synchronizing object | Fender blade polished edge
Fra:1 Mem:306.55M (Peak 306.55M) | Time:00:01.15 | Mem:0.00M, Peak:0.00M | Scene, ViewLayer | Synchronizing object | Flush door handle recess.001
Fra:1 Mem:306.52M (Peak 306.55M) | Time:00:01.15 | Mem:0.00M, Peak:0.00M | Scene, ViewLayer | Synchronizing object | Flush door handle | Aqua Blue.001
Fra:1 Mem:306.65M (Peak 306.65M) | Time:00:01.15 | Mem:0.00M, Peak:0.00M | Scene, ViewLayer | Synchronizing object | Mirror stalk
Fra:1 Mem:306.62M (Peak 306.65M) | Time:00:01.15 | Mem:0.00M, Peak:0.00M | Scene, ViewLayer | Synchronizing object | Mirror LED indicator
Fra:1 Mem:306.61M (Peak 306.65M) | Time:00:01.15 | Mem:0.00M, Peak:0.00M | Scene, ViewLayer | Synchronizing object | Front fender black air blade
Fra:1 Mem:306.60M (Peak 306.65M) | Time:00:01.15 | Mem:0.00M, Peak:0.00M | Scene, ViewLayer | Synchronizing object | Side camera lens.001
Fra:1 Mem:306.63M (Peak 306.65M) | Time:00:01.15 | Mem:0.00M, Peak:0.00M | Scene, ViewLayer | Synchronizing object | Rolled painted wheel arch lip
Fra:1 Mem:306.83M (Peak 306.83M) | Time:00:01.15 | Mem:0.00M, Peak:0.00M | Scene, ViewLayer | Synchronizing object | Mirror painted upper cap.001
Fra:1 Mem:306.87M (Peak 306.87M) | Time:00:01.15 | Mem:0.00M, Peak:0.00M | Scene, ViewLayer | Synchronizing object | Mirror reflective glass.001
Fra:1 Mem:306.93M (Peak 306.93M) | Time:00:01.15 | Mem:0.00M, Peak:0.00M | Scene, ViewLayer | Synchronizing object | Wheelhouse dark reveal
Fra:1 Mem:307.11M (Peak 307.11M) | Time:00:01.15 | Mem:0.00M, Peak:0.00M | Scene, ViewLayer | Synchronizing object | Wheelhouse liner
Fra:1 Mem:307.11M (Peak 307.11M) | Time:00:01.15 | Mem:0.00M, Peak:0.00M | Scene, ViewLayer | Synchronizing object | Rolled painted wheel arch lip.001
Fra:1 Mem:307.23M (Peak 307.23M) | Time:00:01.15 | Mem:0.00M, Peak:0.00M | Scene, ViewLayer | Synchronizing object | Wheelhouse dark reveal.001
Fra:1 Mem:307.33M (Peak 307.33M) | Time:00:01.15 | Mem:0.00M, Peak:0.00M | Scene, ViewLayer | Synchronizing object | Wheelhouse liner.001
Fra:1 Mem:307.34M (Peak 307.34M) | Time:00:01.15 | Mem:0.00M, Peak:0.00M | Scene, ViewLayer | Synchronizing object | Hood precision shut line.001
Fra:1 Mem:307.48M (Peak 307.48M) | Time:00:01.15 | Mem:0.00M, Peak:0.00M | Scene, ViewLayer | Synchronizing object | Front door leading gap.001
Fra:1 Mem:307.55M (Peak 307.55M) | Time:00:01.15 | Mem:0.00M, Peak:0.00M | Scene, ViewLayer | Synchronizing object | B pillar door gap.001
Fra:1 Mem:307.61M (Peak 307.61M) | Time:00:01.15 | Mem:0.00M, Peak:0.00M | Scene, ViewLayer | Synchronizing object | Rear door trailing gap.001
Fra:1 Mem:307.68M (Peak 307.68M) | Time:00:01.15 | Mem:0.00M, Peak:0.00M | Scene, ViewLayer | Synchronizing object | Rocker sill.001
Fra:1 Mem:307.74M (Peak 307.74M) | Time:00:01.15 | Mem:0.00M, Peak:0.00M | Scene, ViewLayer | Synchronizing object | Rocker silver edge.001
Fra:1 Mem:307.81M (Peak 307.81M) | Time:00:01.15 | Mem:0.00M, Peak:0.00M | Scene, ViewLayer | Synchronizing object | Flush door handle recess.002
Fra:1 Mem:307.81M (Peak 307.81M) | Time:00:01.15 | Mem:0.00M, Peak:0.00M | Scene, ViewLayer | Synchronizing object | Handle finger undercut.002
Fra:1 Mem:307.88M (Peak 307.88M) | Time:00:01.15 | Mem:0.00M, Peak:0.00M | Scene, ViewLayer | Synchronizing object | Handle finger undercut.003
Fra:1 Mem:307.89M (Peak 307.89M) | Time:00:01.15 | Mem:0.00M, Peak:0.00M | Scene, ViewLayer | Synchronizing object | Flush door handle | Aqua Blue.002
Fra:1 Mem:307.88M (Peak 307.89M) | Time:00:01.15 | Mem:0.00M, Peak:0.00M | Scene, ViewLayer | Synchronizing object | Fender blade polished edge.001
Fra:1 Mem:307.86M (Peak 307.89M) | Time:00:01.15 | Mem:0.00M, Peak:0.00M | Scene, ViewLayer | Synchronizing object | Flush door handle recess.003
Fra:1 Mem:307.92M (Peak 307.92M) | Time:00:01.15 | Mem:0.00M, Peak:0.00M | Scene, ViewLayer | Synchronizing object | Mirror stalk.001
Fra:1 Mem:307.99M (Peak 307.99M) | Time:00:01.15 | Mem:0.00M, Peak:0.00M | Scene, ViewLayer | Synchronizing object | Mirror LED indicator.001
Fra:1 Mem:307.98M (Peak 307.99M) | Time:00:01.15 | Mem:0.00M, Peak:0.00M | Scene, ViewLayer | Synchronizing object | Flush door handle | Aqua Blue.003
Fra:1 Mem:307.99M (Peak 307.99M) | Time:00:01.15 | Mem:0.00M, Peak:0.00M | Scene, ViewLayer | Synchronizing object | Rolled painted wheel arch lip.002
Fra:1 Mem:308.13M (Peak 308.13M) | Time:00:01.15 | Mem:0.00M, Peak:0.00M | Scene, ViewLayer | Synchronizing object | Front fender black air blade.001
Fra:1 Mem:308.13M (Peak 308.13M) | Time:00:01.15 | Mem:0.00M, Peak:0.00M | Scene, ViewLayer | Synchronizing object | Wheelhouse dark reveal.002
Fra:1 Mem:308.12M (Peak 308.13M) | Time:00:01.15 | Mem:0.00M, Peak:0.00M | Scene, ViewLayer | Synchronizing object | Side camera lens
Fra:1 Mem:308.26M (Peak 308.26M) | Time:00:01.15 | Mem:0.00M, Peak:0.00M | Scene, ViewLayer | Synchronizing object | Mirror painted upper cap
Fra:1 Mem:308.33M (Peak 308.33M) | Time:00:01.15 | Mem:0.00M, Peak:0.00M | Scene, ViewLayer | Synchronizing object | Rolled painted wheel arch lip.003
Fra:1 Mem:308.48M (Peak 308.48M) | Time:00:01.15 | Mem:0.00M, Peak:0.00M | Scene, ViewLayer | Synchronizing object | Mirror reflective glass
Fra:1 Mem:308.57M (Peak 308.57M) | Time:00:01.15 | Mem:0.00M, Peak:0.00M | Scene, ViewLayer | Synchronizing object | Wheelhouse liner.002
Fra:1 Mem:308.59M (Peak 308.59M) | Time:00:01.15 | Mem:0.00M, Peak:0.00M | Scene, ViewLayer | Synchronizing object | Wheelhouse dark reveal.003
Fra:1 Mem:308.69M (Peak 308.69M) | Time:00:01.15 | Mem:0.00M, Peak:0.00M | Scene, ViewLayer | Synchronizing object | Wheelhouse liner.003
Fra:1 Mem:308.71M (Peak 308.71M) | Time:00:01.15 | Mem:0.00M, Peak:0.00M | Scene, ViewLayer | Synchronizing object | Headlight rubber gasket
Fra:1 Mem:308.71M (Peak 308.71M) | Time:00:01.15 | Mem:0.00M, Peak:0.00M | Scene, ViewLayer | Synchronizing object | Waterdrop headlight | dark compound-curved optical housing
Fra:1 Mem:308.83M (Peak 308.83M) | Time:00:01.15 | Mem:0.00M, Peak:0.00M | Scene, ViewLayer | Synchronizing object | Headlight polished rim
Fra:1 Mem:308.87M (Peak 308.87M) | Time:00:01.15 | Mem:0.00M, Peak:0.00M | Scene, ViewLayer | Synchronizing object | Signature sweeping diagonal DRL
Fra:1 Mem:308.92M (Peak 308.92M) | Time:00:01.15 | Mem:0.00M, Peak:0.00M | Scene, ViewLayer | Synchronizing object | Lower segmented optical return
Fra:1 Mem:308.97M (Peak 308.97M) | Time:00:01.15 | Mem:0.00M, Peak:0.00M | Scene, ViewLayer | Synchronizing object | Upper arrow DRL accent
Fra:1 Mem:309.01M (Peak 309.01M) | Time:00:01.15 | Mem:0.00M, Peak:0.00M | Scene, ViewLayer | Synchronizing object | Rectangular LED projector surround
Fra:1 Mem:309.08M (Peak 309.08M) | Time:00:01.15 | Mem:0.00M, Peak:0.00M | Scene, ViewLayer | Synchronizing object | Deep projector optic
Fra:1 Mem:309.08M (Peak 309.08M) | Time:00:01.15 | Mem:0.00M, Peak:0.00M | Scene, ViewLayer | Synchronizing object | Corner intake rim
Fra:1 Mem:309.16M (Peak 309.16M) | Time:00:01.15 | Mem:0.00M, Peak:0.00M | Scene, ViewLayer | Synchronizing object | Air curtain inner fin
Fra:1 Mem:309.16M (Peak 309.16M) | Time:00:01.15 | Mem:0.00M, Peak:0.00M | Scene, ViewLayer | Synchronizing object | Headlight rubber gasket.001
Fra:1 Mem:309.17M (Peak 309.17M) | Time:00:01.15 | Mem:0.00M, Peak:0.00M | Scene, ViewLayer | Synchronizing object | Rectangular LED projector surround.001
Fra:1 Mem:309.13M (Peak 309.17M) | Time:00:01.15 | Mem:0.00M, Peak:0.00M | Scene, ViewLayer | Synchronizing object | Headlight polished rim.001
Fra:1 Mem:309.29M (Peak 309.29M) | Time:00:01.15 | Mem:0.00M, Peak:0.00M | Scene, ViewLayer | Synchronizing object | Signature sweeping diagonal DRL.001
Fra:1 Mem:309.34M (Peak 309.34M) | Time:00:01.15 | Mem:0.00M, Peak:0.00M | Scene, ViewLayer | Synchronizing object | Lower segmented optical return.001
Fra:1 Mem:309.39M (Peak 309.39M) | Time:00:01.15 | Mem:0.00M, Peak:0.00M | Scene, ViewLayer | Synchronizing object | Upper arrow DRL accent.001
Fra:1 Mem:309.37M (Peak 309.39M) | Time:00:01.15 | Mem:0.00M, Peak:0.00M | Scene, ViewLayer | Synchronizing object | Deep projector optic.001
Fra:1 Mem:309.42M (Peak 309.42M) | Time:00:01.15 | Mem:0.00M, Peak:0.00M | Scene, ViewLayer | Synchronizing object | Rectangular LED projector surround.002
Fra:1 Mem:309.41M (Peak 309.42M) | Time:00:01.15 | Mem:0.00M, Peak:0.00M | Scene, ViewLayer | Synchronizing object | Corner intake rim.001
Fra:1 Mem:309.48M (Peak 309.48M) | Time:00:01.15 | Mem:0.00M, Peak:0.00M | Scene, ViewLayer | Synchronizing object | Deep projector optic.002
Fra:1 Mem:309.49M (Peak 309.49M) | Time:00:01.15 | Mem:0.00M, Peak:0.00M | Scene, ViewLayer | Synchronizing object | Air curtain inner fin.001
Fra:1 Mem:309.56M (Peak 309.56M) | Time:00:01.15 | Mem:0.00M, Peak:0.00M | Scene, ViewLayer | Synchronizing object | Satin front intake frame
Fra:1 Mem:309.59M (Peak 309.59M) | Time:00:01.15 | Mem:0.00M, Peak:0.00M | Scene, ViewLayer | Synchronizing object | Painted intake ring
Fra:1 Mem:309.55M (Peak 309.59M) | Time:00:01.15 | Mem:0.00M, Peak:0.00M | Scene, ViewLayer | Synchronizing object | Rectangular LED projector surround.003
Fra:1 Mem:309.52M (Peak 309.59M) | Time:00:01.15 | Mem:0.00M, Peak:0.00M | Scene, ViewLayer | Synchronizing object | Painted intake ring.001
Fra:1 Mem:309.62M (Peak 309.62M) | Time:00:01.15 | Mem:0.00M, Peak:0.00M | Scene, ViewLayer | Synchronizing object | Horizontal grille louver
Fra:1 Mem:309.65M (Peak 309.65M) | Time:00:01.15 | Mem:0.00M, Peak:0.00M | Scene, ViewLayer | Synchronizing object | Horizontal grille louver.001
Fra:1 Mem:309.68M (Peak 309.68M) | Time:00:01.16 | Mem:0.00M, Peak:0.00M | Scene, ViewLayer | Synchronizing object | Horizontal grille louver.002
Fra:1 Mem:309.66M (Peak 309.68M) | Time:00:01.16 | Mem:0.00M, Peak:0.00M | Scene, ViewLayer | Synchronizing object | Vertical corner air curtain
Fra:1 Mem:309.72M (Peak 309.72M) | Time:00:01.16 | Mem:0.00M, Peak:0.00M | Scene, ViewLayer | Synchronizing object | Horizontal grille louver.003
Fra:1 Mem:309.76M (Peak 309.76M) | Time:00:01.16 | Mem:0.00M, Peak:0.00M | Scene, ViewLayer | Synchronizing object | Waterdrop headlight | dark compound-curved optical housing.001
Fra:1 Mem:309.81M (Peak 309.81M) | Time:00:01.16 | Mem:0.00M, Peak:0.00M | Scene, ViewLayer | Synchronizing object | Grille vertical reinforcement
Fra:1 Mem:309.89M (Peak 309.89M) | Time:00:01.16 | Mem:0.00M, Peak:0.00M | Scene, ViewLayer | Synchronizing object | Rectangular LED projector surround.004
Fra:1 Mem:309.90M (Peak 309.90M) | Time:00:01.16 | Mem:0.00M, Peak:0.00M | Scene, ViewLayer | Synchronizing object | Grille vertical reinforcement.001
Fra:1 Mem:312.36M (Peak 312.36M) | Time:00:01.16 | Mem:0.00M, Peak:0.00M | Scene, ViewLayer | Synchronizing object | Grille vertical reinforcement.002
Fra:1 Mem:312.39M (Peak 312.39M) | Time:00:01.16 | Mem:0.00M, Peak:0.00M | Scene, ViewLayer | Synchronizing object | Grille vertical reinforcement.003
Fra:1 Mem:312.41M (Peak 312.41M) | Time:00:01.16 | Mem:0.00M, Peak:0.00M | Scene, ViewLayer | Synchronizing object | Grille vertical reinforcement.004
Fra:1 Mem:312.34M (Peak 312.41M) | Time:00:01.16 | Mem:0.00M, Peak:0.00M | Scene, ViewLayer | Synchronizing object | Deep projector optic.004
Fra:1 Mem:312.37M (Peak 312.41M) | Time:00:01.16 | Mem:0.00M, Peak:0.00M | Scene, ViewLayer | Synchronizing object | Grille vertical reinforcement.005
Fra:1 Mem:312.39M (Peak 312.41M) | Time:00:01.16 | Mem:0.00M, Peak:0.00M | Scene, ViewLayer | Synchronizing object | Grille vertical reinforcement.006
Fra:1 Mem:312.35M (Peak 312.41M) | Time:00:01.16 | Mem:0.00M, Peak:0.00M | Scene, ViewLayer | Synchronizing object | Rectangular LED projector surround.005
Fra:1 Mem:312.41M (Peak 312.41M) | Time:00:01.16 | Mem:0.00M, Peak:0.00M | Scene, ViewLayer | Synchronizing object | Grille vertical reinforcement.007
Fra:1 Mem:309.98M (Peak 312.41M) | Time:00:01.16 | Mem:0.00M, Peak:0.00M | Scene, ViewLayer | Synchronizing object | Grille vertical reinforcement.008
Fra:1 Mem:309.95M (Peak 312.41M) | Time:00:01.16 | Mem:0.00M, Peak:0.00M | Scene, ViewLayer | Synchronizing object | Grille vertical reinforcement.009
Fra:1 Mem:312.43M (Peak 312.43M) | Time:00:01.16 | Mem:0.00M, Peak:0.00M | Scene, ViewLayer | Synchronizing object | Grille vertical reinforcement.010
Fra:1 Mem:312.42M (Peak 312.43M) | Time:00:01.16 | Mem:0.00M, Peak:0.00M | Scene, ViewLayer | Synchronizing object | Front splitter blade
Fra:1 Mem:312.57M (Peak 312.57M) | Time:00:01.16 | Mem:0.00M, Peak:0.00M | Scene, ViewLayer | Synchronizing object | Rectangular LED projector surround.006
Fra:1 Mem:312.61M (Peak 312.61M) | Time:00:01.16 | Mem:0.00M, Peak:0.00M | Scene, ViewLayer | Synchronizing object | Front plate lettering
Fra:1 Mem:310.32M (Peak 312.61M) | Time:00:01.16 | Mem:0.00M, Peak:0.00M | Scene, ViewLayer | Synchronizing object | Deep projector optic.006
Fra:1 Mem:310.37M (Peak 312.61M) | Time:00:01.16 | Mem:0.00M, Peak:0.00M | Scene, ViewLayer | Synchronizing object | Rectangular LED projector surround.007
Fra:1 Mem:310.42M (Peak 312.61M) | Time:00:01.16 | Mem:0.00M, Peak:0.00M | Scene, ViewLayer | Synchronizing object | Deep projector optic.007
Fra:1 Mem:311.21M (Peak 312.61M) | Time:00:01.16 | Mem:0.00M, Peak:0.00M | Scene, ViewLayer | Synchronizing object | Vertical corner air curtain.001
Fra:1 Mem:311.20M (Peak 312.61M) | Time:00:01.16 | Mem:0.00M, Peak:0.00M | Scene, ViewLayer | Synchronizing object | Sculpted Aqua Blue intake side surround
Fra:1 Mem:311.22M (Peak 312.61M) | Time:00:01.16 | Mem:0.00M, Peak:0.00M | Scene, ViewLayer | Synchronizing object | Sculpted Aqua Blue intake side surround.001
Fra:1 Mem:311.27M (Peak 312.61M) | Time:00:01.16 | Mem:0.00M, Peak:0.00M | Scene, ViewLayer | Synchronizing object | Front license plate bracket
Fra:1 Mem:311.27M (Peak 312.61M) | Time:00:01.16 | Mem:0.00M, Peak:0.00M | Scene, ViewLayer | Synchronizing object | Front license plate
Fra:1 Mem:311.45M (Peak 312.61M) | Time:00:01.16 | Mem:0.00M, Peak:0.00M | Scene, ViewLayer | Synchronizing object | Ultrasonic parking sensor
Fra:1 Mem:311.46M (Peak 312.61M) | Time:00:01.16 | Mem:0.00M, Peak:0.00M | Scene, ViewLayer | Synchronizing object | Hood mi insignia
Fra:1 Mem:311.64M (Peak 312.61M) | Time:00:01.16 | Mem:0.00M, Peak:0.00M | Scene, ViewLayer | Synchronizing object | License plate screw
Fra:1 Mem:311.71M (Peak 312.61M) | Time:00:01.16 | Mem:0.00M, Peak:0.00M | Scene, ViewLayer | Synchronizing object | Ultrasonic parking sensor.001
Fra:1 Mem:311.70M (Peak 312.61M) | Time:00:01.16 | Mem:0.00M, Peak:0.00M | Scene, ViewLayer | Synchronizing object | License plate screw.001
Fra:1 Mem:311.73M (Peak 312.61M) | Time:00:01.16 | Mem:0.00M, Peak:0.00M | Scene, ViewLayer | Synchronizing object | Rear lamp outer seal
Fra:1 Mem:311.83M (Peak 312.61M) | Time:00:01.16 | Mem:0.00M, Peak:0.00M | Scene, ViewLayer | Synchronizing object | Xiaomi hood emblem
Fra:1 Mem:311.82M (Peak 312.61M) | Time:00:01.16 | Mem:0.00M, Peak:0.00M | Scene, ViewLayer | Synchronizing object | Continuous halo rear LED
Fra:1 Mem:311.92M (Peak 312.61M) | Time:00:01.16 | Mem:0.00M, Peak:0.00M | Scene, ViewLayer | Synchronizing object | Front perception camera
Fra:1 Mem:311.89M (Peak 312.61M) | Time:00:01.16 | Mem:0.00M, Peak:0.00M | Scene, ViewLayer | Synchronizing object | Lower full-width LED filament
Fra:1 Mem:312.19M (Peak 312.61M) | Time:00:01.16 | Mem:0.00M, Peak:0.00M | Scene, ViewLayer | Synchronizing object | Halo rear red optical bed
Fra:1 Mem:312.30M (Peak 312.61M) | Time:00:01.16 | Mem:0.00M, Peak:0.00M | Scene, ViewLayer | Synchronizing object | Inner taillight return
Fra:1 Mem:312.31M (Peak 312.61M) | Time:00:01.16 | Mem:0.00M, Peak:0.00M | Scene, ViewLayer | Synchronizing object | Rear bumper side air outlet
Fra:1 Mem:312.33M (Peak 312.61M) | Time:00:01.16 | Mem:0.00M, Peak:0.00M | Scene, ViewLayer | Synchronizing object | Rear vent rim
Fra:1 Mem:312.37M (Peak 312.61M) | Time:00:01.16 | Mem:0.00M, Peak:0.00M | Scene, ViewLayer | Synchronizing object | Trunk panel shut line
Fra:1 Mem:312.44M (Peak 312.61M) | Time:00:01.16 | Mem:0.00M, Peak:0.00M | Scene, ViewLayer | Synchronizing object | Rear lower reflector
Fra:1 Mem:312.44M (Peak 312.61M) | Time:00:01.16 | Mem:0.00M, Peak:0.00M | Scene, ViewLayer | Synchronizing object | Inner taillight return.001
Fra:1 Mem:312.51M (Peak 312.61M) | Time:00:01.16 | Mem:0.00M, Peak:0.00M | Scene, ViewLayer | Synchronizing object | Rear vent rim.001
Fra:1 Mem:312.58M (Peak 312.61M) | Time:00:01.16 | Mem:0.00M, Peak:0.00M | Scene, ViewLayer | Synchronizing object | Trunk panel shut line.001
Fra:1 Mem:312.61M (Peak 312.61M) | Time:00:01.16 | Mem:0.00M, Peak:0.00M | Scene, ViewLayer | Synchronizing object | Rear lower reflector.001
Fra:1 Mem:312.63M (Peak 312.63M) | Time:00:01.16 | Mem:0.00M, Peak:0.00M | Scene, ViewLayer | Synchronizing object | Rear diffuser black valance
Fra:1 Mem:312.81M (Peak 312.81M) | Time:00:01.16 | Mem:0.00M, Peak:0.00M | Scene, ViewLayer | Synchronizing object | Rear diffuser painted buttress.001
Fra:1 Mem:312.85M (Peak 312.85M) | Time:00:01.16 | Mem:0.00M, Peak:0.00M | Scene, ViewLayer | Synchronizing object | Rear diffuser lower lip
Fra:1 Mem:312.96M (Peak 312.96M) | Time:00:01.16 | Mem:0.00M, Peak:0.00M | Scene, ViewLayer | Synchronizing object | Underfloor diffuser strake
Fra:1 Mem:312.97M (Peak 312.97M) | Time:00:01.16 | Mem:0.00M, Peak:0.00M | Scene, ViewLayer | Synchronizing object | Underfloor diffuser strake.002
Fra:1 Mem:313.07M (Peak 313.07M) | Time:00:01.16 | Mem:0.00M, Peak:0.00M | Scene, ViewLayer | Synchronizing object | Rear plate SU7
Fra:1 Mem:313.39M (Peak 313.39M) | Time:00:01.16 | Mem:0.00M, Peak:0.00M | Scene, ViewLayer | Synchronizing object | Underfloor diffuser strake.003
Fra:1 Mem:313.33M (Peak 313.39M) | Time:00:01.16 | Mem:0.00M, Peak:0.00M | Scene, ViewLayer | Synchronizing object | Rear plate bracket
Fra:1 Mem:313.47M (Peak 313.48M) | Time:00:01.16 | Mem:0.00M, Peak:0.00M | Scene, ViewLayer | Synchronizing object | Rear license plate
Fra:1 Mem:313.51M (Peak 313.51M) | Time:00:01.16 | Mem:0.00M, Peak:0.00M | Scene, ViewLayer | Synchronizing object | Rear spaced Xiaomi lettering | x
Fra:1 Mem:313.52M (Peak 313.52M) | Time:00:01.16 | Mem:0.00M, Peak:0.00M | Scene, ViewLayer | Synchronizing object | Rear spaced Xiaomi lettering | i
Fra:1 Mem:313.57M (Peak 313.57M) | Time:00:01.16 | Mem:0.00M, Peak:0.00M | Scene, ViewLayer | Synchronizing object | Rear spaced Xiaomi lettering | a
Fra:1 Mem:313.81M (Peak 313.81M) | Time:00:01.16 | Mem:0.00M, Peak:0.00M | Scene, ViewLayer | Synchronizing object | Rear spaced Xiaomi lettering | o
Fra:1 Mem:313.95M (Peak 313.95M) | Time:00:01.16 | Mem:0.00M, Peak:0.00M | Scene, ViewLayer | Synchronizing object | Rear spaced Xiaomi lettering | m
Fra:1 Mem:314.10M (Peak 314.10M) | Time:00:01.16 | Mem:0.00M, Peak:0.00M | Scene, ViewLayer | Synchronizing object | Rear spaced Xiaomi lettering | i.001
Fra:1 Mem:314.17M (Peak 314.17M) | Time:00:01.16 | Mem:0.00M, Peak:0.00M | Scene, ViewLayer | Synchronizing object | Rear model badge
Fra:1 Mem:314.46M (Peak 314.46M) | Time:00:01.16 | Mem:0.00M, Peak:0.00M | Scene, ViewLayer | Synchronizing object | Rear Max badge
Fra:1 Mem:314.74M (Peak 314.74M) | Time:00:01.17 | Mem:0.00M, Peak:0.00M | Scene, ViewLayer | Synchronizing object | Rear manufacturer badge
Fra:1 Mem:314.93M (Peak 314.93M) | Time:00:01.17 | Mem:0.00M, Peak:0.00M | Scene, ViewLayer | Synchronizing object | Integrated rear deck ducktail
Fra:1 Mem:315.07M (Peak 315.07M) | Time:00:01.17 | Mem:0.00M, Peak:0.00M | Scene, ViewLayer | Synchronizing object | Retractable spoiler shut line
Fra:1 Mem:315.15M (Peak 315.15M) | Time:00:01.17 | Mem:0.00M, Peak:0.00M | Scene, ViewLayer | Synchronizing object | Rear parking camera
Fra:1 Mem:315.15M (Peak 315.15M) | Time:00:01.17 | Mem:0.00M, Peak:0.00M | Scene, ViewLayer | Synchronizing object | Front left | tire carcass
Fra:1 Mem:315.27M (Peak 315.27M) | Time:00:01.17 | Mem:0.00M, Peak:0.00M | Scene, ViewLayer | Synchronizing object | Front left tire molded sidewall ring.001
Fra:1 Mem:315.43M (Peak 315.43M) | Time:00:01.17 | Mem:0.00M, Peak:0.00M | Scene, ViewLayer | Synchronizing object | Front left tire molded sidewall ring.002
Fra:1 Mem:315.54M (Peak 315.54M) | Time:00:01.17 | Mem:0.00M, Peak:0.00M | Scene, ViewLayer | Synchronizing object | Front left tire molded sidewall ring
Fra:1 Mem:315.66M (Peak 315.66M) | Time:00:01.17 | Mem:0.00M, Peak:0.00M | Scene, ViewLayer | Synchronizing object | Front left directional tread | 792 blocks
Fra:1 Mem:315.74M (Peak 315.74M) | Time:00:01.17 | Mem:0.00M, Peak:0.00M | Scene, ViewLayer | Synchronizing object | Front left cast rim barrel
Fra:1 Mem:316.00M (Peak 316.00M) | Time:00:01.17 | Mem:0.00M, Peak:0.00M | Scene, ViewLayer | Synchronizing object | Front left diamond-cut outer flange
Fra:1 Mem:316.34M (Peak 316.34M) | Time:00:01.17 | Mem:0.00M, Peak:0.00M | Scene, ViewLayer | Synchronizing object | Front left inner rim accent
Fra:1 Mem:316.47M (Peak 316.47M) | Time:00:01.17 | Mem:0.00M, Peak:0.00M | Scene, ViewLayer | Synchronizing object | Front left brake rotor
Fra:1 Mem:316.50M (Peak 316.50M) | Time:00:01.17 | Mem:0.00M, Peak:0.00M | Scene, ViewLayer | Synchronizing object | Front left rotor outer scoring
Fra:1 Mem:316.65M (Peak 316.65M) | Time:00:01.17 | Mem:0.00M, Peak:0.00M | Scene, ViewLayer | Synchronizing object | Front left drilled rotor perforation.001
Fra:1 Mem:316.77M (Peak 316.77M) | Time:00:01.17 | Mem:0.00M, Peak:0.00M | Scene, ViewLayer | Synchronizing object | Front left caliper marking
Fra:1 Mem:316.81M (Peak 316.81M) | Time:00:01.17 | Mem:0.00M, Peak:0.00M | Scene, ViewLayer | Synchronizing object | Front left drilled rotor perforation.002
Fra:1 Mem:316.82M (Peak 316.82M) | Time:00:01.17 | Mem:0.00M, Peak:0.00M | Scene, ViewLayer | Synchronizing object | Front left drilled rotor perforation.003
Fra:1 Mem:316.81M (Peak 316.82M) | Time:00:01.17 | Mem:0.00M, Peak:0.00M | Scene, ViewLayer | Synchronizing object | Front left drilled rotor perforation.004
Fra:1 Mem:316.86M (Peak 316.86M) | Time:00:01.17 | Mem:0.00M, Peak:0.00M | Scene, ViewLayer | Synchronizing object | Front left drilled rotor perforation.005
Fra:1 Mem:316.85M (Peak 316.86M) | Time:00:01.17 | Mem:0.00M, Peak:0.00M | Scene, ViewLayer | Synchronizing object | Front left drilled rotor perforation.006
Fra:1 Mem:316.84M (Peak 316.86M) | Time:00:01.17 | Mem:0.00M, Peak:0.00M | Scene, ViewLayer | Synchronizing object | Front left drilled rotor perforation.007
Fra:1 Mem:317.19M (Peak 317.19M) | Time:00:01.17 | Mem:0.00M, Peak:0.00M | Scene, ViewLayer | Synchronizing object | Front left drilled rotor perforation.008
Fra:1 Mem:317.34M (Peak 317.34M) | Time:00:01.17 | Mem:0.00M, Peak:0.00M | Scene, ViewLayer | Synchronizing object | Front left drilled rotor perforation.009
Fra:1 Mem:317.41M (Peak 317.41M) | Time:00:01.17 | Mem:0.00M, Peak:0.00M | Scene, ViewLayer | Synchronizing object | Front left drilled rotor perforation.010
Fra:1 Mem:317.40M (Peak 317.41M) | Time:00:01.17 | Mem:0.00M, Peak:0.00M | Scene, ViewLayer | Synchronizing object | Front left drilled rotor perforation.011
Fra:1 Mem:317.44M (Peak 317.44M) | Time:00:01.17 | Mem:0.00M, Peak:0.00M | Scene, ViewLayer | Synchronizing object | Front left drilled rotor perforation.012
Fra:1 Mem:317.44M (Peak 317.44M) | Time:00:01.17 | Mem:0.00M, Peak:0.00M | Scene, ViewLayer | Synchronizing object | Front left drilled rotor perforation.014
Fra:1 Mem:317.58M (Peak 317.58M) | Time:00:01.17 | Mem:0.00M, Peak:0.00M | Scene, ViewLayer | Synchronizing object | Front left drilled rotor perforation.015
Fra:1 Mem:317.56M (Peak 317.58M) | Time:00:01.17 | Mem:0.00M, Peak:0.00M | Scene, ViewLayer | Synchronizing object | Front left drilled rotor perforation.016
Fra:1 Mem:317.54M (Peak 317.58M) | Time:00:01.17 | Mem:0.00M, Peak:0.00M | Scene, ViewLayer | Synchronizing object | Front left drilled rotor perforation.017
Fra:1 Mem:317.56M (Peak 317.58M) | Time:00:01.17 | Mem:0.00M, Peak:0.00M | Scene, ViewLayer | Synchronizing object | Front left drilled rotor perforation.018
Fra:1 Mem:317.69M (Peak 317.69M) | Time:00:01.17 | Mem:0.00M, Peak:0.00M | Scene, ViewLayer | Synchronizing object | Front left drilled rotor perforation.019
Fra:1 Mem:317.66M (Peak 317.69M) | Time:00:01.17 | Mem:0.00M, Peak:0.00M | Scene, ViewLayer | Synchronizing object | Front left drilled rotor perforation.020
Fra:1 Mem:317.59M (Peak 317.69M) | Time:00:01.17 | Mem:0.00M, Peak:0.00M | Scene, ViewLayer | Synchronizing object | Front left drilled rotor perforation.021
Fra:1 Mem:317.61M (Peak 317.69M) | Time:00:01.17 | Mem:0.00M, Peak:0.00M | Scene, ViewLayer | Synchronizing object | Front left drilled rotor perforation.022
Fra:1 Mem:317.69M (Peak 317.69M) | Time:00:01.17 | Mem:0.00M, Peak:0.00M | Scene, ViewLayer | Synchronizing object | Front left center mi logo
Fra:1 Mem:317.70M (Peak 317.70M) | Time:00:01.17 | Mem:0.00M, Peak:0.00M | Scene, ViewLayer | Synchronizing object | Front left drilled rotor perforation.023
Fra:1 Mem:317.68M (Peak 317.70M) | Time:00:01.17 | Mem:0.00M, Peak:0.00M | Scene, ViewLayer | Synchronizing object | Front left drilled rotor perforation.024
Fra:1 Mem:317.89M (Peak 317.89M) | Time:00:01.17 | Mem:0.00M, Peak:0.00M | Scene, ViewLayer | Synchronizing object | Front left drilled rotor perforation.025
Fra:1 Mem:317.91M (Peak 317.91M) | Time:00:01.17 | Mem:0.00M, Peak:0.00M | Scene, ViewLayer | Synchronizing object | Front left drilled rotor perforation.026
Fra:1 Mem:317.90M (Peak 317.91M) | Time:00:01.17 | Mem:0.00M, Peak:0.00M | Scene, ViewLayer | Synchronizing object | Front left sidewall lettering
Fra:1 Mem:317.92M (Peak 317.92M) | Time:00:01.17 | Mem:0.00M, Peak:0.00M | Scene, ViewLayer | Synchronizing object | Front left drilled rotor perforation.027
Fra:1 Mem:317.96M (Peak 317.96M) | Time:00:01.17 | Mem:0.00M, Peak:0.00M | Scene, ViewLayer | Synchronizing object | Front left sidewall lettering.001
Fra:1 Mem:318.01M (Peak 318.01M) | Time:00:01.17 | Mem:0.00M, Peak:0.00M | Scene, ViewLayer | Synchronizing object | Front left sidewall lettering.002
Fra:1 Mem:318.02M (Peak 318.02M) | Time:00:01.17 | Mem:0.00M, Peak:0.00M | Scene, ViewLayer | Synchronizing object | Front left drilled rotor perforation.028
Fra:1 Mem:318.09M (Peak 318.09M) | Time:00:01.17 | Mem:0.00M, Peak:0.00M | Scene, ViewLayer | Synchronizing object | Front left drilled rotor perforation.029
Fra:1 Mem:318.11M (Peak 318.11M) | Time:00:01.17 | Mem:0.00M, Peak:0.00M | Scene, ViewLayer | Synchronizing object | Front left drilled rotor perforation.030
Fra:1 Mem:318.16M (Peak 318.16M) | Time:00:01.17 | Mem:0.00M, Peak:0.00M | Scene, ViewLayer | Synchronizing object | Front left drilled rotor perforation.031
Fra:1 Mem:318.16M (Peak 318.16M) | Time:00:01.17 | Mem:0.00M, Peak:0.00M | Scene, ViewLayer | Synchronizing object | Front left sidewall lettering.003
Fra:1 Mem:318.20M (Peak 318.20M) | Time:00:01.17 | Mem:0.00M, Peak:0.00M | Scene, ViewLayer | Synchronizing object | Front left drilled rotor perforation.032
Fra:1 Mem:318.21M (Peak 318.21M) | Time:00:01.17 | Mem:0.00M, Peak:0.00M | Scene, ViewLayer | Synchronizing object | Front left sidewall lettering.004
Fra:1 Mem:318.20M (Peak 318.21M) | Time:00:01.17 | Mem:0.00M, Peak:0.00M | Scene, ViewLayer | Synchronizing object | Front left drilled rotor perforation.033
Fra:1 Mem:318.22M (Peak 318.22M) | Time:00:01.17 | Mem:0.00M, Peak:0.00M | Scene, ViewLayer | Synchronizing object | Front left sidewall lettering.005
Fra:1 Mem:318.22M (Peak 318.22M) | Time:00:01.17 | Mem:0.00M, Peak:0.00M | Scene, ViewLayer | Synchronizing object | Front left sidewall lettering.006
Fra:1 Mem:318.21M (Peak 318.22M) | Time:00:01.17 | Mem:0.00M, Peak:0.00M | Scene, ViewLayer | Synchronizing object | Front left drilled rotor perforation.034
Fra:1 Mem:318.22M (Peak 318.22M) | Time:00:01.17 | Mem:0.00M, Peak:0.00M | Scene, ViewLayer | Synchronizing object | Front left sidewall lettering.007
Fra:1 Mem:318.29M (Peak 318.29M) | Time:00:01.17 | Mem:0.00M, Peak:0.00M | Scene, ViewLayer | Synchronizing object | Front left drilled rotor perforation.035
Fra:1 Mem:318.28M (Peak 318.29M) | Time:00:01.17 | Mem:0.00M, Peak:0.00M | Scene, ViewLayer | Synchronizing object | Front left sidewall lettering.008
Fra:1 Mem:318.32M (Peak 318.32M) | Time:00:01.17 | Mem:0.00M, Peak:0.00M | Scene, ViewLayer | Synchronizing object | Front left drilled rotor perforation.036
Fra:1 Mem:318.37M (Peak 318.37M) | Time:00:01.17 | Mem:0.00M, Peak:0.00M | Scene, ViewLayer | Synchronizing object | Front left drilled rotor perforation.037
Fra:1 Mem:318.36M (Peak 318.37M) | Time:00:01.17 | Mem:0.00M, Peak:0.00M | Scene, ViewLayer | Synchronizing object | Front left drilled rotor perforation.038
Fra:1 Mem:318.36M (Peak 318.37M) | Time:00:01.17 | Mem:0.00M, Peak:0.00M | Scene, ViewLayer | Synchronizing object | Front left sidewall lettering.009
Fra:1 Mem:318.41M (Peak 318.41M) | Time:00:01.17 | Mem:0.00M, Peak:0.00M | Scene, ViewLayer | Synchronizing object | Front left sidewall lettering.010
Fra:1 Mem:318.43M (Peak 318.43M) | Time:00:01.17 | Mem:0.00M, Peak:0.00M | Scene, ViewLayer | Synchronizing object | Front left sidewall lettering.011
Fra:1 Mem:318.42M (Peak 318.43M) | Time:00:01.17 | Mem:0.00M, Peak:0.00M | Scene, ViewLayer | Synchronizing object | Front left drilled rotor perforation.039
Fra:1 Mem:318.55M (Peak 318.55M) | Time:00:01.17 | Mem:0.00M, Peak:0.00M | Scene, ViewLayer | Synchronizing object | Front left drilled rotor perforation.040
Fra:1 Mem:318.61M (Peak 318.61M) | Time:00:01.17 | Mem:0.00M, Peak:0.00M | Scene, ViewLayer | Synchronizing object | Front left sidewall lettering.012
Fra:1 Mem:318.61M (Peak 318.61M) | Time:00:01.17 | Mem:0.00M, Peak:0.00M | Scene, ViewLayer | Synchronizing object | Front left drilled rotor perforation.041
Fra:1 Mem:318.61M (Peak 318.61M) | Time:00:01.17 | Mem:0.00M, Peak:0.00M | Scene, ViewLayer | Synchronizing object | Front left sidewall lettering.013
Fra:1 Mem:318.63M (Peak 318.63M) | Time:00:01.17 | Mem:0.00M, Peak:0.00M | Scene, ViewLayer | Synchronizing object | Front left drilled rotor perforation.042
Fra:1 Mem:318.62M (Peak 318.63M) | Time:00:01.17 | Mem:0.00M, Peak:0.00M | Scene, ViewLayer | Synchronizing object | Front left sidewall lettering.014
Fra:1 Mem:318.63M (Peak 318.63M) | Time:00:01.17 | Mem:0.00M, Peak:0.00M | Scene, ViewLayer | Synchronizing object | Front left drilled rotor perforation.043
Fra:1 Mem:318.83M (Peak 318.83M) | Time:00:01.17 | Mem:0.00M, Peak:0.00M | Scene, ViewLayer | Synchronizing object | Front left drilled rotor perforation.044
Fra:1 Mem:318.83M (Peak 318.83M) | Time:00:01.17 | Mem:0.00M, Peak:0.00M | Scene, ViewLayer | Synchronizing object | Front left drilled rotor perforation.045
Fra:1 Mem:318.80M (Peak 318.83M) | Time:00:01.17 | Mem:0.00M, Peak:0.00M | Scene, ViewLayer | Synchronizing object | Front left drilled rotor perforation.046
Fra:1 Mem:318.85M (Peak 318.85M) | Time:00:01.17 | Mem:0.00M, Peak:0.00M | Scene, ViewLayer | Synchronizing object | Front left sidewall lettering.015
Fra:1 Mem:318.96M (Peak 318.96M) | Time:00:01.17 | Mem:0.00M, Peak:0.00M | Scene, ViewLayer | Synchronizing object | Front left drilled rotor perforation.047
Fra:1 Mem:318.95M (Peak 318.96M) | Time:00:01.17 | Mem:0.00M, Peak:0.00M | Scene, ViewLayer | Synchronizing object | Front left sidewall lettering.016
Fra:1 Mem:318.95M (Peak 318.96M) | Time:00:01.17 | Mem:0.00M, Peak:0.00M | Scene, ViewLayer | Synchronizing object | Front left drilled rotor perforation.048
Fra:1 Mem:319.02M (Peak 319.02M) | Time:00:01.17 | Mem:0.00M, Peak:0.00M | Scene, ViewLayer | Synchronizing object | Front left drilled rotor perforation.049
Fra:1 Mem:319.08M (Peak 319.08M) | Time:00:01.17 | Mem:0.00M, Peak:0.00M | Scene, ViewLayer | Synchronizing object | Front left drilled rotor perforation.050
Fra:1 Mem:319.10M (Peak 319.10M) | Time:00:01.17 | Mem:0.00M, Peak:0.00M | Scene, ViewLayer | Synchronizing object | Front left drilled rotor perforation.051
Fra:1 Mem:319.15M (Peak 319.15M) | Time:00:01.18 | Mem:0.00M, Peak:0.00M | Scene, ViewLayer | Synchronizing object | Front left drilled rotor perforation.052
Fra:1 Mem:319.30M (Peak 319.30M) | Time:00:01.18 | Mem:0.00M, Peak:0.00M | Scene, ViewLayer | Synchronizing object | Front left drilled rotor perforation.053
Fra:1 Mem:319.31M (Peak 319.31M) | Time:00:01.18 | Mem:0.00M, Peak:0.00M | Scene, ViewLayer | Synchronizing object | Front left sidewall lettering.018
Fra:1 Mem:319.33M (Peak 319.33M) | Time:00:01.18 | Mem:0.00M, Peak:0.00M | Scene, ViewLayer | Synchronizing object | Front left drilled rotor perforation.054
Fra:1 Mem:319.28M (Peak 319.33M) | Time:00:01.18 | Mem:0.00M, Peak:0.00M | Scene, ViewLayer | Synchronizing object | Front left sidewall lettering.019
Fra:1 Mem:319.36M (Peak 319.36M) | Time:00:01.18 | Mem:0.00M, Peak:0.00M | Scene, ViewLayer | Synchronizing object | Front left sidewall lettering.020
Fra:1 Mem:319.34M (Peak 319.36M) | Time:00:01.18 | Mem:0.00M, Peak:0.00M | Scene, ViewLayer | Synchronizing object | Front left drilled rotor perforation.055
Fra:1 Mem:319.34M (Peak 319.36M) | Time:00:01.18 | Mem:0.00M, Peak:0.00M | Scene, ViewLayer | Synchronizing object | Front left sidewall lettering.021
Fra:1 Mem:319.36M (Peak 319.36M) | Time:00:01.18 | Mem:0.00M, Peak:0.00M | Scene, ViewLayer | Synchronizing object | Front left drilled rotor perforation.057
Fra:1 Mem:319.38M (Peak 319.38M) | Time:00:01.18 | Mem:0.00M, Peak:0.00M | Scene, ViewLayer | Synchronizing object | Front left drilled rotor perforation.058
Fra:1 Mem:319.42M (Peak 319.42M) | Time:00:01.18 | Mem:0.00M, Peak:0.00M | Scene, ViewLayer | Synchronizing object | Front left drilled rotor perforation.059
Fra:1 Mem:319.40M (Peak 319.42M) | Time:00:01.18 | Mem:0.00M, Peak:0.00M | Scene, ViewLayer | Synchronizing object | Front left drilled rotor perforation.060
Fra:1 Mem:319.40M (Peak 319.42M) | Time:00:01.18 | Mem:0.00M, Peak:0.00M | Scene, ViewLayer | Synchronizing object | Front left drilled rotor perforation.062
Fra:1 Mem:319.42M (Peak 319.42M) | Time:00:01.18 | Mem:0.00M, Peak:0.00M | Scene, ViewLayer | Synchronizing object | Front left drilled rotor perforation.061
Fra:1 Mem:319.45M (Peak 319.45M) | Time:00:01.18 | Mem:0.00M, Peak:0.00M | Scene, ViewLayer | Synchronizing object | Front left drilled rotor perforation.063
Fra:1 Mem:319.49M (Peak 319.49M) | Time:00:01.18 | Mem:0.00M, Peak:0.00M | Scene, ViewLayer | Synchronizing object | Front left drilled rotor perforation.064
Fra:1 Mem:319.47M (Peak 319.49M) | Time:00:01.18 | Mem:0.00M, Peak:0.00M | Scene, ViewLayer | Synchronizing object | Front left drilled rotor perforation.065
Fra:1 Mem:319.51M (Peak 319.51M) | Time:00:01.18 | Mem:0.00M, Peak:0.00M | Scene, ViewLayer | Synchronizing object | Front left drilled rotor perforation.066
Fra:1 Mem:319.53M (Peak 319.53M) | Time:00:01.18 | Mem:0.00M, Peak:0.00M | Scene, ViewLayer | Synchronizing object | Front left drilled rotor perforation.067
Fra:1 Mem:319.50M (Peak 319.53M) | Time:00:01.18 | Mem:0.00M, Peak:0.00M | Scene, ViewLayer | Synchronizing object | Front left drilled rotor perforation.068
Fra:1 Mem:319.54M (Peak 319.54M) | Time:00:01.18 | Mem:0.00M, Peak:0.00M | Scene, ViewLayer | Synchronizing object | Front left drilled rotor perforation.069
Fra:1 Mem:319.57M (Peak 319.57M) | Time:00:01.18 | Mem:0.00M, Peak:0.00M | Scene, ViewLayer | Synchronizing object | Front left drilled rotor perforation.070
Fra:1 Mem:319.55M (Peak 319.57M) | Time:00:01.18 | Mem:0.00M, Peak:0.00M | Scene, ViewLayer | Synchronizing object | Front left drilled rotor perforation.071
Fra:1 Mem:319.59M (Peak 319.59M) | Time:00:01.18 | Mem:0.00M, Peak:0.00M | Scene, ViewLayer | Synchronizing object | Front left brake disc bell
Fra:1 Mem:319.61M (Peak 319.61M) | Time:00:01.18 | Mem:0.00M, Peak:0.00M | Scene, ViewLayer | Synchronizing object | Front left yellow six-piston caliper
Fra:1 Mem:319.78M (Peak 319.78M) | Time:00:01.18 | Mem:0.00M, Peak:0.00M | Scene, ViewLayer | Synchronizing object | Front right caliper marking
Fra:1 Mem:319.80M (Peak 319.80M) | Time:00:01.18 | Mem:0.00M, Peak:0.00M | Scene, ViewLayer | Synchronizing object | Front left black spoke pocket
Fra:1 Mem:319.81M (Peak 319.81M) | Time:00:01.18 | Mem:0.00M, Peak:0.00M | Scene, ViewLayer | Synchronizing object | Front left machined split spoke.001
Fra:1 Mem:320.23M (Peak 320.23M) | Time:00:01.18 | Mem:0.00M, Peak:0.00M | Scene, ViewLayer | Synchronizing object | Front left black spoke pocket.001
Fra:1 Mem:320.42M (Peak 320.42M) | Time:00:01.18 | Mem:0.00M, Peak:0.00M | Scene, ViewLayer | Synchronizing object | Front left machined split spoke.002
Fra:1 Mem:320.43M (Peak 320.43M) | Time:00:01.18 | Mem:0.00M, Peak:0.00M | Scene, ViewLayer | Synchronizing object | Front left black spoke pocket.002
Fra:1 Mem:320.46M (Peak 320.46M) | Time:00:01.18 | Mem:0.00M, Peak:0.00M | Scene, ViewLayer | Synchronizing object | Front left machined split spoke.003
Fra:1 Mem:320.51M (Peak 320.51M) | Time:00:01.18 | Mem:0.00M, Peak:0.00M | Scene, ViewLayer | Synchronizing object | Front left black spoke pocket.003
Fra:1 Mem:320.53M (Peak 320.54M) | Time:00:01.18 | Mem:0.00M, Peak:0.00M | Scene, ViewLayer | Synchronizing object | Front left machined split spoke.004
Fra:1 Mem:320.58M (Peak 320.58M) | Time:00:01.18 | Mem:0.00M, Peak:0.00M | Scene, ViewLayer | Synchronizing object | Front left black spoke pocket.004
Fra:1 Mem:320.68M (Peak 320.68M) | Time:00:01.18 | Mem:0.00M, Peak:0.00M | Scene, ViewLayer | Synchronizing object | Front right center mi logo
Fra:1 Mem:320.62M (Peak 320.68M) | Time:00:01.18 | Mem:0.00M, Peak:0.00M | Scene, ViewLayer | Synchronizing object | Front left machined split spoke.005
Fra:1 Mem:320.87M (Peak 320.87M) | Time:00:01.18 | Mem:0.00M, Peak:0.00M | Scene, ViewLayer | Synchronizing object | Front left black spoke pocket.005
Fra:1 Mem:320.87M (Peak 320.87M) | Time:00:01.18 | Mem:0.00M, Peak:0.00M | Scene, ViewLayer | Synchronizing object | Front left machined split spoke.006
Fra:1 Mem:320.89M (Peak 320.89M) | Time:00:01.18 | Mem:0.00M, Peak:0.00M | Scene, ViewLayer | Synchronizing object | Front left black spoke pocket.006
Fra:1 Mem:320.99M (Peak 320.99M) | Time:00:01.18 | Mem:0.00M, Peak:0.00M | Scene, ViewLayer | Synchronizing object | Front left machined split spoke.007
Fra:1 Mem:321.02M (Peak 321.02M) | Time:00:01.18 | Mem:0.00M, Peak:0.00M | Scene, ViewLayer | Synchronizing object | Front left black spoke pocket.007
Fra:1 Mem:320.99M (Peak 321.02M) | Time:00:01.18 | Mem:0.00M, Peak:0.00M | Scene, ViewLayer | Synchronizing object | Front left machined split spoke.008
Fra:1 Mem:321.07M (Peak 321.07M) | Time:00:01.18 | Mem:0.00M, Peak:0.00M | Scene, ViewLayer | Synchronizing object | Front left black spoke pocket.008
Fra:1 Mem:321.12M (Peak 321.12M) | Time:00:01.18 | Mem:0.00M, Peak:0.00M | Scene, ViewLayer | Synchronizing object | Front left machined split spoke.009
Fra:1 Mem:321.11M (Peak 321.12M) | Time:00:01.18 | Mem:0.00M, Peak:0.00M | Scene, ViewLayer | Synchronizing object | Front right sidewall lettering.001
Fra:1 Mem:321.11M (Peak 321.12M) | Time:00:01.18 | Mem:0.00M, Peak:0.00M | Scene, ViewLayer | Synchronizing object | Front left black spoke pocket.009
Fra:1 Mem:321.11M (Peak 321.12M) | Time:00:01.18 | Mem:0.00M, Peak:0.00M | Scene, ViewLayer | Synchronizing object | Front right sidewall lettering.002
Fra:1 Mem:321.28M (Peak 321.28M) | Time:00:01.18 | Mem:0.00M, Peak:0.00M | Scene, ViewLayer | Synchronizing object | Front left center hub
Fra:1 Mem:321.25M (Peak 321.28M) | Time:00:01.18 | Mem:0.00M, Peak:0.00M | Scene, ViewLayer | Synchronizing object | Front left titanium lug nut
Fra:1 Mem:321.45M (Peak 321.45M) | Time:00:01.18 | Mem:0.00M, Peak:0.00M | Scene, ViewLayer | Synchronizing object | Front right sidewall lettering.004
Fra:1 Mem:321.47M (Peak 321.47M) | Time:00:01.18 | Mem:0.00M, Peak:0.00M | Scene, ViewLayer | Synchronizing object | Front left titanium lug nut.001
Fra:1 Mem:321.43M (Peak 321.47M) | Time:00:01.18 | Mem:0.00M, Peak:0.00M | Scene, ViewLayer | Synchronizing object | Front left titanium lug nut.002
Fra:1 Mem:321.53M (Peak 321.53M) | Time:00:01.18 | Mem:0.00M, Peak:0.00M | Scene, ViewLayer | Synchronizing object | Front right sidewall lettering.005
Fra:1 Mem:321.52M (Peak 321.53M) | Time:00:01.18 | Mem:0.00M, Peak:0.00M | Scene, ViewLayer | Synchronizing object | Front left titanium lug nut.003
Fra:1 Mem:321.47M (Peak 321.53M) | Time:00:01.18 | Mem:0.00M, Peak:0.00M | Scene, ViewLayer | Synchronizing object | Front left tire valve
Fra:1 Mem:321.51M (Peak 321.53M) | Time:00:01.18 | Mem:0.00M, Peak:0.00M | Scene, ViewLayer | Synchronizing object | Front right sidewall lettering.007
Fra:1 Mem:321.51M (Peak 321.53M) | Time:00:01.18 | Mem:0.00M, Peak:0.00M | Scene, ViewLayer | Synchronizing object | Front right | tire carcass
Fra:1 Mem:321.65M (Peak 321.65M) | Time:00:01.18 | Mem:0.00M, Peak:0.00M | Scene, ViewLayer | Synchronizing object | Front right sidewall lettering.008
Fra:1 Mem:321.64M (Peak 321.65M) | Time:00:01.18 | Mem:0.00M, Peak:0.00M | Scene, ViewLayer | Synchronizing object | Front right tire molded sidewall ring.002
Fra:1 Mem:321.77M (Peak 321.77M) | Time:00:01.18 | Mem:0.00M, Peak:0.00M | Scene, ViewLayer | Synchronizing object | Front right tire molded sidewall ring
Fra:1 Mem:322.02M (Peak 322.02M) | Time:00:01.18 | Mem:0.00M, Peak:0.00M | Scene, ViewLayer | Synchronizing object | Front right sidewall lettering.009
Fra:1 Mem:322.02M (Peak 322.02M) | Time:00:01.18 | Mem:0.00M, Peak:0.00M | Scene, ViewLayer | Synchronizing object | Front right diamond-cut outer flange
Fra:1 Mem:322.02M (Peak 322.02M) | Time:00:01.18 | Mem:0.00M, Peak:0.00M | Scene, ViewLayer | Synchronizing object | Front right sidewall lettering.010
Fra:1 Mem:322.63M (Peak 322.63M) | Time:00:01.18 | Mem:0.00M, Peak:0.00M | Scene, ViewLayer | Synchronizing object | Front right sidewall lettering.011
Fra:1 Mem:322.77M (Peak 322.77M) | Time:00:01.18 | Mem:0.00M, Peak:0.00M | Scene, ViewLayer | Synchronizing object | Front right inner rim accent
Fra:1 Mem:322.88M (Peak 322.88M) | Time:00:01.18 | Mem:0.00M, Peak:0.00M | Scene, ViewLayer | Synchronizing object | Front right brake rotor
Fra:1 Mem:322.99M (Peak 322.99M) | Time:00:01.18 | Mem:0.00M, Peak:0.00M | Scene, ViewLayer | Synchronizing object | Front right rotor outer scoring
Fra:1 Mem:323.14M (Peak 323.14M) | Time:00:01.18 | Mem:0.00M, Peak:0.00M | Scene, ViewLayer | Synchronizing object | Front right sidewall lettering.012
Fra:1 Mem:323.15M (Peak 323.15M) | Time:00:01.18 | Mem:0.00M, Peak:0.00M | Scene, ViewLayer | Synchronizing object | Front right drilled rotor perforation
Fra:1 Mem:323.16M (Peak 323.16M) | Time:00:01.18 | Mem:0.00M, Peak:0.00M | Scene, ViewLayer | Synchronizing object | Front right sidewall lettering.013
Fra:1 Mem:323.23M (Peak 323.23M) | Time:00:01.18 | Mem:0.00M, Peak:0.00M | Scene, ViewLayer | Synchronizing object | Front right sidewall lettering.014
Fra:1 Mem:323.40M (Peak 323.40M) | Time:00:01.18 | Mem:0.00M, Peak:0.00M | Scene, ViewLayer | Synchronizing object | Front right drilled rotor perforation.001
Fra:1 Mem:323.39M (Peak 323.40M) | Time:00:01.18 | Mem:0.00M, Peak:0.00M | Scene, ViewLayer | Synchronizing object | Front right drilled rotor perforation.002
Fra:1 Mem:323.35M (Peak 323.40M) | Time:00:01.18 | Mem:0.00M, Peak:0.00M | Scene, ViewLayer | Synchronizing object | Front right drilled rotor perforation.003
Fra:1 Mem:323.35M (Peak 323.40M) | Time:00:01.18 | Mem:0.00M, Peak:0.00M | Scene, ViewLayer | Synchronizing object | Front right sidewall lettering.015
Fra:1 Mem:323.45M (Peak 323.45M) | Time:00:01.18 | Mem:0.00M, Peak:0.00M | Scene, ViewLayer | Synchronizing object | Front right drilled rotor perforation.004
Fra:1 Mem:323.44M (Peak 323.45M) | Time:00:01.18 | Mem:0.00M, Peak:0.00M | Scene, ViewLayer | Synchronizing object | Front right drilled rotor perforation.005
Fra:1 Mem:323.47M (Peak 323.47M) | Time:00:01.18 | Mem:0.00M, Peak:0.00M | Scene, ViewLayer | Synchronizing object | Front right sidewall lettering.016
Fra:1 Mem:323.63M (Peak 323.63M) | Time:00:01.18 | Mem:0.00M, Peak:0.00M | Scene, ViewLayer | Synchronizing object | Front right drilled rotor perforation.006
Fra:1 Mem:323.62M (Peak 323.63M) | Time:00:01.18 | Mem:0.00M, Peak:0.00M | Scene, ViewLayer | Synchronizing object | Front right drilled rotor perforation.007
Fra:1 Mem:323.61M (Peak 323.63M) | Time:00:01.18 | Mem:0.00M, Peak:0.00M | Scene, ViewLayer | Synchronizing object | Front right sidewall lettering.017
Fra:1 Mem:323.79M (Peak 323.79M) | Time:00:01.18 | Mem:0.00M, Peak:0.00M | Scene, ViewLayer | Synchronizing object | Front right drilled rotor perforation.009
Fra:1 Mem:323.78M (Peak 323.79M) | Time:00:01.18 | Mem:0.00M, Peak:0.00M | Scene, ViewLayer | Synchronizing object | Front right drilled rotor perforation.010
Fra:1 Mem:323.80M (Peak 323.80M) | Time:00:01.18 | Mem:0.00M, Peak:0.00M | Scene, ViewLayer | Synchronizing object | Front right drilled rotor perforation.011
Fra:1 Mem:323.86M (Peak 323.86M) | Time:00:01.18 | Mem:0.00M, Peak:0.00M | Scene, ViewLayer | Synchronizing object | Front right drilled rotor perforation.012
Fra:1 Mem:323.81M (Peak 323.86M) | Time:00:01.18 | Mem:0.00M, Peak:0.00M | Scene, ViewLayer | Synchronizing object | Front right drilled rotor perforation.013
Fra:1 Mem:323.88M (Peak 323.88M) | Time:00:01.18 | Mem:0.00M, Peak:0.00M | Scene, ViewLayer | Synchronizing object | Front right drilled rotor perforation.014
Fra:1 Mem:323.85M (Peak 323.88M) | Time:00:01.18 | Mem:0.00M, Peak:0.00M | Scene, ViewLayer | Synchronizing object | Front right drilled rotor perforation.015
Fra:1 Mem:323.87M (Peak 323.88M) | Time:00:01.18 | Mem:0.00M, Peak:0.00M | Scene, ViewLayer | Synchronizing object | Front right drilled rotor perforation.016
Fra:1 Mem:323.93M (Peak 323.93M) | Time:00:01.19 | Mem:0.00M, Peak:0.00M | Scene, ViewLayer | Synchronizing object | Front right drilled rotor perforation.017
Fra:1 Mem:323.87M (Peak 323.93M) | Time:00:01.19 | Mem:0.00M, Peak:0.00M | Scene, ViewLayer | Synchronizing object | Front right drilled rotor perforation.019
Fra:1 Mem:323.95M (Peak 323.95M) | Time:00:01.19 | Mem:0.00M, Peak:0.00M | Scene, ViewLayer | Synchronizing object | Front right sidewall lettering.018
Fra:1 Mem:323.96M (Peak 323.96M) | Time:00:01.19 | Mem:0.00M, Peak:0.00M | Scene, ViewLayer | Synchronizing object | Front right drilled rotor perforation.020
Fra:1 Mem:323.94M (Peak 323.96M) | Time:00:01.19 | Mem:0.00M, Peak:0.00M | Scene, ViewLayer | Synchronizing object | Front right drilled rotor perforation.021
Fra:1 Mem:323.94M (Peak 323.96M) | Time:00:01.19 | Mem:0.00M, Peak:0.00M | Scene, ViewLayer | Synchronizing object | Front right drilled rotor perforation.022
Fra:1 Mem:323.97M (Peak 323.97M) | Time:00:01.19 | Mem:0.00M, Peak:0.00M | Scene, ViewLayer | Synchronizing object | Front right drilled rotor perforation.023
Fra:1 Mem:323.96M (Peak 323.97M) | Time:00:01.19 | Mem:0.00M, Peak:0.00M | Scene, ViewLayer | Synchronizing object | Front right drilled rotor perforation.024
Fra:1 Mem:324.00M (Peak 324.00M) | Time:00:01.19 | Mem:0.00M, Peak:0.00M | Scene, ViewLayer | Synchronizing object | Front right sidewall lettering.019
Fra:1 Mem:324.00M (Peak 324.00M) | Time:00:01.19 | Mem:0.00M, Peak:0.00M | Scene, ViewLayer | Synchronizing object | Front right drilled rotor perforation.025
Fra:1 Mem:324.05M (Peak 324.05M) | Time:00:01.19 | Mem:0.00M, Peak:0.00M | Scene, ViewLayer | Synchronizing object | Front right sidewall lettering.020
Fra:1 Mem:324.02M (Peak 324.05M) | Time:00:01.19 | Mem:0.00M, Peak:0.00M | Scene, ViewLayer | Synchronizing object | Front right drilled rotor perforation.026
Fra:1 Mem:324.06M (Peak 324.06M) | Time:00:01.19 | Mem:0.00M, Peak:0.00M | Scene, ViewLayer | Synchronizing object | Front right sidewall lettering.021
Fra:1 Mem:324.05M (Peak 324.06M) | Time:00:01.19 | Mem:0.00M, Peak:0.00M | Scene, ViewLayer | Synchronizing object | Front right drilled rotor perforation.027
Fra:1 Mem:324.07M (Peak 324.07M) | Time:00:01.19 | Mem:0.00M, Peak:0.00M | Scene, ViewLayer | Synchronizing object | Front right drilled rotor perforation.028
Fra:1 Mem:324.07M (Peak 324.07M) | Time:00:01.19 | Mem:0.00M, Peak:0.00M | Scene, ViewLayer | Synchronizing object | Front right drilled rotor perforation.029
Fra:1 Mem:324.13M (Peak 324.13M) | Time:00:01.19 | Mem:0.00M, Peak:0.00M | Scene, ViewLayer | Synchronizing object | Front right drilled rotor perforation.030
Fra:1 Mem:324.13M (Peak 324.13M) | Time:00:01.19 | Mem:0.00M, Peak:0.00M | Scene, ViewLayer | Synchronizing object | Front right drilled rotor perforation.031
Fra:1 Mem:324.16M (Peak 324.16M) | Time:00:01.19 | Mem:0.00M, Peak:0.00M | Scene, ViewLayer | Synchronizing object | Front right drilled rotor perforation.032
Fra:1 Mem:324.17M (Peak 324.17M) | Time:00:01.19 | Mem:0.00M, Peak:0.00M | Scene, ViewLayer | Synchronizing object | Front right drilled rotor perforation.033
Fra:1 Mem:324.16M (Peak 324.17M) | Time:00:01.19 | Mem:0.00M, Peak:0.00M | Scene, ViewLayer | Synchronizing object | Front right drilled rotor perforation.034
Fra:1 Mem:324.19M (Peak 324.19M) | Time:00:01.19 | Mem:0.00M, Peak:0.00M | Scene, ViewLayer | Synchronizing object | Front right drilled rotor perforation.035
Fra:1 Mem:324.21M (Peak 324.21M) | Time:00:01.19 | Mem:0.00M, Peak:0.00M | Scene, ViewLayer | Synchronizing object | Front right drilled rotor perforation.036
Fra:1 Mem:324.19M (Peak 324.21M) | Time:00:01.19 | Mem:0.00M, Peak:0.00M | Scene, ViewLayer | Synchronizing object | Front right drilled rotor perforation.038
Fra:1 Mem:324.29M (Peak 324.29M) | Time:00:01.19 | Mem:0.00M, Peak:0.00M | Scene, ViewLayer | Synchronizing object | Front right drilled rotor perforation.039
Fra:1 Mem:324.24M (Peak 324.29M) | Time:00:01.19 | Mem:0.00M, Peak:0.00M | Scene, ViewLayer | Synchronizing object | Front right drilled rotor perforation.040
Fra:1 Mem:324.27M (Peak 324.29M) | Time:00:01.19 | Mem:0.00M, Peak:0.00M | Scene, ViewLayer | Synchronizing object | Front right drilled rotor perforation.041
Fra:1 Mem:324.34M (Peak 324.34M) | Time:00:01.19 | Mem:0.00M, Peak:0.00M | Scene, ViewLayer | Synchronizing object | Rear left caliper marking
Fra:1 Mem:324.47M (Peak 324.47M) | Time:00:01.19 | Mem:0.00M, Peak:0.00M | Scene, ViewLayer | Synchronizing object | Front right drilled rotor perforation.042
Fra:1 Mem:324.43M (Peak 324.47M) | Time:00:01.19 | Mem:0.00M, Peak:0.00M | Scene, ViewLayer | Synchronizing object | Front right drilled rotor perforation.043
Fra:1 Mem:324.42M (Peak 324.47M) | Time:00:01.19 | Mem:0.00M, Peak:0.00M | Scene, ViewLayer | Synchronizing object | Front right drilled rotor perforation.044
Fra:1 Mem:324.47M (Peak 324.47M) | Time:00:01.19 | Mem:0.00M, Peak:0.00M | Scene, ViewLayer | Synchronizing object | Front right drilled rotor perforation.045
Fra:1 Mem:324.81M (Peak 324.81M) | Time:00:01.19 | Mem:0.00M, Peak:0.00M | Scene, ViewLayer | Synchronizing object | Front right drilled rotor perforation.046
Fra:1 Mem:324.77M (Peak 324.81M) | Time:00:01.19 | Mem:0.00M, Peak:0.00M | Scene, ViewLayer | Synchronizing object | Front right drilled rotor perforation.047
Fra:1 Mem:324.80M (Peak 324.81M) | Time:00:01.19 | Mem:0.00M, Peak:0.00M | Scene, ViewLayer | Synchronizing object | Front right drilled rotor perforation.048
Fra:1 Mem:325.07M (Peak 325.07M) | Time:00:01.19 | Mem:0.00M, Peak:0.00M | Scene, ViewLayer | Synchronizing object | Front right drilled rotor perforation.049
Fra:1 Mem:325.04M (Peak 325.07M) | Time:00:01.19 | Mem:0.00M, Peak:0.00M | Scene, ViewLayer | Synchronizing object | Front right drilled rotor perforation.050
Fra:1 Mem:325.08M (Peak 325.08M) | Time:00:01.19 | Mem:0.00M, Peak:0.00M | Scene, ViewLayer | Synchronizing object | Front right drilled rotor perforation.051
Fra:1 Mem:325.06M (Peak 325.08M) | Time:00:01.19 | Mem:0.00M, Peak:0.00M | Scene, ViewLayer | Synchronizing object | Front right drilled rotor perforation.052
Fra:1 Mem:325.08M (Peak 325.08M) | Time:00:01.19 | Mem:0.00M, Peak:0.00M | Scene, ViewLayer | Synchronizing object | Front right drilled rotor perforation.053
Fra:1 Mem:325.09M (Peak 325.09M) | Time:00:01.19 | Mem:0.00M, Peak:0.00M | Scene, ViewLayer | Synchronizing object | Front right drilled rotor perforation.054
Fra:1 Mem:325.20M (Peak 325.20M) | Time:00:01.19 | Mem:0.00M, Peak:0.00M | Scene, ViewLayer | Synchronizing object | Front right drilled rotor perforation.055
Fra:1 Mem:325.16M (Peak 325.20M) | Time:00:01.19 | Mem:0.00M, Peak:0.00M | Scene, ViewLayer | Synchronizing object | Front right drilled rotor perforation.056
Fra:1 Mem:325.18M (Peak 325.20M) | Time:00:01.19 | Mem:0.00M, Peak:0.00M | Scene, ViewLayer | Synchronizing object | Front right drilled rotor perforation.057
Fra:1 Mem:325.35M (Peak 325.35M) | Time:00:01.19 | Mem:0.00M, Peak:0.00M | Scene, ViewLayer | Synchronizing object | Front right drilled rotor perforation.058
Fra:1 Mem:325.19M (Peak 325.35M) | Time:00:01.19 | Mem:0.00M, Peak:0.00M | Scene, ViewLayer | Synchronizing object | Front right drilled rotor perforation.060
Fra:1 Mem:325.32M (Peak 325.35M) | Time:00:01.19 | Mem:0.00M, Peak:0.00M | Scene, ViewLayer | Synchronizing object | Front right drilled rotor perforation.061
Fra:1 Mem:325.24M (Peak 325.35M) | Time:00:01.19 | Mem:0.00M, Peak:0.00M | Scene, ViewLayer | Synchronizing object | Front right drilled rotor perforation.063
Fra:1 Mem:325.31M (Peak 325.35M) | Time:00:01.19 | Mem:0.00M, Peak:0.00M | Scene, ViewLayer | Synchronizing object | Rear left center mi logo
Fra:1 Mem:325.34M (Peak 325.35M) | Time:00:01.19 | Mem:0.00M, Peak:0.00M | Scene, ViewLayer | Synchronizing object | Front right drilled rotor perforation.064
Fra:1 Mem:325.32M (Peak 325.35M) | Time:00:01.19 | Mem:0.00M, Peak:0.00M | Scene, ViewLayer | Synchronizing object | Front right drilled rotor perforation.065
Fra:1 Mem:325.54M (Peak 325.54M) | Time:00:01.19 | Mem:0.00M, Peak:0.00M | Scene, ViewLayer | Synchronizing object | Front right drilled rotor perforation.066
Fra:1 Mem:325.58M (Peak 325.58M) | Time:00:01.19 | Mem:0.00M, Peak:0.00M | Scene, ViewLayer | Synchronizing object | Front right drilled rotor perforation.067
Fra:1 Mem:325.54M (Peak 325.58M) | Time:00:01.19 | Mem:0.00M, Peak:0.00M | Scene, ViewLayer | Synchronizing object | Front right drilled rotor perforation.068
Fra:1 Mem:325.60M (Peak 325.60M) | Time:00:01.19 | Mem:0.00M, Peak:0.00M | Scene, ViewLayer | Synchronizing object | Rear left sidewall lettering
Fra:1 Mem:325.62M (Peak 325.62M) | Time:00:01.19 | Mem:0.00M, Peak:0.00M | Scene, ViewLayer | Synchronizing object | Front right drilled rotor perforation.069
Fra:1 Mem:325.61M (Peak 325.62M) | Time:00:01.19 | Mem:0.00M, Peak:0.00M | Scene, ViewLayer | Synchronizing object | Rear left sidewall lettering.001
Fra:1 Mem:325.64M (Peak 325.64M) | Time:00:01.19 | Mem:0.00M, Peak:0.00M | Scene, ViewLayer | Synchronizing object | Rear left sidewall lettering.002
Fra:1 Mem:325.67M (Peak 325.67M) | Time:00:01.19 | Mem:0.00M, Peak:0.00M | Scene, ViewLayer | Synchronizing object | Front right drilled rotor perforation.070
Fra:1 Mem:325.73M (Peak 325.73M) | Time:00:01.19 | Mem:0.00M, Peak:0.00M | Scene, ViewLayer | Synchronizing object | Front right drilled rotor perforation.071
Fra:1 Mem:325.76M (Peak 325.76M) | Time:00:01.19 | Mem:0.00M, Peak:0.00M | Scene, ViewLayer | Synchronizing object | Front right brake disc bell
Fra:1 Mem:325.83M (Peak 325.83M) | Time:00:01.19 | Mem:0.00M, Peak:0.00M | Scene, ViewLayer | Synchronizing object | Rear left sidewall lettering.003
Fra:1 Mem:325.92M (Peak 325.92M) | Time:00:01.19 | Mem:0.00M, Peak:0.00M | Scene, ViewLayer | Synchronizing object | Rear left sidewall lettering.004
Fra:1 Mem:325.90M (Peak 325.92M) | Time:00:01.19 | Mem:0.00M, Peak:0.00M | Scene, ViewLayer | Synchronizing object | Front right yellow six-piston caliper
Fra:1 Mem:325.89M (Peak 325.92M) | Time:00:01.19 | Mem:0.00M, Peak:0.00M | Scene, ViewLayer | Synchronizing object | Rear left sidewall lettering.005
Fra:1 Mem:325.99M (Peak 326.00M) | Time:00:01.19 | Mem:0.00M, Peak:0.00M | Scene, ViewLayer | Synchronizing object | Rear left sidewall lettering.006
Fra:1 Mem:325.98M (Peak 326.00M) | Time:00:01.19 | Mem:0.00M, Peak:0.00M | Scene, ViewLayer | Synchronizing object | Rear left sidewall lettering.007
Fra:1 Mem:325.95M (Peak 326.00M) | Time:00:01.19 | Mem:0.00M, Peak:0.00M | Scene, ViewLayer | Synchronizing object | Front right machined split spoke
Fra:1 Mem:325.90M (Peak 326.00M) | Time:00:01.19 | Mem:0.00M, Peak:0.00M | Scene, ViewLayer | Synchronizing object | Rear left sidewall lettering.008
Fra:1 Mem:326.01M (Peak 326.01M) | Time:00:01.19 | Mem:0.00M, Peak:0.00M | Scene, ViewLayer | Synchronizing object | Front right machined split spoke.001
Fra:1 Mem:326.07M (Peak 326.07M) | Time:00:01.19 | Mem:0.00M, Peak:0.00M | Scene, ViewLayer | Synchronizing object | Rear left sidewall lettering.009
Fra:1 Mem:326.12M (Peak 326.12M) | Time:00:01.19 | Mem:0.00M, Peak:0.00M | Scene, ViewLayer | Synchronizing object | Rear left sidewall lettering.010
Fra:1 Mem:326.16M (Peak 326.16M) | Time:00:01.19 | Mem:0.00M, Peak:0.00M | Scene, ViewLayer | Synchronizing object | Front right black spoke pocket.001
Fra:1 Mem:326.10M (Peak 326.16M) | Time:00:01.19 | Mem:0.00M, Peak:0.00M | Scene, ViewLayer | Synchronizing object | Rear left sidewall lettering.011
Fra:1 Mem:326.18M (Peak 326.18M) | Time:00:01.19 | Mem:0.00M, Peak:0.00M | Scene, ViewLayer | Synchronizing object | Front right machined split spoke.002
Fra:1 Mem:326.27M (Peak 326.27M) | Time:00:01.19 | Mem:0.00M, Peak:0.00M | Scene, ViewLayer | Synchronizing object | Front right black spoke pocket.002
Fra:1 Mem:326.38M (Peak 326.38M) | Time:00:01.19 | Mem:0.00M, Peak:0.00M | Scene, ViewLayer | Synchronizing object | Rear left sidewall lettering.012
Fra:1 Mem:326.34M (Peak 326.38M) | Time:00:01.19 | Mem:0.00M, Peak:0.00M | Scene, ViewLayer | Synchronizing object | Front right machined split spoke.003
Fra:1 Mem:326.30M (Peak 326.38M) | Time:00:01.19 | Mem:0.00M, Peak:0.00M | Scene, ViewLayer | Synchronizing object | Rear left sidewall lettering.013
Fra:1 Mem:326.36M (Peak 326.38M) | Time:00:01.19 | Mem:0.00M, Peak:0.00M | Scene, ViewLayer | Synchronizing object | Front right black spoke pocket.003
Fra:1 Mem:326.40M (Peak 326.40M) | Time:00:01.19 | Mem:0.00M, Peak:0.00M | Scene, ViewLayer | Synchronizing object | Rear left sidewall lettering.014
Fra:1 Mem:326.56M (Peak 326.56M) | Time:00:01.19 | Mem:0.00M, Peak:0.00M | Scene, ViewLayer | Synchronizing object | Front right machined split spoke.004
Fra:1 Mem:326.53M (Peak 326.56M) | Time:00:01.19 | Mem:0.00M, Peak:0.00M | Scene, ViewLayer | Synchronizing object | Front right black spoke pocket.004
Fra:1 Mem:326.64M (Peak 326.64M) | Time:00:01.19 | Mem:0.00M, Peak:0.00M | Scene, ViewLayer | Synchronizing object | Front right machined split spoke.005
Fra:1 Mem:326.65M (Peak 326.65M) | Time:00:01.19 | Mem:0.00M, Peak:0.00M | Scene, ViewLayer | Synchronizing object | Rear left sidewall lettering.015
Fra:1 Mem:326.75M (Peak 326.75M) | Time:00:01.19 | Mem:0.00M, Peak:0.00M | Scene, ViewLayer | Synchronizing object | Front right black spoke pocket.005
Fra:1 Mem:326.72M (Peak 326.75M) | Time:00:01.19 | Mem:0.00M, Peak:0.00M | Scene, ViewLayer | Synchronizing object | Rear left sidewall lettering.016
Fra:1 Mem:326.79M (Peak 326.79M) | Time:00:01.19 | Mem:0.00M, Peak:0.00M | Scene, ViewLayer | Synchronizing object | Front right machined split spoke.006
Fra:1 Mem:326.90M (Peak 326.90M) | Time:00:01.19 | Mem:0.00M, Peak:0.00M | Scene, ViewLayer | Synchronizing object | Rear left sidewall lettering.017
Fra:1 Mem:326.93M (Peak 326.93M) | Time:00:01.19 | Mem:0.00M, Peak:0.00M | Scene, ViewLayer | Synchronizing object | Front right machined split spoke.007
Fra:1 Mem:326.99M (Peak 326.99M) | Time:00:01.19 | Mem:0.00M, Peak:0.00M | Scene, ViewLayer | Synchronizing object | Front right black spoke pocket.006
Fra:1 Mem:327.11M (Peak 327.11M) | Time:00:01.19 | Mem:0.00M, Peak:0.00M | Scene, ViewLayer | Synchronizing object | Front right black spoke pocket.007
Fra:1 Mem:327.05M (Peak 327.11M) | Time:00:01.19 | Mem:0.00M, Peak:0.00M | Scene, ViewLayer | Synchronizing object | Rear left sidewall lettering.018
Fra:1 Mem:327.17M (Peak 327.17M) | Time:00:01.19 | Mem:0.00M, Peak:0.00M | Scene, ViewLayer | Synchronizing object | Rear left sidewall lettering.019
Fra:1 Mem:327.12M (Peak 327.17M) | Time:00:01.19 | Mem:0.00M, Peak:0.00M | Scene, ViewLayer | Synchronizing object | Front right machined split spoke.008
Fra:1 Mem:327.11M (Peak 327.17M) | Time:00:01.19 | Mem:0.00M, Peak:0.00M | Scene, ViewLayer | Synchronizing object | Front right black spoke pocket.008
Fra:1 Mem:327.21M (Peak 327.21M) | Time:00:01.19 | Mem:0.00M, Peak:0.00M | Scene, ViewLayer | Synchronizing object | Front right machined split spoke.009
Fra:1 Mem:327.19M (Peak 327.21M) | Time:00:01.19 | Mem:0.00M, Peak:0.00M | Scene, ViewLayer | Synchronizing object | Rear left sidewall lettering.021
Fra:1 Mem:327.25M (Peak 327.25M) | Time:00:01.19 | Mem:0.00M, Peak:0.00M | Scene, ViewLayer | Synchronizing object | Front right black spoke pocket.009
Fra:1 Mem:327.26M (Peak 327.26M) | Time:00:01.19 | Mem:0.00M, Peak:0.00M | Scene, ViewLayer | Synchronizing object | Front right center hub
Fra:1 Mem:327.29M (Peak 327.29M) | Time:00:01.19 | Mem:0.00M, Peak:0.00M | Scene, ViewLayer | Synchronizing object | Front right center cap ring
Fra:1 Mem:327.44M (Peak 327.44M) | Time:00:01.20 | Mem:0.00M, Peak:0.00M | Scene, ViewLayer | Synchronizing object | Front right titanium lug nut
Fra:1 Mem:327.45M (Peak 327.45M) | Time:00:01.20 | Mem:0.00M, Peak:0.00M | Scene, ViewLayer | Synchronizing object | Front right titanium lug nut.001
Fra:1 Mem:327.42M (Peak 327.45M) | Time:00:01.20 | Mem:0.00M, Peak:0.00M | Scene, ViewLayer | Synchronizing object | Front right titanium lug nut.002
Fra:1 Mem:327.44M (Peak 327.45M) | Time:00:01.20 | Mem:0.00M, Peak:0.00M | Scene, ViewLayer | Synchronizing object | Front right titanium lug nut.003
Fra:1 Mem:327.45M (Peak 327.45M) | Time:00:01.20 | Mem:0.00M, Peak:0.00M | Scene, ViewLayer | Synchronizing object | Rear right caliper marking
Fra:1 Mem:327.58M (Peak 327.58M) | Time:00:01.20 | Mem:0.00M, Peak:0.00M | Scene, ViewLayer | Synchronizing object | Front right titanium lug nut.004
Fra:1 Mem:327.58M (Peak 327.58M) | Time:00:01.20 | Mem:0.00M, Peak:0.00M | Scene, ViewLayer | Synchronizing object | Front right tire valve
Fra:1 Mem:327.88M (Peak 327.88M) | Time:00:01.20 | Mem:0.00M, Peak:0.00M | Scene, ViewLayer | Synchronizing object | Rear left | tire carcass
Fra:1 Mem:327.87M (Peak 327.88M) | Time:00:01.20 | Mem:0.00M, Peak:0.00M | Scene, ViewLayer | Synchronizing object | Rear left tire molded sidewall ring.002
Fra:1 Mem:328.41M (Peak 328.41M) | Time:00:01.20 | Mem:0.00M, Peak:0.00M | Scene, ViewLayer | Synchronizing object | Rear left tire molded sidewall ring
Fra:1 Mem:328.48M (Peak 328.48M) | Time:00:01.20 | Mem:0.00M, Peak:0.00M | Scene, ViewLayer | Synchronizing object | Rear left directional tread | 792 blocks
Fra:1 Mem:328.68M (Peak 328.68M) | Time:00:01.20 | Mem:0.00M, Peak:0.00M | Scene, ViewLayer | Synchronizing object | Rear left cast rim barrel
Fra:1 Mem:328.88M (Peak 328.88M) | Time:00:01.20 | Mem:0.00M, Peak:0.00M | Scene, ViewLayer | Synchronizing object | Rear left diamond-cut outer flange
Fra:1 Mem:329.08M (Peak 329.08M) | Time:00:01.20 | Mem:0.00M, Peak:0.00M | Scene, ViewLayer | Synchronizing object | Rear left inner rim accent
Fra:1 Mem:329.36M (Peak 329.36M) | Time:00:01.20 | Mem:0.00M, Peak:0.00M | Scene, ViewLayer | Synchronizing object | Rear left brake rotor
Fra:1 Mem:329.49M (Peak 329.49M) | Time:00:01.20 | Mem:0.00M, Peak:0.00M | Scene, ViewLayer | Synchronizing object | Rear left rotor outer scoring
Fra:1 Mem:329.63M (Peak 329.63M) | Time:00:01.20 | Mem:0.00M, Peak:0.00M | Scene, ViewLayer | Synchronizing object | Rear left drilled rotor perforation
Fra:1 Mem:329.50M (Peak 329.63M) | Time:00:01.20 | Mem:0.00M, Peak:0.00M | Scene, ViewLayer | Synchronizing object | Rear left drilled rotor perforation.001
Fra:1 Mem:329.54M (Peak 329.63M) | Time:00:01.20 | Mem:0.00M, Peak:0.00M | Scene, ViewLayer | Synchronizing object | Rear left drilled rotor perforation.002
Fra:1 Mem:329.56M (Peak 329.63M) | Time:00:01.20 | Mem:0.00M, Peak:0.00M | Scene, ViewLayer | Synchronizing object | Rear left drilled rotor perforation.003
Fra:1 Mem:329.60M (Peak 329.63M) | Time:00:01.20 | Mem:0.00M, Peak:0.00M | Scene, ViewLayer | Synchronizing object | Rear right center mi logo
Fra:1 Mem:329.58M (Peak 329.63M) | Time:00:01.20 | Mem:0.00M, Peak:0.00M | Scene, ViewLayer | Synchronizing object | Rear left drilled rotor perforation.004
Fra:1 Mem:329.66M (Peak 329.66M) | Time:00:01.20 | Mem:0.00M, Peak:0.00M | Scene, ViewLayer | Synchronizing object | Rear left drilled rotor perforation.005
Fra:1 Mem:329.82M (Peak 329.82M) | Time:00:01.20 | Mem:0.00M, Peak:0.00M | Scene, ViewLayer | Synchronizing object | Rear left drilled rotor perforation.006
Fra:1 Mem:329.84M (Peak 329.84M) | Time:00:01.20 | Mem:0.00M, Peak:0.00M | Scene, ViewLayer | Synchronizing object | Rear left drilled rotor perforation.007
Fra:1 Mem:329.87M (Peak 329.87M) | Time:00:01.20 | Mem:0.00M, Peak:0.00M | Scene, ViewLayer | Synchronizing object | Rear left drilled rotor perforation.008
Fra:1 Mem:329.87M (Peak 329.87M) | Time:00:01.20 | Mem:0.00M, Peak:0.00M | Scene, ViewLayer | Synchronizing object | Rear left drilled rotor perforation.009
Fra:1 Mem:329.92M (Peak 329.92M) | Time:00:01.20 | Mem:0.00M, Peak:0.00M | Scene, ViewLayer | Synchronizing object | Rear right sidewall lettering
Fra:1 Mem:329.92M (Peak 329.92M) | Time:00:01.20 | Mem:0.00M, Peak:0.00M | Scene, ViewLayer | Synchronizing object | Rear left drilled rotor perforation.010
Fra:1 Mem:329.94M (Peak 329.94M) | Time:00:01.20 | Mem:0.00M, Peak:0.00M | Scene, ViewLayer | Synchronizing object | Rear right sidewall lettering.001
Fra:1 Mem:329.94M (Peak 329.94M) | Time:00:01.20 | Mem:0.00M, Peak:0.00M | Scene, ViewLayer | Synchronizing object | Rear left drilled rotor perforation.011
Fra:1 Mem:329.95M (Peak 329.95M) | Time:00:01.20 | Mem:0.00M, Peak:0.00M | Scene, ViewLayer | Synchronizing object | Rear right sidewall lettering.002
Fra:1 Mem:329.98M (Peak 329.98M) | Time:00:01.20 | Mem:0.00M, Peak:0.00M | Scene, ViewLayer | Synchronizing object | Rear left drilled rotor perforation.013
Fra:1 Mem:330.14M (Peak 330.14M) | Time:00:01.20 | Mem:0.00M, Peak:0.00M | Scene, ViewLayer | Synchronizing object | Rear left drilled rotor perforation.014
Fra:1 Mem:330.08M (Peak 330.14M) | Time:00:01.20 | Mem:0.00M, Peak:0.00M | Scene, ViewLayer | Synchronizing object | Rear left drilled rotor perforation.016
Fra:1 Mem:330.13M (Peak 330.14M) | Time:00:01.20 | Mem:0.00M, Peak:0.00M | Scene, ViewLayer | Synchronizing object | Rear right sidewall lettering.003
Fra:1 Mem:330.21M (Peak 330.21M) | Time:00:01.20 | Mem:0.00M, Peak:0.00M | Scene, ViewLayer | Synchronizing object | Rear right sidewall lettering.004
Fra:1 Mem:330.22M (Peak 330.22M) | Time:00:01.20 | Mem:0.00M, Peak:0.00M | Scene, ViewLayer | Synchronizing object | Rear left drilled rotor perforation.017
Fra:1 Mem:330.21M (Peak 330.22M) | Time:00:01.20 | Mem:0.00M, Peak:0.00M | Scene, ViewLayer | Synchronizing object | Rear right sidewall lettering.005
Fra:1 Mem:330.20M (Peak 330.22M) | Time:00:01.20 | Mem:0.00M, Peak:0.00M | Scene, ViewLayer | Synchronizing object | Rear left drilled rotor perforation.018
Fra:1 Mem:330.24M (Peak 330.24M) | Time:00:01.20 | Mem:0.00M, Peak:0.00M | Scene, ViewLayer | Synchronizing object | Rear right sidewall lettering.006
Fra:1 Mem:330.23M (Peak 330.24M) | Time:00:01.20 | Mem:0.00M, Peak:0.00M | Scene, ViewLayer | Synchronizing object | Rear left drilled rotor perforation.020
Fra:1 Mem:330.24M (Peak 330.24M) | Time:00:01.20 | Mem:0.00M, Peak:0.00M | Scene, ViewLayer | Synchronizing object | Rear right sidewall lettering.007
Fra:1 Mem:330.30M (Peak 330.30M) | Time:00:01.20 | Mem:0.00M, Peak:0.00M | Scene, ViewLayer | Synchronizing object | Rear right sidewall lettering.008
Fra:1 Mem:330.29M (Peak 330.30M) | Time:00:01.20 | Mem:0.00M, Peak:0.00M | Scene, ViewLayer | Synchronizing object | Rear left drilled rotor perforation.021
Fra:1 Mem:330.38M (Peak 330.38M) | Time:00:01.20 | Mem:0.00M, Peak:0.00M | Scene, ViewLayer | Synchronizing object | Rear left drilled rotor perforation.022
Fra:1 Mem:330.36M (Peak 330.38M) | Time:00:01.20 | Mem:0.00M, Peak:0.00M | Scene, ViewLayer | Synchronizing object | Rear right sidewall lettering.009
Fra:1 Mem:330.42M (Peak 330.42M) | Time:00:01.20 | Mem:0.00M, Peak:0.00M | Scene, ViewLayer | Synchronizing object | Rear left drilled rotor perforation.023
Fra:1 Mem:330.36M (Peak 330.42M) | Time:00:01.20 | Mem:0.00M, Peak:0.00M | Scene, ViewLayer | Synchronizing object | Rear left drilled rotor perforation.024
Fra:1 Mem:330.42M (Peak 330.42M) | Time:00:01.20 | Mem:0.00M, Peak:0.00M | Scene, ViewLayer | Synchronizing object | Rear left drilled rotor perforation.025
Fra:1 Mem:330.42M (Peak 330.42M) | Time:00:01.20 | Mem:0.00M, Peak:0.00M | Scene, ViewLayer | Synchronizing object | Rear right sidewall lettering.011
Fra:1 Mem:330.45M (Peak 330.45M) | Time:00:01.20 | Mem:0.00M, Peak:0.00M | Scene, ViewLayer | Synchronizing object | Rear left drilled rotor perforation.026
Fra:1 Mem:330.53M (Peak 330.53M) | Time:00:01.20 | Mem:0.00M, Peak:0.00M | Scene, ViewLayer | Synchronizing object | Rear left drilled rotor perforation.027
Fra:1 Mem:330.55M (Peak 330.55M) | Time:00:01.20 | Mem:0.00M, Peak:0.00M | Scene, ViewLayer | Synchronizing object | Rear left drilled rotor perforation.029
Fra:1 Mem:330.60M (Peak 330.60M) | Time:00:01.20 | Mem:0.00M, Peak:0.00M | Scene, ViewLayer | Synchronizing object | Rear right sidewall lettering.012
Fra:1 Mem:330.62M (Peak 330.62M) | Time:00:01.20 | Mem:0.00M, Peak:0.00M | Scene, ViewLayer | Synchronizing object | Rear right sidewall lettering.013
Fra:1 Mem:330.64M (Peak 330.64M) | Time:00:01.20 | Mem:0.00M, Peak:0.00M | Scene, ViewLayer | Synchronizing object | Rear left drilled rotor perforation.030
Fra:1 Mem:330.65M (Peak 330.65M) | Time:00:01.20 | Mem:0.00M, Peak:0.00M | Scene, ViewLayer | Synchronizing object | Rear right sidewall lettering.014
Fra:1 Mem:330.73M (Peak 330.73M) | Time:00:01.20 | Mem:0.00M, Peak:0.00M | Scene, ViewLayer | Synchronizing object | Rear left drilled rotor perforation.031
Fra:1 Mem:330.81M (Peak 330.81M) | Time:00:01.20 | Mem:0.00M, Peak:0.00M | Scene, ViewLayer | Synchronizing object | Rear left drilled rotor perforation.032
Fra:1 Mem:330.87M (Peak 330.87M) | Time:00:01.20 | Mem:0.00M, Peak:0.00M | Scene, ViewLayer | Synchronizing object | Rear left drilled rotor perforation.033
Fra:1 Mem:330.87M (Peak 330.87M) | Time:00:01.20 | Mem:0.00M, Peak:0.00M | Scene, ViewLayer | Synchronizing object | Rear right sidewall lettering.015
Fra:1 Mem:330.86M (Peak 330.87M) | Time:00:01.20 | Mem:0.00M, Peak:0.00M | Scene, ViewLayer | Synchronizing object | Rear left drilled rotor perforation.034
Fra:1 Mem:330.97M (Peak 330.97M) | Time:00:01.20 | Mem:0.00M, Peak:0.00M | Scene, ViewLayer | Synchronizing object | Rear left drilled rotor perforation.035
Fra:1 Mem:330.96M (Peak 330.97M) | Time:00:01.20 | Mem:0.00M, Peak:0.00M | Scene, ViewLayer | Synchronizing object | Rear left drilled rotor perforation.036
Fra:1 Mem:330.98M (Peak 330.98M) | Time:00:01.20 | Mem:0.00M, Peak:0.00M | Scene, ViewLayer | Synchronizing object | Rear right sidewall lettering.016
Fra:1 Mem:331.00M (Peak 331.00M) | Time:00:01.20 | Mem:0.00M, Peak:0.00M | Scene, ViewLayer | Synchronizing object | Rear left drilled rotor perforation.037
Fra:1 Mem:331.16M (Peak 331.16M) | Time:00:01.20 | Mem:0.00M, Peak:0.00M | Scene, ViewLayer | Synchronizing object | Rear left drilled rotor perforation.038
Fra:1 Mem:331.13M (Peak 331.16M) | Time:00:01.20 | Mem:0.00M, Peak:0.00M | Scene, ViewLayer | Synchronizing object | Rear left drilled rotor perforation.039
Fra:1 Mem:331.18M (Peak 331.18M) | Time:00:01.20 | Mem:0.00M, Peak:0.00M | Scene, ViewLayer | Synchronizing object | Rear right sidewall lettering.017
Fra:1 Mem:331.14M (Peak 331.18M) | Time:00:01.20 | Mem:0.00M, Peak:0.00M | Scene, ViewLayer | Synchronizing object | Rear left drilled rotor perforation.040
Fra:1 Mem:331.18M (Peak 331.18M) | Time:00:01.20 | Mem:0.00M, Peak:0.00M | Scene, ViewLayer | Synchronizing object | Rear left drilled rotor perforation.041
Fra:1 Mem:331.32M (Peak 331.32M) | Time:00:01.20 | Mem:0.00M, Peak:0.00M | Scene, ViewLayer | Synchronizing object | Rear left drilled rotor perforation.042
Fra:1 Mem:331.33M (Peak 331.33M) | Time:00:01.20 | Mem:0.00M, Peak:0.00M | Scene, ViewLayer | Synchronizing object | Rear left drilled rotor perforation.043
Fra:1 Mem:331.33M (Peak 331.33M) | Time:00:01.20 | Mem:0.00M, Peak:0.00M | Scene, ViewLayer | Synchronizing object | Rear right sidewall lettering.018
Fra:1 Mem:331.33M (Peak 331.33M) | Time:00:01.20 | Mem:0.00M, Peak:0.00M | Scene, ViewLayer | Synchronizing object | Rear left drilled rotor perforation.044
Fra:1 Mem:331.37M (Peak 331.37M) | Time:00:01.20 | Mem:0.00M, Peak:0.00M | Scene, ViewLayer | Synchronizing object | Rear right sidewall lettering.019
Fra:1 Mem:331.40M (Peak 331.40M) | Time:00:01.20 | Mem:0.00M, Peak:0.00M | Scene, ViewLayer | Synchronizing object | Rear left drilled rotor perforation.045
Fra:1 Mem:331.41M (Peak 331.41M) | Time:00:01.20 | Mem:0.00M, Peak:0.00M | Scene, ViewLayer | Synchronizing object | Rear right sidewall lettering.020
Fra:1 Mem:331.41M (Peak 331.41M) | Time:00:01.20 | Mem:0.00M, Peak:0.00M | Scene, ViewLayer | Synchronizing object | Rear left drilled rotor perforation.046
Fra:1 Mem:331.42M (Peak 331.42M) | Time:00:01.20 | Mem:0.00M, Peak:0.00M | Scene, ViewLayer | Synchronizing object | Rear left drilled rotor perforation.047
Fra:1 Mem:331.43M (Peak 331.43M) | Time:00:01.20 | Mem:0.00M, Peak:0.00M | Scene, ViewLayer | Synchronizing object | Rear right sidewall lettering.021
Fra:1 Mem:331.46M (Peak 331.46M) | Time:00:01.20 | Mem:0.00M, Peak:0.00M | Scene, ViewLayer | Synchronizing object | Rear left drilled rotor perforation.048
Fra:1 Mem:331.41M (Peak 331.46M) | Time:00:01.20 | Mem:0.00M, Peak:0.00M | Scene, ViewLayer | Synchronizing object | Rear left drilled rotor perforation.049
Fra:1 Mem:331.43M (Peak 331.46M) | Time:00:01.20 | Mem:0.00M, Peak:0.00M | Scene, ViewLayer | Synchronizing object | Rear left drilled rotor perforation.050
Fra:1 Mem:331.49M (Peak 331.49M) | Time:00:01.20 | Mem:0.00M, Peak:0.00M | Scene, ViewLayer | Synchronizing object | Seat piping
Fra:1 Mem:331.55M (Peak 331.54M) | Time:00:01.20 | Mem:0.00M, Peak:0.00M | Scene, ViewLayer | Synchronizing object | Seat piping.001
Fra:1 Mem:331.46M (Peak 331.54M) | Time:00:01.20 | Mem:0.00M, Peak:0.00M | Scene, ViewLayer | Synchronizing object | Rear left drilled rotor perforation.051
Fra:1 Mem:331.50M (Peak 331.54M) | Time:00:01.20 | Mem:0.00M, Peak:0.00M | Scene, ViewLayer | Synchronizing object | Rear left drilled rotor perforation.052
Fra:1 Mem:331.54M (Peak 331.54M) | Time:00:01.20 | Mem:0.00M, Peak:0.00M | Scene, ViewLayer | Synchronizing object | Seat piping.002
Fra:1 Mem:331.55M (Peak 331.55M) | Time:00:01.20 | Mem:0.00M, Peak:0.00M | Scene, ViewLayer | Synchronizing object | Seat piping.003
Fra:1 Mem:331.56M (Peak 331.56M) | Time:00:01.20 | Mem:0.00M, Peak:0.00M | Scene, ViewLayer | Synchronizing object | Rear left drilled rotor perforation.053
Fra:1 Mem:331.50M (Peak 331.56M) | Time:00:01.20 | Mem:0.00M, Peak:0.00M | Scene, ViewLayer | Synchronizing object | Rear left drilled rotor perforation.054
Fra:1 Mem:331.53M (Peak 331.56M) | Time:00:01.20 | Mem:0.00M, Peak:0.00M | Scene, ViewLayer | Synchronizing object | Rear left drilled rotor perforation.055
Fra:1 Mem:331.59M (Peak 331.59M) | Time:00:01.20 | Mem:0.00M, Peak:0.00M | Scene, ViewLayer | Synchronizing object | Seat piping.005
Fra:1 Mem:331.59M (Peak 331.59M) | Time:00:01.20 | Mem:0.00M, Peak:0.00M | Scene, ViewLayer | Synchronizing object | Seat piping.006
Fra:1 Mem:331.61M (Peak 331.61M) | Time:00:01.20 | Mem:0.00M, Peak:0.00M | Scene, ViewLayer | Synchronizing object | Rear left drilled rotor perforation.056
Fra:1 Mem:331.55M (Peak 331.61M) | Time:00:01.20 | Mem:0.00M, Peak:0.00M | Scene, ViewLayer | Synchronizing object | Rear left drilled rotor perforation.058
Fra:1 Mem:331.66M (Peak 331.66M) | Time:00:01.20 | Mem:0.00M, Peak:0.00M | Scene, ViewLayer | Synchronizing object | Rear left drilled rotor perforation.059
Fra:1 Mem:331.62M (Peak 331.66M) | Time:00:01.20 | Mem:0.00M, Peak:0.00M | Scene, ViewLayer | Synchronizing object | Rear left drilled rotor perforation.060
Fra:1 Mem:331.63M (Peak 331.66M) | Time:00:01.20 | Mem:0.00M, Peak:0.00M | Scene, ViewLayer | Synchronizing object | Rear left drilled rotor perforation.061
Fra:1 Mem:331.65M (Peak 331.66M) | Time:00:01.20 | Mem:0.00M, Peak:0.00M | Scene, ViewLayer | Synchronizing object | Rear left drilled rotor perforation.062
Fra:1 Mem:331.68M (Peak 331.68M) | Time:00:01.20 | Mem:0.00M, Peak:0.00M | Scene, ViewLayer | Synchronizing object | Rear left drilled rotor perforation.063
Fra:1 Mem:331.66M (Peak 331.68M) | Time:00:01.20 | Mem:0.00M, Peak:0.00M | Scene, ViewLayer | Synchronizing object | Rear left drilled rotor perforation.064
Fra:1 Mem:331.73M (Peak 331.73M) | Time:00:01.20 | Mem:0.00M, Peak:0.00M | Scene, ViewLayer | Synchronizing object | Rear left drilled rotor perforation.065
Fra:1 Mem:331.69M (Peak 331.73M) | Time:00:01.20 | Mem:0.00M, Peak:0.00M | Scene, ViewLayer | Synchronizing object | Rear left drilled rotor perforation.066
Fra:1 Mem:331.73M (Peak 331.73M) | Time:00:01.20 | Mem:0.00M, Peak:0.00M | Scene, ViewLayer | Synchronizing object | Rear left drilled rotor perforation.067
Fra:1 Mem:331.75M (Peak 331.75M) | Time:00:01.21 | Mem:0.00M, Peak:0.00M | Scene, ViewLayer | Synchronizing object | Rear left drilled rotor perforation.068
Fra:1 Mem:331.71M (Peak 331.75M) | Time:00:01.21 | Mem:0.00M, Peak:0.00M | Scene, ViewLayer | Synchronizing object | Rear left drilled rotor perforation.069
Fra:1 Mem:331.74M (Peak 331.75M) | Time:00:01.21 | Mem:0.00M, Peak:0.00M | Scene, ViewLayer | Synchronizing object | Rear left drilled rotor perforation.070
Fra:1 Mem:331.77M (Peak 331.77M) | Time:00:01.21 | Mem:0.00M, Peak:0.00M | Scene, ViewLayer | Synchronizing object | Rear left brake disc bell
Fra:1 Mem:331.84M (Peak 331.84M) | Time:00:01.21 | Mem:0.00M, Peak:0.00M | Scene, ViewLayer | Synchronizing object | Steering wheel spokes
Fra:1 Mem:331.83M (Peak 331.84M) | Time:00:01.21 | Mem:0.00M, Peak:0.00M | Scene, ViewLayer | Synchronizing object | Rear left yellow six-piston caliper
Fra:1 Mem:331.92M (Peak 331.92M) | Time:00:01.21 | Mem:0.00M, Peak:0.00M | Scene, ViewLayer | Synchronizing object | Windshield wiper arm
Fra:1 Mem:331.88M (Peak 331.92M) | Time:00:01.21 | Mem:0.00M, Peak:0.00M | Scene, ViewLayer | Synchronizing object | Rear left machined split spoke
Fra:1 Mem:331.94M (Peak 331.94M) | Time:00:01.21 | Mem:0.00M, Peak:0.00M | Scene, ViewLayer | Synchronizing object | Rear left black spoke pocket
Fra:1 Mem:331.89M (Peak 331.94M) | Time:00:01.21 | Mem:0.00M, Peak:0.00M | Scene, ViewLayer | Synchronizing object | Rear left machined split spoke.001
Fra:1 Mem:331.98M (Peak 331.98M) | Time:00:01.21 | Mem:0.00M, Peak:0.00M | Scene, ViewLayer | Synchronizing object | Rear left black spoke pocket.001
Fra:1 Mem:331.99M (Peak 331.99M) | Time:00:01.21 | Mem:0.00M, Peak:0.00M | Scene, ViewLayer | Synchronizing object | Rear left machined split spoke.002
Fra:1 Mem:331.95M (Peak 331.99M) | Time:00:01.21 | Mem:0.00M, Peak:0.00M | Scene, ViewLayer | Synchronizing object | Rear left black spoke pocket.002
Fra:1 Mem:332.06M (Peak 332.06M) | Time:00:01.21 | Mem:0.00M, Peak:0.00M | Scene, ViewLayer | Synchronizing object | Rear left machined split spoke.003
Fra:1 Mem:332.09M (Peak 332.09M) | Time:00:01.21 | Mem:0.00M, Peak:0.00M | Scene, ViewLayer | Synchronizing object | Rear left black spoke pocket.003
Fra:1 Mem:332.07M (Peak 332.09M) | Time:00:01.21 | Mem:0.00M, Peak:0.00M | Scene, ViewLayer | Synchronizing object | Rear left machined split spoke.004
Fra:1 Mem:332.11M (Peak 332.11M) | Time:00:01.21 | Mem:0.00M, Peak:0.00M | Scene, ViewLayer | Synchronizing object | Wiper rubber blade
Fra:1 Mem:332.15M (Peak 332.15M) | Time:00:01.21 | Mem:0.00M, Peak:0.00M | Scene, ViewLayer | Synchronizing object | Windshield wiper arm.001
Fra:1 Mem:332.15M (Peak 332.15M) | Time:00:01.21 | Mem:0.00M, Peak:0.00M | Scene, ViewLayer | Synchronizing object | Rear left black spoke pocket.004
Fra:1 Mem:332.12M (Peak 332.15M) | Time:00:01.21 | Mem:0.00M, Peak:0.00M | Scene, ViewLayer | Synchronizing object | Wiper rubber blade.001
Fra:1 Mem:332.18M (Peak 332.18M) | Time:00:01.21 | Mem:0.00M, Peak:0.00M | Scene, ViewLayer | Synchronizing object | Rear left black spoke pocket.005
Fra:1 Mem:332.23M (Peak 332.23M) | Time:00:01.21 | Mem:0.00M, Peak:0.00M | Scene, ViewLayer | Synchronizing object | Seamless curved studio cyclorama
Fra:1 Mem:332.31M (Peak 332.31M) | Time:00:01.21 | Mem:0.00M, Peak:0.00M | Scene, ViewLayer | Synchronizing object | Rear left machined split spoke.006
Fra:1 Mem:332.25M (Peak 332.31M) | Time:00:01.21 | Mem:0.00M, Peak:0.00M | Scene, ViewLayer | Synchronizing object | Infinite studio floor
Fra:1 Mem:332.32M (Peak 332.32M) | Time:00:01.21 | Mem:0.00M, Peak:0.00M | Scene, ViewLayer | Synchronizing object | Flat aerodynamic underfloor
Fra:1 Mem:332.31M (Peak 332.32M) | Time:00:01.21 | Mem:0.00M, Peak:0.00M | Scene, ViewLayer | Synchronizing object | Rear left black spoke pocket.006
Fra:1 Mem:332.43M (Peak 332.43M) | Time:00:01.21 | Mem:0.00M, Peak:0.00M | Scene, ViewLayer | Synchronizing object | Rear left machined split spoke.007
Fra:1 Mem:332.38M (Peak 332.43M) | Time:00:01.21 | Mem:0.00M, Peak:0.00M | Scene, ViewLayer | Synchronizing object | Rear left black spoke pocket.007
Fra:1 Mem:332.44M (Peak 332.44M) | Time:00:01.21 | Mem:0.00M, Peak:0.00M | Scene, ViewLayer | Synchronizing object | Rear left machined split spoke.008
Fra:1 Mem:332.51M (Peak 332.51M) | Time:00:01.21 | Mem:0.00M, Peak:0.00M | Scene, ViewLayer | Synchronizing object | Roof rear camera blister
Fra:1 Mem:332.57M (Peak 332.57M) | Time:00:01.21 | Mem:0.00M, Peak:0.00M | Scene, ViewLayer | Synchronizing object | Rear left black spoke pocket.008
Fra:1 Mem:332.54M (Peak 332.57M) | Time:00:01.21 | Mem:0.00M, Peak:0.00M | Scene, ViewLayer | Synchronizing object | Lidar forward optical aperture
Fra:1 Mem:332.61M (Peak 332.61M) | Time:00:01.21 | Mem:0.00M, Peak:0.00M | Scene, ViewLayer | Synchronizing object | Rear left machined split spoke.009
Fra:1 Mem:332.62M (Peak 332.62M) | Time:00:01.21 | Mem:0.00M, Peak:0.00M | Scene, ViewLayer | Synchronizing object | Rear left black spoke pocket.009
Fra:1 Mem:332.63M (Peak 332.63M) | Time:00:01.21 | Mem:0.00M, Peak:0.00M | Scene, ViewLayer | Synchronizing object | Roof lidar painted pod
Fra:1 Mem:332.76M (Peak 332.76M) | Time:00:01.21 | Mem:0.00M, Peak:0.00M | Scene, ViewLayer | Synchronizing object | Rear left center hub
Fra:1 Mem:332.77M (Peak 332.77M) | Time:00:01.21 | Mem:0.00M, Peak:0.00M | Scene, ViewLayer | Synchronizing object | Rear left center cap ring
Fra:1 Mem:332.84M (Peak 332.84M) | Time:00:01.21 | Mem:0.00M, Peak:0.00M | Scene, ViewLayer | Synchronizing object | Cup holder
Fra:1 Mem:332.86M (Peak 332.86M) | Time:00:01.21 | Mem:0.00M, Peak:0.00M | Scene, ViewLayer | Synchronizing object | Rear left titanium lug nut
Fra:1 Mem:332.87M (Peak 332.87M) | Time:00:01.21 | Mem:0.00M, Peak:0.00M | Scene, ViewLayer | Synchronizing object | Rear left titanium lug nut.001
Fra:1 Mem:332.88M (Peak 332.88M) | Time:00:01.21 | Mem:0.00M, Peak:0.00M | Scene, ViewLayer | Synchronizing object | Rear left titanium lug nut.002
Fra:1 Mem:332.94M (Peak 332.94M) | Time:00:01.21 | Mem:0.00M, Peak:0.00M | Scene, ViewLayer | Synchronizing object | Rear left titanium lug nut.003
Fra:1 Mem:332.89M (Peak 332.94M) | Time:00:01.21 | Mem:0.00M, Peak:0.00M | Scene, ViewLayer | Synchronizing object | Cup holder.001
Fra:1 Mem:332.89M (Peak 332.94M) | Time:00:01.21 | Mem:0.00M, Peak:0.00M | Scene, ViewLayer | Synchronizing object | Rear left tire valve
Fra:1 Mem:333.01M (Peak 333.01M) | Time:00:01.21 | Mem:0.00M, Peak:0.00M | Scene, ViewLayer | Synchronizing object | Rear right | tire carcass
Fra:1 Mem:332.96M (Peak 333.01M) | Time:00:01.21 | Mem:0.00M, Peak:0.00M | Scene, ViewLayer | Synchronizing object | Rear right tire molded sidewall ring.001
Fra:1 Mem:333.03M (Peak 333.03M) | Time:00:01.21 | Mem:0.00M, Peak:0.00M | Scene, ViewLayer | Synchronizing object | Rear right tire molded sidewall ring.002
Fra:1 Mem:333.36M (Peak 333.36M) | Time:00:01.21 | Mem:0.00M, Peak:0.00M | Scene, ViewLayer | Synchronizing object | Rear right tire molded sidewall ring
Fra:1 Mem:333.27M (Peak 333.36M) | Time:00:01.21 | Mem:0.00M, Peak:0.00M | Scene, ViewLayer | Synchronizing object | Rear right cast rim barrel
Fra:1 Mem:333.51M (Peak 333.51M) | Time:00:01.21 | Mem:0.00M, Peak:0.00M | Scene, ViewLayer | Synchronizing object | Center tunnel
Fra:1 Mem:333.77M (Peak 333.77M) | Time:00:01.21 | Mem:0.00M, Peak:0.00M | Scene, ViewLayer | Synchronizing object | Rear right diamond-cut outer flange
Fra:1 Mem:333.91M (Peak 333.91M) | Time:00:01.21 | Mem:0.00M, Peak:0.00M | Scene, ViewLayer | Synchronizing object | Rear right inner rim accent
Fra:1 Mem:334.03M (Peak 334.03M) | Time:00:01.21 | Mem:0.00M, Peak:0.00M | Scene, ViewLayer | Synchronizing object | Rear right brake rotor
Fra:1 Mem:334.30M (Peak 334.30M) | Time:00:01.21 | Mem:0.00M, Peak:0.00M | Scene, ViewLayer | Synchronizing object | Rear right rotor outer scoring
Fra:1 Mem:334.26M (Peak 334.30M) | Time:00:01.21 | Mem:0.00M, Peak:0.00M | Scene, ViewLayer | Synchronizing object | Steering center
Fra:1 Mem:334.46M (Peak 334.46M) | Time:00:01.21 | Mem:0.00M, Peak:0.00M | Scene, ViewLayer | Synchronizing object | Rear right drilled rotor perforation
Fra:1 Mem:334.40M (Peak 334.46M) | Time:00:01.21 | Mem:0.00M, Peak:0.00M | Scene, ViewLayer | Synchronizing object | Rear right drilled rotor perforation.002
Fra:1 Mem:334.40M (Peak 334.46M) | Time:00:01.21 | Mem:0.00M, Peak:0.00M | Scene, ViewLayer | Synchronizing object | Steering wheel
Fra:1 Mem:334.52M (Peak 334.52M) | Time:00:01.21 | Mem:0.00M, Peak:0.00M | Scene, ViewLayer | Synchronizing object | Screen glass
Fra:1 Mem:334.51M (Peak 334.52M) | Time:00:01.21 | Mem:0.00M, Peak:0.00M | Scene, ViewLayer | Synchronizing object | Rear right drilled rotor perforation.005
Fra:1 Mem:334.66M (Peak 334.66M) | Time:00:01.21 | Mem:0.00M, Peak:0.00M | Scene, ViewLayer | Synchronizing object | Rear right drilled rotor perforation.006
Fra:1 Mem:334.62M (Peak 334.66M) | Time:00:01.21 | Mem:0.00M, Peak:0.00M | Scene, ViewLayer | Synchronizing object | Rear right drilled rotor perforation.008
Fra:1 Mem:334.60M (Peak 334.66M) | Time:00:01.21 | Mem:0.00M, Peak:0.00M | Scene, ViewLayer | Synchronizing object | Dashboard center screen
Fra:1 Mem:334.65M (Peak 334.66M) | Time:00:01.21 | Mem:0.00M, Peak:0.00M | Scene, ViewLayer | Synchronizing object | Rear right drilled rotor perforation.010
Fra:1 Mem:334.71M (Peak 334.71M) | Time:00:01.21 | Mem:0.00M, Peak:0.00M | Scene, ViewLayer | Synchronizing object | Rear right drilled rotor perforation.011
Fra:1 Mem:334.72M (Peak 334.72M) | Time:00:01.21 | Mem:0.00M, Peak:0.00M | Scene, ViewLayer | Synchronizing object | Dashboard
Fra:1 Mem:334.78M (Peak 334.78M) | Time:00:01.21 | Mem:0.00M, Peak:0.00M | Scene, ViewLayer | Synchronizing object | Rear right drilled rotor perforation.012
Fra:1 Mem:334.77M (Peak 334.78M) | Time:00:01.21 | Mem:0.00M, Peak:0.00M | Scene, ViewLayer | Synchronizing object | Rear right drilled rotor perforation.013
Fra:1 Mem:334.80M (Peak 334.80M) | Time:00:01.21 | Mem:0.00M, Peak:0.00M | Scene, ViewLayer | Synchronizing object | Rear right drilled rotor perforation.014
Fra:1 Mem:334.78M (Peak 334.80M) | Time:00:01.21 | Mem:0.00M, Peak:0.00M | Scene, ViewLayer | Synchronizing object | Integrated head restraint.003
Fra:1 Mem:334.86M (Peak 334.86M) | Time:00:01.21 | Mem:0.00M, Peak:0.00M | Scene, ViewLayer | Synchronizing object | Rear right drilled rotor perforation.015
Fra:1 Mem:334.90M (Peak 334.90M) | Time:00:01.21 | Mem:0.00M, Peak:0.00M | Scene, ViewLayer | Synchronizing object | Rear right drilled rotor perforation.017
Fra:1 Mem:334.86M (Peak 334.90M) | Time:00:01.21 | Mem:0.00M, Peak:0.00M | Scene, ViewLayer | Synchronizing object | Rear right drilled rotor perforation.018
Fra:1 Mem:334.84M (Peak 334.90M) | Time:00:01.21 | Mem:0.00M, Peak:0.00M | Scene, ViewLayer | Synchronizing object | Contoured seat back
Fra:1 Mem:334.97M (Peak 334.97M) | Time:00:01.21 | Mem:0.00M, Peak:0.00M | Scene, ViewLayer | Synchronizing object | Rear right drilled rotor perforation.019
Fra:1 Mem:334.95M (Peak 334.97M) | Time:00:01.21 | Mem:0.00M, Peak:0.00M | Scene, ViewLayer | Synchronizing object | Rear right drilled rotor perforation.020
Fra:1 Mem:334.95M (Peak 334.97M) | Time:00:01.21 | Mem:0.00M, Peak:0.00M | Scene, ViewLayer | Synchronizing object | Seat cushion.003
Fra:1 Mem:335.03M (Peak 335.03M) | Time:00:01.21 | Mem:0.00M, Peak:0.00M | Scene, ViewLayer | Synchronizing object | Rear right drilled rotor perforation.021
Fra:1 Mem:334.93M (Peak 335.03M) | Time:00:01.21 | Mem:0.00M, Peak:0.00M | Scene, ViewLayer | Synchronizing object | Rear right drilled rotor perforation.023
Fra:1 Mem:335.05M (Peak 335.05M) | Time:00:01.21 | Mem:0.00M, Peak:0.00M | Scene, ViewLayer | Synchronizing object | Integrated head restraint.002
Fra:1 Mem:335.06M (Peak 335.06M) | Time:00:01.21 | Mem:0.00M, Peak:0.00M | Scene, ViewLayer | Synchronizing object | Rear right drilled rotor perforation.024
Fra:1 Mem:335.07M (Peak 335.07M) | Time:00:01.21 | Mem:0.00M, Peak:0.00M | Scene, ViewLayer | Synchronizing object | Rear right drilled rotor perforation.026
Fra:1 Mem:335.12M (Peak 335.12M) | Time:00:01.21 | Mem:0.00M, Peak:0.00M | Scene, ViewLayer | Synchronizing object | Rear right drilled rotor perforation.027
Fra:1 Mem:335.14M (Peak 335.14M) | Time:00:01.21 | Mem:0.00M, Peak:0.00M | Scene, ViewLayer | Synchronizing object | Contoured seat back.003
Fra:1 Mem:335.11M (Peak 335.14M) | Time:00:01.21 | Mem:0.00M, Peak:0.00M | Scene, ViewLayer | Synchronizing object | Rear right drilled rotor perforation.028
Fra:1 Mem:335.21M (Peak 335.21M) | Time:00:01.21 | Mem:0.00M, Peak:0.00M | Scene, ViewLayer | Synchronizing object | Rear right drilled rotor perforation.029
Fra:1 Mem:335.19M (Peak 335.21M) | Time:00:01.21 | Mem:0.00M, Peak:0.00M | Scene, ViewLayer | Synchronizing object | Rear right drilled rotor perforation.030
Fra:1 Mem:335.19M (Peak 335.21M) | Time:00:01.21 | Mem:0.00M, Peak:0.00M | Scene, ViewLayer | Synchronizing object | Seat cushion.002
Fra:1 Mem:335.19M (Peak 335.21M) | Time:00:01.22 | Mem:0.00M, Peak:0.00M | Scene, ViewLayer | Synchronizing object | Rear right drilled rotor perforation.031
Fra:1 Mem:335.29M (Peak 335.29M) | Time:00:01.22 | Mem:0.00M, Peak:0.00M | Scene, ViewLayer | Synchronizing object | Rear right drilled rotor perforation.032
Fra:1 Mem:335.31M (Peak 335.31M) | Time:00:01.22 | Mem:0.00M, Peak:0.00M | Scene, ViewLayer | Synchronizing object | Rear right drilled rotor perforation.033
Fra:1 Mem:335.29M (Peak 335.31M) | Time:00:01.22 | Mem:0.00M, Peak:0.00M | Scene, ViewLayer | Synchronizing object | Rear right drilled rotor perforation.034
Fra:1 Mem:335.28M (Peak 335.31M) | Time:00:01.22 | Mem:0.00M, Peak:0.00M | Scene, ViewLayer | Synchronizing object | Integrated head restraint.001
Fra:1 Mem:335.27M (Peak 335.31M) | Time:00:01.22 | Mem:0.00M, Peak:0.00M | Scene, ViewLayer | Synchronizing object | Rear right drilled rotor perforation.035
Fra:1 Mem:335.36M (Peak 335.36M) | Time:00:01.22 | Mem:0.00M, Peak:0.00M | Scene, ViewLayer | Synchronizing object | Rear right drilled rotor perforation.036
Fra:1 Mem:335.33M (Peak 335.36M) | Time:00:01.22 | Mem:0.00M, Peak:0.00M | Scene, ViewLayer | Synchronizing object | Rear right drilled rotor perforation.037
Fra:1 Mem:335.36M (Peak 335.36M) | Time:00:01.22 | Mem:0.00M, Peak:0.00M | Scene, ViewLayer | Synchronizing object | Rear right drilled rotor perforation.038
Fra:1 Mem:335.36M (Peak 335.36M) | Time:00:01.22 | Mem:0.00M, Peak:0.00M | Scene, ViewLayer | Synchronizing object | Contoured seat back.002
Fra:1 Mem:335.43M (Peak 335.43M) | Time:00:01.22 | Mem:0.00M, Peak:0.00M | Scene, ViewLayer | Synchronizing object | Rear right drilled rotor perforation.039
Fra:1 Mem:335.39M (Peak 335.43M) | Time:00:01.22 | Mem:0.00M, Peak:0.00M | Scene, ViewLayer | Synchronizing object | Rear right drilled rotor perforation.040
Fra:1 Mem:335.47M (Peak 335.47M) | Time:00:01.22 | Mem:0.00M, Peak:0.00M | Scene, ViewLayer | Synchronizing object | Seat cushion.001
Fra:1 Mem:335.41M (Peak 335.47M) | Time:00:01.22 | Mem:0.00M, Peak:0.00M | Scene, ViewLayer | Synchronizing object | Rear right drilled rotor perforation.041
Fra:1 Mem:335.51M (Peak 335.51M) | Time:00:01.22 | Mem:0.00M, Peak:0.00M | Scene, ViewLayer | Synchronizing object | Rear right drilled rotor perforation.042
Fra:1 Mem:335.48M (Peak 335.51M) | Time:00:01.22 | Mem:0.00M, Peak:0.00M | Scene, ViewLayer | Synchronizing object | Rear right drilled rotor perforation.043
Fra:1 Mem:335.47M (Peak 335.51M) | Time:00:01.22 | Mem:0.00M, Peak:0.00M | Scene, ViewLayer | Synchronizing object | Integrated head restraint
Fra:1 Mem:335.62M (Peak 335.62M) | Time:00:01.22 | Mem:0.00M, Peak:0.00M | Scene, ViewLayer | Synchronizing object | Rear right drilled rotor perforation.045
Fra:1 Mem:335.58M (Peak 335.62M) | Time:00:01.22 | Mem:0.00M, Peak:0.00M | Scene, ViewLayer | Synchronizing object | Rear right drilled rotor perforation.046
Fra:1 Mem:335.53M (Peak 335.62M) | Time:00:01.22 | Mem:0.00M, Peak:0.00M | Scene, ViewLayer | Synchronizing object | Rear right drilled rotor perforation.047
Fra:1 Mem:335.58M (Peak 335.62M) | Time:00:01.22 | Mem:0.00M, Peak:0.00M | Scene, ViewLayer | Synchronizing object | Rear right drilled rotor perforation.048
Fra:1 Mem:335.60M (Peak 335.62M) | Time:00:01.22 | Mem:0.00M, Peak:0.00M | Scene, ViewLayer | Synchronizing object | Rear right drilled rotor perforation.049
Fra:1 Mem:335.60M (Peak 335.62M) | Time:00:01.22 | Mem:0.00M, Peak:0.00M | Scene, ViewLayer | Synchronizing object | Rear right drilled rotor perforation.050
Fra:1 Mem:335.67M (Peak 335.67M) | Time:00:01.22 | Mem:0.00M, Peak:0.00M | Scene, ViewLayer | Synchronizing object | Contoured seat back.001
Fra:1 Mem:335.65M (Peak 335.67M) | Time:00:01.22 | Mem:0.00M, Peak:0.00M | Scene, ViewLayer | Synchronizing object | Rear right drilled rotor perforation.051
Fra:1 Mem:335.65M (Peak 335.67M) | Time:00:01.22 | Mem:0.00M, Peak:0.00M | Scene, ViewLayer | Synchronizing object | Rear right drilled rotor perforation.052
Fra:1 Mem:335.69M (Peak 335.69M) | Time:00:01.22 | Mem:0.00M, Peak:0.00M | Scene, ViewLayer | Synchronizing object | Rear right drilled rotor perforation.053
Fra:1 Mem:335.78M (Peak 335.78M) | Time:00:01.22 | Mem:0.00M, Peak:0.00M | Scene, ViewLayer | Synchronizing object | Rear right drilled rotor perforation.054
Fra:1 Mem:335.69M (Peak 335.78M) | Time:00:01.22 | Mem:0.00M, Peak:0.00M | Scene, ViewLayer | Synchronizing object | Rear right drilled rotor perforation.056
Fra:1 Mem:335.71M (Peak 335.78M) | Time:00:01.22 | Mem:0.00M, Peak:0.00M | Scene, ViewLayer | Synchronizing object | Seat cushion
Fra:1 Mem:335.81M (Peak 335.81M) | Time:00:01.22 | Mem:0.00M, Peak:0.00M | Scene, ViewLayer | Synchronizing object | Rear right drilled rotor perforation.057
Fra:1 Mem:335.79M (Peak 335.81M) | Time:00:01.22 | Mem:0.00M, Peak:0.00M | Scene, ViewLayer | Synchronizing object | Rear right drilled rotor perforation.058
Fra:1 Mem:335.85M (Peak 335.85M) | Time:00:01.22 | Mem:0.00M, Peak:0.00M | Scene, ViewLayer | Synchronizing object | Rear right drilled rotor perforation.059
Fra:1 Mem:335.81M (Peak 335.85M) | Time:00:01.22 | Mem:0.00M, Peak:0.00M | Scene, ViewLayer | Synchronizing object | Rear right drilled rotor perforation.060
Fra:1 Mem:335.88M (Peak 335.88M) | Time:00:01.22 | Mem:0.00M, Peak:0.00M | Scene, ViewLayer | Synchronizing object | Dark cabin tub
Fra:1 Mem:335.85M (Peak 335.88M) | Time:00:01.22 | Mem:0.00M, Peak:0.00M | Scene, ViewLayer | Synchronizing object | Rear right drilled rotor perforation.061
Fra:1 Mem:335.90M (Peak 335.90M) | Time:00:01.22 | Mem:0.00M, Peak:0.00M | Scene, ViewLayer | Synchronizing object | Rear right drilled rotor perforation.062
Fra:1 Mem:335.89M (Peak 335.90M) | Time:00:01.22 | Mem:0.00M, Peak:0.00M | Scene, ViewLayer | Synchronizing object | Rear right drilled rotor perforation.063
Fra:1 Mem:336.00M (Peak 335.99M) | Time:00:01.22 | Mem:0.00M, Peak:0.00M | Scene, ViewLayer | Synchronizing object | Rear right drilled rotor perforation.064
Fra:1 Mem:335.94M (Peak 335.99M) | Time:00:01.22 | Mem:0.00M, Peak:0.00M | Scene, ViewLayer | Synchronizing object | Rear right drilled rotor perforation.065
Fra:1 Mem:335.94M (Peak 335.99M) | Time:00:01.22 | Mem:0.00M, Peak:0.00M | Scene, ViewLayer | Synchronizing object | Rear right drilled rotor perforation.066
Fra:1 Mem:335.98M (Peak 335.99M) | Time:00:01.22 | Mem:0.00M, Peak:0.00M | Scene, ViewLayer | Synchronizing object | Rear right tire valve
Fra:1 Mem:335.96M (Peak 335.99M) | Time:00:01.22 | Mem:0.00M, Peak:0.00M | Scene, ViewLayer | Synchronizing object | Rear right drilled rotor perforation.067
Fra:1 Mem:335.93M (Peak 335.99M) | Time:00:01.22 | Mem:0.00M, Peak:0.00M | Scene, ViewLayer | Synchronizing object | Rear right drilled rotor perforation.069
Fra:1 Mem:335.99M (Peak 335.99M) | Time:00:01.22 | Mem:0.00M, Peak:0.00M | Scene, ViewLayer | Synchronizing object | Rear right drilled rotor perforation.070
Fra:1 Mem:335.96M (Peak 335.99M) | Time:00:01.22 | Mem:0.00M, Peak:0.00M | Scene, ViewLayer | Synchronizing object | Rear right titanium lug nut.004
Fra:1 Mem:336.09M (Peak 336.09M) | Time:00:01.22 | Mem:0.00M, Peak:0.00M | Scene, ViewLayer | Synchronizing object | Rear right yellow six-piston caliper
Fra:1 Mem:336.08M (Peak 336.09M) | Time:00:01.22 | Mem:0.00M, Peak:0.00M | Scene, ViewLayer | Synchronizing object | Rear right machined split spoke
Fra:1 Mem:336.20M (Peak 336.20M) | Time:00:01.22 | Mem:0.00M, Peak:0.00M | Scene, ViewLayer | Synchronizing object | Rear right titanium lug nut.002
Fra:1 Mem:336.19M (Peak 336.20M) | Time:00:01.22 | Mem:0.00M, Peak:0.00M | Scene, ViewLayer | Synchronizing object | Rear right black spoke pocket
Fra:1 Mem:336.15M (Peak 336.20M) | Time:00:01.22 | Mem:0.00M, Peak:0.00M | Scene, ViewLayer | Synchronizing object | Rear right machined split spoke.001
Fra:1 Mem:336.24M (Peak 336.24M) | Time:00:01.22 | Mem:0.00M, Peak:0.00M | Scene, ViewLayer | Synchronizing object | Rear right titanium lug nut.001
Fra:1 Mem:336.25M (Peak 336.25M) | Time:00:01.22 | Mem:0.00M, Peak:0.00M | Scene, ViewLayer | Synchronizing object | Rear right black spoke pocket.001
Fra:1 Mem:336.22M (Peak 336.25M) | Time:00:01.22 | Mem:0.00M, Peak:0.00M | Scene, ViewLayer | Synchronizing object | Rear right machined split spoke.002
Fra:1 Mem:336.24M (Peak 336.25M) | Time:00:01.22 | Mem:0.00M, Peak:0.00M | Scene, ViewLayer | Synchronizing object | Rear right black spoke pocket.002
Fra:1 Mem:336.30M (Peak 336.30M) | Time:00:01.22 | Mem:0.00M, Peak:0.00M | Scene, ViewLayer | Synchronizing object | Rear right titanium lug nut
Fra:1 Mem:336.31M (Peak 336.31M) | Time:00:01.22 | Mem:0.00M, Peak:0.00M | Scene, ViewLayer | Synchronizing object | Rear right center cap ring
Fra:1 Mem:336.30M (Peak 336.31M) | Time:00:01.22 | Mem:0.00M, Peak:0.00M | Scene, ViewLayer | Synchronizing object | Rear right machined split spoke.003
Fra:1 Mem:336.37M (Peak 336.37M) | Time:00:01.22 | Mem:0.00M, Peak:0.00M | Scene, ViewLayer | Synchronizing object | Rear right black spoke pocket.003
Fra:1 Mem:336.43M (Peak 336.43M) | Time:00:01.22 | Mem:0.00M, Peak:0.00M | Scene, ViewLayer | Synchronizing object | Rear right machined split spoke.004
Fra:1 Mem:336.44M (Peak 336.44M) | Time:00:01.22 | Mem:0.00M, Peak:0.00M | Scene, ViewLayer | Synchronizing object | Rear right center hub
Fra:1 Mem:336.60M (Peak 336.60M) | Time:00:01.22 | Mem:0.00M, Peak:0.00M | Scene, ViewLayer | Synchronizing object | Rear right black spoke pocket.004
Fra:1 Mem:336.58M (Peak 336.60M) | Time:00:01.22 | Mem:0.00M, Peak:0.00M | Scene, ViewLayer | Synchronizing object | Rear right machined split spoke.005
Fra:1 Mem:336.64M (Peak 336.64M) | Time:00:01.22 | Mem:0.00M, Peak:0.00M | Scene, ViewLayer | Synchronizing object | Rear right black spoke pocket.005
Fra:1 Mem:336.55M (Peak 336.64M) | Time:00:01.22 | Mem:0.00M, Peak:0.00M | Scene, ViewLayer | Synchronizing object | Rear right black spoke pocket.009
Fra:1 Mem:336.65M (Peak 336.65M) | Time:00:01.22 | Mem:0.00M, Peak:0.00M | Scene, ViewLayer | Synchronizing object | Rear right machined split spoke.006
Fra:1 Mem:336.63M (Peak 336.65M) | Time:00:01.22 | Mem:0.00M, Peak:0.00M | Scene, ViewLayer | Synchronizing object | Rear right black spoke pocket.006
Fra:1 Mem:336.68M (Peak 336.68M) | Time:00:01.22 | Mem:0.00M, Peak:0.00M | Scene, ViewLayer | Synchronizing object | Rear right machined split spoke.007
Fra:1 Mem:336.70M (Peak 336.70M) | Time:00:01.22 | Mem:0.00M, Peak:0.00M | Scene, ViewLayer | Synchronizing object | Rear right machined split spoke.009
Fra:1 Mem:336.75M (Peak 336.75M) | Time:00:01.22 | Mem:0.00M, Peak:0.00M | Scene, ViewLayer | Synchronizing object | Rear right black spoke pocket.007
Fra:1 Mem:336.70M (Peak 336.75M) | Time:00:01.22 | Mem:0.00M, Peak:0.00M | Scene, ViewLayer | Synchronizing object | Rear right black spoke pocket.008
Fra:1 Mem:336.77M (Peak 336.77M) | Time:00:01.22 | Mem:0.00M, Peak:0.00M | Scene, ViewLayer | Initializing
Fra:1 Mem:252.30M (Peak 336.77M) | Time:00:01.26 | Mem:0.00M, Peak:0.00M | Scene, ViewLayer | Waiting for render to start
Fra:1 Mem:252.30M (Peak 336.77M) | Time:00:01.26 | Mem:0.00M, Peak:0.00M | Scene, ViewLayer | Loading render kernels (may take a few minutes the first time)
Fra:1 Mem:252.30M (Peak 336.77M) | Time:00:01.26 | Mem:0.00M, Peak:0.00M | Scene, ViewLayer | Updating Scene
Fra:1 Mem:252.30M (Peak 336.77M) | Time:00:01.26 | Mem:0.00M, Peak:0.00M | Scene, ViewLayer | Updating Shaders
Fra:1 Mem:252.31M (Peak 336.77M) | Time:00:01.26 | Mem:0.01M, Peak:0.01M | Scene, ViewLayer | Updating Procedurals
Fra:1 Mem:252.31M (Peak 336.77M) | Time:00:01.26 | Mem:0.01M, Peak:0.01M | Scene, ViewLayer | Updating Background
Fra:1 Mem:252.31M (Peak 336.77M) | Time:00:01.26 | Mem:0.01M, Peak:0.01M | Scene, ViewLayer | Updating Camera
Fra:1 Mem:252.31M (Peak 336.77M) | Time:00:01.26 | Mem:0.01M, Peak:0.01M | Scene, ViewLayer | Updating Meshes Flags
Fra:1 Mem:252.31M (Peak 336.77M) | Time:00:01.26 | Mem:0.01M, Peak:0.01M | Scene, ViewLayer | Updating Objects
Fra:1 Mem:252.31M (Peak 336.77M) | Time:00:01.26 | Mem:0.01M, Peak:0.01M | Scene, ViewLayer | Updating Objects | Copying Transformations to device
Fra:1 Mem:252.47M (Peak 336.77M) | Time:00:01.26 | Mem:0.16M, Peak:0.16M | Scene, ViewLayer | Updating Objects | Applying Static Transformations
Fra:1 Mem:252.47M (Peak 336.77M) | Time:00:01.26 | Mem:0.16M, Peak:0.16M | Scene, ViewLayer | Updating Particle Systems
Fra:1 Mem:252.47M (Peak 336.77M) | Time:00:01.26 | Mem:0.16M, Peak:0.16M | Scene, ViewLayer | Updating Particle Systems | Copying Particles to device
Fra:1 Mem:252.47M (Peak 336.77M) | Time:00:01.26 | Mem:0.16M, Peak:0.16M | Scene, ViewLayer | Updating Meshes
Fra:1 Mem:267.05M (Peak 336.77M) | Time:00:01.29 | Mem:0.16M, Peak:0.16M | Scene, ViewLayer | Updating Mesh | Computing attributes
Fra:1 Mem:273.65M (Peak 336.77M) | Time:00:01.29 | Mem:0.21M, Peak:0.21M | Scene, ViewLayer | Updating Mesh | Copying Attributes to device
Fra:1 Mem:273.54M (Peak 336.77M) | Time:00:01.29 | Mem:6.65M, Peak:6.65M | Scene, ViewLayer | Updating Scene BVH | Building
Fra:1 Mem:273.55M (Peak 336.77M) | Time:00:01.29 | Mem:6.65M, Peak:6.65M | Scene, ViewLayer | Updating Scene BVH | Building BVH
Fra:1 Mem:273.55M (Peak 336.77M) | Time:00:01.29 | Mem:35.82M, Peak:35.82M | Scene, ViewLayer | Updating Scene BVH | Building BVH 0%
Fra:1 Mem:273.55M (Peak 336.77M) | Time:00:01.40 | Mem:66.65M, Peak:95.82M | Scene, ViewLayer | Updating Scene BVH | Copying BVH to device
Fra:1 Mem:273.55M (Peak 336.77M) | Time:00:01.40 | Mem:66.65M, Peak:95.82M | Scene, ViewLayer | Updating Mesh | Computing normals
Fra:1 Mem:309.53M (Peak 336.77M) | Time:00:01.42 | Mem:66.65M, Peak:95.82M | Scene, ViewLayer | Updating Mesh | Copying Mesh to device
Fra:1 Mem:309.53M (Peak 336.77M) | Time:00:01.42 | Mem:102.63M, Peak:102.63M | Scene, ViewLayer | Updating Objects Flags
Fra:1 Mem:309.53M (Peak 336.77M) | Time:00:01.42 | Mem:102.64M, Peak:102.64M | Scene, ViewLayer | Updating Primitive Offsets
Fra:1 Mem:309.53M (Peak 336.77M) | Time:00:01.42 | Mem:102.64M, Peak:102.64M | Scene, ViewLayer | Updating Images
Fra:1 Mem:309.53M (Peak 336.77M) | Time:00:01.42 | Mem:102.64M, Peak:102.64M | Scene, ViewLayer | Updating Camera Volume
Fra:1 Mem:309.53M (Peak 336.77M) | Time:00:01.42 | Mem:102.64M, Peak:102.64M | Scene, ViewLayer | Updating Lookup Tables
Fra:1 Mem:309.53M (Peak 336.77M) | Time:00:01.42 | Mem:102.64M, Peak:102.64M | Scene, ViewLayer | Updating Lights
Fra:1 Mem:309.53M (Peak 336.77M) | Time:00:01.42 | Mem:102.64M, Peak:102.64M | Scene, ViewLayer | Updating Lights | Computing distribution
Fra:1 Mem:309.53M (Peak 336.77M) | Time:00:01.42 | Mem:102.64M, Peak:102.64M | Scene, ViewLayer | Updating Lights | Computing tree
Fra:1 Mem:311.18M (Peak 336.77M) | Time:00:01.45 | Mem:104.29M, Peak:104.29M | Scene, ViewLayer | Updating Integrator
Fra:1 Mem:312.18M (Peak 336.77M) | Time:00:01.45 | Mem:105.29M, Peak:105.29M | Scene, ViewLayer | Updating Film
Fra:1 Mem:312.18M (Peak 336.77M) | Time:00:01.45 | Mem:105.29M, Peak:105.29M | Scene, ViewLayer | Updating Lookup Tables
Fra:1 Mem:312.18M (Peak 336.77M) | Time:00:01.45 | Mem:105.29M, Peak:105.29M | Scene, ViewLayer | Updating Baking
Fra:1 Mem:312.18M (Peak 336.77M) | Time:00:01.45 | Mem:105.29M, Peak:105.29M | Scene, ViewLayer | Updating Device | Writing constant memory
Fra:1 Mem:312.20M (Peak 336.77M) | Time:00:01.45 | Mem:105.29M, Peak:105.29M | Scene, ViewLayer | Sample 0/32
Fra:1 Mem:408.61M (Peak 408.61M) | Time:00:03.62 | Remaining:01:07.18 | Mem:201.69M, Peak:201.69M | Scene, ViewLayer | Sample 1/32
Fra:1 Mem:408.61M (Peak 408.61M) | Time:00:34.98 | Remaining:00:33.52 | Mem:201.69M, Peak:201.69M | Scene, ViewLayer | Sample 16/32
Fra:1 Mem:449.20M (Peak 510.08M) | Time:00:47.64 | Mem:201.69M, Peak:201.69M | Scene, ViewLayer | Sample 32/32
Fra:1 Mem:449.20M (Peak 510.08M) | Time:00:47.64 | Mem:201.69M, Peak:201.69M | Scene, ViewLayer | Finished
Saved: 'C:\MyProjects\TempProject (OpenAI)\su7\renders\rear.png'
 Time: 00:47.84 (Saving: 00:00.17)

PRODUCTION_RENDER_COMPLETE rear
PRODUCTION_RENDER_START wheel
Fra:1 Mem:285.45M (Peak 285.45M) | Time:00:01.05 | Mem:0.00M, Peak:0.00M | Scene, ViewLayer | Synchronizing object | Unified aluminum body | welded hood, quarters and bumpers
Fra:1 Mem:289.09M (Peak 289.09M) | Time:00:01.05 | Mem:0.00M, Peak:0.00M | Scene, ViewLayer | Synchronizing object | Window perimeter | satin black surround
Fra:1 Mem:290.86M (Peak 290.86M) | Time:00:01.05 | Mem:0.00M, Peak:0.00M | Scene, ViewLayer | Synchronizing object | B pillar black trim
Fra:1 Mem:290.90M (Peak 290.90M) | Time:00:01.05 | Mem:0.00M, Peak:0.00M | Scene, ViewLayer | Synchronizing object | B pillar black trim.001
Fra:1 Mem:290.94M (Peak 290.94M) | Time:00:01.05 | Mem:0.00M, Peak:0.00M | Scene, ViewLayer | Synchronizing object | B pillar black trim.002
Fra:1 Mem:290.98M (Peak 290.98M) | Time:00:01.05 | Mem:0.00M, Peak:0.00M | Scene, ViewLayer | Synchronizing object | Rear quarter glass division
Fra:1 Mem:291.01M (Peak 291.01M) | Time:00:01.05 | Mem:0.00M, Peak:0.00M | Scene, ViewLayer | Synchronizing object | Painted continuous A pillar and roof rail
Fra:1 Mem:291.22M (Peak 291.22M) | Time:00:01.05 | Mem:0.00M, Peak:0.00M | Scene, ViewLayer | Synchronizing object | Roof drip molding
Fra:1 Mem:291.40M (Peak 291.40M) | Time:00:01.05 | Mem:0.00M, Peak:0.00M | Scene, ViewLayer | Synchronizing object | Window perimeter | satin black surround.001
Fra:1 Mem:291.88M (Peak 291.88M) | Time:00:01.05 | Mem:0.00M, Peak:0.00M | Scene, ViewLayer | Synchronizing object | B pillar black trim.003
Fra:1 Mem:291.65M (Peak 291.88M) | Time:00:01.05 | Mem:0.00M, Peak:0.00M | Scene, ViewLayer | Synchronizing object | B pillar black trim.004
Fra:1 Mem:291.69M (Peak 291.88M) | Time:00:01.05 | Mem:0.00M, Peak:0.00M | Scene, ViewLayer | Synchronizing object | B pillar black trim.005
Fra:1 Mem:291.73M (Peak 291.88M) | Time:00:01.05 | Mem:0.00M, Peak:0.00M | Scene, ViewLayer | Synchronizing object | Rear quarter glass division.001
Fra:1 Mem:291.76M (Peak 291.88M) | Time:00:01.05 | Mem:0.00M, Peak:0.00M | Scene, ViewLayer | Synchronizing object | Painted continuous A pillar and roof rail.001
Fra:1 Mem:291.95M (Peak 291.95M) | Time:00:01.05 | Mem:0.00M, Peak:0.00M | Scene, ViewLayer | Synchronizing object | Smooth continuous side glass
Fra:1 Mem:291.97M (Peak 291.97M) | Time:00:01.06 | Mem:0.00M, Peak:0.00M | Scene, ViewLayer | Synchronizing object | Smooth continuous side glass.001
Fra:1 Mem:298.82M (Peak 298.82M) | Time:00:01.06 | Mem:0.00M, Peak:0.00M | Scene, ViewLayer | Synchronizing object | Roof drip molding.001
Fra:1 Mem:301.09M (Peak 301.09M) | Time:00:01.06 | Mem:0.00M, Peak:0.00M | Scene, ViewLayer | Synchronizing object | Hood precision shut line
Fra:1 Mem:301.22M (Peak 301.22M) | Time:00:01.06 | Mem:0.00M, Peak:0.00M | Scene, ViewLayer | Synchronizing object | Front door leading gap
Fra:1 Mem:301.28M (Peak 301.28M) | Time:00:01.06 | Mem:0.00M, Peak:0.00M | Scene, ViewLayer | Synchronizing object | B pillar door gap
Fra:1 Mem:301.35M (Peak 301.35M) | Time:00:01.06 | Mem:0.00M, Peak:0.00M | Scene, ViewLayer | Synchronizing object | Rear door trailing gap
Fra:1 Mem:303.84M (Peak 303.84M) | Time:00:01.06 | Mem:0.00M, Peak:0.00M | Scene, ViewLayer | Synchronizing object | Rocker sill
Fra:1 Mem:303.90M (Peak 303.90M) | Time:00:01.06 | Mem:0.00M, Peak:0.00M | Scene, ViewLayer | Synchronizing object | Rocker silver edge
Fra:1 Mem:303.97M (Peak 303.97M) | Time:00:01.06 | Mem:0.00M, Peak:0.00M | Scene, ViewLayer | Synchronizing object | Flush door handle recess
Fra:1 Mem:303.97M (Peak 303.97M) | Time:00:01.06 | Mem:0.00M, Peak:0.00M | Scene, ViewLayer | Synchronizing object | Flush door handle | Aqua Blue
Fra:1 Mem:304.00M (Peak 304.00M) | Time:00:01.06 | Mem:0.00M, Peak:0.00M | Scene, ViewLayer | Synchronizing object | Handle finger undercut.001
Fra:1 Mem:304.07M (Peak 304.07M) | Time:00:01.06 | Mem:0.00M, Peak:0.00M | Scene, ViewLayer | Synchronizing object | Charging door
Fra:1 Mem:304.06M (Peak 304.07M) | Time:00:01.06 | Mem:0.00M, Peak:0.00M | Scene, ViewLayer | Synchronizing object | Fender blade polished edge
Fra:1 Mem:304.17M (Peak 304.17M) | Time:00:01.06 | Mem:0.00M, Peak:0.00M | Scene, ViewLayer | Synchronizing object | Mirror stalk
Fra:1 Mem:304.11M (Peak 304.17M) | Time:00:01.06 | Mem:0.00M, Peak:0.00M | Scene, ViewLayer | Synchronizing object | Mirror LED indicator
Fra:1 Mem:304.17M (Peak 304.17M) | Time:00:01.06 | Mem:0.00M, Peak:0.00M | Scene, ViewLayer | Synchronizing object | Flush door handle recess.001
Fra:1 Mem:304.17M (Peak 304.17M) | Time:00:01.06 | Mem:0.00M, Peak:0.00M | Scene, ViewLayer | Synchronizing object | Rolled painted wheel arch lip
Fra:1 Mem:306.68M (Peak 306.68M) | Time:00:01.06 | Mem:0.00M, Peak:0.00M | Scene, ViewLayer | Synchronizing object | Flush door handle | Aqua Blue.001
Fra:1 Mem:306.71M (Peak 306.71M) | Time:00:01.06 | Mem:0.00M, Peak:0.00M | Scene, ViewLayer | Synchronizing object | Wheelhouse dark reveal
Fra:1 Mem:306.79M (Peak 306.79M) | Time:00:01.06 | Mem:0.00M, Peak:0.00M | Scene, ViewLayer | Synchronizing object | Front fender black air blade
Fra:1 Mem:306.80M (Peak 306.80M) | Time:00:01.06 | Mem:0.00M, Peak:0.00M | Scene, ViewLayer | Synchronizing object | Rolled painted wheel arch lip.001
Fra:1 Mem:306.82M (Peak 306.82M) | Time:00:01.06 | Mem:0.00M, Peak:0.00M | Scene, ViewLayer | Synchronizing object | Side camera lens.001
Fra:1 Mem:306.98M (Peak 306.98M) | Time:00:01.06 | Mem:0.00M, Peak:0.00M | Scene, ViewLayer | Synchronizing object | Mirror black lower housing.001
Fra:1 Mem:306.98M (Peak 306.98M) | Time:00:01.06 | Mem:0.00M, Peak:0.00M | Scene, ViewLayer | Synchronizing object | Wheelhouse dark reveal.001
Fra:1 Mem:307.16M (Peak 307.16M) | Time:00:01.06 | Mem:0.00M, Peak:0.00M | Scene, ViewLayer | Synchronizing object | Mirror painted upper cap.001
Fra:1 Mem:307.28M (Peak 307.28M) | Time:00:01.06 | Mem:0.00M, Peak:0.00M | Scene, ViewLayer | Synchronizing object | Hood precision shut line.001
Fra:1 Mem:307.31M (Peak 307.31M) | Time:00:01.06 | Mem:0.00M, Peak:0.00M | Scene, ViewLayer | Synchronizing object | Mirror reflective glass.001
Fra:1 Mem:307.49M (Peak 307.49M) | Time:00:01.06 | Mem:0.00M, Peak:0.00M | Scene, ViewLayer | Synchronizing object | Wheelhouse liner
Fra:1 Mem:307.51M (Peak 307.51M) | Time:00:01.06 | Mem:0.00M, Peak:0.00M | Scene, ViewLayer | Synchronizing object | Wheelhouse liner.001
Fra:1 Mem:307.55M (Peak 307.55M) | Time:00:01.06 | Mem:0.00M, Peak:0.00M | Scene, ViewLayer | Synchronizing object | B pillar door gap.001
Fra:1 Mem:307.61M (Peak 307.61M) | Time:00:01.06 | Mem:0.00M, Peak:0.00M | Scene, ViewLayer | Synchronizing object | Rear door trailing gap.001
Fra:1 Mem:307.68M (Peak 307.68M) | Time:00:01.06 | Mem:0.00M, Peak:0.00M | Scene, ViewLayer | Synchronizing object | Rocker sill.001
Fra:1 Mem:307.74M (Peak 307.74M) | Time:00:01.06 | Mem:0.00M, Peak:0.00M | Scene, ViewLayer | Synchronizing object | Rocker silver edge.001
Fra:1 Mem:307.81M (Peak 307.81M) | Time:00:01.06 | Mem:0.00M, Peak:0.00M | Scene, ViewLayer | Synchronizing object | Flush door handle recess.002
Fra:1 Mem:307.81M (Peak 307.81M) | Time:00:01.06 | Mem:0.00M, Peak:0.00M | Scene, ViewLayer | Synchronizing object | Flush door handle | Aqua Blue.002
Fra:1 Mem:307.95M (Peak 307.95M) | Time:00:01.06 | Mem:0.00M, Peak:0.00M | Scene, ViewLayer | Synchronizing object | Handle finger undercut.003
Fra:1 Mem:307.95M (Peak 307.95M) | Time:00:01.06 | Mem:0.00M, Peak:0.00M | Scene, ViewLayer | Synchronizing object | Fender blade polished edge.001
Fra:1 Mem:307.95M (Peak 307.95M) | Time:00:01.06 | Mem:0.00M, Peak:0.00M | Scene, ViewLayer | Synchronizing object | Mirror stalk.001
Fra:1 Mem:307.93M (Peak 307.95M) | Time:00:01.06 | Mem:0.00M, Peak:0.00M | Scene, ViewLayer | Synchronizing object | Flush door handle recess.003
Fra:1 Mem:307.94M (Peak 307.95M) | Time:00:01.06 | Mem:0.00M, Peak:0.00M | Scene, ViewLayer | Synchronizing object | Mirror LED indicator.001
Fra:1 Mem:307.99M (Peak 307.99M) | Time:00:01.06 | Mem:0.00M, Peak:0.00M | Scene, ViewLayer | Synchronizing object | Flush door handle | Aqua Blue.003
Fra:1 Mem:307.98M (Peak 307.99M) | Time:00:01.06 | Mem:0.00M, Peak:0.00M | Scene, ViewLayer | Synchronizing object | Rolled painted wheel arch lip.002
Fra:1 Mem:308.07M (Peak 308.07M) | Time:00:01.06 | Mem:0.00M, Peak:0.00M | Scene, ViewLayer | Synchronizing object | Front fender black air blade.001
Fra:1 Mem:308.07M (Peak 308.07M) | Time:00:01.06 | Mem:0.00M, Peak:0.00M | Scene, ViewLayer | Synchronizing object | Wheelhouse dark reveal.002
Fra:1 Mem:308.10M (Peak 308.10M) | Time:00:01.06 | Mem:0.00M, Peak:0.00M | Scene, ViewLayer | Synchronizing object | Side camera lens
Fra:1 Mem:308.30M (Peak 308.30M) | Time:00:01.06 | Mem:0.00M, Peak:0.00M | Scene, ViewLayer | Synchronizing object | Mirror black lower housing
Fra:1 Mem:308.32M (Peak 308.32M) | Time:00:01.06 | Mem:0.00M, Peak:0.00M | Scene, ViewLayer | Synchronizing object | Rolled painted wheel arch lip.003
Fra:1 Mem:308.43M (Peak 308.43M) | Time:00:01.06 | Mem:0.00M, Peak:0.00M | Scene, ViewLayer | Synchronizing object | Wheelhouse dark reveal.003
Fra:1 Mem:308.51M (Peak 308.51M) | Time:00:01.06 | Mem:0.00M, Peak:0.00M | Scene, ViewLayer | Synchronizing object | Mirror reflective glass
Fra:1 Mem:308.68M (Peak 308.68M) | Time:00:01.06 | Mem:0.00M, Peak:0.00M | Scene, ViewLayer | Synchronizing object | Headlight rubber gasket
Fra:1 Mem:308.69M (Peak 308.69M) | Time:00:01.06 | Mem:0.00M, Peak:0.00M | Scene, ViewLayer | Synchronizing object | Wheelhouse liner.003
Fra:1 Mem:308.75M (Peak 308.75M) | Time:00:01.06 | Mem:0.00M, Peak:0.00M | Scene, ViewLayer | Synchronizing object | Waterdrop headlight | dark compound-curved optical housing
Fra:1 Mem:308.76M (Peak 308.76M) | Time:00:01.06 | Mem:0.00M, Peak:0.00M | Scene, ViewLayer | Synchronizing object | Headlight polished rim
Fra:1 Mem:308.87M (Peak 308.87M) | Time:00:01.06 | Mem:0.00M, Peak:0.00M | Scene, ViewLayer | Synchronizing object | Signature sweeping diagonal DRL
Fra:1 Mem:308.92M (Peak 308.92M) | Time:00:01.06 | Mem:0.00M, Peak:0.00M | Scene, ViewLayer | Synchronizing object | Lower segmented optical return
Fra:1 Mem:308.97M (Peak 308.97M) | Time:00:01.06 | Mem:0.00M, Peak:0.00M | Scene, ViewLayer | Synchronizing object | Upper arrow DRL accent
Fra:1 Mem:309.01M (Peak 309.01M) | Time:00:01.06 | Mem:0.00M, Peak:0.00M | Scene, ViewLayer | Synchronizing object | Rectangular LED projector surround
Fra:1 Mem:309.01M (Peak 309.01M) | Time:00:01.06 | Mem:0.00M, Peak:0.00M | Scene, ViewLayer | Synchronizing object | Deep projector optic
Fra:1 Mem:309.02M (Peak 309.02M) | Time:00:01.06 | Mem:0.00M, Peak:0.00M | Scene, ViewLayer | Synchronizing object | Corner intake rim
Fra:1 Mem:309.11M (Peak 309.11M) | Time:00:01.06 | Mem:0.00M, Peak:0.00M | Scene, ViewLayer | Synchronizing object | Air curtain inner fin
Fra:1 Mem:309.17M (Peak 309.17M) | Time:00:01.06 | Mem:0.00M, Peak:0.00M | Scene, ViewLayer | Synchronizing object | Headlight rubber gasket.001
Fra:1 Mem:309.22M (Peak 309.22M) | Time:00:01.06 | Mem:0.00M, Peak:0.00M | Scene, ViewLayer | Synchronizing object | Headlight polished rim.001
Fra:1 Mem:309.22M (Peak 309.22M) | Time:00:01.06 | Mem:0.00M, Peak:0.00M | Scene, ViewLayer | Synchronizing object | Rectangular LED projector surround.001
Fra:1 Mem:309.20M (Peak 309.22M) | Time:00:01.06 | Mem:0.00M, Peak:0.00M | Scene, ViewLayer | Synchronizing object | Signature sweeping diagonal DRL.001
Fra:1 Mem:309.26M (Peak 309.26M) | Time:00:01.06 | Mem:0.00M, Peak:0.00M | Scene, ViewLayer | Synchronizing object | Lower segmented optical return.001
Fra:1 Mem:309.38M (Peak 309.38M) | Time:00:01.06 | Mem:0.00M, Peak:0.00M | Scene, ViewLayer | Synchronizing object | Upper arrow DRL accent.001
Fra:1 Mem:309.35M (Peak 309.38M) | Time:00:01.06 | Mem:0.00M, Peak:0.00M | Scene, ViewLayer | Synchronizing object | Deep projector optic.001
Fra:1 Mem:309.37M (Peak 309.38M) | Time:00:01.06 | Mem:0.00M, Peak:0.00M | Scene, ViewLayer | Synchronizing object | Rectangular LED projector surround.002
Fra:1 Mem:309.46M (Peak 309.46M) | Time:00:01.06 | Mem:0.00M, Peak:0.00M | Scene, ViewLayer | Synchronizing object | Corner intake rim.001
Fra:1 Mem:309.50M (Peak 309.50M) | Time:00:01.06 | Mem:0.00M, Peak:0.00M | Scene, ViewLayer | Synchronizing object | Air curtain inner fin.001
Fra:1 Mem:309.43M (Peak 309.50M) | Time:00:01.06 | Mem:0.00M, Peak:0.00M | Scene, ViewLayer | Synchronizing object | Deep projector optic.002
Fra:1 Mem:309.45M (Peak 309.50M) | Time:00:01.06 | Mem:0.00M, Peak:0.00M | Scene, ViewLayer | Synchronizing object | Satin front intake frame
Fra:1 Mem:309.58M (Peak 309.58M) | Time:00:01.06 | Mem:0.00M, Peak:0.00M | Scene, ViewLayer | Synchronizing object | Painted intake ring
Fra:1 Mem:309.60M (Peak 309.60M) | Time:00:01.06 | Mem:0.00M, Peak:0.00M | Scene, ViewLayer | Synchronizing object | Painted intake ring.001
Fra:1 Mem:309.56M (Peak 309.60M) | Time:00:01.06 | Mem:0.00M, Peak:0.00M | Scene, ViewLayer | Synchronizing object | Rectangular LED projector surround.003
Fra:1 Mem:309.54M (Peak 309.60M) | Time:00:01.06 | Mem:0.00M, Peak:0.00M | Scene, ViewLayer | Synchronizing object | Deep projector optic.003
Fra:1 Mem:309.56M (Peak 309.60M) | Time:00:01.06 | Mem:0.00M, Peak:0.00M | Scene, ViewLayer | Synchronizing object | Horizontal grille louver
Fra:1 Mem:309.65M (Peak 309.65M) | Time:00:01.06 | Mem:0.00M, Peak:0.00M | Scene, ViewLayer | Synchronizing object | Horizontal grille louver.001
Fra:1 Mem:309.67M (Peak 309.67M) | Time:00:01.06 | Mem:0.00M, Peak:0.00M | Scene, ViewLayer | Synchronizing object | Horizontal grille louver.002
Fra:1 Mem:309.68M (Peak 309.68M) | Time:00:01.06 | Mem:0.00M, Peak:0.00M | Scene, ViewLayer | Synchronizing object | Vertical corner air curtain
Fra:1 Mem:309.72M (Peak 309.72M) | Time:00:01.06 | Mem:0.00M, Peak:0.00M | Scene, ViewLayer | Synchronizing object | Horizontal grille louver.003
Fra:1 Mem:309.73M (Peak 309.73M) | Time:00:01.06 | Mem:0.00M, Peak:0.00M | Scene, ViewLayer | Synchronizing object | Waterdrop headlight | dark compound-curved optical housing.001
Fra:1 Mem:309.84M (Peak 309.84M) | Time:00:01.06 | Mem:0.00M, Peak:0.00M | Scene, ViewLayer | Synchronizing object | Grille vertical reinforcement
Fra:1 Mem:309.84M (Peak 309.84M) | Time:00:01.06 | Mem:0.00M, Peak:0.00M | Scene, ViewLayer | Synchronizing object | Rectangular LED projector surround.004
Fra:1 Mem:309.85M (Peak 309.85M) | Time:00:01.06 | Mem:0.00M, Peak:0.00M | Scene, ViewLayer | Synchronizing object | Grille vertical reinforcement.001
Fra:1 Mem:309.91M (Peak 309.91M) | Time:00:01.06 | Mem:0.00M, Peak:0.00M | Scene, ViewLayer | Synchronizing object | Grille vertical reinforcement.002
Fra:1 Mem:309.96M (Peak 309.96M) | Time:00:01.06 | Mem:0.00M, Peak:0.00M | Scene, ViewLayer | Synchronizing object | Grille vertical reinforcement.003
Fra:1 Mem:309.96M (Peak 309.96M) | Time:00:01.06 | Mem:0.00M, Peak:0.00M | Scene, ViewLayer | Synchronizing object | Grille vertical reinforcement.004
Fra:1 Mem:309.93M (Peak 309.96M) | Time:00:01.07 | Mem:0.00M, Peak:0.00M | Scene, ViewLayer | Synchronizing object | Deep projector optic.004
Fra:1 Mem:309.95M (Peak 309.96M) | Time:00:01.07 | Mem:0.00M, Peak:0.00M | Scene, ViewLayer | Synchronizing object | Grille vertical reinforcement.005
Fra:1 Mem:310.00M (Peak 310.00M) | Time:00:01.07 | Mem:0.00M, Peak:0.00M | Scene, ViewLayer | Synchronizing object | Grille vertical reinforcement.006
Fra:1 Mem:309.95M (Peak 310.00M) | Time:00:01.07 | Mem:0.00M, Peak:0.00M | Scene, ViewLayer | Synchronizing object | Grille vertical reinforcement.007
Fra:1 Mem:310.02M (Peak 310.02M) | Time:00:01.07 | Mem:0.00M, Peak:0.00M | Scene, ViewLayer | Synchronizing object | Grille vertical reinforcement.008
Fra:1 Mem:310.00M (Peak 310.02M) | Time:00:01.07 | Mem:0.00M, Peak:0.00M | Scene, ViewLayer | Synchronizing object | Grille vertical reinforcement.009
Fra:1 Mem:309.97M (Peak 310.02M) | Time:00:01.07 | Mem:0.00M, Peak:0.00M | Scene, ViewLayer | Synchronizing object | Rectangular LED projector surround.005
Fra:1 Mem:309.95M (Peak 310.02M) | Time:00:01.07 | Mem:0.00M, Peak:0.00M | Scene, ViewLayer | Synchronizing object | Grille vertical reinforcement.010
Fra:1 Mem:310.01M (Peak 310.02M) | Time:00:01.07 | Mem:0.00M, Peak:0.00M | Scene, ViewLayer | Synchronizing object | Deep projector optic.005
Fra:1 Mem:310.02M (Peak 310.02M) | Time:00:01.07 | Mem:0.00M, Peak:0.00M | Scene, ViewLayer | Synchronizing object | Front splitter blade
Fra:1 Mem:310.15M (Peak 310.16M) | Time:00:01.07 | Mem:0.00M, Peak:0.00M | Scene, ViewLayer | Synchronizing object | Front plate lettering
Fra:1 Mem:310.31M (Peak 310.31M) | Time:00:01.07 | Mem:0.00M, Peak:0.00M | Scene, ViewLayer | Synchronizing object | Rectangular LED projector surround.006
Fra:1 Mem:310.32M (Peak 310.32M) | Time:00:01.07 | Mem:0.00M, Peak:0.00M | Scene, ViewLayer | Synchronizing object | Deep projector optic.006
Fra:1 Mem:310.94M (Peak 310.94M) | Time:00:01.07 | Mem:0.00M, Peak:0.00M | Scene, ViewLayer | Synchronizing object | Rectangular LED projector surround.007
Fra:1 Mem:311.16M (Peak 311.16M) | Time:00:01.07 | Mem:0.00M, Peak:0.00M | Scene, ViewLayer | Synchronizing object | Deep projector optic.007
Fra:1 Mem:311.16M (Peak 311.16M) | Time:00:01.07 | Mem:0.00M, Peak:0.00M | Scene, ViewLayer | Synchronizing object | Vertical corner air curtain.001
Fra:1 Mem:313.65M (Peak 313.65M) | Time:00:01.07 | Mem:0.00M, Peak:0.00M | Scene, ViewLayer | Synchronizing object | Wide trapezoidal front lower intake
Fra:1 Mem:313.67M (Peak 313.67M) | Time:00:01.07 | Mem:0.00M, Peak:0.00M | Scene, ViewLayer | Synchronizing object | Sculpted Aqua Blue intake side surround
Fra:1 Mem:313.76M (Peak 313.76M) | Time:00:01.07 | Mem:0.00M, Peak:0.00M | Scene, ViewLayer | Synchronizing object | Sculpted Aqua Blue intake side surround.001
Fra:1 Mem:313.79M (Peak 313.79M) | Time:00:01.07 | Mem:0.00M, Peak:0.00M | Scene, ViewLayer | Synchronizing object | Front license plate bracket
Fra:1 Mem:313.82M (Peak 313.82M) | Time:00:01.07 | Mem:0.00M, Peak:0.00M | Scene, ViewLayer | Synchronizing object | Front license plate
Fra:1 Mem:311.53M (Peak 313.82M) | Time:00:01.07 | Mem:0.00M, Peak:0.00M | Scene, ViewLayer | Synchronizing object | Hood mi insignia
Fra:1 Mem:311.53M (Peak 313.82M) | Time:00:01.07 | Mem:0.00M, Peak:0.00M | Scene, ViewLayer | Synchronizing object | Ultrasonic parking sensor
Fra:1 Mem:314.12M (Peak 314.13M) | Time:00:01.07 | Mem:0.00M, Peak:0.00M | Scene, ViewLayer | Synchronizing object | License plate screw
Fra:1 Mem:314.19M (Peak 314.19M) | Time:00:01.07 | Mem:0.00M, Peak:0.00M | Scene, ViewLayer | Synchronizing object | Rear lamp outer seal
Fra:1 Mem:314.19M (Peak 314.19M) | Time:00:01.07 | Mem:0.00M, Peak:0.00M | Scene, ViewLayer | Synchronizing object | Ultrasonic parking sensor.001
Fra:1 Mem:314.22M (Peak 314.22M) | Time:00:01.07 | Mem:0.00M, Peak:0.00M | Scene, ViewLayer | Synchronizing object | Continuous halo rear LED
Fra:1 Mem:314.27M (Peak 314.27M) | Time:00:01.07 | Mem:0.00M, Peak:0.00M | Scene, ViewLayer | Synchronizing object | Lower full-width LED filament
Fra:1 Mem:314.33M (Peak 314.33M) | Time:00:01.07 | Mem:0.00M, Peak:0.00M | Scene, ViewLayer | Synchronizing object | License plate screw.001
Fra:1 Mem:311.99M (Peak 314.33M) | Time:00:01.07 | Mem:0.00M, Peak:0.00M | Scene, ViewLayer | Synchronizing object | Xiaomi hood emblem
Fra:1 Mem:312.05M (Peak 314.33M) | Time:00:01.07 | Mem:0.00M, Peak:0.00M | Scene, ViewLayer | Synchronizing object | Front perception camera
Fra:1 Mem:312.07M (Peak 314.33M) | Time:00:01.07 | Mem:0.00M, Peak:0.00M | Scene, ViewLayer | Synchronizing object | Full-width smoked rear lamp housing
Fra:1 Mem:312.19M (Peak 314.33M) | Time:00:01.07 | Mem:0.00M, Peak:0.00M | Scene, ViewLayer | Synchronizing object | Halo rear red optical bed
Fra:1 Mem:312.29M (Peak 314.33M) | Time:00:01.07 | Mem:0.00M, Peak:0.00M | Scene, ViewLayer | Synchronizing object | Rear bumper side air outlet
Fra:1 Mem:312.31M (Peak 314.33M) | Time:00:01.07 | Mem:0.00M, Peak:0.00M | Scene, ViewLayer | Synchronizing object | Rear vent rim
Fra:1 Mem:312.37M (Peak 314.33M) | Time:00:01.07 | Mem:0.00M, Peak:0.00M | Scene, ViewLayer | Synchronizing object | Trunk panel shut line
Fra:1 Mem:312.44M (Peak 314.33M) | Time:00:01.07 | Mem:0.00M, Peak:0.00M | Scene, ViewLayer | Synchronizing object | Inner taillight return.001
Fra:1 Mem:312.44M (Peak 314.33M) | Time:00:01.07 | Mem:0.00M, Peak:0.00M | Scene, ViewLayer | Synchronizing object | Rear lower reflector
Fra:1 Mem:312.44M (Peak 314.33M) | Time:00:01.07 | Mem:0.00M, Peak:0.00M | Scene, ViewLayer | Synchronizing object | Rear vent rim.001
Fra:1 Mem:312.54M (Peak 314.33M) | Time:00:01.07 | Mem:0.00M, Peak:0.00M | Scene, ViewLayer | Synchronizing object | Rear bumper side air outlet.001
Fra:1 Mem:312.49M (Peak 314.33M) | Time:00:01.07 | Mem:0.00M, Peak:0.00M | Scene, ViewLayer | Synchronizing object | Trunk panel shut line.001
Fra:1 Mem:312.63M (Peak 314.33M) | Time:00:01.07 | Mem:0.00M, Peak:0.00M | Scene, ViewLayer | Synchronizing object | Rear lower reflector.001
Fra:1 Mem:312.61M (Peak 314.33M) | Time:00:01.07 | Mem:0.00M, Peak:0.00M | Scene, ViewLayer | Synchronizing object | Rear diffuser black valance
Fra:1 Mem:312.77M (Peak 314.33M) | Time:00:01.07 | Mem:0.00M, Peak:0.00M | Scene, ViewLayer | Synchronizing object | Rear diffuser painted buttress.001
Fra:1 Mem:312.85M (Peak 314.33M) | Time:00:01.07 | Mem:0.00M, Peak:0.00M | Scene, ViewLayer | Synchronizing object | Rear diffuser lower lip
Fra:1 Mem:312.96M (Peak 314.33M) | Time:00:01.07 | Mem:0.00M, Peak:0.00M | Scene, ViewLayer | Synchronizing object | Underfloor diffuser strake
Fra:1 Mem:312.96M (Peak 314.33M) | Time:00:01.07 | Mem:0.00M, Peak:0.00M | Scene, ViewLayer | Synchronizing object | Underfloor diffuser strake.002
Fra:1 Mem:312.98M (Peak 314.33M) | Time:00:01.07 | Mem:0.00M, Peak:0.00M | Scene, ViewLayer | Synchronizing object | Rear plate SU7
Fra:1 Mem:313.38M (Peak 314.33M) | Time:00:01.07 | Mem:0.00M, Peak:0.00M | Scene, ViewLayer | Synchronizing object | Underfloor diffuser strake.003
Fra:1 Mem:313.35M (Peak 314.33M) | Time:00:01.07 | Mem:0.00M, Peak:0.00M | Scene, ViewLayer | Synchronizing object | Rear plate bracket
Fra:1 Mem:313.35M (Peak 314.33M) | Time:00:01.07 | Mem:0.00M, Peak:0.00M | Scene, ViewLayer | Synchronizing object | Rear spaced Xiaomi lettering | x
Fra:1 Mem:313.52M (Peak 314.33M) | Time:00:01.07 | Mem:0.00M, Peak:0.00M | Scene, ViewLayer | Synchronizing object | Rear spaced Xiaomi lettering | i
Fra:1 Mem:313.55M (Peak 314.33M) | Time:00:01.07 | Mem:0.00M, Peak:0.00M | Scene, ViewLayer | Synchronizing object | Rear license plate
Fra:1 Mem:313.58M (Peak 314.33M) | Time:00:01.07 | Mem:0.00M, Peak:0.00M | Scene, ViewLayer | Synchronizing object | Rear spaced Xiaomi lettering | a
Fra:1 Mem:313.84M (Peak 314.33M) | Time:00:01.07 | Mem:0.00M, Peak:0.00M | Scene, ViewLayer | Synchronizing object | Rear spaced Xiaomi lettering | o
Fra:1 Mem:313.95M (Peak 314.33M) | Time:00:01.07 | Mem:0.00M, Peak:0.00M | Scene, ViewLayer | Synchronizing object | Rear spaced Xiaomi lettering | m
Fra:1 Mem:314.10M (Peak 314.33M) | Time:00:01.07 | Mem:0.00M, Peak:0.00M | Scene, ViewLayer | Synchronizing object | Rear spaced Xiaomi lettering | i.001
Fra:1 Mem:314.17M (Peak 314.33M) | Time:00:01.07 | Mem:0.00M, Peak:0.00M | Scene, ViewLayer | Synchronizing object | Rear model badge
Fra:1 Mem:314.46M (Peak 314.46M) | Time:00:01.07 | Mem:0.00M, Peak:0.00M | Scene, ViewLayer | Synchronizing object | Rear Max badge
Fra:1 Mem:314.74M (Peak 314.74M) | Time:00:01.07 | Mem:0.00M, Peak:0.00M | Scene, ViewLayer | Synchronizing object | Rear manufacturer badge
Fra:1 Mem:314.93M (Peak 314.93M) | Time:00:01.07 | Mem:0.00M, Peak:0.00M | Scene, ViewLayer | Synchronizing object | Integrated rear deck ducktail
Fra:1 Mem:315.07M (Peak 315.07M) | Time:00:01.07 | Mem:0.00M, Peak:0.00M | Scene, ViewLayer | Synchronizing object | Retractable spoiler shut line
Fra:1 Mem:315.15M (Peak 315.15M) | Time:00:01.07 | Mem:0.00M, Peak:0.00M | Scene, ViewLayer | Synchronizing object | Rear parking camera
Fra:1 Mem:315.15M (Peak 315.15M) | Time:00:01.07 | Mem:0.00M, Peak:0.00M | Scene, ViewLayer | Synchronizing object | Front left tire molded sidewall ring.001
Fra:1 Mem:315.45M (Peak 315.45M) | Time:00:01.07 | Mem:0.00M, Peak:0.00M | Scene, ViewLayer | Synchronizing object | Front left tire molded sidewall ring.002
Fra:1 Mem:315.55M (Peak 315.55M) | Time:00:01.08 | Mem:0.00M, Peak:0.00M | Scene, ViewLayer | Synchronizing object | Front left tire molded sidewall ring
Fra:1 Mem:315.56M (Peak 315.56M) | Time:00:01.08 | Mem:0.00M, Peak:0.00M | Scene, ViewLayer | Synchronizing object | Front left cast rim barrel
Fra:1 Mem:315.81M (Peak 315.81M) | Time:00:01.08 | Mem:0.00M, Peak:0.00M | Scene, ViewLayer | Synchronizing object | Front left diamond-cut outer flange
Fra:1 Mem:316.07M (Peak 316.07M) | Time:00:01.08 | Mem:0.00M, Peak:0.00M | Scene, ViewLayer | Synchronizing object | Front left inner rim accent
Fra:1 Mem:316.46M (Peak 316.46M) | Time:00:01.08 | Mem:0.00M, Peak:0.00M | Scene, ViewLayer | Synchronizing object | Front left brake rotor
Fra:1 Mem:316.47M (Peak 316.47M) | Time:00:01.08 | Mem:0.00M, Peak:0.00M | Scene, ViewLayer | Synchronizing object | Front left rotor outer scoring
Fra:1 Mem:316.60M (Peak 316.60M) | Time:00:01.08 | Mem:0.00M, Peak:0.00M | Scene, ViewLayer | Synchronizing object | Front left drilled rotor perforation
Fra:1 Mem:316.71M (Peak 316.71M) | Time:00:01.08 | Mem:0.00M, Peak:0.00M | Scene, ViewLayer | Synchronizing object | Front left drilled rotor perforation.001
Fra:1 Mem:316.67M (Peak 316.71M) | Time:00:01.08 | Mem:0.00M, Peak:0.00M | Scene, ViewLayer | Synchronizing object | Front left drilled rotor perforation.002
Fra:1 Mem:316.66M (Peak 316.71M) | Time:00:01.08 | Mem:0.00M, Peak:0.00M | Scene, ViewLayer | Synchronizing object | Front left drilled rotor perforation.003
Fra:1 Mem:316.69M (Peak 316.71M) | Time:00:01.08 | Mem:0.00M, Peak:0.00M | Scene, ViewLayer | Synchronizing object | Front left drilled rotor perforation.004
Fra:1 Mem:316.73M (Peak 316.73M) | Time:00:01.08 | Mem:0.00M, Peak:0.00M | Scene, ViewLayer | Synchronizing object | Front left caliper marking
Fra:1 Mem:316.69M (Peak 316.73M) | Time:00:01.08 | Mem:0.00M, Peak:0.00M | Scene, ViewLayer | Synchronizing object | Front left drilled rotor perforation.005
Fra:1 Mem:316.91M (Peak 316.91M) | Time:00:01.08 | Mem:0.00M, Peak:0.00M | Scene, ViewLayer | Synchronizing object | Front left drilled rotor perforation.006
Fra:1 Mem:316.87M (Peak 316.91M) | Time:00:01.08 | Mem:0.00M, Peak:0.00M | Scene, ViewLayer | Synchronizing object | Front left drilled rotor perforation.007
Fra:1 Mem:316.87M (Peak 316.91M) | Time:00:01.08 | Mem:0.00M, Peak:0.00M | Scene, ViewLayer | Synchronizing object | Front left drilled rotor perforation.008
Fra:1 Mem:317.30M (Peak 317.30M) | Time:00:01.08 | Mem:0.00M, Peak:0.00M | Scene, ViewLayer | Synchronizing object | Front left drilled rotor perforation.009
Fra:1 Mem:317.28M (Peak 317.30M) | Time:00:01.08 | Mem:0.00M, Peak:0.00M | Scene, ViewLayer | Synchronizing object | Front left drilled rotor perforation.011
Fra:1 Mem:317.48M (Peak 317.48M) | Time:00:01.08 | Mem:0.00M, Peak:0.00M | Scene, ViewLayer | Synchronizing object | Front left drilled rotor perforation.012
Fra:1 Mem:317.45M (Peak 317.48M) | Time:00:01.08 | Mem:0.00M, Peak:0.00M | Scene, ViewLayer | Synchronizing object | Front left drilled rotor perforation.013
Fra:1 Mem:317.46M (Peak 317.48M) | Time:00:01.08 | Mem:0.00M, Peak:0.00M | Scene, ViewLayer | Synchronizing object | Front left drilled rotor perforation.014
Fra:1 Mem:317.51M (Peak 317.51M) | Time:00:01.08 | Mem:0.00M, Peak:0.00M | Scene, ViewLayer | Synchronizing object | Front left drilled rotor perforation.015
Fra:1 Mem:317.49M (Peak 317.51M) | Time:00:01.08 | Mem:0.00M, Peak:0.00M | Scene, ViewLayer | Synchronizing object | Front left drilled rotor perforation.016
Fra:1 Mem:317.48M (Peak 317.51M) | Time:00:01.08 | Mem:0.00M, Peak:0.00M | Scene, ViewLayer | Synchronizing object | Front left drilled rotor perforation.017
Fra:1 Mem:317.69M (Peak 317.69M) | Time:00:01.08 | Mem:0.00M, Peak:0.00M | Scene, ViewLayer | Synchronizing object | Front left drilled rotor perforation.018
Fra:1 Mem:317.55M (Peak 317.69M) | Time:00:01.08 | Mem:0.00M, Peak:0.00M | Scene, ViewLayer | Synchronizing object | Front left drilled rotor perforation.020
Fra:1 Mem:317.65M (Peak 317.69M) | Time:00:01.08 | Mem:0.00M, Peak:0.00M | Scene, ViewLayer | Synchronizing object | Front left drilled rotor perforation.021
Fra:1 Mem:317.63M (Peak 317.69M) | Time:00:01.08 | Mem:0.00M, Peak:0.00M | Scene, ViewLayer | Synchronizing object | Front left drilled rotor perforation.022
Fra:1 Mem:317.62M (Peak 317.69M) | Time:00:01.08 | Mem:0.00M, Peak:0.00M | Scene, ViewLayer | Synchronizing object | Front left drilled rotor perforation.023
Fra:1 Mem:317.70M (Peak 317.70M) | Time:00:01.08 | Mem:0.00M, Peak:0.00M | Scene, ViewLayer | Synchronizing object | Front left center mi logo
Fra:1 Mem:317.75M (Peak 317.75M) | Time:00:01.08 | Mem:0.00M, Peak:0.00M | Scene, ViewLayer | Synchronizing object | Front left drilled rotor perforation.024
Fra:1 Mem:317.70M (Peak 317.75M) | Time:00:01.08 | Mem:0.00M, Peak:0.00M | Scene, ViewLayer | Synchronizing object | Front left drilled rotor perforation.025
Fra:1 Mem:317.73M (Peak 317.75M) | Time:00:01.08 | Mem:0.00M, Peak:0.00M | Scene, ViewLayer | Synchronizing object | Front left drilled rotor perforation.026
Fra:1 Mem:317.95M (Peak 317.95M) | Time:00:01.08 | Mem:0.00M, Peak:0.00M | Scene, ViewLayer | Synchronizing object | Front left drilled rotor perforation.027
Fra:1 Mem:317.91M (Peak 317.95M) | Time:00:01.08 | Mem:0.00M, Peak:0.00M | Scene, ViewLayer | Synchronizing object | Front left drilled rotor perforation.028
Fra:1 Mem:317.93M (Peak 317.95M) | Time:00:01.08 | Mem:0.00M, Peak:0.00M | Scene, ViewLayer | Synchronizing object | Front left drilled rotor perforation.029
Fra:1 Mem:318.00M (Peak 318.00M) | Time:00:01.08 | Mem:0.00M, Peak:0.00M | Scene, ViewLayer | Synchronizing object | Front left drilled rotor perforation.030
Fra:1 Mem:318.00M (Peak 318.00M) | Time:00:01.08 | Mem:0.00M, Peak:0.00M | Scene, ViewLayer | Synchronizing object | Front left drilled rotor perforation.031
Fra:1 Mem:318.00M (Peak 318.00M) | Time:00:01.08 | Mem:0.00M, Peak:0.00M | Scene, ViewLayer | Synchronizing object | Front left drilled rotor perforation.032
Fra:1 Mem:318.00M (Peak 318.00M) | Time:00:01.08 | Mem:0.00M, Peak:0.00M | Scene, ViewLayer | Synchronizing object | Front left drilled rotor perforation.033
Fra:1 Mem:318.05M (Peak 318.05M) | Time:00:01.08 | Mem:0.00M, Peak:0.00M | Scene, ViewLayer | Synchronizing object | Front left drilled rotor perforation.034
Fra:1 Mem:318.03M (Peak 318.05M) | Time:00:01.08 | Mem:0.00M, Peak:0.00M | Scene, ViewLayer | Synchronizing object | Front left drilled rotor perforation.035
Fra:1 Mem:318.08M (Peak 318.08M) | Time:00:01.08 | Mem:0.00M, Peak:0.00M | Scene, ViewLayer | Synchronizing object | Front left sidewall lettering.001
Fra:1 Mem:318.09M (Peak 318.09M) | Time:00:01.08 | Mem:0.00M, Peak:0.00M | Scene, ViewLayer | Synchronizing object | Front left drilled rotor perforation.036
Fra:1 Mem:318.08M (Peak 318.09M) | Time:00:01.08 | Mem:0.00M, Peak:0.00M | Scene, ViewLayer | Synchronizing object | Front left drilled rotor perforation.037
Fra:1 Mem:318.18M (Peak 318.20M) | Time:00:01.08 | Mem:0.00M, Peak:0.00M | Scene, ViewLayer | Synchronizing object | Front left drilled rotor perforation.038
Fra:1 Mem:318.23M (Peak 318.23M) | Time:00:01.08 | Mem:0.00M, Peak:0.00M | Scene, ViewLayer | Synchronizing object | Front left drilled rotor perforation.039
Fra:1 Mem:318.29M (Peak 318.29M) | Time:00:01.08 | Mem:0.00M, Peak:0.00M | Scene, ViewLayer | Synchronizing object | Front left drilled rotor perforation.040
Fra:1 Mem:318.29M (Peak 318.29M) | Time:00:01.08 | Mem:0.00M, Peak:0.00M | Scene, ViewLayer | Synchronizing object | Front left sidewall lettering.003
Fra:1 Mem:318.29M (Peak 318.29M) | Time:00:01.08 | Mem:0.00M, Peak:0.00M | Scene, ViewLayer | Synchronizing object | Front left drilled rotor perforation.041
Fra:1 Mem:318.30M (Peak 318.30M) | Time:00:01.08 | Mem:0.00M, Peak:0.00M | Scene, ViewLayer | Synchronizing object | Front left drilled rotor perforation.042
Fra:1 Mem:318.31M (Peak 318.31M) | Time:00:01.08 | Mem:0.00M, Peak:0.00M | Scene, ViewLayer | Synchronizing object | Front left drilled rotor perforation.043
Fra:1 Mem:318.39M (Peak 318.39M) | Time:00:01.08 | Mem:0.00M, Peak:0.00M | Scene, ViewLayer | Synchronizing object | Front left sidewall lettering.005
Fra:1 Mem:318.42M (Peak 318.42M) | Time:00:01.08 | Mem:0.00M, Peak:0.00M | Scene, ViewLayer | Synchronizing object | Front left sidewall lettering.006
Fra:1 Mem:318.37M (Peak 318.42M) | Time:00:01.08 | Mem:0.00M, Peak:0.00M | Scene, ViewLayer | Synchronizing object | Front left drilled rotor perforation.044
Fra:1 Mem:318.39M (Peak 318.42M) | Time:00:01.08 | Mem:0.00M, Peak:0.00M | Scene, ViewLayer | Synchronizing object | Front left sidewall lettering.007
Fra:1 Mem:318.43M (Peak 318.43M) | Time:00:01.08 | Mem:0.00M, Peak:0.00M | Scene, ViewLayer | Synchronizing object | Front left drilled rotor perforation.046
Fra:1 Mem:318.46M (Peak 318.46M) | Time:00:01.08 | Mem:0.00M, Peak:0.00M | Scene, ViewLayer | Synchronizing object | Front left sidewall lettering.008
Fra:1 Mem:318.44M (Peak 318.46M) | Time:00:01.08 | Mem:0.00M, Peak:0.00M | Scene, ViewLayer | Synchronizing object | Front left drilled rotor perforation.048
Fra:1 Mem:318.55M (Peak 318.55M) | Time:00:01.08 | Mem:0.00M, Peak:0.00M | Scene, ViewLayer | Synchronizing object | Front left sidewall lettering.009
Fra:1 Mem:318.61M (Peak 318.61M) | Time:00:01.08 | Mem:0.00M, Peak:0.00M | Scene, ViewLayer | Synchronizing object | Front left drilled rotor perforation.049
Fra:1 Mem:318.53M (Peak 318.61M) | Time:00:01.08 | Mem:0.00M, Peak:0.00M | Scene, ViewLayer | Synchronizing object | Front left drilled rotor perforation.050
Fra:1 Mem:318.55M (Peak 318.61M) | Time:00:01.08 | Mem:0.00M, Peak:0.00M | Scene, ViewLayer | Synchronizing object | Front left sidewall lettering.010
Fra:1 Mem:318.63M (Peak 318.63M) | Time:00:01.08 | Mem:0.00M, Peak:0.00M | Scene, ViewLayer | Synchronizing object | Front left drilled rotor perforation.052
Fra:1 Mem:318.63M (Peak 318.63M) | Time:00:01.08 | Mem:0.00M, Peak:0.00M | Scene, ViewLayer | Synchronizing object | Front left sidewall lettering.011
Fra:1 Mem:318.63M (Peak 318.63M) | Time:00:01.08 | Mem:0.00M, Peak:0.00M | Scene, ViewLayer | Synchronizing object | Front left drilled rotor perforation.053
Fra:1 Mem:318.77M (Peak 318.77M) | Time:00:01.08 | Mem:0.00M, Peak:0.00M | Scene, ViewLayer | Synchronizing object | Front left drilled rotor perforation.054
Fra:1 Mem:318.76M (Peak 318.77M) | Time:00:01.08 | Mem:0.00M, Peak:0.00M | Scene, ViewLayer | Synchronizing object | Front left drilled rotor perforation.055
Fra:1 Mem:318.81M (Peak 318.81M) | Time:00:01.08 | Mem:0.00M, Peak:0.00M | Scene, ViewLayer | Synchronizing object | Front left sidewall lettering.012
Fra:1 Mem:318.78M (Peak 318.81M) | Time:00:01.08 | Mem:0.00M, Peak:0.00M | Scene, ViewLayer | Synchronizing object | Front left drilled rotor perforation.057
Fra:1 Mem:318.79M (Peak 318.81M) | Time:00:01.08 | Mem:0.00M, Peak:0.00M | Scene, ViewLayer | Synchronizing object | Front left sidewall lettering.013
Fra:1 Mem:318.84M (Peak 318.84M) | Time:00:01.08 | Mem:0.00M, Peak:0.00M | Scene, ViewLayer | Synchronizing object | Front left sidewall lettering.014
Fra:1 Mem:318.88M (Peak 318.88M) | Time:00:01.08 | Mem:0.00M, Peak:0.00M | Scene, ViewLayer | Synchronizing object | Front left drilled rotor perforation.058
Fra:1 Mem:319.02M (Peak 319.02M) | Time:00:01.08 | Mem:0.00M, Peak:0.00M | Scene, ViewLayer | Synchronizing object | Front left drilled rotor perforation.059
Fra:1 Mem:319.07M (Peak 319.07M) | Time:00:01.08 | Mem:0.00M, Peak:0.00M | Scene, ViewLayer | Synchronizing object | Front left sidewall lettering.015
Fra:1 Mem:319.13M (Peak 319.13M) | Time:00:01.08 | Mem:0.00M, Peak:0.00M | Scene, ViewLayer | Synchronizing object | Front left drilled rotor perforation.060
Fra:1 Mem:319.10M (Peak 319.13M) | Time:00:01.08 | Mem:0.00M, Peak:0.00M | Scene, ViewLayer | Synchronizing object | Front left drilled rotor perforation.061
Fra:1 Mem:319.12M (Peak 319.13M) | Time:00:01.08 | Mem:0.00M, Peak:0.00M | Scene, ViewLayer | Synchronizing object | Front left sidewall lettering.016
Fra:1 Mem:319.18M (Peak 319.18M) | Time:00:01.08 | Mem:0.00M, Peak:0.00M | Scene, ViewLayer | Synchronizing object | Front left drilled rotor perforation.062
Fra:1 Mem:319.30M (Peak 319.30M) | Time:00:01.08 | Mem:0.00M, Peak:0.00M | Scene, ViewLayer | Synchronizing object | Front left drilled rotor perforation.063
Fra:1 Mem:319.26M (Peak 319.30M) | Time:00:01.08 | Mem:0.00M, Peak:0.00M | Scene, ViewLayer | Synchronizing object | Front left drilled rotor perforation.064
Fra:1 Mem:319.31M (Peak 319.31M) | Time:00:01.08 | Mem:0.00M, Peak:0.00M | Scene, ViewLayer | Synchronizing object | Front left drilled rotor perforation.065
Fra:1 Mem:319.30M (Peak 319.31M) | Time:00:01.08 | Mem:0.00M, Peak:0.00M | Scene, ViewLayer | Synchronizing object | Front left sidewall lettering.017
Fra:1 Mem:319.32M (Peak 319.32M) | Time:00:01.08 | Mem:0.00M, Peak:0.00M | Scene, ViewLayer | Synchronizing object | Front left drilled rotor perforation.066
Fra:1 Mem:319.33M (Peak 319.33M) | Time:00:01.08 | Mem:0.00M, Peak:0.00M | Scene, ViewLayer | Synchronizing object | Front left drilled rotor perforation.067
Fra:1 Mem:319.48M (Peak 319.48M) | Time:00:01.08 | Mem:0.00M, Peak:0.00M | Scene, ViewLayer | Synchronizing object | Front left drilled rotor perforation.068
Fra:1 Mem:319.50M (Peak 319.50M) | Time:00:01.08 | Mem:0.00M, Peak:0.00M | Scene, ViewLayer | Synchronizing object | Front left drilled rotor perforation.069
Fra:1 Mem:319.51M (Peak 319.51M) | Time:00:01.08 | Mem:0.00M, Peak:0.00M | Scene, ViewLayer | Synchronizing object | Front left drilled rotor perforation.070
Fra:1 Mem:319.53M (Peak 319.53M) | Time:00:01.08 | Mem:0.00M, Peak:0.00M | Scene, ViewLayer | Synchronizing object | Front left drilled rotor perforation.071
Fra:1 Mem:319.58M (Peak 319.58M) | Time:00:01.08 | Mem:0.00M, Peak:0.00M | Scene, ViewLayer | Synchronizing object | Front left sidewall lettering.019
Fra:1 Mem:319.55M (Peak 319.58M) | Time:00:01.08 | Mem:0.00M, Peak:0.00M | Scene, ViewLayer | Synchronizing object | Front left brake disc bell
Fra:1 Mem:319.55M (Peak 319.58M) | Time:00:01.08 | Mem:0.00M, Peak:0.00M | Scene, ViewLayer | Synchronizing object | Front left yellow six-piston caliper
Fra:1 Mem:319.55M (Peak 319.58M) | Time:00:01.08 | Mem:0.00M, Peak:0.00M | Scene, ViewLayer | Synchronizing object | Front left machined split spoke
Fra:1 Mem:319.74M (Peak 319.74M) | Time:00:01.08 | Mem:0.00M, Peak:0.00M | Scene, ViewLayer | Synchronizing object | Front left sidewall lettering.021
Fra:1 Mem:319.65M (Peak 319.74M) | Time:00:01.08 | Mem:0.00M, Peak:0.00M | Scene, ViewLayer | Synchronizing object | Front left black spoke pocket
Fra:1 Mem:319.75M (Peak 319.75M) | Time:00:01.08 | Mem:0.00M, Peak:0.00M | Scene, ViewLayer | Synchronizing object | Front left machined split spoke.001
Fra:1 Mem:319.72M (Peak 319.75M) | Time:00:01.08 | Mem:0.00M, Peak:0.00M | Scene, ViewLayer | Synchronizing object | Front left black spoke pocket.001
Fra:1 Mem:319.72M (Peak 319.75M) | Time:00:01.08 | Mem:0.00M, Peak:0.00M | Scene, ViewLayer | Synchronizing object | Front left machined split spoke.002
Fra:1 Mem:319.82M (Peak 319.82M) | Time:00:01.08 | Mem:0.00M, Peak:0.00M | Scene, ViewLayer | Synchronizing object | Front left black spoke pocket.002
Fra:1 Mem:319.82M (Peak 319.82M) | Time:00:01.08 | Mem:0.00M, Peak:0.00M | Scene, ViewLayer | Synchronizing object | Front left machined split spoke.003
Fra:1 Mem:319.80M (Peak 319.82M) | Time:00:01.08 | Mem:0.00M, Peak:0.00M | Scene, ViewLayer | Synchronizing object | Front left black spoke pocket.003
Fra:1 Mem:319.86M (Peak 319.86M) | Time:00:01.08 | Mem:0.00M, Peak:0.00M | Scene, ViewLayer | Synchronizing object | Front left machined split spoke.004
Fra:1 Mem:319.94M (Peak 319.94M) | Time:00:01.09 | Mem:0.00M, Peak:0.00M | Scene, ViewLayer | Synchronizing object | Front left black spoke pocket.004
Fra:1 Mem:319.89M (Peak 319.94M) | Time:00:01.09 | Mem:0.00M, Peak:0.00M | Scene, ViewLayer | Synchronizing object | Front left machined split spoke.005
Fra:1 Mem:319.94M (Peak 319.94M) | Time:00:01.09 | Mem:0.00M, Peak:0.00M | Scene, ViewLayer | Synchronizing object | Front left black spoke pocket.005
Fra:1 Mem:320.00M (Peak 320.00M) | Time:00:01.09 | Mem:0.00M, Peak:0.00M | Scene, ViewLayer | Synchronizing object | Front right caliper marking
Fra:1 Mem:319.96M (Peak 320.00M) | Time:00:01.09 | Mem:0.00M, Peak:0.00M | Scene, ViewLayer | Synchronizing object | Front left black spoke pocket.006
Fra:1 Mem:320.09M (Peak 320.09M) | Time:00:01.09 | Mem:0.00M, Peak:0.00M | Scene, ViewLayer | Synchronizing object | Front left machined split spoke.007
Fra:1 Mem:320.20M (Peak 320.20M) | Time:00:01.09 | Mem:0.00M, Peak:0.00M | Scene, ViewLayer | Synchronizing object | Front left black spoke pocket.007
Fra:1 Mem:320.18M (Peak 320.20M) | Time:00:01.09 | Mem:0.00M, Peak:0.00M | Scene, ViewLayer | Synchronizing object | Front left black spoke pocket.008
Fra:1 Mem:320.29M (Peak 320.29M) | Time:00:01.09 | Mem:0.00M, Peak:0.00M | Scene, ViewLayer | Synchronizing object | Front left machined split spoke.009
Fra:1 Mem:320.28M (Peak 320.29M) | Time:00:01.09 | Mem:0.00M, Peak:0.00M | Scene, ViewLayer | Synchronizing object | Front left black spoke pocket.009
Fra:1 Mem:320.28M (Peak 320.29M) | Time:00:01.09 | Mem:0.00M, Peak:0.00M | Scene, ViewLayer | Synchronizing object | Front left center hub
Fra:1 Mem:320.41M (Peak 320.41M) | Time:00:01.09 | Mem:0.00M, Peak:0.00M | Scene, ViewLayer | Synchronizing object | Front left center cap ring
Fra:1 Mem:320.38M (Peak 320.41M) | Time:00:01.09 | Mem:0.00M, Peak:0.00M | Scene, ViewLayer | Synchronizing object | Front left titanium lug nut
Fra:1 Mem:320.54M (Peak 320.54M) | Time:00:01.09 | Mem:0.00M, Peak:0.00M | Scene, ViewLayer | Synchronizing object | Front left titanium lug nut.001
Fra:1 Mem:320.56M (Peak 320.56M) | Time:00:01.09 | Mem:0.00M, Peak:0.00M | Scene, ViewLayer | Synchronizing object | Front left titanium lug nut.002
Fra:1 Mem:320.50M (Peak 320.56M) | Time:00:01.09 | Mem:0.00M, Peak:0.00M | Scene, ViewLayer | Synchronizing object | Front left titanium lug nut.003
Fra:1 Mem:320.49M (Peak 320.56M) | Time:00:01.09 | Mem:0.00M, Peak:0.00M | Scene, ViewLayer | Synchronizing object | Front left titanium lug nut.004
Fra:1 Mem:320.49M (Peak 320.56M) | Time:00:01.09 | Mem:0.00M, Peak:0.00M | Scene, ViewLayer | Synchronizing object | Front left tire valve
Fra:1 Mem:320.50M (Peak 320.56M) | Time:00:01.09 | Mem:0.00M, Peak:0.00M | Scene, ViewLayer | Synchronizing object | Front right | tire carcass
Fra:1 Mem:320.58M (Peak 320.58M) | Time:00:01.09 | Mem:0.00M, Peak:0.00M | Scene, ViewLayer | Synchronizing object | Front right tire molded sidewall ring.001
Fra:1 Mem:320.74M (Peak 320.74M) | Time:00:01.09 | Mem:0.00M, Peak:0.00M | Scene, ViewLayer | Synchronizing object | Front right tire molded sidewall ring.002
Fra:1 Mem:320.82M (Peak 320.82M) | Time:00:01.09 | Mem:0.00M, Peak:0.00M | Scene, ViewLayer | Synchronizing object | Front right tire molded sidewall ring
Fra:1 Mem:320.91M (Peak 320.91M) | Time:00:01.09 | Mem:0.00M, Peak:0.00M | Scene, ViewLayer | Synchronizing object | Front right directional tread | 792 blocks
Fra:1 Mem:321.00M (Peak 321.00M) | Time:00:01.09 | Mem:0.00M, Peak:0.00M | Scene, ViewLayer | Synchronizing object | Front right cast rim barrel
Fra:1 Mem:321.32M (Peak 321.32M) | Time:00:01.09 | Mem:0.00M, Peak:0.00M | Scene, ViewLayer | Synchronizing object | Front right diamond-cut outer flange
Fra:1 Mem:321.44M (Peak 321.44M) | Time:00:01.09 | Mem:0.00M, Peak:0.00M | Scene, ViewLayer | Synchronizing object | Front right inner rim accent
Fra:1 Mem:321.75M (Peak 321.75M) | Time:00:01.09 | Mem:0.00M, Peak:0.00M | Scene, ViewLayer | Synchronizing object | Front right brake rotor
Fra:1 Mem:321.73M (Peak 321.75M) | Time:00:01.09 | Mem:0.00M, Peak:0.00M | Scene, ViewLayer | Synchronizing object | Front right rotor outer scoring
Fra:1 Mem:321.91M (Peak 321.91M) | Time:00:01.09 | Mem:0.00M, Peak:0.00M | Scene, ViewLayer | Synchronizing object | Front right drilled rotor perforation
Fra:1 Mem:321.98M (Peak 321.98M) | Time:00:01.09 | Mem:0.00M, Peak:0.00M | Scene, ViewLayer | Synchronizing object | Front right drilled rotor perforation.001
Fra:1 Mem:321.99M (Peak 321.99M) | Time:00:01.09 | Mem:0.00M, Peak:0.00M | Scene, ViewLayer | Synchronizing object | Front right drilled rotor perforation.002
Fra:1 Mem:321.93M (Peak 321.99M) | Time:00:01.09 | Mem:0.00M, Peak:0.00M | Scene, ViewLayer | Synchronizing object | Front right drilled rotor perforation.003
Fra:1 Mem:321.92M (Peak 321.99M) | Time:00:01.09 | Mem:0.00M, Peak:0.00M | Scene, ViewLayer | Synchronizing object | Front right drilled rotor perforation.004
Fra:1 Mem:321.98M (Peak 321.99M) | Time:00:01.09 | Mem:0.00M, Peak:0.00M | Scene, ViewLayer | Synchronizing object | Front right drilled rotor perforation.005
Fra:1 Mem:321.96M (Peak 321.99M) | Time:00:01.09 | Mem:0.00M, Peak:0.00M | Scene, ViewLayer | Synchronizing object | Front right drilled rotor perforation.006
Fra:1 Mem:322.00M (Peak 322.00M) | Time:00:01.09 | Mem:0.00M, Peak:0.00M | Scene, ViewLayer | Synchronizing object | Front right drilled rotor perforation.007
Fra:1 Mem:322.00M (Peak 322.00M) | Time:00:01.09 | Mem:0.00M, Peak:0.00M | Scene, ViewLayer | Synchronizing object | Front right drilled rotor perforation.008
Fra:1 Mem:322.29M (Peak 322.29M) | Time:00:01.09 | Mem:0.00M, Peak:0.00M | Scene, ViewLayer | Synchronizing object | Front right drilled rotor perforation.011
Fra:1 Mem:322.51M (Peak 322.51M) | Time:00:01.09 | Mem:0.00M, Peak:0.00M | Scene, ViewLayer | Synchronizing object | Front right drilled rotor perforation.012
Fra:1 Mem:322.57M (Peak 322.57M) | Time:00:01.09 | Mem:0.00M, Peak:0.00M | Scene, ViewLayer | Synchronizing object | Front right drilled rotor perforation.013
Fra:1 Mem:322.71M (Peak 322.71M) | Time:00:01.09 | Mem:0.00M, Peak:0.00M | Scene, ViewLayer | Synchronizing object | Front right drilled rotor perforation.014
Fra:1 Mem:322.71M (Peak 322.71M) | Time:00:01.09 | Mem:0.00M, Peak:0.00M | Scene, ViewLayer | Synchronizing object | Front right drilled rotor perforation.015
Fra:1 Mem:322.73M (Peak 322.73M) | Time:00:01.09 | Mem:0.00M, Peak:0.00M | Scene, ViewLayer | Synchronizing object | Front right drilled rotor perforation.016
Fra:1 Mem:322.75M (Peak 322.75M) | Time:00:01.09 | Mem:0.00M, Peak:0.00M | Scene, ViewLayer | Synchronizing object | Front right drilled rotor perforation.017
Fra:1 Mem:322.78M (Peak 322.78M) | Time:00:01.09 | Mem:0.00M, Peak:0.00M | Scene, ViewLayer | Synchronizing object | Front right drilled rotor perforation.018
Fra:1 Mem:322.77M (Peak 322.78M) | Time:00:01.09 | Mem:0.00M, Peak:0.00M | Scene, ViewLayer | Synchronizing object | Front right drilled rotor perforation.019
Fra:1 Mem:322.80M (Peak 322.80M) | Time:00:01.09 | Mem:0.00M, Peak:0.00M | Scene, ViewLayer | Synchronizing object | Front right drilled rotor perforation.020
Fra:1 Mem:322.81M (Peak 322.81M) | Time:00:01.09 | Mem:0.00M, Peak:0.00M | Scene, ViewLayer | Synchronizing object | Front right drilled rotor perforation.021
Fra:1 Mem:322.83M (Peak 322.83M) | Time:00:01.09 | Mem:0.00M, Peak:0.00M | Scene, ViewLayer | Synchronizing object | Front right drilled rotor perforation.022
Fra:1 Mem:322.83M (Peak 322.83M) | Time:00:01.09 | Mem:0.00M, Peak:0.00M | Scene, ViewLayer | Synchronizing object | Front right drilled rotor perforation.023
Fra:1 Mem:322.86M (Peak 322.86M) | Time:00:01.09 | Mem:0.00M, Peak:0.00M | Scene, ViewLayer | Synchronizing object | Front right drilled rotor perforation.024
Fra:1 Mem:322.90M (Peak 322.90M) | Time:00:01.09 | Mem:0.00M, Peak:0.00M | Scene, ViewLayer | Synchronizing object | Front right drilled rotor perforation.025
Fra:1 Mem:322.93M (Peak 322.93M) | Time:00:01.09 | Mem:0.00M, Peak:0.00M | Scene, ViewLayer | Synchronizing object | Front right drilled rotor perforation.026
Fra:1 Mem:322.91M (Peak 322.93M) | Time:00:01.09 | Mem:0.00M, Peak:0.00M | Scene, ViewLayer | Synchronizing object | Front right drilled rotor perforation.027
Fra:1 Mem:322.98M (Peak 322.98M) | Time:00:01.09 | Mem:0.00M, Peak:0.00M | Scene, ViewLayer | Synchronizing object | Front right drilled rotor perforation.028
Fra:1 Mem:322.95M (Peak 322.98M) | Time:00:01.09 | Mem:0.00M, Peak:0.00M | Scene, ViewLayer | Synchronizing object | Front right drilled rotor perforation.029
Fra:1 Mem:323.01M (Peak 323.01M) | Time:00:01.09 | Mem:0.00M, Peak:0.00M | Scene, ViewLayer | Synchronizing object | Front right drilled rotor perforation.030
Fra:1 Mem:322.99M (Peak 323.01M) | Time:00:01.09 | Mem:0.00M, Peak:0.00M | Scene, ViewLayer | Synchronizing object | Front right drilled rotor perforation.031
Fra:1 Mem:323.01M (Peak 323.01M) | Time:00:01.09 | Mem:0.00M, Peak:0.00M | Scene, ViewLayer | Synchronizing object | Front right drilled rotor perforation.032
Fra:1 Mem:323.05M (Peak 323.05M) | Time:00:01.09 | Mem:0.00M, Peak:0.00M | Scene, ViewLayer | Synchronizing object | Front right drilled rotor perforation.033
Fra:1 Mem:323.01M (Peak 323.05M) | Time:00:01.09 | Mem:0.00M, Peak:0.00M | Scene, ViewLayer | Synchronizing object | Front right drilled rotor perforation.034
Fra:1 Mem:323.06M (Peak 323.06M) | Time:00:01.09 | Mem:0.00M, Peak:0.00M | Scene, ViewLayer | Synchronizing object | Front right drilled rotor perforation.035
Fra:1 Mem:323.05M (Peak 323.06M) | Time:00:01.09 | Mem:0.00M, Peak:0.00M | Scene, ViewLayer | Synchronizing object | Front right drilled rotor perforation.036
Fra:1 Mem:323.05M (Peak 323.06M) | Time:00:01.09 | Mem:0.00M, Peak:0.00M | Scene, ViewLayer | Synchronizing object | Front right drilled rotor perforation.037
Fra:1 Mem:323.06M (Peak 323.06M) | Time:00:01.09 | Mem:0.00M, Peak:0.00M | Scene, ViewLayer | Synchronizing object | Front right drilled rotor perforation.038
Fra:1 Mem:323.09M (Peak 323.09M) | Time:00:01.09 | Mem:0.00M, Peak:0.00M | Scene, ViewLayer | Synchronizing object | Front right drilled rotor perforation.039
Fra:1 Mem:323.07M (Peak 323.09M) | Time:00:01.10 | Mem:0.00M, Peak:0.00M | Scene, ViewLayer | Synchronizing object | Front right drilled rotor perforation.040
Fra:1 Mem:323.07M (Peak 323.09M) | Time:00:01.10 | Mem:0.00M, Peak:0.00M | Scene, ViewLayer | Synchronizing object | Front right drilled rotor perforation.041
Fra:1 Mem:323.13M (Peak 323.13M) | Time:00:01.10 | Mem:0.00M, Peak:0.00M | Scene, ViewLayer | Synchronizing object | Front right drilled rotor perforation.042
Fra:1 Mem:323.11M (Peak 323.13M) | Time:00:01.10 | Mem:0.00M, Peak:0.00M | Scene, ViewLayer | Synchronizing object | Front right drilled rotor perforation.043
Fra:1 Mem:323.05M (Peak 323.13M) | Time:00:01.10 | Mem:0.00M, Peak:0.00M | Scene, ViewLayer | Synchronizing object | Front right drilled rotor perforation.044
Fra:1 Mem:323.05M (Peak 323.13M) | Time:00:01.10 | Mem:0.00M, Peak:0.00M | Scene, ViewLayer | Synchronizing object | Front right drilled rotor perforation.045
Fra:1 Mem:323.05M (Peak 323.13M) | Time:00:01.10 | Mem:0.00M, Peak:0.00M | Scene, ViewLayer | Synchronizing object | Front right drilled rotor perforation.046
Fra:1 Mem:323.09M (Peak 323.13M) | Time:00:01.10 | Mem:0.00M, Peak:0.00M | Scene, ViewLayer | Synchronizing object | Front right center mi logo
Fra:1 Mem:323.15M (Peak 323.15M) | Time:00:01.10 | Mem:0.00M, Peak:0.00M | Scene, ViewLayer | Synchronizing object | Front right drilled rotor perforation.047
Fra:1 Mem:323.35M (Peak 323.35M) | Time:00:01.10 | Mem:0.00M, Peak:0.00M | Scene, ViewLayer | Synchronizing object | Front right drilled rotor perforation.048
Fra:1 Mem:323.31M (Peak 323.35M) | Time:00:01.10 | Mem:0.00M, Peak:0.00M | Scene, ViewLayer | Synchronizing object | Front right drilled rotor perforation.049
Fra:1 Mem:323.38M (Peak 323.38M) | Time:00:01.10 | Mem:0.00M, Peak:0.00M | Scene, ViewLayer | Synchronizing object | Front right sidewall lettering
Fra:1 Mem:323.43M (Peak 323.43M) | Time:00:01.10 | Mem:0.00M, Peak:0.00M | Scene, ViewLayer | Synchronizing object | Front right drilled rotor perforation.050
Fra:1 Mem:323.37M (Peak 323.43M) | Time:00:01.10 | Mem:0.00M, Peak:0.00M | Scene, ViewLayer | Synchronizing object | Front right drilled rotor perforation.052
Fra:1 Mem:323.41M (Peak 323.43M) | Time:00:01.10 | Mem:0.00M, Peak:0.00M | Scene, ViewLayer | Synchronizing object | Front right sidewall lettering.002
Fra:1 Mem:323.55M (Peak 323.55M) | Time:00:01.10 | Mem:0.00M, Peak:0.00M | Scene, ViewLayer | Synchronizing object | Front right drilled rotor perforation.053
Fra:1 Mem:323.62M (Peak 323.62M) | Time:00:01.10 | Mem:0.00M, Peak:0.00M | Scene, ViewLayer | Synchronizing object | Front right sidewall lettering.003
Fra:1 Mem:323.59M (Peak 323.62M) | Time:00:01.10 | Mem:0.00M, Peak:0.00M | Scene, ViewLayer | Synchronizing object | Front right drilled rotor perforation.054
Fra:1 Mem:323.63M (Peak 323.63M) | Time:00:01.10 | Mem:0.00M, Peak:0.00M | Scene, ViewLayer | Synchronizing object | Front right drilled rotor perforation.055
Fra:1 Mem:323.62M (Peak 323.63M) | Time:00:01.10 | Mem:0.00M, Peak:0.00M | Scene, ViewLayer | Synchronizing object | Front right sidewall lettering.004
Fra:1 Mem:323.68M (Peak 323.68M) | Time:00:01.10 | Mem:0.00M, Peak:0.00M | Scene, ViewLayer | Synchronizing object | Front right drilled rotor perforation.056
Fra:1 Mem:323.63M (Peak 323.68M) | Time:00:01.10 | Mem:0.00M, Peak:0.00M | Scene, ViewLayer | Synchronizing object | Front right drilled rotor perforation.057
Fra:1 Mem:323.68M (Peak 323.68M) | Time:00:01.10 | Mem:0.00M, Peak:0.00M | Scene, ViewLayer | Synchronizing object | Front right drilled rotor perforation.058
Fra:1 Mem:323.69M (Peak 323.69M) | Time:00:01.10 | Mem:0.00M, Peak:0.00M | Scene, ViewLayer | Synchronizing object | Front right drilled rotor perforation.059
Fra:1 Mem:323.72M (Peak 323.72M) | Time:00:01.10 | Mem:0.00M, Peak:0.00M | Scene, ViewLayer | Synchronizing object | Front right drilled rotor perforation.060
Fra:1 Mem:323.77M (Peak 323.77M) | Time:00:01.10 | Mem:0.00M, Peak:0.00M | Scene, ViewLayer | Synchronizing object | Front right sidewall lettering.007
Fra:1 Mem:323.75M (Peak 323.77M) | Time:00:01.10 | Mem:0.00M, Peak:0.00M | Scene, ViewLayer | Synchronizing object | Front right drilled rotor perforation.061
Fra:1 Mem:323.72M (Peak 323.77M) | Time:00:01.10 | Mem:0.00M, Peak:0.00M | Scene, ViewLayer | Synchronizing object | Front right drilled rotor perforation.062
Fra:1 Mem:323.79M (Peak 323.79M) | Time:00:01.10 | Mem:0.00M, Peak:0.00M | Scene, ViewLayer | Synchronizing object | Front right sidewall lettering.008
Fra:1 Mem:323.79M (Peak 323.79M) | Time:00:01.10 | Mem:0.00M, Peak:0.00M | Scene, ViewLayer | Synchronizing object | Front right drilled rotor perforation.063
Fra:1 Mem:323.82M (Peak 323.82M) | Time:00:01.10 | Mem:0.00M, Peak:0.00M | Scene, ViewLayer | Synchronizing object | Front right drilled rotor perforation.064
Fra:1 Mem:323.86M (Peak 323.86M) | Time:00:01.10 | Mem:0.00M, Peak:0.00M | Scene, ViewLayer | Synchronizing object | Front right drilled rotor perforation.065
Fra:1 Mem:323.94M (Peak 323.94M) | Time:00:01.10 | Mem:0.00M, Peak:0.00M | Scene, ViewLayer | Synchronizing object | Front right sidewall lettering.009
Fra:1 Mem:323.92M (Peak 323.94M) | Time:00:01.10 | Mem:0.00M, Peak:0.00M | Scene, ViewLayer | Synchronizing object | Front right drilled rotor perforation.066
Fra:1 Mem:323.92M (Peak 323.94M) | Time:00:01.10 | Mem:0.00M, Peak:0.00M | Scene, ViewLayer | Synchronizing object | Front right drilled rotor perforation.067
Fra:1 Mem:323.92M (Peak 323.94M) | Time:00:01.10 | Mem:0.00M, Peak:0.00M | Scene, ViewLayer | Synchronizing object | Front right drilled rotor perforation.068
Fra:1 Mem:323.96M (Peak 323.96M) | Time:00:01.10 | Mem:0.00M, Peak:0.00M | Scene, ViewLayer | Synchronizing object | Front right sidewall lettering.010
Fra:1 Mem:323.98M (Peak 323.98M) | Time:00:01.10 | Mem:0.00M, Peak:0.00M | Scene, ViewLayer | Synchronizing object | Front right drilled rotor perforation.069
Fra:1 Mem:323.93M (Peak 323.98M) | Time:00:01.10 | Mem:0.00M, Peak:0.00M | Scene, ViewLayer | Synchronizing object | Front right drilled rotor perforation.070
Fra:1 Mem:323.94M (Peak 323.98M) | Time:00:01.10 | Mem:0.00M, Peak:0.00M | Scene, ViewLayer | Synchronizing object | Front right drilled rotor perforation.071
Fra:1 Mem:324.02M (Peak 324.02M) | Time:00:01.10 | Mem:0.00M, Peak:0.00M | Scene, ViewLayer | Synchronizing object | Front right sidewall lettering.011
Fra:1 Mem:324.05M (Peak 324.05M) | Time:00:01.10 | Mem:0.00M, Peak:0.00M | Scene, ViewLayer | Synchronizing object | Front right brake disc bell
Fra:1 Mem:324.09M (Peak 324.09M) | Time:00:01.10 | Mem:0.00M, Peak:0.00M | Scene, ViewLayer | Synchronizing object | Front right yellow six-piston caliper
Fra:1 Mem:324.14M (Peak 324.14M) | Time:00:01.10 | Mem:0.00M, Peak:0.00M | Scene, ViewLayer | Synchronizing object | Front right machined split spoke
Fra:1 Mem:324.30M (Peak 324.30M) | Time:00:01.10 | Mem:0.00M, Peak:0.00M | Scene, ViewLayer | Synchronizing object | Front right sidewall lettering.012
Fra:1 Mem:324.29M (Peak 324.30M) | Time:00:01.10 | Mem:0.00M, Peak:0.00M | Scene, ViewLayer | Synchronizing object | Front right sidewall lettering.013
Fra:1 Mem:324.35M (Peak 324.36M) | Time:00:01.10 | Mem:0.00M, Peak:0.00M | Scene, ViewLayer | Synchronizing object | Front right sidewall lettering.014
Fra:1 Mem:324.29M (Peak 324.36M) | Time:00:01.10 | Mem:0.00M, Peak:0.00M | Scene, ViewLayer | Synchronizing object | Front right machined split spoke.001
Fra:1 Mem:324.36M (Peak 324.36M) | Time:00:01.10 | Mem:0.00M, Peak:0.00M | Scene, ViewLayer | Synchronizing object | Front right black spoke pocket.001
Fra:1 Mem:324.54M (Peak 324.54M) | Time:00:01.10 | Mem:0.00M, Peak:0.00M | Scene, ViewLayer | Synchronizing object | Front right sidewall lettering.015
Fra:1 Mem:324.49M (Peak 324.54M) | Time:00:01.10 | Mem:0.00M, Peak:0.00M | Scene, ViewLayer | Synchronizing object | Front right black spoke pocket.002
Fra:1 Mem:324.53M (Peak 324.54M) | Time:00:01.10 | Mem:0.00M, Peak:0.00M | Scene, ViewLayer | Synchronizing object | Front right machined split spoke.003
Fra:1 Mem:324.62M (Peak 324.62M) | Time:00:01.10 | Mem:0.00M, Peak:0.00M | Scene, ViewLayer | Synchronizing object | Front right sidewall lettering.016
Fra:1 Mem:324.82M (Peak 324.81M) | Time:00:01.10 | Mem:0.00M, Peak:0.00M | Scene, ViewLayer | Synchronizing object | Front right black spoke pocket.003
Fra:1 Mem:324.81M (Peak 324.81M) | Time:00:01.10 | Mem:0.00M, Peak:0.00M | Scene, ViewLayer | Synchronizing object | Front right sidewall lettering.017
Fra:1 Mem:324.86M (Peak 324.86M) | Time:00:01.10 | Mem:0.00M, Peak:0.00M | Scene, ViewLayer | Synchronizing object | Front right machined split spoke.004
Fra:1 Mem:324.92M (Peak 324.93M) | Time:00:01.10 | Mem:0.00M, Peak:0.00M | Scene, ViewLayer | Synchronizing object | Front right black spoke pocket.004
Fra:1 Mem:324.98M (Peak 324.98M) | Time:00:01.10 | Mem:0.00M, Peak:0.00M | Scene, ViewLayer | Synchronizing object | Front right sidewall lettering.018
Fra:1 Mem:325.06M (Peak 325.06M) | Time:00:01.10 | Mem:0.00M, Peak:0.00M | Scene, ViewLayer | Synchronizing object | Front right black spoke pocket.005
Fra:1 Mem:325.07M (Peak 325.07M) | Time:00:01.10 | Mem:0.00M, Peak:0.00M | Scene, ViewLayer | Synchronizing object | Front right sidewall lettering.019
Fra:1 Mem:325.04M (Peak 325.07M) | Time:00:01.10 | Mem:0.00M, Peak:0.00M | Scene, ViewLayer | Synchronizing object | Front right machined split spoke.006
Fra:1 Mem:325.09M (Peak 325.09M) | Time:00:01.10 | Mem:0.00M, Peak:0.00M | Scene, ViewLayer | Synchronizing object | Front right sidewall lettering.020
Fra:1 Mem:325.13M (Peak 325.13M) | Time:00:01.10 | Mem:0.00M, Peak:0.00M | Scene, ViewLayer | Synchronizing object | Front right black spoke pocket.006
Fra:1 Mem:325.06M (Peak 325.13M) | Time:00:01.10 | Mem:0.00M, Peak:0.00M | Scene, ViewLayer | Synchronizing object | Front right machined split spoke.007
Fra:1 Mem:325.16M (Peak 325.16M) | Time:00:01.10 | Mem:0.00M, Peak:0.00M | Scene, ViewLayer | Synchronizing object | Front right sidewall lettering.021
Fra:1 Mem:325.15M (Peak 325.16M) | Time:00:01.10 | Mem:0.00M, Peak:0.00M | Scene, ViewLayer | Synchronizing object | Front right black spoke pocket.007
Fra:1 Mem:325.20M (Peak 325.20M) | Time:00:01.10 | Mem:0.00M, Peak:0.00M | Scene, ViewLayer | Synchronizing object | Front right machined split spoke.008
Fra:1 Mem:325.20M (Peak 325.20M) | Time:00:01.10 | Mem:0.00M, Peak:0.00M | Scene, ViewLayer | Synchronizing object | Front right black spoke pocket.008
Fra:1 Mem:325.24M (Peak 325.24M) | Time:00:01.10 | Mem:0.00M, Peak:0.00M | Scene, ViewLayer | Synchronizing object | Front right machined split spoke.009
Fra:1 Mem:325.30M (Peak 325.30M) | Time:00:01.10 | Mem:0.00M, Peak:0.00M | Scene, ViewLayer | Synchronizing object | Front right black spoke pocket.009
Fra:1 Mem:325.26M (Peak 325.30M) | Time:00:01.10 | Mem:0.00M, Peak:0.00M | Scene, ViewLayer | Synchronizing object | Front right center hub
Fra:1 Mem:325.34M (Peak 325.34M) | Time:00:01.10 | Mem:0.00M, Peak:0.00M | Scene, ViewLayer | Synchronizing object | Front right center cap ring
Fra:1 Mem:325.44M (Peak 325.44M) | Time:00:01.10 | Mem:0.00M, Peak:0.00M | Scene, ViewLayer | Synchronizing object | Front right titanium lug nut
Fra:1 Mem:325.45M (Peak 325.45M) | Time:00:01.10 | Mem:0.00M, Peak:0.00M | Scene, ViewLayer | Synchronizing object | Front right titanium lug nut.001
Fra:1 Mem:325.51M (Peak 325.51M) | Time:00:01.10 | Mem:0.00M, Peak:0.00M | Scene, ViewLayer | Synchronizing object | Front right titanium lug nut.002
Fra:1 Mem:325.45M (Peak 325.51M) | Time:00:01.10 | Mem:0.00M, Peak:0.00M | Scene, ViewLayer | Synchronizing object | Front right titanium lug nut.004
Fra:1 Mem:325.45M (Peak 325.51M) | Time:00:01.10 | Mem:0.00M, Peak:0.00M | Scene, ViewLayer | Synchronizing object | Front right tire valve
Fra:1 Mem:325.52M (Peak 325.52M) | Time:00:01.10 | Mem:0.00M, Peak:0.00M | Scene, ViewLayer | Synchronizing object | Rear left | tire carcass
Fra:1 Mem:325.48M (Peak 325.52M) | Time:00:01.10 | Mem:0.00M, Peak:0.00M | Scene, ViewLayer | Synchronizing object | Rear left tire molded sidewall ring.002
Fra:1 Mem:325.81M (Peak 325.81M) | Time:00:01.10 | Mem:0.00M, Peak:0.00M | Scene, ViewLayer | Synchronizing object | Rear left tire molded sidewall ring
Fra:1 Mem:325.88M (Peak 325.88M) | Time:00:01.10 | Mem:0.00M, Peak:0.00M | Scene, ViewLayer | Synchronizing object | Rear left cast rim barrel
Fra:1 Mem:326.30M (Peak 326.30M) | Time:00:01.10 | Mem:0.00M, Peak:0.00M | Scene, ViewLayer | Synchronizing object | Rear left diamond-cut outer flange
Fra:1 Mem:326.52M (Peak 326.52M) | Time:00:01.10 | Mem:0.00M, Peak:0.00M | Scene, ViewLayer | Synchronizing object | Rear left caliper marking
Fra:1 Mem:326.74M (Peak 326.74M) | Time:00:01.10 | Mem:0.00M, Peak:0.00M | Scene, ViewLayer | Synchronizing object | Rear left inner rim accent
Fra:1 Mem:326.81M (Peak 326.81M) | Time:00:01.10 | Mem:0.00M, Peak:0.00M | Scene, ViewLayer | Synchronizing object | Rear left brake rotor
Fra:1 Mem:327.39M (Peak 327.39M) | Time:00:01.10 | Mem:0.00M, Peak:0.00M | Scene, ViewLayer | Synchronizing object | Rear left rotor outer scoring
Fra:1 Mem:327.51M (Peak 327.51M) | Time:00:01.10 | Mem:0.00M, Peak:0.00M | Scene, ViewLayer | Synchronizing object | Rear left drilled rotor perforation
Fra:1 Mem:327.53M (Peak 327.53M) | Time:00:01.10 | Mem:0.00M, Peak:0.00M | Scene, ViewLayer | Synchronizing object | Rear left drilled rotor perforation.001
Fra:1 Mem:327.59M (Peak 327.59M) | Time:00:01.10 | Mem:0.00M, Peak:0.00M | Scene, ViewLayer | Synchronizing object | Rear left drilled rotor perforation.002
Fra:1 Mem:327.55M (Peak 327.59M) | Time:00:01.10 | Mem:0.00M, Peak:0.00M | Scene, ViewLayer | Synchronizing object | Rear left drilled rotor perforation.003
Fra:1 Mem:327.71M (Peak 327.71M) | Time:00:01.10 | Mem:0.00M, Peak:0.00M | Scene, ViewLayer | Synchronizing object | Rear left drilled rotor perforation.004
Fra:1 Mem:327.71M (Peak 327.71M) | Time:00:01.10 | Mem:0.00M, Peak:0.00M | Scene, ViewLayer | Synchronizing object | Rear left drilled rotor perforation.006
Fra:1 Mem:327.72M (Peak 327.72M) | Time:00:01.10 | Mem:0.00M, Peak:0.00M | Scene, ViewLayer | Synchronizing object | Rear left drilled rotor perforation.007
Fra:1 Mem:327.69M (Peak 327.72M) | Time:00:01.10 | Mem:0.00M, Peak:0.00M | Scene, ViewLayer | Synchronizing object | Rear left drilled rotor perforation.008
Fra:1 Mem:327.67M (Peak 327.72M) | Time:00:01.11 | Mem:0.00M, Peak:0.00M | Scene, ViewLayer | Synchronizing object | Rear left drilled rotor perforation.009
Fra:1 Mem:327.91M (Peak 327.91M) | Time:00:01.11 | Mem:0.00M, Peak:0.00M | Scene, ViewLayer | Synchronizing object | Rear left drilled rotor perforation.010
Fra:1 Mem:327.92M (Peak 327.92M) | Time:00:01.11 | Mem:0.00M, Peak:0.00M | Scene, ViewLayer | Synchronizing object | Rear left drilled rotor perforation.011
Fra:1 Mem:327.98M (Peak 327.98M) | Time:00:01.11 | Mem:0.00M, Peak:0.00M | Scene, ViewLayer | Synchronizing object | Rear left drilled rotor perforation.012
Fra:1 Mem:327.95M (Peak 327.98M) | Time:00:01.11 | Mem:0.00M, Peak:0.00M | Scene, ViewLayer | Synchronizing object | Rear left drilled rotor perforation.013
Fra:1 Mem:327.95M (Peak 327.98M) | Time:00:01.11 | Mem:0.00M, Peak:0.00M | Scene, ViewLayer | Synchronizing object | Rear left drilled rotor perforation.014
Fra:1 Mem:328.02M (Peak 328.02M) | Time:00:01.11 | Mem:0.00M, Peak:0.00M | Scene, ViewLayer | Synchronizing object | Rear left drilled rotor perforation.015
Fra:1 Mem:327.98M (Peak 328.02M) | Time:00:01.11 | Mem:0.00M, Peak:0.00M | Scene, ViewLayer | Synchronizing object | Rear left sidewall lettering
Fra:1 Mem:328.01M (Peak 328.02M) | Time:00:01.11 | Mem:0.00M, Peak:0.00M | Scene, ViewLayer | Synchronizing object | Rear left drilled rotor perforation.017
Fra:1 Mem:328.05M (Peak 328.05M) | Time:00:01.11 | Mem:0.00M, Peak:0.00M | Scene, ViewLayer | Synchronizing object | Rear left sidewall lettering.001
Fra:1 Mem:328.08M (Peak 328.08M) | Time:00:01.11 | Mem:0.00M, Peak:0.00M | Scene, ViewLayer | Synchronizing object | Rear left drilled rotor perforation.018
Fra:1 Mem:328.14M (Peak 328.14M) | Time:00:01.11 | Mem:0.00M, Peak:0.00M | Scene, ViewLayer | Synchronizing object | Rear left sidewall lettering.002
Fra:1 Mem:328.10M (Peak 328.14M) | Time:00:01.11 | Mem:0.00M, Peak:0.00M | Scene, ViewLayer | Synchronizing object | Rear left drilled rotor perforation.019
Fra:1 Mem:328.19M (Peak 328.19M) | Time:00:01.11 | Mem:0.00M, Peak:0.00M | Scene, ViewLayer | Synchronizing object | Rear left drilled rotor perforation.020
Fra:1 Mem:328.25M (Peak 328.25M) | Time:00:01.11 | Mem:0.00M, Peak:0.00M | Scene, ViewLayer | Synchronizing object | Rear left drilled rotor perforation.021
Fra:1 Mem:328.24M (Peak 328.25M) | Time:00:01.11 | Mem:0.00M, Peak:0.00M | Scene, ViewLayer | Synchronizing object | Rear left drilled rotor perforation.022
Fra:1 Mem:328.26M (Peak 328.26M) | Time:00:01.11 | Mem:0.00M, Peak:0.00M | Scene, ViewLayer | Synchronizing object | Rear left drilled rotor perforation.023
Fra:1 Mem:328.30M (Peak 328.30M) | Time:00:01.11 | Mem:0.00M, Peak:0.00M | Scene, ViewLayer | Synchronizing object | Rear left drilled rotor perforation.024
Fra:1 Mem:328.35M (Peak 328.35M) | Time:00:01.11 | Mem:0.00M, Peak:0.00M | Scene, ViewLayer | Synchronizing object | Rear left sidewall lettering.003
Fra:1 Mem:328.30M (Peak 328.35M) | Time:00:01.11 | Mem:0.00M, Peak:0.00M | Scene, ViewLayer | Synchronizing object | Rear left drilled rotor perforation.025
Fra:1 Mem:328.30M (Peak 328.35M) | Time:00:01.11 | Mem:0.00M, Peak:0.00M | Scene, ViewLayer | Synchronizing object | Rear left sidewall lettering.004
Fra:1 Mem:328.36M (Peak 328.36M) | Time:00:01.11 | Mem:0.00M, Peak:0.00M | Scene, ViewLayer | Synchronizing object | Rear left sidewall lettering.005
Fra:1 Mem:328.39M (Peak 328.39M) | Time:00:01.11 | Mem:0.00M, Peak:0.00M | Scene, ViewLayer | Synchronizing object | Rear left drilled rotor perforation.027
Fra:1 Mem:328.41M (Peak 328.41M) | Time:00:01.11 | Mem:0.00M, Peak:0.00M | Scene, ViewLayer | Synchronizing object | Rear left drilled rotor perforation.028
Fra:1 Mem:328.39M (Peak 328.41M) | Time:00:01.11 | Mem:0.00M, Peak:0.00M | Scene, ViewLayer | Synchronizing object | Rear left sidewall lettering.006
Fra:1 Mem:328.44M (Peak 328.44M) | Time:00:01.11 | Mem:0.00M, Peak:0.00M | Scene, ViewLayer | Synchronizing object | Rear left drilled rotor perforation.029
Fra:1 Mem:328.43M (Peak 328.44M) | Time:00:01.11 | Mem:0.00M, Peak:0.00M | Scene, ViewLayer | Synchronizing object | Rear left sidewall lettering.007
Fra:1 Mem:328.44M (Peak 328.44M) | Time:00:01.11 | Mem:0.00M, Peak:0.00M | Scene, ViewLayer | Synchronizing object | Rear left drilled rotor perforation.030
Fra:1 Mem:328.41M (Peak 328.44M) | Time:00:01.11 | Mem:0.00M, Peak:0.00M | Scene, ViewLayer | Synchronizing object | Rear left drilled rotor perforation.031
Fra:1 Mem:328.49M (Peak 328.49M) | Time:00:01.11 | Mem:0.00M, Peak:0.00M | Scene, ViewLayer | Synchronizing object | Rear left sidewall lettering.008
Fra:1 Mem:328.49M (Peak 328.49M) | Time:00:01.11 | Mem:0.00M, Peak:0.00M | Scene, ViewLayer | Synchronizing object | Rear left drilled rotor perforation.032
Fra:1 Mem:328.52M (Peak 328.52M) | Time:00:01.11 | Mem:0.00M, Peak:0.00M | Scene, ViewLayer | Synchronizing object | Rear left drilled rotor perforation.033
Fra:1 Mem:328.53M (Peak 328.53M) | Time:00:01.11 | Mem:0.00M, Peak:0.00M | Scene, ViewLayer | Synchronizing object | Rear left drilled rotor perforation.034
Fra:1 Mem:328.61M (Peak 328.61M) | Time:00:01.11 | Mem:0.00M, Peak:0.00M | Scene, ViewLayer | Synchronizing object | Rear left sidewall lettering.009
Fra:1 Mem:328.59M (Peak 328.61M) | Time:00:01.11 | Mem:0.00M, Peak:0.00M | Scene, ViewLayer | Synchronizing object | Rear left drilled rotor perforation.035
Fra:1 Mem:328.56M (Peak 328.61M) | Time:00:01.11 | Mem:0.00M, Peak:0.00M | Scene, ViewLayer | Synchronizing object | Rear left drilled rotor perforation.036
Fra:1 Mem:328.62M (Peak 328.62M) | Time:00:01.11 | Mem:0.00M, Peak:0.00M | Scene, ViewLayer | Synchronizing object | Rear left sidewall lettering.011
Fra:1 Mem:328.65M (Peak 328.65M) | Time:00:01.11 | Mem:0.00M, Peak:0.00M | Scene, ViewLayer | Synchronizing object | Rear left drilled rotor perforation.037
Fra:1 Mem:328.75M (Peak 328.75M) | Time:00:01.11 | Mem:0.00M, Peak:0.00M | Scene, ViewLayer | Synchronizing object | Rear left drilled rotor perforation.038
Fra:1 Mem:328.80M (Peak 328.80M) | Time:00:01.11 | Mem:0.00M, Peak:0.00M | Scene, ViewLayer | Synchronizing object | Rear left sidewall lettering.012
Fra:1 Mem:328.78M (Peak 328.80M) | Time:00:01.11 | Mem:0.00M, Peak:0.00M | Scene, ViewLayer | Synchronizing object | Rear left drilled rotor perforation.039
Fra:1 Mem:328.82M (Peak 328.82M) | Time:00:01.11 | Mem:0.00M, Peak:0.00M | Scene, ViewLayer | Synchronizing object | Rear left sidewall lettering.013
Fra:1 Mem:328.81M (Peak 328.82M) | Time:00:01.11 | Mem:0.00M, Peak:0.00M | Scene, ViewLayer | Synchronizing object | Rear left sidewall lettering.014
Fra:1 Mem:328.82M (Peak 328.82M) | Time:00:01.11 | Mem:0.00M, Peak:0.00M | Scene, ViewLayer | Synchronizing object | Rear left drilled rotor perforation.040
Fra:1 Mem:328.95M (Peak 328.95M) | Time:00:01.11 | Mem:0.00M, Peak:0.00M | Scene, ViewLayer | Synchronizing object | Rear left drilled rotor perforation.041
Fra:1 Mem:329.03M (Peak 329.03M) | Time:00:01.11 | Mem:0.00M, Peak:0.00M | Scene, ViewLayer | Synchronizing object | Rear left sidewall lettering.015
Fra:1 Mem:329.00M (Peak 329.03M) | Time:00:01.11 | Mem:0.00M, Peak:0.00M | Scene, ViewLayer | Synchronizing object | Rear left drilled rotor perforation.043
Fra:1 Mem:329.12M (Peak 329.12M) | Time:00:01.11 | Mem:0.00M, Peak:0.00M | Scene, ViewLayer | Synchronizing object | Rear left sidewall lettering.016
Fra:1 Mem:329.22M (Peak 329.22M) | Time:00:01.11 | Mem:0.00M, Peak:0.00M | Scene, ViewLayer | Synchronizing object | Rear left drilled rotor perforation.044
Fra:1 Mem:329.22M (Peak 329.22M) | Time:00:01.11 | Mem:0.00M, Peak:0.00M | Scene, ViewLayer | Synchronizing object | Rear left drilled rotor perforation.045
Fra:1 Mem:329.30M (Peak 329.30M) | Time:00:01.11 | Mem:0.00M, Peak:0.00M | Scene, ViewLayer | Synchronizing object | Rear left sidewall lettering.017
Fra:1 Mem:329.29M (Peak 329.30M) | Time:00:01.11 | Mem:0.00M, Peak:0.00M | Scene, ViewLayer | Synchronizing object | Rear left drilled rotor perforation.046
Fra:1 Mem:329.34M (Peak 329.34M) | Time:00:01.11 | Mem:0.00M, Peak:0.00M | Scene, ViewLayer | Synchronizing object | Rear left drilled rotor perforation.047
Fra:1 Mem:329.47M (Peak 329.47M) | Time:00:01.11 | Mem:0.00M, Peak:0.00M | Scene, ViewLayer | Synchronizing object | Rear left sidewall lettering.018
Fra:1 Mem:329.42M (Peak 329.47M) | Time:00:01.11 | Mem:0.00M, Peak:0.00M | Scene, ViewLayer | Synchronizing object | Rear left drilled rotor perforation.049
Fra:1 Mem:329.42M (Peak 329.47M) | Time:00:01.11 | Mem:0.00M, Peak:0.00M | Scene, ViewLayer | Synchronizing object | Rear left drilled rotor perforation.050
Fra:1 Mem:329.44M (Peak 329.47M) | Time:00:01.11 | Mem:0.00M, Peak:0.00M | Scene, ViewLayer | Synchronizing object | Rear left sidewall lettering.019
Fra:1 Mem:329.52M (Peak 329.52M) | Time:00:01.11 | Mem:0.00M, Peak:0.00M | Scene, ViewLayer | Synchronizing object | Rear left sidewall lettering.020
Fra:1 Mem:329.49M (Peak 329.52M) | Time:00:01.11 | Mem:0.00M, Peak:0.00M | Scene, ViewLayer | Synchronizing object | Rear left drilled rotor perforation.051
Fra:1 Mem:329.53M (Peak 329.53M) | Time:00:01.11 | Mem:0.00M, Peak:0.00M | Scene, ViewLayer | Synchronizing object | Rear left drilled rotor perforation.052
Fra:1 Mem:329.54M (Peak 329.54M) | Time:00:01.11 | Mem:0.00M, Peak:0.00M | Scene, ViewLayer | Synchronizing object | Rear left drilled rotor perforation.053
Fra:1 Mem:329.53M (Peak 329.54M) | Time:00:01.11 | Mem:0.00M, Peak:0.00M | Scene, ViewLayer | Synchronizing object | Rear left drilled rotor perforation.054
Fra:1 Mem:329.60M (Peak 329.60M) | Time:00:01.11 | Mem:0.00M, Peak:0.00M | Scene, ViewLayer | Synchronizing object | Rear left drilled rotor perforation.055
Fra:1 Mem:329.60M (Peak 329.60M) | Time:00:01.11 | Mem:0.00M, Peak:0.00M | Scene, ViewLayer | Synchronizing object | Rear left drilled rotor perforation.056
Fra:1 Mem:329.58M (Peak 329.60M) | Time:00:01.11 | Mem:0.00M, Peak:0.00M | Scene, ViewLayer | Synchronizing object | Rear left drilled rotor perforation.057
Fra:1 Mem:329.65M (Peak 329.65M) | Time:00:01.11 | Mem:0.00M, Peak:0.00M | Scene, ViewLayer | Synchronizing object | Rear left drilled rotor perforation.058
Fra:1 Mem:329.61M (Peak 329.65M) | Time:00:01.11 | Mem:0.00M, Peak:0.00M | Scene, ViewLayer | Synchronizing object | Rear left drilled rotor perforation.059
Fra:1 Mem:329.66M (Peak 329.66M) | Time:00:01.11 | Mem:0.00M, Peak:0.00M | Scene, ViewLayer | Synchronizing object | Rear left drilled rotor perforation.060
Fra:1 Mem:329.66M (Peak 329.66M) | Time:00:01.11 | Mem:0.00M, Peak:0.00M | Scene, ViewLayer | Synchronizing object | Rear left drilled rotor perforation.061
Fra:1 Mem:329.64M (Peak 329.66M) | Time:00:01.11 | Mem:0.00M, Peak:0.00M | Scene, ViewLayer | Synchronizing object | Rear left drilled rotor perforation.062
Fra:1 Mem:329.68M (Peak 329.68M) | Time:00:01.11 | Mem:0.00M, Peak:0.00M | Scene, ViewLayer | Synchronizing object | Rear left drilled rotor perforation.063
Fra:1 Mem:329.69M (Peak 329.69M) | Time:00:01.11 | Mem:0.00M, Peak:0.00M | Scene, ViewLayer | Synchronizing object | Rear left drilled rotor perforation.065
Fra:1 Mem:329.71M (Peak 329.71M) | Time:00:01.11 | Mem:0.00M, Peak:0.00M | Scene, ViewLayer | Synchronizing object | Rear right caliper marking
Fra:1 Mem:329.89M (Peak 329.89M) | Time:00:01.11 | Mem:0.00M, Peak:0.00M | Scene, ViewLayer | Synchronizing object | Rear left drilled rotor perforation.066
Fra:1 Mem:329.92M (Peak 329.92M) | Time:00:01.11 | Mem:0.00M, Peak:0.00M | Scene, ViewLayer | Synchronizing object | Rear left drilled rotor perforation.067
Fra:1 Mem:330.19M (Peak 330.19M) | Time:00:01.11 | Mem:0.00M, Peak:0.00M | Scene, ViewLayer | Synchronizing object | Rear left drilled rotor perforation.068
Fra:1 Mem:330.45M (Peak 330.45M) | Time:00:01.11 | Mem:0.00M, Peak:0.00M | Scene, ViewLayer | Synchronizing object | Rear left drilled rotor perforation.069
Fra:1 Mem:330.42M (Peak 330.45M) | Time:00:01.11 | Mem:0.00M, Peak:0.00M | Scene, ViewLayer | Synchronizing object | Rear left drilled rotor perforation.071
Fra:1 Mem:330.50M (Peak 330.50M) | Time:00:01.11 | Mem:0.00M, Peak:0.00M | Scene, ViewLayer | Synchronizing object | Rear left brake disc bell
Fra:1 Mem:330.45M (Peak 330.50M) | Time:00:01.11 | Mem:0.00M, Peak:0.00M | Scene, ViewLayer | Synchronizing object | Rear left yellow six-piston caliper
Fra:1 Mem:330.49M (Peak 330.50M) | Time:00:01.11 | Mem:0.00M, Peak:0.00M | Scene, ViewLayer | Synchronizing object | Rear left machined split spoke
Fra:1 Mem:330.64M (Peak 330.64M) | Time:00:01.11 | Mem:0.00M, Peak:0.00M | Scene, ViewLayer | Synchronizing object | Rear left black spoke pocket
Fra:1 Mem:330.64M (Peak 330.64M) | Time:00:01.11 | Mem:0.00M, Peak:0.00M | Scene, ViewLayer | Synchronizing object | Rear left machined split spoke.001
Fra:1 Mem:330.65M (Peak 330.65M) | Time:00:01.11 | Mem:0.00M, Peak:0.00M | Scene, ViewLayer | Synchronizing object | Rear left black spoke pocket.001
Fra:1 Mem:330.68M (Peak 330.68M) | Time:00:01.11 | Mem:0.00M, Peak:0.00M | Scene, ViewLayer | Synchronizing object | Rear right center mi logo
Fra:1 Mem:330.81M (Peak 330.81M) | Time:00:01.11 | Mem:0.00M, Peak:0.00M | Scene, ViewLayer | Synchronizing object | Rear left machined split spoke.002
Fra:1 Mem:330.94M (Peak 330.94M) | Time:00:01.11 | Mem:0.00M, Peak:0.00M | Scene, ViewLayer | Synchronizing object | Rear left black spoke pocket.002
Fra:1 Mem:331.02M (Peak 331.02M) | Time:00:01.11 | Mem:0.00M, Peak:0.00M | Scene, ViewLayer | Synchronizing object | Rear left machined split spoke.003
Fra:1 Mem:331.03M (Peak 331.03M) | Time:00:01.11 | Mem:0.00M, Peak:0.00M | Scene, ViewLayer | Synchronizing object | Rear left black spoke pocket.003
Fra:1 Mem:331.01M (Peak 331.03M) | Time:00:01.11 | Mem:0.00M, Peak:0.00M | Scene, ViewLayer | Synchronizing object | Rear left machined split spoke.004
Fra:1 Mem:331.02M (Peak 331.03M) | Time:00:01.11 | Mem:0.00M, Peak:0.00M | Scene, ViewLayer | Synchronizing object | Rear left black spoke pocket.004
Fra:1 Mem:331.11M (Peak 331.11M) | Time:00:01.11 | Mem:0.00M, Peak:0.00M | Scene, ViewLayer | Synchronizing object | Rear left machined split spoke.005
Fra:1 Mem:331.08M (Peak 331.11M) | Time:00:01.11 | Mem:0.00M, Peak:0.00M | Scene, ViewLayer | Synchronizing object | Rear left black spoke pocket.005
Fra:1 Mem:331.15M (Peak 331.15M) | Time:00:01.11 | Mem:0.00M, Peak:0.00M | Scene, ViewLayer | Synchronizing object | Rear right sidewall lettering
Fra:1 Mem:331.17M (Peak 331.17M) | Time:00:01.11 | Mem:0.00M, Peak:0.00M | Scene, ViewLayer | Synchronizing object | Rear right sidewall lettering.001
Fra:1 Mem:331.19M (Peak 331.19M) | Time:00:01.11 | Mem:0.00M, Peak:0.00M | Scene, ViewLayer | Synchronizing object | Rear right sidewall lettering.002
Fra:1 Mem:331.19M (Peak 331.19M) | Time:00:01.12 | Mem:0.00M, Peak:0.00M | Scene, ViewLayer | Synchronizing object | Rear left machined split spoke.006
Fra:1 Mem:331.24M (Peak 331.24M) | Time:00:01.12 | Mem:0.00M, Peak:0.00M | Scene, ViewLayer | Synchronizing object | Rear left black spoke pocket.006
Fra:1 Mem:331.41M (Peak 331.41M) | Time:00:01.12 | Mem:0.00M, Peak:0.00M | Scene, ViewLayer | Synchronizing object | Rear right sidewall lettering.003
Fra:1 Mem:331.39M (Peak 331.41M) | Time:00:01.12 | Mem:0.00M, Peak:0.00M | Scene, ViewLayer | Synchronizing object | Rear right sidewall lettering.004
Fra:1 Mem:331.37M (Peak 331.41M) | Time:00:01.12 | Mem:0.00M, Peak:0.00M | Scene, ViewLayer | Synchronizing object | Rear left machined split spoke.007
Fra:1 Mem:331.41M (Peak 331.41M) | Time:00:01.12 | Mem:0.00M, Peak:0.00M | Scene, ViewLayer | Synchronizing object | Rear right sidewall lettering.005
Fra:1 Mem:331.43M (Peak 331.43M) | Time:00:01.12 | Mem:0.00M, Peak:0.00M | Scene, ViewLayer | Synchronizing object | Rear left black spoke pocket.007
Fra:1 Mem:331.43M (Peak 331.43M) | Time:00:01.12 | Mem:0.00M, Peak:0.00M | Scene, ViewLayer | Synchronizing object | Rear right sidewall lettering.006
Fra:1 Mem:331.49M (Peak 331.49M) | Time:00:01.12 | Mem:0.00M, Peak:0.00M | Scene, ViewLayer | Synchronizing object | Rear right sidewall lettering.007
Fra:1 Mem:331.52M (Peak 331.52M) | Time:00:01.12 | Mem:0.00M, Peak:0.00M | Scene, ViewLayer | Synchronizing object | Rear right sidewall lettering.008
Fra:1 Mem:331.45M (Peak 331.52M) | Time:00:01.12 | Mem:0.00M, Peak:0.00M | Scene, ViewLayer | Synchronizing object | Rear left black spoke pocket.008
Fra:1 Mem:331.50M (Peak 331.52M) | Time:00:01.12 | Mem:0.00M, Peak:0.00M | Scene, ViewLayer | Synchronizing object | Rear left machined split spoke.009
Fra:1 Mem:331.69M (Peak 331.69M) | Time:00:01.12 | Mem:0.00M, Peak:0.00M | Scene, ViewLayer | Synchronizing object | Rear right sidewall lettering.009
Fra:1 Mem:331.61M (Peak 331.69M) | Time:00:01.12 | Mem:0.00M, Peak:0.00M | Scene, ViewLayer | Synchronizing object | Rear right sidewall lettering.010
Fra:1 Mem:331.68M (Peak 331.69M) | Time:00:01.12 | Mem:0.00M, Peak:0.00M | Scene, ViewLayer | Synchronizing object | Rear left black spoke pocket.009
Fra:1 Mem:331.64M (Peak 331.69M) | Time:00:01.12 | Mem:0.00M, Peak:0.00M | Scene, ViewLayer | Synchronizing object | Rear left center hub
Fra:1 Mem:331.70M (Peak 331.70M) | Time:00:01.12 | Mem:0.00M, Peak:0.00M | Scene, ViewLayer | Synchronizing object | Rear left center cap ring
Fra:1 Mem:331.70M (Peak 331.70M) | Time:00:01.12 | Mem:0.00M, Peak:0.00M | Scene, ViewLayer | Synchronizing object | Rear right sidewall lettering.011
Fra:1 Mem:331.78M (Peak 331.78M) | Time:00:01.12 | Mem:0.00M, Peak:0.00M | Scene, ViewLayer | Synchronizing object | Rear left titanium lug nut.001
Fra:1 Mem:331.95M (Peak 331.95M) | Time:00:01.12 | Mem:0.00M, Peak:0.00M | Scene, ViewLayer | Synchronizing object | Rear left titanium lug nut.002
Fra:1 Mem:331.97M (Peak 331.97M) | Time:00:01.12 | Mem:0.00M, Peak:0.00M | Scene, ViewLayer | Synchronizing object | Rear left titanium lug nut.003
Fra:1 Mem:331.98M (Peak 331.98M) | Time:00:01.12 | Mem:0.00M, Peak:0.00M | Scene, ViewLayer | Synchronizing object | Rear right sidewall lettering.012
Fra:1 Mem:332.03M (Peak 332.03M) | Time:00:01.12 | Mem:0.00M, Peak:0.00M | Scene, ViewLayer | Synchronizing object | Rear left tire valve
Fra:1 Mem:332.07M (Peak 332.07M) | Time:00:01.12 | Mem:0.00M, Peak:0.00M | Scene, ViewLayer | Synchronizing object | Rear right sidewall lettering.013
Fra:1 Mem:332.09M (Peak 332.09M) | Time:00:01.12 | Mem:0.00M, Peak:0.00M | Scene, ViewLayer | Synchronizing object | Rear right sidewall lettering.014
Fra:1 Mem:332.14M (Peak 332.14M) | Time:00:01.12 | Mem:0.00M, Peak:0.00M | Scene, ViewLayer | Synchronizing object | Rear right | tire carcass
Fra:1 Mem:332.15M (Peak 332.15M) | Time:00:01.12 | Mem:0.00M, Peak:0.00M | Scene, ViewLayer | Synchronizing object | Rear right tire molded sidewall ring.001
Fra:1 Mem:332.27M (Peak 332.27M) | Time:00:01.12 | Mem:0.00M, Peak:0.00M | Scene, ViewLayer | Synchronizing object | Rear right tire molded sidewall ring.002
Fra:1 Mem:332.48M (Peak 332.48M) | Time:00:01.12 | Mem:0.00M, Peak:0.00M | Scene, ViewLayer | Synchronizing object | Rear right tire molded sidewall ring
Fra:1 Mem:332.48M (Peak 332.48M) | Time:00:01.12 | Mem:0.00M, Peak:0.00M | Scene, ViewLayer | Synchronizing object | Rear right sidewall lettering.015
Fra:1 Mem:332.73M (Peak 332.73M) | Time:00:01.12 | Mem:0.00M, Peak:0.00M | Scene, ViewLayer | Synchronizing object | Rear right cast rim barrel
Fra:1 Mem:333.01M (Peak 333.01M) | Time:00:01.12 | Mem:0.00M, Peak:0.00M | Scene, ViewLayer | Synchronizing object | Rear right sidewall lettering.016
Fra:1 Mem:333.01M (Peak 333.01M) | Time:00:01.12 | Mem:0.00M, Peak:0.00M | Scene, ViewLayer | Synchronizing object | Rear right diamond-cut outer flange
Fra:1 Mem:333.48M (Peak 333.48M) | Time:00:01.12 | Mem:0.00M, Peak:0.00M | Scene, ViewLayer | Synchronizing object | Rear right inner rim accent
Fra:1 Mem:333.60M (Peak 333.60M) | Time:00:01.12 | Mem:0.00M, Peak:0.00M | Scene, ViewLayer | Synchronizing object | Rear right brake rotor
Fra:1 Mem:333.63M (Peak 333.63M) | Time:00:01.12 | Mem:0.00M, Peak:0.00M | Scene, ViewLayer | Synchronizing object | Rear right sidewall lettering.017
Fra:1 Mem:333.66M (Peak 333.66M) | Time:00:01.12 | Mem:0.00M, Peak:0.00M | Scene, ViewLayer | Synchronizing object | Rear right rotor outer scoring
Fra:1 Mem:333.93M (Peak 333.93M) | Time:00:01.12 | Mem:0.00M, Peak:0.00M | Scene, ViewLayer | Synchronizing object | Rear right drilled rotor perforation
Fra:1 Mem:333.95M (Peak 333.95M) | Time:00:01.12 | Mem:0.00M, Peak:0.00M | Scene, ViewLayer | Synchronizing object | Rear right drilled rotor perforation.001
Fra:1 Mem:333.89M (Peak 333.95M) | Time:00:01.12 | Mem:0.00M, Peak:0.00M | Scene, ViewLayer | Synchronizing object | Rear right sidewall lettering.018
Fra:1 Mem:333.95M (Peak 333.95M) | Time:00:01.12 | Mem:0.00M, Peak:0.00M | Scene, ViewLayer | Synchronizing object | Rear right drilled rotor perforation.002
Fra:1 Mem:333.96M (Peak 333.96M) | Time:00:01.12 | Mem:0.00M, Peak:0.00M | Scene, ViewLayer | Synchronizing object | Rear right sidewall lettering.019
Fra:1 Mem:333.94M (Peak 333.96M) | Time:00:01.12 | Mem:0.00M, Peak:0.00M | Scene, ViewLayer | Synchronizing object | Rear right drilled rotor perforation.003
Fra:1 Mem:333.99M (Peak 333.99M) | Time:00:01.12 | Mem:0.00M, Peak:0.00M | Scene, ViewLayer | Synchronizing object | Rear right sidewall lettering.020
Fra:1 Mem:334.01M (Peak 334.01M) | Time:00:01.12 | Mem:0.00M, Peak:0.00M | Scene, ViewLayer | Synchronizing object | Rear right drilled rotor perforation.004
Fra:1 Mem:333.98M (Peak 334.01M) | Time:00:01.12 | Mem:0.00M, Peak:0.00M | Scene, ViewLayer | Synchronizing object | Rear right sidewall lettering.021
Fra:1 Mem:333.97M (Peak 334.01M) | Time:00:01.12 | Mem:0.00M, Peak:0.00M | Scene, ViewLayer | Synchronizing object | Rear right drilled rotor perforation.005
Fra:1 Mem:334.03M (Peak 334.03M) | Time:00:01.12 | Mem:0.00M, Peak:0.00M | Scene, ViewLayer | Synchronizing object | Seat piping
Fra:1 Mem:334.04M (Peak 334.04M) | Time:00:01.12 | Mem:0.00M, Peak:0.00M | Scene, ViewLayer | Synchronizing object | Rear right drilled rotor perforation.006
Fra:1 Mem:334.04M (Peak 334.04M) | Time:00:01.12 | Mem:0.00M, Peak:0.00M | Scene, ViewLayer | Synchronizing object | Rear right drilled rotor perforation.007
Fra:1 Mem:334.07M (Peak 334.07M) | Time:00:01.12 | Mem:0.00M, Peak:0.00M | Scene, ViewLayer | Synchronizing object | Rear right drilled rotor perforation.008
Fra:1 Mem:334.11M (Peak 334.11M) | Time:00:01.12 | Mem:0.00M, Peak:0.00M | Scene, ViewLayer | Synchronizing object | Seat piping.002
Fra:1 Mem:334.08M (Peak 334.11M) | Time:00:01.12 | Mem:0.00M, Peak:0.00M | Scene, ViewLayer | Synchronizing object | Rear right drilled rotor perforation.009
Fra:1 Mem:334.07M (Peak 334.11M) | Time:00:01.12 | Mem:0.00M, Peak:0.00M | Scene, ViewLayer | Synchronizing object | Rear right drilled rotor perforation.010
Fra:1 Mem:334.12M (Peak 334.12M) | Time:00:01.12 | Mem:0.00M, Peak:0.00M | Scene, ViewLayer | Synchronizing object | Seat piping.003
Fra:1 Mem:334.13M (Peak 334.13M) | Time:00:01.12 | Mem:0.00M, Peak:0.00M | Scene, ViewLayer | Synchronizing object | Rear right drilled rotor perforation.011
Fra:1 Mem:334.12M (Peak 334.13M) | Time:00:01.12 | Mem:0.00M, Peak:0.00M | Scene, ViewLayer | Synchronizing object | Seat piping.004
Fra:1 Mem:334.12M (Peak 334.13M) | Time:00:01.12 | Mem:0.00M, Peak:0.00M | Scene, ViewLayer | Synchronizing object | Seat piping.005
Fra:1 Mem:334.11M (Peak 334.13M) | Time:00:01.12 | Mem:0.00M, Peak:0.00M | Scene, ViewLayer | Synchronizing object | Rear right drilled rotor perforation.013
Fra:1 Mem:334.15M (Peak 334.15M) | Time:00:01.12 | Mem:0.00M, Peak:0.00M | Scene, ViewLayer | Synchronizing object | Seat piping.006
Fra:1 Mem:334.13M (Peak 334.15M) | Time:00:01.12 | Mem:0.00M, Peak:0.00M | Scene, ViewLayer | Synchronizing object | Rear right drilled rotor perforation.014
Fra:1 Mem:334.13M (Peak 334.15M) | Time:00:01.12 | Mem:0.00M, Peak:0.00M | Scene, ViewLayer | Synchronizing object | Seat piping.007
Fra:1 Mem:334.16M (Peak 334.16M) | Time:00:01.12 | Mem:0.00M, Peak:0.00M | Scene, ViewLayer | Synchronizing object | Rear right drilled rotor perforation.015
Fra:1 Mem:334.17M (Peak 334.17M) | Time:00:01.12 | Mem:0.00M, Peak:0.00M | Scene, ViewLayer | Synchronizing object | Rear right drilled rotor perforation.016
Fra:1 Mem:334.23M (Peak 334.23M) | Time:00:01.12 | Mem:0.00M, Peak:0.00M | Scene, ViewLayer | Synchronizing object | Steering wheel spokes
Fra:1 Mem:334.17M (Peak 334.23M) | Time:00:01.12 | Mem:0.00M, Peak:0.00M | Scene, ViewLayer | Synchronizing object | Rear right drilled rotor perforation.017
Fra:1 Mem:334.21M (Peak 334.23M) | Time:00:01.12 | Mem:0.00M, Peak:0.00M | Scene, ViewLayer | Synchronizing object | Windshield wiper arm
Fra:1 Mem:334.19M (Peak 334.23M) | Time:00:01.12 | Mem:0.00M, Peak:0.00M | Scene, ViewLayer | Synchronizing object | Rear right drilled rotor perforation.019
Fra:1 Mem:334.21M (Peak 334.23M) | Time:00:01.12 | Mem:0.00M, Peak:0.00M | Scene, ViewLayer | Synchronizing object | Wiper rubber blade
Fra:1 Mem:334.25M (Peak 334.25M) | Time:00:01.12 | Mem:0.00M, Peak:0.00M | Scene, ViewLayer | Synchronizing object | Windshield wiper arm.001
Fra:1 Mem:334.27M (Peak 334.27M) | Time:00:01.12 | Mem:0.00M, Peak:0.00M | Scene, ViewLayer | Synchronizing object | Rear right drilled rotor perforation.020
Fra:1 Mem:334.27M (Peak 334.27M) | Time:00:01.12 | Mem:0.00M, Peak:0.00M | Scene, ViewLayer | Synchronizing object | Wiper rubber blade.001
Fra:1 Mem:334.25M (Peak 334.27M) | Time:00:01.12 | Mem:0.00M, Peak:0.00M | Scene, ViewLayer | Synchronizing object | Rear right drilled rotor perforation.021
Fra:1 Mem:334.29M (Peak 334.29M) | Time:00:01.12 | Mem:0.00M, Peak:0.00M | Scene, ViewLayer | Synchronizing object | Seamless curved studio cyclorama
Fra:1 Mem:334.35M (Peak 334.35M) | Time:00:01.12 | Mem:0.00M, Peak:0.00M | Scene, ViewLayer | Synchronizing object | Rear right drilled rotor perforation.022
Fra:1 Mem:334.41M (Peak 334.41M) | Time:00:01.12 | Mem:0.00M, Peak:0.00M | Scene, ViewLayer | Synchronizing object | Infinite studio floor
Fra:1 Mem:334.41M (Peak 334.41M) | Time:00:01.12 | Mem:0.00M, Peak:0.00M | Scene, ViewLayer | Synchronizing object | Flat aerodynamic underfloor
Fra:1 Mem:334.38M (Peak 334.41M) | Time:00:01.12 | Mem:0.00M, Peak:0.00M | Scene, ViewLayer | Synchronizing object | Rear right drilled rotor perforation.023
Fra:1 Mem:334.47M (Peak 334.47M) | Time:00:01.12 | Mem:0.00M, Peak:0.00M | Scene, ViewLayer | Synchronizing object | Rear right drilled rotor perforation.024
Fra:1 Mem:334.44M (Peak 334.47M) | Time:00:01.12 | Mem:0.00M, Peak:0.00M | Scene, ViewLayer | Synchronizing object | Rear right drilled rotor perforation.025
Fra:1 Mem:334.43M (Peak 334.47M) | Time:00:01.12 | Mem:0.00M, Peak:0.00M | Scene, ViewLayer | Synchronizing object | Rear right drilled rotor perforation.026
Fra:1 Mem:334.50M (Peak 334.50M) | Time:00:01.12 | Mem:0.00M, Peak:0.00M | Scene, ViewLayer | Synchronizing object | Roof rear camera blister
Fra:1 Mem:334.53M (Peak 334.53M) | Time:00:01.12 | Mem:0.00M, Peak:0.00M | Scene, ViewLayer | Synchronizing object | Rear right drilled rotor perforation.027
Fra:1 Mem:334.53M (Peak 334.53M) | Time:00:01.12 | Mem:0.00M, Peak:0.00M | Scene, ViewLayer | Synchronizing object | Rear right drilled rotor perforation.028
Fra:1 Mem:334.54M (Peak 334.54M) | Time:00:01.12 | Mem:0.00M, Peak:0.00M | Scene, ViewLayer | Synchronizing object | Rear right drilled rotor perforation.029
Fra:1 Mem:334.65M (Peak 334.66M) | Time:00:01.12 | Mem:0.00M, Peak:0.00M | Scene, ViewLayer | Synchronizing object | Rear right drilled rotor perforation.030
Fra:1 Mem:334.63M (Peak 334.66M) | Time:00:01.12 | Mem:0.00M, Peak:0.00M | Scene, ViewLayer | Synchronizing object | Rear right drilled rotor perforation.031
Fra:1 Mem:334.64M (Peak 334.66M) | Time:00:01.12 | Mem:0.00M, Peak:0.00M | Scene, ViewLayer | Synchronizing object | Rear right drilled rotor perforation.032
Fra:1 Mem:334.78M (Peak 334.78M) | Time:00:01.12 | Mem:0.00M, Peak:0.00M | Scene, ViewLayer | Synchronizing object | Rear right drilled rotor perforation.033
Fra:1 Mem:334.77M (Peak 334.78M) | Time:00:01.12 | Mem:0.00M, Peak:0.00M | Scene, ViewLayer | Synchronizing object | Rear right drilled rotor perforation.034
Fra:1 Mem:334.71M (Peak 334.78M) | Time:00:01.12 | Mem:0.00M, Peak:0.00M | Scene, ViewLayer | Synchronizing object | Rear right drilled rotor perforation.035
Fra:1 Mem:334.81M (Peak 334.81M) | Time:00:01.12 | Mem:0.00M, Peak:0.00M | Scene, ViewLayer | Synchronizing object | Rear right drilled rotor perforation.036
Fra:1 Mem:334.78M (Peak 334.81M) | Time:00:01.12 | Mem:0.00M, Peak:0.00M | Scene, ViewLayer | Synchronizing object | Rear right drilled rotor perforation.037
Fra:1 Mem:334.75M (Peak 334.81M) | Time:00:01.12 | Mem:0.00M, Peak:0.00M | Scene, ViewLayer | Synchronizing object | Cup holder
Fra:1 Mem:334.89M (Peak 334.89M) | Time:00:01.12 | Mem:0.00M, Peak:0.00M | Scene, ViewLayer | Synchronizing object | Rear right drilled rotor perforation.039
Fra:1 Mem:334.88M (Peak 334.89M) | Time:00:01.12 | Mem:0.00M, Peak:0.00M | Scene, ViewLayer | Synchronizing object | Rear right drilled rotor perforation.040
Fra:1 Mem:334.84M (Peak 334.89M) | Time:00:01.12 | Mem:0.00M, Peak:0.00M | Scene, ViewLayer | Synchronizing object | Rear right drilled rotor perforation.041
Fra:1 Mem:334.94M (Peak 334.94M) | Time:00:01.12 | Mem:0.00M, Peak:0.00M | Scene, ViewLayer | Synchronizing object | Rear right drilled rotor perforation.042
Fra:1 Mem:334.89M (Peak 334.94M) | Time:00:01.12 | Mem:0.00M, Peak:0.00M | Scene, ViewLayer | Synchronizing object | Cup holder.001
Fra:1 Mem:334.92M (Peak 334.94M) | Time:00:01.12 | Mem:0.00M, Peak:0.00M | Scene, ViewLayer | Synchronizing object | Rear right drilled rotor perforation.043
Fra:1 Mem:334.90M (Peak 334.94M) | Time:00:01.12 | Mem:0.00M, Peak:0.00M | Scene, ViewLayer | Synchronizing object | Rear right drilled rotor perforation.044
Fra:1 Mem:335.04M (Peak 335.04M) | Time:00:01.12 | Mem:0.00M, Peak:0.00M | Scene, ViewLayer | Synchronizing object | Rear right drilled rotor perforation.045
Fra:1 Mem:334.97M (Peak 335.04M) | Time:00:01.12 | Mem:0.00M, Peak:0.00M | Scene, ViewLayer | Synchronizing object | Rear right drilled rotor perforation.046
Fra:1 Mem:335.06M (Peak 335.06M) | Time:00:01.12 | Mem:0.00M, Peak:0.00M | Scene, ViewLayer | Synchronizing object | Rear right drilled rotor perforation.047
Fra:1 Mem:335.02M (Peak 335.06M) | Time:00:01.12 | Mem:0.00M, Peak:0.00M | Scene, ViewLayer | Synchronizing object | Center tunnel
Fra:1 Mem:335.00M (Peak 335.06M) | Time:00:01.12 | Mem:0.00M, Peak:0.00M | Scene, ViewLayer | Synchronizing object | Rear right drilled rotor perforation.048
Fra:1 Mem:335.03M (Peak 335.06M) | Time:00:01.12 | Mem:0.00M, Peak:0.00M | Scene, ViewLayer | Synchronizing object | Rear right drilled rotor perforation.050
Fra:1 Mem:335.08M (Peak 335.08M) | Time:00:01.12 | Mem:0.00M, Peak:0.00M | Scene, ViewLayer | Synchronizing object | Rear right drilled rotor perforation.051
Fra:1 Mem:335.07M (Peak 335.08M) | Time:00:01.12 | Mem:0.00M, Peak:0.00M | Scene, ViewLayer | Synchronizing object | Rear right drilled rotor perforation.052
Fra:1 Mem:335.11M (Peak 335.11M) | Time:00:01.12 | Mem:0.00M, Peak:0.00M | Scene, ViewLayer | Synchronizing object | Steering center
Fra:1 Mem:335.17M (Peak 335.17M) | Time:00:01.12 | Mem:0.00M, Peak:0.00M | Scene, ViewLayer | Synchronizing object | Rear right drilled rotor perforation.053
Fra:1 Mem:335.14M (Peak 335.17M) | Time:00:01.12 | Mem:0.00M, Peak:0.00M | Scene, ViewLayer | Synchronizing object | Rear right drilled rotor perforation.055
Fra:1 Mem:335.19M (Peak 335.19M) | Time:00:01.12 | Mem:0.00M, Peak:0.00M | Scene, ViewLayer | Synchronizing object | Steering wheel
Fra:1 Mem:335.26M (Peak 335.26M) | Time:00:01.12 | Mem:0.00M, Peak:0.00M | Scene, ViewLayer | Synchronizing object | Rear right drilled rotor perforation.056
Fra:1 Mem:335.24M (Peak 335.26M) | Time:00:01.12 | Mem:0.00M, Peak:0.00M | Scene, ViewLayer | Synchronizing object | Rear right drilled rotor perforation.057
Fra:1 Mem:335.30M (Peak 335.30M) | Time:00:01.12 | Mem:0.00M, Peak:0.00M | Scene, ViewLayer | Synchronizing object | Rear right drilled rotor perforation.058
Fra:1 Mem:335.31M (Peak 335.31M) | Time:00:01.12 | Mem:0.00M, Peak:0.00M | Scene, ViewLayer | Synchronizing object | Screen glass
Fra:1 Mem:335.40M (Peak 335.40M) | Time:00:01.13 | Mem:0.00M, Peak:0.00M | Scene, ViewLayer | Synchronizing object | Rear right drilled rotor perforation.059
Fra:1 Mem:335.32M (Peak 335.40M) | Time:00:01.13 | Mem:0.00M, Peak:0.00M | Scene, ViewLayer | Synchronizing object | Rear right drilled rotor perforation.061
Fra:1 Mem:335.45M (Peak 335.45M) | Time:00:01.13 | Mem:0.00M, Peak:0.00M | Scene, ViewLayer | Synchronizing object | Dashboard center screen
Fra:1 Mem:335.38M (Peak 335.45M) | Time:00:01.13 | Mem:0.00M, Peak:0.00M | Scene, ViewLayer | Synchronizing object | Rear right drilled rotor perforation.062
Fra:1 Mem:335.48M (Peak 335.48M) | Time:00:01.13 | Mem:0.00M, Peak:0.00M | Scene, ViewLayer | Synchronizing object | Rear right drilled rotor perforation.063
Fra:1 Mem:335.48M (Peak 335.48M) | Time:00:01.13 | Mem:0.00M, Peak:0.00M | Scene, ViewLayer | Synchronizing object | Rear right drilled rotor perforation.064
Fra:1 Mem:335.47M (Peak 335.48M) | Time:00:01.13 | Mem:0.00M, Peak:0.00M | Scene, ViewLayer | Synchronizing object | Dashboard
Fra:1 Mem:335.47M (Peak 335.48M) | Time:00:01.13 | Mem:0.00M, Peak:0.00M | Scene, ViewLayer | Synchronizing object | Rear right drilled rotor perforation.065
Fra:1 Mem:335.51M (Peak 335.51M) | Time:00:01.13 | Mem:0.00M, Peak:0.00M | Scene, ViewLayer | Synchronizing object | Rear right drilled rotor perforation.066
Fra:1 Mem:335.55M (Peak 335.55M) | Time:00:01.13 | Mem:0.00M, Peak:0.00M | Scene, ViewLayer | Synchronizing object | Rear right drilled rotor perforation.067
Fra:1 Mem:335.51M (Peak 335.55M) | Time:00:01.13 | Mem:0.00M, Peak:0.00M | Scene, ViewLayer | Synchronizing object | Rear right drilled rotor perforation.068
Fra:1 Mem:335.55M (Peak 335.55M) | Time:00:01.13 | Mem:0.00M, Peak:0.00M | Scene, ViewLayer | Synchronizing object | Rear right drilled rotor perforation.069
Fra:1 Mem:335.55M (Peak 335.55M) | Time:00:01.13 | Mem:0.00M, Peak:0.00M | Scene, ViewLayer | Synchronizing object | Integrated head restraint.003
Fra:1 Mem:335.62M (Peak 335.62M) | Time:00:01.13 | Mem:0.00M, Peak:0.00M | Scene, ViewLayer | Synchronizing object | Rear right drilled rotor perforation.070
Fra:1 Mem:335.64M (Peak 335.64M) | Time:00:01.13 | Mem:0.00M, Peak:0.00M | Scene, ViewLayer | Synchronizing object | Rear right drilled rotor perforation.071
Fra:1 Mem:335.64M (Peak 335.64M) | Time:00:01.13 | Mem:0.00M, Peak:0.00M | Scene, ViewLayer | Synchronizing object | Rear right brake disc bell
Fra:1 Mem:335.63M (Peak 335.64M) | Time:00:01.13 | Mem:0.00M, Peak:0.00M | Scene, ViewLayer | Synchronizing object | Contoured seat back
Fra:1 Mem:335.63M (Peak 335.64M) | Time:00:01.13 | Mem:0.00M, Peak:0.00M | Scene, ViewLayer | Synchronizing object | Rear right yellow six-piston caliper
Fra:1 Mem:335.71M (Peak 335.71M) | Time:00:01.13 | Mem:0.00M, Peak:0.00M | Scene, ViewLayer | Synchronizing object | Rear right machined split spoke
Fra:1 Mem:335.88M (Peak 335.88M) | Time:00:01.13 | Mem:0.00M, Peak:0.00M | Scene, ViewLayer | Synchronizing object | Seat cushion.003
Fra:1 Mem:335.84M (Peak 335.88M) | Time:00:01.13 | Mem:0.00M, Peak:0.00M | Scene, ViewLayer | Synchronizing object | Rear right black spoke pocket
Fra:1 Mem:335.81M (Peak 335.88M) | Time:00:01.13 | Mem:0.00M, Peak:0.00M | Scene, ViewLayer | Synchronizing object | Rear right black spoke pocket.001
Fra:1 Mem:335.90M (Peak 335.90M) | Time:00:01.13 | Mem:0.00M, Peak:0.00M | Scene, ViewLayer | Synchronizing object | Integrated head restraint.002
Fra:1 Mem:335.86M (Peak 335.90M) | Time:00:01.13 | Mem:0.00M, Peak:0.00M | Scene, ViewLayer | Synchronizing object | Rear right machined split spoke.002
Fra:1 Mem:335.98M (Peak 335.98M) | Time:00:01.13 | Mem:0.00M, Peak:0.00M | Scene, ViewLayer | Synchronizing object | Rear right black spoke pocket.002
Fra:1 Mem:335.96M (Peak 335.98M) | Time:00:01.13 | Mem:0.00M, Peak:0.00M | Scene, ViewLayer | Synchronizing object | Rear right machined split spoke.003
Fra:1 Mem:335.97M (Peak 335.98M) | Time:00:01.13 | Mem:0.00M, Peak:0.00M | Scene, ViewLayer | Synchronizing object | Contoured seat back.003
Fra:1 Mem:335.99M (Peak 335.99M) | Time:00:01.13 | Mem:0.00M, Peak:0.00M | Scene, ViewLayer | Synchronizing object | Rear right black spoke pocket.003
Fra:1 Mem:336.01M (Peak 336.01M) | Time:00:01.13 | Mem:0.00M, Peak:0.00M | Scene, ViewLayer | Synchronizing object | Rear right machined split spoke.004
Fra:1 Mem:336.09M (Peak 336.09M) | Time:00:01.13 | Mem:0.00M, Peak:0.00M | Scene, ViewLayer | Synchronizing object | Seat cushion.002
Fra:1 Mem:336.08M (Peak 336.09M) | Time:00:01.13 | Mem:0.00M, Peak:0.00M | Scene, ViewLayer | Synchronizing object | Rear right black spoke pocket.004
Fra:1 Mem:336.14M (Peak 336.14M) | Time:00:01.13 | Mem:0.00M, Peak:0.00M | Scene, ViewLayer | Synchronizing object | Rear right machined split spoke.005
Fra:1 Mem:336.20M (Peak 336.20M) | Time:00:01.13 | Mem:0.00M, Peak:0.00M | Scene, ViewLayer | Synchronizing object | Integrated head restraint.001
Fra:1 Mem:336.25M (Peak 336.25M) | Time:00:01.13 | Mem:0.00M, Peak:0.00M | Scene, ViewLayer | Synchronizing object | Rear right black spoke pocket.005
Fra:1 Mem:336.23M (Peak 336.25M) | Time:00:01.13 | Mem:0.00M, Peak:0.00M | Scene, ViewLayer | Synchronizing object | Rear right machined split spoke.006
Fra:1 Mem:336.26M (Peak 336.26M) | Time:00:01.13 | Mem:0.00M, Peak:0.00M | Scene, ViewLayer | Synchronizing object | Contoured seat back.002
Fra:1 Mem:336.27M (Peak 336.27M) | Time:00:01.13 | Mem:0.00M, Peak:0.00M | Scene, ViewLayer | Synchronizing object | Rear right black spoke pocket.006
Fra:1 Mem:336.34M (Peak 336.34M) | Time:00:01.13 | Mem:0.00M, Peak:0.00M | Scene, ViewLayer | Synchronizing object | Rear right machined split spoke.007
Fra:1 Mem:336.35M (Peak 336.35M) | Time:00:01.13 | Mem:0.00M, Peak:0.00M | Scene, ViewLayer | Synchronizing object | Rear right black spoke pocket.007
Fra:1 Mem:336.39M (Peak 336.39M) | Time:00:01.13 | Mem:0.00M, Peak:0.00M | Scene, ViewLayer | Synchronizing object | Seat cushion.001
Fra:1 Mem:336.33M (Peak 336.39M) | Time:00:01.13 | Mem:0.00M, Peak:0.00M | Scene, ViewLayer | Synchronizing object | Rear right machined split spoke.008
Fra:1 Mem:336.43M (Peak 336.43M) | Time:00:01.13 | Mem:0.00M, Peak:0.00M | Scene, ViewLayer | Synchronizing object | Rear right black spoke pocket.008
Fra:1 Mem:336.46M (Peak 336.46M) | Time:00:01.13 | Mem:0.00M, Peak:0.00M | Scene, ViewLayer | Synchronizing object | Rear right machined split spoke.009
Fra:1 Mem:336.42M (Peak 336.46M) | Time:00:01.13 | Mem:0.00M, Peak:0.00M | Scene, ViewLayer | Synchronizing object | Integrated head restraint
Fra:1 Mem:336.52M (Peak 336.52M) | Time:00:01.13 | Mem:0.00M, Peak:0.00M | Scene, ViewLayer | Synchronizing object | Rear right center hub
Fra:1 Mem:336.57M (Peak 336.57M) | Time:00:01.13 | Mem:0.00M, Peak:0.00M | Scene, ViewLayer | Synchronizing object | Rear right center cap ring
Fra:1 Mem:336.66M (Peak 336.66M) | Time:00:01.13 | Mem:0.00M, Peak:0.00M | Scene, ViewLayer | Synchronizing object | Rear right titanium lug nut
Fra:1 Mem:336.70M (Peak 336.70M) | Time:00:01.13 | Mem:0.00M, Peak:0.00M | Scene, ViewLayer | Synchronizing object | Contoured seat back.001
Fra:1 Mem:336.76M (Peak 336.76M) | Time:00:01.13 | Mem:0.00M, Peak:0.00M | Scene, ViewLayer | Synchronizing object | Rear right titanium lug nut.001
Fra:1 Mem:336.70M (Peak 336.76M) | Time:00:01.13 | Mem:0.00M, Peak:0.00M | Scene, ViewLayer | Synchronizing object | Rear right titanium lug nut.002
Fra:1 Mem:336.72M (Peak 336.76M) | Time:00:01.13 | Mem:0.00M, Peak:0.00M | Scene, ViewLayer | Synchronizing object | Rear right titanium lug nut.003
Fra:1 Mem:336.73M (Peak 336.76M) | Time:00:01.13 | Mem:0.00M, Peak:0.00M | Scene, ViewLayer | Synchronizing object | Seat cushion
Fra:1 Mem:336.73M (Peak 336.76M) | Time:00:01.13 | Mem:0.00M, Peak:0.00M | Scene, ViewLayer | Synchronizing object | Rear right titanium lug nut.004
Fra:1 Mem:336.77M (Peak 336.77M) | Time:00:01.13 | Mem:0.00M, Peak:0.00M | Scene, ViewLayer | Synchronizing object | Rear right tire valve
Fra:1 Mem:336.78M (Peak 336.78M) | Time:00:01.13 | Mem:0.00M, Peak:0.00M | Scene, ViewLayer | Synchronizing object | Dark cabin tub
Fra:1 Mem:336.77M (Peak 336.78M) | Time:00:01.13 | Mem:0.00M, Peak:0.00M | Scene, ViewLayer | Initializing
Fra:1 Mem:252.30M (Peak 336.78M) | Time:00:01.16 | Mem:0.00M, Peak:0.00M | Scene, ViewLayer | Waiting for render to start
Fra:1 Mem:252.30M (Peak 336.78M) | Time:00:01.16 | Mem:0.00M, Peak:0.00M | Scene, ViewLayer | Loading render kernels (may take a few minutes the first time)
Fra:1 Mem:252.30M (Peak 336.78M) | Time:00:01.16 | Mem:0.00M, Peak:0.00M | Scene, ViewLayer | Updating Scene
Fra:1 Mem:252.30M (Peak 336.78M) | Time:00:01.16 | Mem:0.00M, Peak:0.00M | Scene, ViewLayer | Updating Shaders
Fra:1 Mem:252.31M (Peak 336.78M) | Time:00:01.16 | Mem:0.01M, Peak:0.01M | Scene, ViewLayer | Updating Procedurals
Fra:1 Mem:252.31M (Peak 336.78M) | Time:00:01.16 | Mem:0.01M, Peak:0.01M | Scene, ViewLayer | Updating Background
Fra:1 Mem:252.31M (Peak 336.78M) | Time:00:01.16 | Mem:0.01M, Peak:0.01M | Scene, ViewLayer | Updating Camera
Fra:1 Mem:252.31M (Peak 336.78M) | Time:00:01.16 | Mem:0.01M, Peak:0.01M | Scene, ViewLayer | Updating Meshes Flags
Fra:1 Mem:252.31M (Peak 336.78M) | Time:00:01.16 | Mem:0.01M, Peak:0.01M | Scene, ViewLayer | Updating Objects
Fra:1 Mem:252.31M (Peak 336.78M) | Time:00:01.16 | Mem:0.01M, Peak:0.01M | Scene, ViewLayer | Updating Objects | Copying Transformations to device
Fra:1 Mem:252.47M (Peak 336.78M) | Time:00:01.16 | Mem:0.16M, Peak:0.16M | Scene, ViewLayer | Updating Objects | Applying Static Transformations
Fra:1 Mem:252.47M (Peak 336.78M) | Time:00:01.16 | Mem:0.16M, Peak:0.16M | Scene, ViewLayer | Updating Particle Systems
Fra:1 Mem:252.47M (Peak 336.78M) | Time:00:01.16 | Mem:0.16M, Peak:0.16M | Scene, ViewLayer | Updating Particle Systems | Copying Particles to device
Fra:1 Mem:252.47M (Peak 336.78M) | Time:00:01.16 | Mem:0.16M, Peak:0.16M | Scene, ViewLayer | Updating Meshes
Fra:1 Mem:267.05M (Peak 336.78M) | Time:00:01.19 | Mem:0.16M, Peak:0.16M | Scene, ViewLayer | Updating Mesh | Computing attributes
Fra:1 Mem:273.65M (Peak 336.78M) | Time:00:01.19 | Mem:0.21M, Peak:0.21M | Scene, ViewLayer | Updating Mesh | Copying Attributes to device
Fra:1 Mem:273.54M (Peak 336.78M) | Time:00:01.19 | Mem:6.65M, Peak:6.65M | Scene, ViewLayer | Updating Scene BVH | Building
Fra:1 Mem:273.55M (Peak 336.78M) | Time:00:01.19 | Mem:6.65M, Peak:6.65M | Scene, ViewLayer | Updating Scene BVH | Building BVH
Fra:1 Mem:273.55M (Peak 336.78M) | Time:00:01.19 | Mem:35.82M, Peak:35.82M | Scene, ViewLayer | Updating Scene BVH | Building BVH 0%
Fra:1 Mem:273.55M (Peak 336.78M) | Time:00:01.30 | Mem:66.65M, Peak:95.82M | Scene, ViewLayer | Updating Scene BVH | Copying BVH to device
Fra:1 Mem:273.55M (Peak 336.78M) | Time:00:01.30 | Mem:66.65M, Peak:95.82M | Scene, ViewLayer | Updating Mesh | Computing normals
Fra:1 Mem:309.53M (Peak 336.78M) | Time:00:01.32 | Mem:66.65M, Peak:95.82M | Scene, ViewLayer | Updating Mesh | Copying Mesh to device
Fra:1 Mem:309.53M (Peak 336.78M) | Time:00:01.32 | Mem:102.63M, Peak:102.63M | Scene, ViewLayer | Updating Objects Flags
Fra:1 Mem:309.53M (Peak 336.78M) | Time:00:01.32 | Mem:102.64M, Peak:102.64M | Scene, ViewLayer | Updating Primitive Offsets
Fra:1 Mem:309.53M (Peak 336.78M) | Time:00:01.32 | Mem:102.64M, Peak:102.64M | Scene, ViewLayer | Updating Images
Fra:1 Mem:309.53M (Peak 336.78M) | Time:00:01.32 | Mem:102.64M, Peak:102.64M | Scene, ViewLayer | Updating Camera Volume
Fra:1 Mem:309.53M (Peak 336.78M) | Time:00:01.32 | Mem:102.64M, Peak:102.64M | Scene, ViewLayer | Updating Lookup Tables
Fra:1 Mem:309.53M (Peak 336.78M) | Time:00:01.32 | Mem:102.64M, Peak:102.64M | Scene, ViewLayer | Updating Lights
Fra:1 Mem:309.53M (Peak 336.78M) | Time:00:01.32 | Mem:102.64M, Peak:102.64M | Scene, ViewLayer | Updating Lights | Computing distribution
Fra:1 Mem:309.53M (Peak 336.78M) | Time:00:01.32 | Mem:102.64M, Peak:102.64M | Scene, ViewLayer | Updating Lights | Computing tree
Fra:1 Mem:311.18M (Peak 336.78M) | Time:00:01.34 | Mem:104.29M, Peak:104.29M | Scene, ViewLayer | Updating Integrator
Fra:1 Mem:312.18M (Peak 336.78M) | Time:00:01.34 | Mem:105.29M, Peak:105.29M | Scene, ViewLayer | Updating Film
Fra:1 Mem:312.18M (Peak 336.78M) | Time:00:01.34 | Mem:105.29M, Peak:105.29M | Scene, ViewLayer | Updating Lookup Tables
Fra:1 Mem:312.18M (Peak 336.78M) | Time:00:01.34 | Mem:105.29M, Peak:105.29M | Scene, ViewLayer | Updating Baking
Fra:1 Mem:312.18M (Peak 336.78M) | Time:00:01.34 | Mem:105.29M, Peak:105.29M | Scene, ViewLayer | Updating Device | Writing constant memory
Fra:1 Mem:312.20M (Peak 336.78M) | Time:00:01.34 | Mem:105.29M, Peak:105.29M | Scene, ViewLayer | Sample 0/32
Fra:1 Mem:418.76M (Peak 418.76M) | Time:00:04.24 | Remaining:01:29.67 | Mem:211.83M, Peak:211.83M | Scene, ViewLayer | Sample 1/32
Fra:1 Mem:418.76M (Peak 418.76M) | Time:00:26.73 | Remaining:01:04.88 | Mem:211.83M, Peak:211.83M | Scene, ViewLayer | Sample 9/32
Fra:1 Mem:418.76M (Peak 418.76M) | Time:00:49.32 | Remaining:00:47.97 | Mem:211.83M, Peak:211.83M | Scene, ViewLayer | Sample 16/32
Fra:1 Mem:418.76M (Peak 418.76M) | Time:00:58.94 | Remaining:00:19.19 | Mem:211.83M, Peak:211.83M | Scene, ViewLayer | Sample 24/32
Fra:1 Mem:463.62M (Peak 530.91M) | Time:01:13.24 | Mem:211.83M, Peak:211.83M | Scene, ViewLayer | Sample 32/32
Fra:1 Mem:463.62M (Peak 530.91M) | Time:01:13.24 | Mem:211.83M, Peak:211.83M | Scene, ViewLayer | Finished
Saved: 'C:\MyProjects\TempProject (OpenAI)\su7\renders\wheel.png'
 Time: 01:13.47 (Saving: 00:00.20)

PRODUCTION_RENDER_COMPLETE wheel
SU7_DELIVERY_COMPLETE

Blender quit
