TBBmalloc: skip allocation functions replacement in ucrtbase.dll: unknown prologue for function _msize
ERROR (bke.modifier): C:\Users\blender\git\blender-v360\blender.git\source\blender\blenkernel\intern\modifier.cc:460 BKE_modifier_set_error: Object: "Flush door handle recess", Modifier: "Weighted corner normals", Enable 'Auto Smooth' in Object Data Properties
ERROR (bke.modifier): C:\Users\blender\git\blender-v360\blender.git\source\blender\blenkernel\intern\modifier.cc:460 BKE_modifier_set_error: Object: "Flush door handle | Aqua Blue", Modifier: "Weighted corner normals", Enable 'Auto Smooth' in Object Data Properties
ERROR (bke.modifier): C:\Users\blender\git\blender-v360\blender.git\source\blender\blenkernel\intern\modifier.cc:460 BKE_modifier_set_error: Object: "Flush door handle recess.001", Modifier: "Weighted corner normals", Enable 'Auto Smooth' in Object Data Properties
ERROR (bke.modifier): C:\Users\blender\git\blender-v360\blender.git\source\blender\blenkernel\intern\modifier.cc:460 BKE_modifier_set_error: Object: "Flush door handle | Aqua Blue.001", Modifier: "Weighted corner normals", Enable 'Auto Smooth' in Object Data Properties
ERROR (bke.modifier): C:\Users\blender\git\blender-v360\blender.git\source\blender\blenkernel\intern\modifier.cc:460 BKE_modifier_set_error: Object: "Flush door handle recess.002", Modifier: "Weighted corner normals", Enable 'Auto Smooth' in Object Data Properties
ERROR (bke.modifier): C:\Users\blender\git\blender-v360\blender.git\source\blender\blenkernel\intern\modifier.cc:460 BKE_modifier_set_error: Object: "Flush door handle | Aqua Blue.002", Modifier: "Weighted corner normals", Enable 'Auto Smooth' in Object Data Properties
ERROR (bke.modifier): C:\Users\blender\git\blender-v360\blender.git\source\blender\blenkernel\intern\modifier.cc:460 BKE_modifier_set_error: Object: "Flush door handle recess.003", Modifier: "Weighted corner normals", Enable 'Auto Smooth' in Object Data Properties
ERROR (bke.modifier): C:\Users\blender\git\blender-v360\blender.git\source\blender\blenkernel\intern\modifier.cc:460 BKE_modifier_set_error: Object: "Flush door handle | Aqua Blue.003", Modifier: "Weighted corner normals", Enable 'Auto Smooth' in Object Data Properties
ERROR (bke.modifier): C:\Users\blender\git\blender-v360\blender.git\source\blender\blenkernel\intern\modifier.cc:460 BKE_modifier_set_error: Object: "Front license plate bracket", Modifier: "Weighted corner normals", Enable 'Auto Smooth' in Object Data Properties
ERROR (bke.modifier): C:\Users\blender\git\blender-v360\blender.git\source\blender\blenkernel\intern\modifier.cc:460 BKE_modifier_set_error: Object: "Front license plate", Modifier: "Weighted corner normals", Enable 'Auto Smooth' in Object Data Properties
ERROR (bke.modifier): C:\Users\blender\git\blender-v360\blender.git\source\blender\blenkernel\intern\modifier.cc:460 BKE_modifier_set_error: Object: "Ultrasonic parking sensor", Modifier: "Weighted corner normals", Enable 'Auto Smooth' in Object Data Properties
ERROR (bke.modifier): C:\Users\blender\git\blender-v360\blender.git\source\blender\blenkernel\intern\modifier.cc:460 BKE_modifier_set_error: Object: "License plate screw", Modifier: "Weighted corner normals", Enable 'Auto Smooth' in Object Data Properties
ERROR (bke.modifier): C:\Users\blender\git\blender-v360\blender.git\source\blender\blenkernel\intern\modifier.cc:460 BKE_modifier_set_error: Object: "Ultrasonic parking sensor.001", Modifier: "Weighted corner normals", Enable 'Auto Smooth' in Object Data Properties
ERROR (bke.modifier): C:\Users\blender\git\blender-v360\blender.git\source\blender\blenkernel\intern\modifier.cc:460 BKE_modifier_set_error: Object: "License plate screw.001", Modifier: "Weighted corner normals", Enable 'Auto Smooth' in Object Data Properties
ERROR (bke.modifier): C:\Users\blender\git\blender-v360\blender.git\source\blender\blenkernel\intern\modifier.cc:460 BKE_modifier_set_error: Object: "Rear lower reflector", Modifier: "Weighted corner normals", Enable 'Auto Smooth' in Object Data Properties
ERROR (bke.modifier): C:\Users\blender\git\blender-v360\blender.git\source\blender\blenkernel\intern\modifier.cc:460 BKE_modifier_set_error: Object: "Rear lower reflector.001", Modifier: "Weighted corner normals", Enable 'Auto Smooth' in Object Data Properties
ERROR (bke.modifier): C:\Users\blender\git\blender-v360\blender.git\source\blender\blenkernel\intern\modifier.cc:460 BKE_modifier_set_error: Object: "Underfloor diffuser strake", Modifier: "Weighted corner normals", Enable 'Auto Smooth' in Object Data Properties
ERROR (bke.modifier): C:\Users\blender\git\blender-v360\blender.git\source\blender\blenkernel\intern\modifier.cc:460 BKE_modifier_set_error: Object: "Underfloor diffuser strake.001", Modifier: "Weighted corner normals", Enable 'Auto Smooth' in Object Data Properties
ERROR (bke.modifier): C:\Users\blender\git\blender-v360\blender.git\source\blender\blenkernel\intern\modifier.cc:460 BKE_modifier_set_error: Object: "Underfloor diffuser strake.002", Modifier: "Weighted corner normals", Enable 'Auto Smooth' in Object Data Properties
ERROR (bke.modifier): C:\Users\blender\git\blender-v360\blender.git\source\blender\blenkernel\intern\modifier.cc:460 BKE_modifier_set_error: Object: "Underfloor diffuser strake.003", Modifier: "Weighted corner normals", Enable 'Auto Smooth' in Object Data Properties
ERROR (bke.modifier): C:\Users\blender\git\blender-v360\blender.git\source\blender\blenkernel\intern\modifier.cc:460 BKE_modifier_set_error: Object: "Underfloor diffuser strake.004", Modifier: "Weighted corner normals", Enable 'Auto Smooth' in Object Data Properties
ERROR (bke.modifier): C:\Users\blender\git\blender-v360\blender.git\source\blender\blenkernel\intern\modifier.cc:460 BKE_modifier_set_error: Object: "Rear plate bracket", Modifier: "Weighted corner normals", Enable 'Auto Smooth' in Object Data Properties
ERROR (bke.modifier): C:\Users\blender\git\blender-v360\blender.git\source\blender\blenkernel\intern\modifier.cc:460 BKE_modifier_set_error: Object: "Rear license plate", Modifier: "Weighted corner normals", Enable 'Auto Smooth' in Object Data Properties
ERROR (bke.modifier): C:\Users\blender\git\blender-v360\blender.git\source\blender\blenkernel\intern\modifier.cc:460 BKE_modifier_set_error: Object: "Front left brake rotor", Modifier: "Weighted corner normals", Enable 'Auto Smooth' in Object Data Properties
ERROR (bke.modifier): C:\Users\blender\git\blender-v360\blender.git\source\blender\blenkernel\intern\modifier.cc:460 BKE_modifier_set_error: Object: "Front left drilled rotor perforation", Modifier: "Weighted corner normals", Enable 'Auto Smooth' in Object Data Properties
ERROR (bke.modifier): C:\Users\blender\git\blender-v360\blender.git\source\blender\blenkernel\intern\modifier.cc:460 BKE_modifier_set_error: Object: "Front left drilled rotor perforation.001", Modifier: "Weighted corner normals", Enable 'Auto Smooth' in Object Data Properties
ERROR (bke.modifier): C:\Users\blender\git\blender-v360\blender.git\source\blender\blenkernel\intern\modifier.cc:460 BKE_modifier_set_error: Object: "Front left drilled rotor perforation.002", Modifier: "Weighted corner normals", Enable 'Auto Smooth' in Object Data Properties
ERROR (bke.modifier): C:\Users\blender\git\blender-v360\blender.git\source\blender\blenkernel\intern\modifier.cc:460 BKE_modifier_set_error: Object: "Front left drilled rotor perforation.003", Modifier: "Weighted corner normals", Enable 'Auto Smooth' in Object Data Properties
ERROR (bke.modifier): C:\Users\blender\git\blender-v360\blender.git\source\blender\blenkernel\intern\modifier.cc:460 BKE_modifier_set_error: Object: "Front left drilled rotor perforation.004", Modifier: "Weighted corner normals", Enable 'Auto Smooth' in Object Data Properties
ERROR (bke.modifier): C:\Users\blender\git\blender-v360\blender.git\source\blender\blenkernel\intern\modifier.cc:460 BKE_modifier_set_error: Object: "Front left drilled rotor perforation.005", Modifier: "Weighted corner normals", Enable 'Auto Smooth' in Object Data Properties
ERROR (bke.modifier): C:\Users\blender\git\blender-v360\blender.git\source\blender\blenkernel\intern\modifier.cc:460 BKE_modifier_set_error: Object: "Front left drilled rotor perforation.006", Modifier: "Weighted corner normals", Enable 'Auto Smooth' in Object Data Properties
ERROR (bke.modifier): C:\Users\blender\git\blender-v360\blender.git\source\blender\blenkernel\intern\modifier.cc:460 BKE_modifier_set_error: Object: "Front left drilled rotor perforation.007", Modifier: "Weighted corner normals", Enable 'Auto Smooth' in Object Data Properties
ERROR (bke.modifier): C:\Users\blender\git\blender-v360\blender.git\source\blender\blenkernel\intern\modifier.cc:460 BKE_modifier_set_error: Object: "Front left drilled rotor perforation.008", Modifier: "Weighted corner normals", Enable 'Auto Smooth' in Object Data Properties
ERROR (bke.modifier): C:\Users\blender\git\blender-v360\blender.git\source\blender\blenkernel\intern\modifier.cc:460 BKE_modifier_set_error: Object: "Front left drilled rotor perforation.009", Modifier: "Weighted corner normals", Enable 'Auto Smooth' in Object Data Properties
ERROR (bke.modifier): C:\Users\blender\git\blender-v360\blender.git\source\blender\blenkernel\intern\modifier.cc:460 BKE_modifier_set_error: Object: "Front left drilled rotor perforation.010", Modifier: "Weighted corner normals", Enable 'Auto Smooth' in Object Data Properties
ERROR (bke.modifier): C:\Users\blender\git\blender-v360\blender.git\source\blender\blenkernel\intern\modifier.cc:460 BKE_modifier_set_error: Object: "Front left drilled rotor perforation.011", Modifier: "Weighted corner normals", Enable 'Auto Smooth' in Object Data Properties
ERROR (bke.modifier): C:\Users\blender\git\blender-v360\blender.git\source\blender\blenkernel\intern\modifier.cc:460 BKE_modifier_set_error: Object: "Front left drilled rotor perforation.012", Modifier: "Weighted corner normals", Enable 'Auto Smooth' in Object Data Properties
ERROR (bke.modifier): C:\Users\blender\git\blender-v360\blender.git\source\blender\blenkernel\intern\modifier.cc:460 BKE_modifier_set_error: Object: "Front left drilled rotor perforation.013", Modifier: "Weighted corner normals", Enable 'Auto Smooth' in Object Data Properties
ERROR (bke.modifier): C:\Users\blender\git\blender-v360\blender.git\source\blender\blenkernel\intern\modifier.cc:460 BKE_modifier_set_error: Object: "Front left drilled rotor perforation.014", Modifier: "Weighted corner normals", Enable 'Auto Smooth' in Object Data Properties
ERROR (bke.modifier): C:\Users\blender\git\blender-v360\blender.git\source\blender\blenkernel\intern\modifier.cc:460 BKE_modifier_set_error: Object: "Front left drilled rotor perforation.015", Modifier: "Weighted corner normals", Enable 'Auto Smooth' in Object Data Properties
ERROR (bke.modifier): C:\Users\blender\git\blender-v360\blender.git\source\blender\blenkernel\intern\modifier.cc:460 BKE_modifier_set_error: Object: "Front left drilled rotor perforation.016", Modifier: "Weighted corner normals", Enable 'Auto Smooth' in Object Data Properties
ERROR (bke.modifier): C:\Users\blender\git\blender-v360\blender.git\source\blender\blenkernel\intern\modifier.cc:460 BKE_modifier_set_error: Object: "Front left drilled rotor perforation.017", Modifier: "Weighted corner normals", Enable 'Auto Smooth' in Object Data Properties
ERROR (bke.modifier): C:\Users\blender\git\blender-v360\blender.git\source\blender\blenkernel\intern\modifier.cc:460 BKE_modifier_set_error: Object: "Front left drilled rotor perforation.018", Modifier: "Weighted corner normals", Enable 'Auto Smooth' in Object Data Properties
ERROR (bke.modifier): C:\Users\blender\git\blender-v360\blender.git\source\blender\blenkernel\intern\modifier.cc:460 BKE_modifier_set_error: Object: "Front left drilled rotor perforation.019", Modifier: "Weighted corner normals", Enable 'Auto Smooth' in Object Data Properties
ERROR (bke.modifier): C:\Users\blender\git\blender-v360\blender.git\source\blender\blenkernel\intern\modifier.cc:460 BKE_modifier_set_error: Object: "Front left drilled rotor perforation.020", Modifier: "Weighted corner normals", Enable 'Auto Smooth' in Object Data Properties
ERROR (bke.modifier): C:\Users\blender\git\blender-v360\blender.git\source\blender\blenkernel\intern\modifier.cc:460 BKE_modifier_set_error: Object: "Front left drilled rotor perforation.021", Modifier: "Weighted corner normals", Enable 'Auto Smooth' in Object Data Properties
ERROR (bke.modifier): C:\Users\blender\git\blender-v360\blender.git\source\blender\blenkernel\intern\modifier.cc:460 BKE_modifier_set_error: Object: "Front left drilled rotor perforation.022", Modifier: "Weighted corner normals", Enable 'Auto Smooth' in Object Data Properties
ERROR (bke.modifier): C:\Users\blender\git\blender-v360\blender.git\source\blender\blenkernel\intern\modifier.cc:460 BKE_modifier_set_error: Object: "Front left drilled rotor perforation.023", Modifier: "Weighted corner normals", Enable 'Auto Smooth' in Object Data Properties
ERROR (bke.modifier): C:\Users\blender\git\blender-v360\blender.git\source\blender\blenkernel\intern\modifier.cc:460 BKE_modifier_set_error: Object: "Front left drilled rotor perforation.024", Modifier: "Weighted corner normals", Enable 'Auto Smooth' in Object Data Properties
ERROR (bke.modifier): C:\Users\blender\git\blender-v360\blender.git\source\blender\blenkernel\intern\modifier.cc:460 BKE_modifier_set_error: Object: "Front left drilled rotor perforation.025", Modifier: "Weighted corner normals", Enable 'Auto Smooth' in Object Data Properties
ERROR (bke.modifier): C:\Users\blender\git\blender-v360\blender.git\source\blender\blenkernel\intern\modifier.cc:460 BKE_modifier_set_error: Object: "Front left drilled rotor perforation.026", Modifier: "Weighted corner normals", Enable 'Auto Smooth' in Object Data Properties
ERROR (bke.modifier): C:\Users\blender\git\blender-v360\blender.git\source\blender\blenkernel\intern\modifier.cc:460 BKE_modifier_set_error: Object: "Front left drilled rotor perforation.027", Modifier: "Weighted corner normals", Enable 'Auto Smooth' in Object Data Properties
ERROR (bke.modifier): C:\Users\blender\git\blender-v360\blender.git\source\blender\blenkernel\intern\modifier.cc:460 BKE_modifier_set_error: Object: "Front left drilled rotor perforation.028", Modifier: "Weighted corner normals", Enable 'Auto Smooth' in Object Data Properties
ERROR (bke.modifier): C:\Users\blender\git\blender-v360\blender.git\source\blender\blenkernel\intern\modifier.cc:460 BKE_modifier_set_error: Object: "Front left drilled rotor perforation.029", Modifier: "Weighted corner normals", Enable 'Auto Smooth' in Object Data Properties
ERROR (bke.modifier): C:\Users\blender\git\blender-v360\blender.git\source\blender\blenkernel\intern\modifier.cc:460 BKE_modifier_set_error: Object: "Front left drilled rotor perforation.030", Modifier: "Weighted corner normals", Enable 'Auto Smooth' in Object Data Properties
ERROR (bke.modifier): C:\Users\blender\git\blender-v360\blender.git\source\blender\blenkernel\intern\modifier.cc:460 BKE_modifier_set_error: Object: "Front left drilled rotor perforation.031", Modifier: "Weighted corner normals", Enable 'Auto Smooth' in Object Data Properties
ERROR (bke.modifier): C:\Users\blender\git\blender-v360\blender.git\source\blender\blenkernel\intern\modifier.cc:460 BKE_modifier_set_error: Object: "Front left drilled rotor perforation.032", Modifier: "Weighted corner normals", Enable 'Auto Smooth' in Object Data Properties
ERROR (bke.modifier): C:\Users\blender\git\blender-v360\blender.git\source\blender\blenkernel\intern\modifier.cc:460 BKE_modifier_set_error: Object: "Front left drilled rotor perforation.033", Modifier: "Weighted corner normals", Enable 'Auto Smooth' in Object Data Properties
ERROR (bke.modifier): C:\Users\blender\git\blender-v360\blender.git\source\blender\blenkernel\intern\modifier.cc:460 BKE_modifier_set_error: Object: "Front left drilled rotor perforation.034", Modifier: "Weighted corner normals", Enable 'Auto Smooth' in Object Data Properties
ERROR (bke.modifier): C:\Users\blender\git\blender-v360\blender.git\source\blender\blenkernel\intern\modifier.cc:460 BKE_modifier_set_error: Object: "Front left drilled rotor perforation.035", Modifier: "Weighted corner normals", Enable 'Auto Smooth' in Object Data Properties
ERROR (bke.modifier): C:\Users\blender\git\blender-v360\blender.git\source\blender\blenkernel\intern\modifier.cc:460 BKE_modifier_set_error: Object: "Front left drilled rotor perforation.036", Modifier: "Weighted corner normals", Enable 'Auto Smooth' in Object Data Properties
ERROR (bke.modifier): C:\Users\blender\git\blender-v360\blender.git\source\blender\blenkernel\intern\modifier.cc:460 BKE_modifier_set_error: Object: "Front left drilled rotor perforation.037", Modifier: "Weighted corner normals", Enable 'Auto Smooth' in Object Data Properties
ERROR (bke.modifier): C:\Users\blender\git\blender-v360\blender.git\source\blender\blenkernel\intern\modifier.cc:460 BKE_modifier_set_error: Object: "Front left drilled rotor perforation.038", Modifier: "Weighted corner normals", Enable 'Auto Smooth' in Object Data Properties
ERROR (bke.modifier): C:\Users\blender\git\blender-v360\blender.git\source\blender\blenkernel\intern\modifier.cc:460 BKE_modifier_set_error: Object: "Front left drilled rotor perforation.039", Modifier: "Weighted corner normals", Enable 'Auto Smooth' in Object Data Properties
ERROR (bke.modifier): C:\Users\blender\git\blender-v360\blender.git\source\blender\blenkernel\intern\modifier.cc:460 BKE_modifier_set_error: Object: "Front left drilled rotor perforation.040", Modifier: "Weighted corner normals", Enable 'Auto Smooth' in Object Data Properties
ERROR (bke.modifier): C:\Users\blender\git\blender-v360\blender.git\source\blender\blenkernel\intern\modifier.cc:460 BKE_modifier_set_error: Object: "Front left drilled rotor perforation.041", Modifier: "Weighted corner normals", Enable 'Auto Smooth' in Object Data Properties
ERROR (bke.modifier): C:\Users\blender\git\blender-v360\blender.git\source\blender\blenkernel\intern\modifier.cc:460 BKE_modifier_set_error: Object: "Front left drilled rotor perforation.042", Modifier: "Weighted corner normals", Enable 'Auto Smooth' in Object Data Properties
ERROR (bke.modifier): C:\Users\blender\git\blender-v360\blender.git\source\blender\blenkernel\intern\modifier.cc:460 BKE_modifier_set_error: Object: "Front left drilled rotor perforation.043", Modifier: "Weighted corner normals", Enable 'Auto Smooth' in Object Data Properties
ERROR (bke.modifier): C:\Users\blender\git\blender-v360\blender.git\source\blender\blenkernel\intern\modifier.cc:460 BKE_modifier_set_error: Object: "Front left drilled rotor perforation.044", Modifier: "Weighted corner normals", Enable 'Auto Smooth' in Object Data Properties
ERROR (bke.modifier): C:\Users\blender\git\blender-v360\blender.git\source\blender\blenkernel\intern\modifier.cc:460 BKE_modifier_set_error: Object: "Front left drilled rotor perforation.045", Modifier: "Weighted corner normals", Enable 'Auto Smooth' in Object Data Properties
ERROR (bke.modifier): C:\Users\blender\git\blender-v360\blender.git\source\blender\blenkernel\intern\modifier.cc:460 BKE_modifier_set_error: Object: "Front left drilled rotor perforation.046", Modifier: "Weighted corner normals", Enable 'Auto Smooth' in Object Data Properties
ERROR (bke.modifier): C:\Users\blender\git\blender-v360\blender.git\source\blender\blenkernel\intern\modifier.cc:460 BKE_modifier_set_error: Object: "Front left drilled rotor perforation.047", Modifier: "Weighted corner normals", Enable 'Auto Smooth' in Object Data Properties
ERROR (bke.modifier): C:\Users\blender\git\blender-v360\blender.git\source\blender\blenkernel\intern\modifier.cc:460 BKE_modifier_set_error: Object: "Front left drilled rotor perforation.048", Modifier: "Weighted corner normals", Enable 'Auto Smooth' in Object Data Properties
ERROR (bke.modifier): C:\Users\blender\git\blender-v360\blender.git\source\blender\blenkernel\intern\modifier.cc:460 BKE_modifier_set_error: Object: "Front left drilled rotor perforation.049", Modifier: "Weighted corner normals", Enable 'Auto Smooth' in Object Data Properties
ERROR (bke.modifier): C:\Users\blender\git\blender-v360\blender.git\source\blender\blenkernel\intern\modifier.cc:460 BKE_modifier_set_error: Object: "Front left drilled rotor perforation.050", Modifier: "Weighted corner normals", Enable 'Auto Smooth' in Object Data Properties
ERROR (bke.modifier): C:\Users\blender\git\blender-v360\blender.git\source\blender\blenkernel\intern\modifier.cc:460 BKE_modifier_set_error: Object: "Front left drilled rotor perforation.051", Modifier: "Weighted corner normals", Enable 'Auto Smooth' in Object Data Properties
ERROR (bke.modifier): C:\Users\blender\git\blender-v360\blender.git\source\blender\blenkernel\intern\modifier.cc:460 BKE_modifier_set_error: Object: "Front left drilled rotor perforation.052", Modifier: "Weighted corner normals", Enable 'Auto Smooth' in Object Data Properties
ERROR (bke.modifier): C:\Users\blender\git\blender-v360\blender.git\source\blender\blenkernel\intern\modifier.cc:460 BKE_modifier_set_error: Object: "Front left drilled rotor perforation.053", Modifier: "Weighted corner normals", Enable 'Auto Smooth' in Object Data Properties
ERROR (bke.modifier): C:\Users\blender\git\blender-v360\blender.git\source\blender\blenkernel\intern\modifier.cc:460 BKE_modifier_set_error: Object: "Front left drilled rotor perforation.054", Modifier: "Weighted corner normals", Enable 'Auto Smooth' in Object Data Properties
ERROR (bke.modifier): C:\Users\blender\git\blender-v360\blender.git\source\blender\blenkernel\intern\modifier.cc:460 BKE_modifier_set_error: Object: "Front left drilled rotor perforation.055", Modifier: "Weighted corner normals", Enable 'Auto Smooth' in Object Data Properties
ERROR (bke.modifier): C:\Users\blender\git\blender-v360\blender.git\source\blender\blenkernel\intern\modifier.cc:460 BKE_modifier_set_error: Object: "Front left drilled rotor perforation.056", Modifier: "Weighted corner normals", Enable 'Auto Smooth' in Object Data Properties
ERROR (bke.modifier): C:\Users\blender\git\blender-v360\blender.git\source\blender\blenkernel\intern\modifier.cc:460 BKE_modifier_set_error: Object: "Front left drilled rotor perforation.057", Modifier: "Weighted corner normals", Enable 'Auto Smooth' in Object Data Properties
ERROR (bke.modifier): C:\Users\blender\git\blender-v360\blender.git\source\blender\blenkernel\intern\modifier.cc:460 BKE_modifier_set_error: Object: "Front left drilled rotor perforation.058", Modifier: "Weighted corner normals", Enable 'Auto Smooth' in Object Data Properties
ERROR (bke.modifier): C:\Users\blender\git\blender-v360\blender.git\source\blender\blenkernel\intern\modifier.cc:460 BKE_modifier_set_error: Object: "Front left drilled rotor perforation.059", Modifier: "Weighted corner normals", Enable 'Auto Smooth' in Object Data Properties
ERROR (bke.modifier): C:\Users\blender\git\blender-v360\blender.git\source\blender\blenkernel\intern\modifier.cc:460 BKE_modifier_set_error: Object: "Front left drilled rotor perforation.060", Modifier: "Weighted corner normals", Enable 'Auto Smooth' in Object Data Properties
ERROR (bke.modifier): C:\Users\blender\git\blender-v360\blender.git\source\blender\blenkernel\intern\modifier.cc:460 BKE_modifier_set_error: Object: "Front left drilled rotor perforation.061", Modifier: "Weighted corner normals", Enable 'Auto Smooth' in Object Data Properties
ERROR (bke.modifier): C:\Users\blender\git\blender-v360\blender.git\source\blender\blenkernel\intern\modifier.cc:460 BKE_modifier_set_error: Object: "Front left drilled rotor perforation.062", Modifier: "Weighted corner normals", Enable 'Auto Smooth' in Object Data Properties
ERROR (bke.modifier): C:\Users\blender\git\blender-v360\blender.git\source\blender\blenkernel\intern\modifier.cc:460 BKE_modifier_set_error: Object: "Front left drilled rotor perforation.063", Modifier: "Weighted corner normals", Enable 'Auto Smooth' in Object Data Properties
ERROR (bke.modifier): C:\Users\blender\git\blender-v360\blender.git\source\blender\blenkernel\intern\modifier.cc:460 BKE_modifier_set_error: Object: "Front left drilled rotor perforation.064", Modifier: "Weighted corner normals", Enable 'Auto Smooth' in Object Data Properties
ERROR (bke.modifier): C:\Users\blender\git\blender-v360\blender.git\source\blender\blenkernel\intern\modifier.cc:460 BKE_modifier_set_error: Object: "Front left drilled rotor perforation.065", Modifier: "Weighted corner normals", Enable 'Auto Smooth' in Object Data Properties
ERROR (bke.modifier): C:\Users\blender\git\blender-v360\blender.git\source\blender\blenkernel\intern\modifier.cc:460 BKE_modifier_set_error: Object: "Front left drilled rotor perforation.066", Modifier: "Weighted corner normals", Enable 'Auto Smooth' in Object Data Properties
ERROR (bke.modifier): C:\Users\blender\git\blender-v360\blender.git\source\blender\blenkernel\intern\modifier.cc:460 BKE_modifier_set_error: Object: "Front left drilled rotor perforation.067", Modifier: "Weighted corner normals", Enable 'Auto Smooth' in Object Data Properties
ERROR (bke.modifier): C:\Users\blender\git\blender-v360\blender.git\source\blender\blenkernel\intern\modifier.cc:460 BKE_modifier_set_error: Object: "Front left drilled rotor perforation.068", Modifier: "Weighted corner normals", Enable 'Auto Smooth' in Object Data Properties
ERROR (bke.modifier): C:\Users\blender\git\blender-v360\blender.git\source\blender\blenkernel\intern\modifier.cc:460 BKE_modifier_set_error: Object: "Front left drilled rotor perforation.069", Modifier: "Weighted corner normals", Enable 'Auto Smooth' in Object Data Properties
ERROR (bke.modifier): C:\Users\blender\git\blender-v360\blender.git\source\blender\blenkernel\intern\modifier.cc:460 BKE_modifier_set_error: Object: "Front left drilled rotor perforation.070", Modifier: "Weighted corner normals", Enable 'Auto Smooth' in Object Data Properties
ERROR (bke.modifier): C:\Users\blender\git\blender-v360\blender.git\source\blender\blenkernel\intern\modifier.cc:460 BKE_modifier_set_error: Object: "Front left drilled rotor perforation.071", Modifier: "Weighted corner normals", Enable 'Auto Smooth' in Object Data Properties
ERROR (bke.modifier): C:\Users\blender\git\blender-v360\blender.git\source\blender\blenkernel\intern\modifier.cc:460 BKE_modifier_set_error: Object: "Front left brake disc bell", Modifier: "Weighted corner normals", Enable 'Auto Smooth' in Object Data Properties
ERROR (bke.modifier): C:\Users\blender\git\blender-v360\blender.git\source\blender\blenkernel\intern\modifier.cc:460 BKE_modifier_set_error: Object: "Front left black spoke pocket.009", Modifier: "Weighted corner normals", Enable 'Auto Smooth' in Object Data Properties
ERROR (bke.modifier): C:\Users\blender\git\blender-v360\blender.git\source\blender\blenkernel\intern\modifier.cc:460 BKE_modifier_set_error: Object: "Front left machined split spoke.009", Modifier: "Weighted corner normals", Enable 'Auto Smooth' in Object Data Properties
ERROR (bke.modifier): C:\Users\blender\git\blender-v360\blender.git\source\blender\blenkernel\intern\modifier.cc:460 BKE_modifier_set_error: Object: "Front left yellow six-piston caliper", Modifier: "Weighted corner normals", Enable 'Auto Smooth' in Object Data Properties
ERROR (bke.modifier): C:\Users\blender\git\blender-v360\blender.git\source\blender\blenkernel\intern\modifier.cc:460 BKE_modifier_set_error: Object: "Front left machined split spoke", Modifier: "Weighted corner normals", Enable 'Auto Smooth' in Object Data Properties
ERROR (bke.modifier): C:\Users\blender\git\blender-v360\blender.git\source\blender\blenkernel\intern\modifier.cc:460 BKE_modifier_set_error: Object: "Front left black spoke pocket", Modifier: "Weighted corner normals", Enable 'Auto Smooth' in Object Data Properties
ERROR (bke.modifier): C:\Users\blender\git\blender-v360\blender.git\source\blender\blenkernel\intern\modifier.cc:460 BKE_modifier_set_error: Object: "Front left machined split spoke.001", Modifier: "Weighted corner normals", Enable 'Auto Smooth' in Object Data Properties
ERROR (bke.modifier): C:\Users\blender\git\blender-v360\blender.git\source\blender\blenkernel\intern\modifier.cc:460 BKE_modifier_set_error: Object: "Front left black spoke pocket.008", Modifier: "Weighted corner normals", Enable 'Auto Smooth' in Object Data Properties
ERROR (bke.modifier): C:\Users\blender\git\blender-v360\blender.git\source\blender\blenkernel\intern\modifier.cc:460 BKE_modifier_set_error: Object: "Front left black spoke pocket.001", Modifier: "Weighted corner normals", Enable 'Auto Smooth' in Object Data Properties
ERROR (bke.modifier): C:\Users\blender\git\blender-v360\blender.git\source\blender\blenkernel\intern\modifier.cc:460 BKE_modifier_set_error: Object: "Front left machined split spoke.008", Modifier: "Weighted corner normals", Enable 'Auto Smooth' in Object Data Properties
ERROR (bke.modifier): C:\Users\blender\git\blender-v360\blender.git\source\blender\blenkernel\intern\modifier.cc:460 BKE_modifier_set_error: Object: "Front left machined split spoke.002", Modifier: "Weighted corner normals", Enable 'Auto Smooth' in Object Data Properties
ERROR (bke.modifier): C:\Users\blender\git\blender-v360\blender.git\source\blender\blenkernel\intern\modifier.cc:460 BKE_modifier_set_error: Object: "Front left black spoke pocket.002", Modifier: "Weighted corner normals", Enable 'Auto Smooth' in Object Data Properties
ERROR (bke.modifier): C:\Users\blender\git\blender-v360\blender.git\source\blender\blenkernel\intern\modifier.cc:460 BKE_modifier_set_error: Object: "Front left black spoke pocket.007", Modifier: "Weighted corner normals", Enable 'Auto Smooth' in Object Data Properties
ERROR (bke.modifier): C:\Users\blender\git\blender-v360\blender.git\source\blender\blenkernel\intern\modifier.cc:460 BKE_modifier_set_error: Object: "Front left black spoke pocket.003", Modifier: "Weighted corner normals", Enable 'Auto Smooth' in Object Data Properties
ERROR (bke.modifier): C:\Users\blender\git\blender-v360\blender.git\source\blender\blenkernel\intern\modifier.cc:460 BKE_modifier_set_error: Object: "Front left machined split spoke.003", Modifier: "Weighted corner normals", Enable 'Auto Smooth' in Object Data Properties
ERROR (bke.modifier): C:\Users\blender\git\blender-v360\blender.git\source\blender\blenkernel\intern\modifier.cc:460 BKE_modifier_set_error: Object: "Front left machined split spoke.007", Modifier: "Weighted corner normals", Enable 'Auto Smooth' in Object Data Properties
ERROR (bke.modifier): C:\Users\blender\git\blender-v360\blender.git\source\blender\blenkernel\intern\modifier.cc:460 BKE_modifier_set_error: Object: "Front left machined split spoke.004", Modifier: "Weighted corner normals", Enable 'Auto Smooth' in Object Data Properties
ERROR (bke.modifier): C:\Users\blender\git\blender-v360\blender.git\source\blender\blenkernel\intern\modifier.cc:460 BKE_modifier_set_error: Object: "Front left black spoke pocket.004", Modifier: "Weighted corner normals", Enable 'Auto Smooth' in Object Data Properties
ERROR (bke.modifier): C:\Users\blender\git\blender-v360\blender.git\source\blender\blenkernel\intern\modifier.cc:460 BKE_modifier_set_error: Object: "Front left black spoke pocket.006", Modifier: "Weighted corner normals", Enable 'Auto Smooth' in Object Data Properties
ERROR (bke.modifier): C:\Users\blender\git\blender-v360\blender.git\source\blender\blenkernel\intern\modifier.cc:460 BKE_modifier_set_error: Object: "Front left machined split spoke.005", Modifier: "Weighted corner normals", Enable 'Auto Smooth' in Object Data Properties
ERROR (bke.modifier): C:\Users\blender\git\blender-v360\blender.git\source\blender\blenkernel\intern\modifier.cc:460 BKE_modifier_set_error: Object: "Front left black spoke pocket.005", Modifier: "Weighted corner normals", Enable 'Auto Smooth' in Object Data Properties
ERROR (bke.modifier): C:\Users\blender\git\blender-v360\blender.git\source\blender\blenkernel\intern\modifier.cc:460 BKE_modifier_set_error: Object: "Front left machined split spoke.006", Modifier: "Weighted corner normals", Enable 'Auto Smooth' in Object Data Properties
ERROR (bke.modifier): C:\Users\blender\git\blender-v360\blender.git\source\blender\blenkernel\intern\modifier.cc:460 BKE_modifier_set_error: Object: "Front left center hub", Modifier: "Weighted corner normals", Enable 'Auto Smooth' in Object Data Properties
ERROR (bke.modifier): C:\Users\blender\git\blender-v360\blender.git\source\blender\blenkernel\intern\modifier.cc:460 BKE_modifier_set_error: Object: "Front left titanium lug nut", Modifier: "Weighted corner normals", Enable 'Auto Smooth' in Object Data Properties
ERROR (bke.modifier): C:\Users\blender\git\blender-v360\blender.git\source\blender\blenkernel\intern\modifier.cc:460 BKE_modifier_set_error: Object: "Front left titanium lug nut.001", Modifier: "Weighted corner normals", Enable 'Auto Smooth' in Object Data Properties
ERROR (bke.modifier): C:\Users\blender\git\blender-v360\blender.git\source\blender\blenkernel\intern\modifier.cc:460 BKE_modifier_set_error: Object: "Front left titanium lug nut.002", Modifier: "Weighted corner normals", Enable 'Auto Smooth' in Object Data Properties
ERROR (bke.modifier): C:\Users\blender\git\blender-v360\blender.git\source\blender\blenkernel\intern\modifier.cc:460 BKE_modifier_set_error: Object: "Front left titanium lug nut.003", Modifier: "Weighted corner normals", Enable 'Auto Smooth' in Object Data Properties
ERROR (bke.modifier): C:\Users\blender\git\blender-v360\blender.git\source\blender\blenkernel\intern\modifier.cc:460 BKE_modifier_set_error: Object: "Front left titanium lug nut.004", Modifier: "Weighted corner normals", Enable 'Auto Smooth' in Object Data Properties
ERROR (bke.modifier): C:\Users\blender\git\blender-v360\blender.git\source\blender\blenkernel\intern\modifier.cc:460 BKE_modifier_set_error: Object: "Front left tire valve", Modifier: "Weighted corner normals", Enable 'Auto Smooth' in Object Data Properties
ERROR (bke.modifier): C:\Users\blender\git\blender-v360\blender.git\source\blender\blenkernel\intern\modifier.cc:460 BKE_modifier_set_error: Object: "Front right brake rotor", Modifier: "Weighted corner normals", Enable 'Auto Smooth' in Object Data Properties
ERROR (bke.modifier): C:\Users\blender\git\blender-v360\blender.git\source\blender\blenkernel\intern\modifier.cc:460 BKE_modifier_set_error: Object: "Front right drilled rotor perforation", Modifier: "Weighted corner normals", Enable 'Auto Smooth' in Object Data Properties
ERROR (bke.modifier): C:\Users\blender\git\blender-v360\blender.git\source\blender\blenkernel\intern\modifier.cc:460 BKE_modifier_set_error: Object: "Front right drilled rotor perforation.001", Modifier: "Weighted corner normals", Enable 'Auto Smooth' in Object Data Properties
ERROR (bke.modifier): C:\Users\blender\git\blender-v360\blender.git\source\blender\blenkernel\intern\modifier.cc:460 BKE_modifier_set_error: Object: "Front right drilled rotor perforation.002", Modifier: "Weighted corner normals", Enable 'Auto Smooth' in Object Data Properties
ERROR (bke.modifier): C:\Users\blender\git\blender-v360\blender.git\source\blender\blenkernel\intern\modifier.cc:460 BKE_modifier_set_error: Object: "Front right drilled rotor perforation.003", Modifier: "Weighted corner normals", Enable 'Auto Smooth' in Object Data Properties
ERROR (bke.modifier): C:\Users\blender\git\blender-v360\blender.git\source\blender\blenkernel\intern\modifier.cc:460 BKE_modifier_set_error: Object: "Front right drilled rotor perforation.004", Modifier: "Weighted corner normals", Enable 'Auto Smooth' in Object Data Properties
ERROR (bke.modifier): C:\Users\blender\git\blender-v360\blender.git\source\blender\blenkernel\intern\modifier.cc:460 BKE_modifier_set_error: Object: "Front right drilled rotor perforation.005", Modifier: "Weighted corner normals", Enable 'Auto Smooth' in Object Data Properties
ERROR (bke.modifier): C:\Users\blender\git\blender-v360\blender.git\source\blender\blenkernel\intern\modifier.cc:460 BKE_modifier_set_error: Object: "Front right drilled rotor perforation.006", Modifier: "Weighted corner normals", Enable 'Auto Smooth' in Object Data Properties
ERROR (bke.modifier): C:\Users\blender\git\blender-v360\blender.git\source\blender\blenkernel\intern\modifier.cc:460 BKE_modifier_set_error: Object: "Front right drilled rotor perforation.007", Modifier: "Weighted corner normals", Enable 'Auto Smooth' in Object Data Properties
ERROR (bke.modifier): C:\Users\blender\git\blender-v360\blender.git\source\blender\blenkernel\intern\modifier.cc:460 BKE_modifier_set_error: Object: "Front right drilled rotor perforation.008", Modifier: "Weighted corner normals", Enable 'Auto Smooth' in Object Data Properties
ERROR (bke.modifier): C:\Users\blender\git\blender-v360\blender.git\source\blender\blenkernel\intern\modifier.cc:460 BKE_modifier_set_error: Object: "Front right drilled rotor perforation.009", Modifier: "Weighted corner normals", Enable 'Auto Smooth' in Object Data Properties
ERROR (bke.modifier): C:\Users\blender\git\blender-v360\blender.git\source\blender\blenkernel\intern\modifier.cc:460 BKE_modifier_set_error: Object: "Front right drilled rotor perforation.010", Modifier: "Weighted corner normals", Enable 'Auto Smooth' in Object Data Properties
ERROR (bke.modifier): C:\Users\blender\git\blender-v360\blender.git\source\blender\blenkernel\intern\modifier.cc:460 BKE_modifier_set_error: Object: "Front right drilled rotor perforation.011", Modifier: "Weighted corner normals", Enable 'Auto Smooth' in Object Data Properties
ERROR (bke.modifier): C:\Users\blender\git\blender-v360\blender.git\source\blender\blenkernel\intern\modifier.cc:460 BKE_modifier_set_error: Object: "Front right drilled rotor perforation.012", Modifier: "Weighted corner normals", Enable 'Auto Smooth' in Object Data Properties
ERROR (bke.modifier): C:\Users\blender\git\blender-v360\blender.git\source\blender\blenkernel\intern\modifier.cc:460 BKE_modifier_set_error: Object: "Front right drilled rotor perforation.013", Modifier: "Weighted corner normals", Enable 'Auto Smooth' in Object Data Properties
ERROR (bke.modifier): C:\Users\blender\git\blender-v360\blender.git\source\blender\blenkernel\intern\modifier.cc:460 BKE_modifier_set_error: Object: "Front right drilled rotor perforation.014", Modifier: "Weighted corner normals", Enable 'Auto Smooth' in Object Data Properties
ERROR (bke.modifier): C:\Users\blender\git\blender-v360\blender.git\source\blender\blenkernel\intern\modifier.cc:460 BKE_modifier_set_error: Object: "Front right drilled rotor perforation.015", Modifier: "Weighted corner normals", Enable 'Auto Smooth' in Object Data Properties
ERROR (bke.modifier): C:\Users\blender\git\blender-v360\blender.git\source\blender\blenkernel\intern\modifier.cc:460 BKE_modifier_set_error: Object: "Front right drilled rotor perforation.016", Modifier: "Weighted corner normals", Enable 'Auto Smooth' in Object Data Properties
ERROR (bke.modifier): C:\Users\blender\git\blender-v360\blender.git\source\blender\blenkernel\intern\modifier.cc:460 BKE_modifier_set_error: Object: "Front right drilled rotor perforation.017", Modifier: "Weighted corner normals", Enable 'Auto Smooth' in Object Data Properties
ERROR (bke.modifier): C:\Users\blender\git\blender-v360\blender.git\source\blender\blenkernel\intern\modifier.cc:460 BKE_modifier_set_error: Object: "Front right drilled rotor perforation.018", Modifier: "Weighted corner normals", Enable 'Auto Smooth' in Object Data Properties
ERROR (bke.modifier): C:\Users\blender\git\blender-v360\blender.git\source\blender\blenkernel\intern\modifier.cc:460 BKE_modifier_set_error: Object: "Front right drilled rotor perforation.019", Modifier: "Weighted corner normals", Enable 'Auto Smooth' in Object Data Properties
ERROR (bke.modifier): C:\Users\blender\git\blender-v360\blender.git\source\blender\blenkernel\intern\modifier.cc:460 BKE_modifier_set_error: Object: "Front right drilled rotor perforation.020", Modifier: "Weighted corner normals", Enable 'Auto Smooth' in Object Data Properties
ERROR (bke.modifier): C:\Users\blender\git\blender-v360\blender.git\source\blender\blenkernel\intern\modifier.cc:460 BKE_modifier_set_error: Object: "Front right drilled rotor perforation.021", Modifier: "Weighted corner normals", Enable 'Auto Smooth' in Object Data Properties
ERROR (bke.modifier): C:\Users\blender\git\blender-v360\blender.git\source\blender\blenkernel\intern\modifier.cc:460 BKE_modifier_set_error: Object: "Front right drilled rotor perforation.022", Modifier: "Weighted corner normals", Enable 'Auto Smooth' in Object Data Properties
ERROR (bke.modifier): C:\Users\blender\git\blender-v360\blender.git\source\blender\blenkernel\intern\modifier.cc:460 BKE_modifier_set_error: Object: "Front right drilled rotor perforation.023", Modifier: "Weighted corner normals", Enable 'Auto Smooth' in Object Data Properties
ERROR (bke.modifier): C:\Users\blender\git\blender-v360\blender.git\source\blender\blenkernel\intern\modifier.cc:460 BKE_modifier_set_error: Object: "Front right drilled rotor perforation.024", Modifier: "Weighted corner normals", Enable 'Auto Smooth' in Object Data Properties
ERROR (bke.modifier): C:\Users\blender\git\blender-v360\blender.git\source\blender\blenkernel\intern\modifier.cc:460 BKE_modifier_set_error: Object: "Front right drilled rotor perforation.025", Modifier: "Weighted corner normals", Enable 'Auto Smooth' in Object Data Properties
ERROR (bke.modifier): C:\Users\blender\git\blender-v360\blender.git\source\blender\blenkernel\intern\modifier.cc:460 BKE_modifier_set_error: Object: "Front right drilled rotor perforation.026", Modifier: "Weighted corner normals", Enable 'Auto Smooth' in Object Data Properties
ERROR (bke.modifier): C:\Users\blender\git\blender-v360\blender.git\source\blender\blenkernel\intern\modifier.cc:460 BKE_modifier_set_error: Object: "Front right drilled rotor perforation.027", Modifier: "Weighted corner normals", Enable 'Auto Smooth' in Object Data Properties
ERROR (bke.modifier): C:\Users\blender\git\blender-v360\blender.git\source\blender\blenkernel\intern\modifier.cc:460 BKE_modifier_set_error: Object: "Front right drilled rotor perforation.028", Modifier: "Weighted corner normals", Enable 'Auto Smooth' in Object Data Properties
ERROR (bke.modifier): C:\Users\blender\git\blender-v360\blender.git\source\blender\blenkernel\intern\modifier.cc:460 BKE_modifier_set_error: Object: "Front right drilled rotor perforation.029", Modifier: "Weighted corner normals", Enable 'Auto Smooth' in Object Data Properties
ERROR (bke.modifier): C:\Users\blender\git\blender-v360\blender.git\source\blender\blenkernel\intern\modifier.cc:460 BKE_modifier_set_error: Object: "Front right drilled rotor perforation.030", Modifier: "Weighted corner normals", Enable 'Auto Smooth' in Object Data Properties
ERROR (bke.modifier): C:\Users\blender\git\blender-v360\blender.git\source\blender\blenkernel\intern\modifier.cc:460 BKE_modifier_set_error: Object: "Front right drilled rotor perforation.031", Modifier: "Weighted corner normals", Enable 'Auto Smooth' in Object Data Properties
ERROR (bke.modifier): C:\Users\blender\git\blender-v360\blender.git\source\blender\blenkernel\intern\modifier.cc:460 BKE_modifier_set_error: Object: "Front right drilled rotor perforation.032", Modifier: "Weighted corner normals", Enable 'Auto Smooth' in Object Data Properties
ERROR (bke.modifier): C:\Users\blender\git\blender-v360\blender.git\source\blender\blenkernel\intern\modifier.cc:460 BKE_modifier_set_error: Object: "Front right drilled rotor perforation.033", Modifier: "Weighted corner normals", Enable 'Auto Smooth' in Object Data Properties
ERROR (bke.modifier): C:\Users\blender\git\blender-v360\blender.git\source\blender\blenkernel\intern\modifier.cc:460 BKE_modifier_set_error: Object: "Front right drilled rotor perforation.034", Modifier: "Weighted corner normals", Enable 'Auto Smooth' in Object Data Properties
ERROR (bke.modifier): C:\Users\blender\git\blender-v360\blender.git\source\blender\blenkernel\intern\modifier.cc:460 BKE_modifier_set_error: Object: "Front right drilled rotor perforation.035", Modifier: "Weighted corner normals", Enable 'Auto Smooth' in Object Data Properties
ERROR (bke.modifier): C:\Users\blender\git\blender-v360\blender.git\source\blender\blenkernel\intern\modifier.cc:460 BKE_modifier_set_error: Object: "Front right drilled rotor perforation.036", Modifier: "Weighted corner normals", Enable 'Auto Smooth' in Object Data Properties
ERROR (bke.modifier): C:\Users\blender\git\blender-v360\blender.git\source\blender\blenkernel\intern\modifier.cc:460 BKE_modifier_set_error: Object: "Front right drilled rotor perforation.037", Modifier: "Weighted corner normals", Enable 'Auto Smooth' in Object Data Properties
ERROR (bke.modifier): C:\Users\blender\git\blender-v360\blender.git\source\blender\blenkernel\intern\modifier.cc:460 BKE_modifier_set_error: Object: "Front right drilled rotor perforation.038", Modifier: "Weighted corner normals", Enable 'Auto Smooth' in Object Data Properties
ERROR (bke.modifier): C:\Users\blender\git\blender-v360\blender.git\source\blender\blenkernel\intern\modifier.cc:460 BKE_modifier_set_error: Object: "Front right drilled rotor perforation.039", Modifier: "Weighted corner normals", Enable 'Auto Smooth' in Object Data Properties
ERROR (bke.modifier): C:\Users\blender\git\blender-v360\blender.git\source\blender\blenkernel\intern\modifier.cc:460 BKE_modifier_set_error: Object: "Front right drilled rotor perforation.040", Modifier: "Weighted corner normals", Enable 'Auto Smooth' in Object Data Properties
ERROR (bke.modifier): C:\Users\blender\git\blender-v360\blender.git\source\blender\blenkernel\intern\modifier.cc:460 BKE_modifier_set_error: Object: "Front right drilled rotor perforation.041", Modifier: "Weighted corner normals", Enable 'Auto Smooth' in Object Data Properties
ERROR (bke.modifier): C:\Users\blender\git\blender-v360\blender.git\source\blender\blenkernel\intern\modifier.cc:460 BKE_modifier_set_error: Object: "Front right drilled rotor perforation.042", Modifier: "Weighted corner normals", Enable 'Auto Smooth' in Object Data Properties
ERROR (bke.modifier): C:\Users\blender\git\blender-v360\blender.git\source\blender\blenkernel\intern\modifier.cc:460 BKE_modifier_set_error: Object: "Front right drilled rotor perforation.043", Modifier: "Weighted corner normals", Enable 'Auto Smooth' in Object Data Properties
ERROR (bke.modifier): C:\Users\blender\git\blender-v360\blender.git\source\blender\blenkernel\intern\modifier.cc:460 BKE_modifier_set_error: Object: "Front right drilled rotor perforation.044", Modifier: "Weighted corner normals", Enable 'Auto Smooth' in Object Data Properties
ERROR (bke.modifier): C:\Users\blender\git\blender-v360\blender.git\source\blender\blenkernel\intern\modifier.cc:460 BKE_modifier_set_error: Object: "Front right drilled rotor perforation.045", Modifier: "Weighted corner normals", Enable 'Auto Smooth' in Object Data Properties
ERROR (bke.modifier): C:\Users\blender\git\blender-v360\blender.git\source\blender\blenkernel\intern\modifier.cc:460 BKE_modifier_set_error: Object: "Front right drilled rotor perforation.046", Modifier: "Weighted corner normals", Enable 'Auto Smooth' in Object Data Properties
ERROR (bke.modifier): C:\Users\blender\git\blender-v360\blender.git\source\blender\blenkernel\intern\modifier.cc:460 BKE_modifier_set_error: Object: "Front right drilled rotor perforation.047", Modifier: "Weighted corner normals", Enable 'Auto Smooth' in Object Data Properties
ERROR (bke.modifier): C:\Users\blender\git\blender-v360\blender.git\source\blender\blenkernel\intern\modifier.cc:460 BKE_modifier_set_error: Object: "Front right drilled rotor perforation.048", Modifier: "Weighted corner normals", Enable 'Auto Smooth' in Object Data Properties
ERROR (bke.modifier): C:\Users\blender\git\blender-v360\blender.git\source\blender\blenkernel\intern\modifier.cc:460 BKE_modifier_set_error: Object: "Front right drilled rotor perforation.049", Modifier: "Weighted corner normals", Enable 'Auto Smooth' in Object Data Properties
ERROR (bke.modifier): C:\Users\blender\git\blender-v360\blender.git\source\blender\blenkernel\intern\modifier.cc:460 BKE_modifier_set_error: Object: "Front right drilled rotor perforation.050", Modifier: "Weighted corner normals", Enable 'Auto Smooth' in Object Data Properties
ERROR (bke.modifier): C:\Users\blender\git\blender-v360\blender.git\source\blender\blenkernel\intern\modifier.cc:460 BKE_modifier_set_error: Object: "Front right drilled rotor perforation.051", Modifier: "Weighted corner normals", Enable 'Auto Smooth' in Object Data Properties
ERROR (bke.modifier): C:\Users\blender\git\blender-v360\blender.git\source\blender\blenkernel\intern\modifier.cc:460 BKE_modifier_set_error: Object: "Front right drilled rotor perforation.052", Modifier: "Weighted corner normals", Enable 'Auto Smooth' in Object Data Properties
ERROR (bke.modifier): C:\Users\blender\git\blender-v360\blender.git\source\blender\blenkernel\intern\modifier.cc:460 BKE_modifier_set_error: Object: "Front right drilled rotor perforation.053", Modifier: "Weighted corner normals", Enable 'Auto Smooth' in Object Data Properties
ERROR (bke.modifier): C:\Users\blender\git\blender-v360\blender.git\source\blender\blenkernel\intern\modifier.cc:460 BKE_modifier_set_error: Object: "Front right drilled rotor perforation.054", Modifier: "Weighted corner normals", Enable 'Auto Smooth' in Object Data Properties
ERROR (bke.modifier): C:\Users\blender\git\blender-v360\blender.git\source\blender\blenkernel\intern\modifier.cc:460 BKE_modifier_set_error: Object: "Front right drilled rotor perforation.055", Modifier: "Weighted corner normals", Enable 'Auto Smooth' in Object Data Properties
ERROR (bke.modifier): C:\Users\blender\git\blender-v360\blender.git\source\blender\blenkernel\intern\modifier.cc:460 BKE_modifier_set_error: Object: "Front right drilled rotor perforation.056", Modifier: "Weighted corner normals", Enable 'Auto Smooth' in Object Data Properties
ERROR (bke.modifier): C:\Users\blender\git\blender-v360\blender.git\source\blender\blenkernel\intern\modifier.cc:460 BKE_modifier_set_error: Object: "Front right drilled rotor perforation.057", Modifier: "Weighted corner normals", Enable 'Auto Smooth' in Object Data Properties
ERROR (bke.modifier): C:\Users\blender\git\blender-v360\blender.git\source\blender\blenkernel\intern\modifier.cc:460 BKE_modifier_set_error: Object: "Front right drilled rotor perforation.058", Modifier: "Weighted corner normals", Enable 'Auto Smooth' in Object Data Properties
ERROR (bke.modifier): C:\Users\blender\git\blender-v360\blender.git\source\blender\blenkernel\intern\modifier.cc:460 BKE_modifier_set_error: Object: "Front right drilled rotor perforation.059", Modifier: "Weighted corner normals", Enable 'Auto Smooth' in Object Data Properties
ERROR (bke.modifier): C:\Users\blender\git\blender-v360\blender.git\source\blender\blenkernel\intern\modifier.cc:460 BKE_modifier_set_error: Object: "Front right drilled rotor perforation.060", Modifier: "Weighted corner normals", Enable 'Auto Smooth' in Object Data Properties
ERROR (bke.modifier): C:\Users\blender\git\blender-v360\blender.git\source\blender\blenkernel\intern\modifier.cc:460 BKE_modifier_set_error: Object: "Front right drilled rotor perforation.061", Modifier: "Weighted corner normals", Enable 'Auto Smooth' in Object Data Properties
ERROR (bke.modifier): C:\Users\blender\git\blender-v360\blender.git\source\blender\blenkernel\intern\modifier.cc:460 BKE_modifier_set_error: Object: "Front right drilled rotor perforation.062", Modifier: "Weighted corner normals", Enable 'Auto Smooth' in Object Data Properties
ERROR (bke.modifier): C:\Users\blender\git\blender-v360\blender.git\source\blender\blenkernel\intern\modifier.cc:460 BKE_modifier_set_error: Object: "Front right drilled rotor perforation.063", Modifier: "Weighted corner normals", Enable 'Auto Smooth' in Object Data Properties
ERROR (bke.modifier): C:\Users\blender\git\blender-v360\blender.git\source\blender\blenkernel\intern\modifier.cc:460 BKE_modifier_set_error: Object: "Front right drilled rotor perforation.064", Modifier: "Weighted corner normals", Enable 'Auto Smooth' in Object Data Properties
ERROR (bke.modifier): C:\Users\blender\git\blender-v360\blender.git\source\blender\blenkernel\intern\modifier.cc:460 BKE_modifier_set_error: Object: "Front right drilled rotor perforation.065", Modifier: "Weighted corner normals", Enable 'Auto Smooth' in Object Data Properties
ERROR (bke.modifier): C:\Users\blender\git\blender-v360\blender.git\source\blender\blenkernel\intern\modifier.cc:460 BKE_modifier_set_error: Object: "Front right drilled rotor perforation.066", Modifier: "Weighted corner normals", Enable 'Auto Smooth' in Object Data Properties
ERROR (bke.modifier): C:\Users\blender\git\blender-v360\blender.git\source\blender\blenkernel\intern\modifier.cc:460 BKE_modifier_set_error: Object: "Front right drilled rotor perforation.067", Modifier: "Weighted corner normals", Enable 'Auto Smooth' in Object Data Properties
ERROR (bke.modifier): C:\Users\blender\git\blender-v360\blender.git\source\blender\blenkernel\intern\modifier.cc:460 BKE_modifier_set_error: Object: "Front right drilled rotor perforation.068", Modifier: "Weighted corner normals", Enable 'Auto Smooth' in Object Data Properties
ERROR (bke.modifier): C:\Users\blender\git\blender-v360\blender.git\source\blender\blenkernel\intern\modifier.cc:460 BKE_modifier_set_error: Object: "Front right drilled rotor perforation.069", Modifier: "Weighted corner normals", Enable 'Auto Smooth' in Object Data Properties
ERROR (bke.modifier): C:\Users\blender\git\blender-v360\blender.git\source\blender\blenkernel\intern\modifier.cc:460 BKE_modifier_set_error: Object: "Front right drilled rotor perforation.070", Modifier: "Weighted corner normals", Enable 'Auto Smooth' in Object Data Properties
ERROR (bke.modifier): C:\Users\blender\git\blender-v360\blender.git\source\blender\blenkernel\intern\modifier.cc:460 BKE_modifier_set_error: Object: "Front right drilled rotor perforation.071", Modifier: "Weighted corner normals", Enable 'Auto Smooth' in Object Data Properties
ERROR (bke.modifier): C:\Users\blender\git\blender-v360\blender.git\source\blender\blenkernel\intern\modifier.cc:460 BKE_modifier_set_error: Object: "Front right brake disc bell", Modifier: "Weighted corner normals", Enable 'Auto Smooth' in Object Data Properties
ERROR (bke.modifier): C:\Users\blender\git\blender-v360\blender.git\source\blender\blenkernel\intern\modifier.cc:460 BKE_modifier_set_error: Object: "Front right black spoke pocket.009", Modifier: "Weighted corner normals", Enable 'Auto Smooth' in Object Data Properties
ERROR (bke.modifier): C:\Users\blender\git\blender-v360\blender.git\source\blender\blenkernel\intern\modifier.cc:460 BKE_modifier_set_error: Object: "Front right machined split spoke.009", Modifier: "Weighted corner normals", Enable 'Auto Smooth' in Object Data Properties
ERROR (bke.modifier): C:\Users\blender\git\blender-v360\blender.git\source\blender\blenkernel\intern\modifier.cc:460 BKE_modifier_set_error: Object: "Front right yellow six-piston caliper", Modifier: "Weighted corner normals", Enable 'Auto Smooth' in Object Data Properties
ERROR (bke.modifier): C:\Users\blender\git\blender-v360\blender.git\source\blender\blenkernel\intern\modifier.cc:460 BKE_modifier_set_error: Object: "Front right black spoke pocket.008", Modifier: "Weighted corner normals", Enable 'Auto Smooth' in Object Data Properties
ERROR (bke.modifier): C:\Users\blender\git\blender-v360\blender.git\source\blender\blenkernel\intern\modifier.cc:460 BKE_modifier_set_error: Object: "Front right machined split spoke", Modifier: "Weighted corner normals", Enable 'Auto Smooth' in Object Data Properties
ERROR (bke.modifier): C:\Users\blender\git\blender-v360\blender.git\source\blender\blenkernel\intern\modifier.cc:460 BKE_modifier_set_error: Object: "Front right black spoke pocket", Modifier: "Weighted corner normals", Enable 'Auto Smooth' in Object Data Properties
ERROR (bke.modifier): C:\Users\blender\git\blender-v360\blender.git\source\blender\blenkernel\intern\modifier.cc:460 BKE_modifier_set_error: Object: "Front right machined split spoke.008", Modifier: "Weighted corner normals", Enable 'Auto Smooth' in Object Data Properties
ERROR (bke.modifier): C:\Users\blender\git\blender-v360\blender.git\source\blender\blenkernel\intern\modifier.cc:460 BKE_modifier_set_error: Object: "Front right black spoke pocket.001", Modifier: "Weighted corner normals", Enable 'Auto Smooth' in Object Data Properties
ERROR (bke.modifier): C:\Users\blender\git\blender-v360\blender.git\source\blender\blenkernel\intern\modifier.cc:460 BKE_modifier_set_error: Object: "Front right machined split spoke.001", Modifier: "Weighted corner normals", Enable 'Auto Smooth' in Object Data Properties
ERROR (bke.modifier): C:\Users\blender\git\blender-v360\blender.git\source\blender\blenkernel\intern\modifier.cc:460 BKE_modifier_set_error: Object: "Front right black spoke pocket.007", Modifier: "Weighted corner normals", Enable 'Auto Smooth' in Object Data Properties
ERROR (bke.modifier): C:\Users\blender\git\blender-v360\blender.git\source\blender\blenkernel\intern\modifier.cc:460 BKE_modifier_set_error: Object: "Front right machined split spoke.002", Modifier: "Weighted corner normals", Enable 'Auto Smooth' in Object Data Properties
ERROR (bke.modifier): C:\Users\blender\git\blender-v360\blender.git\source\blender\blenkernel\intern\modifier.cc:460 BKE_modifier_set_error: Object: "Front right black spoke pocket.002", Modifier: "Weighted corner normals", Enable 'Auto Smooth' in Object Data Properties
ERROR (bke.modifier): C:\Users\blender\git\blender-v360\blender.git\source\blender\blenkernel\intern\modifier.cc:460 BKE_modifier_set_error: Object: "Front right machined split spoke.003", Modifier: "Weighted corner normals", Enable 'Auto Smooth' in Object Data Properties
ERROR (bke.modifier): C:\Users\blender\git\blender-v360\blender.git\source\blender\blenkernel\intern\modifier.cc:460 BKE_modifier_set_error: Object: "Front right machined split spoke.007", Modifier: "Weighted corner normals", Enable 'Auto Smooth' in Object Data Properties
ERROR (bke.modifier): C:\Users\blender\git\blender-v360\blender.git\source\blender\blenkernel\intern\modifier.cc:460 BKE_modifier_set_error: Object: "Front right black spoke pocket.003", Modifier: "Weighted corner normals", Enable 'Auto Smooth' in Object Data Properties
ERROR (bke.modifier): C:\Users\blender\git\blender-v360\blender.git\source\blender\blenkernel\intern\modifier.cc:460 BKE_modifier_set_error: Object: "Front right black spoke pocket.004", Modifier: "Weighted corner normals", Enable 'Auto Smooth' in Object Data Properties
ERROR (bke.modifier): C:\Users\blender\git\blender-v360\blender.git\source\blender\blenkernel\intern\modifier.cc:460 BKE_modifier_set_error: Object: "Front right machined split spoke.004", Modifier: "Weighted corner normals", Enable 'Auto Smooth' in Object Data Properties
ERROR (bke.modifier): C:\Users\blender\git\blender-v360\blender.git\source\blender\blenkernel\intern\modifier.cc:460 BKE_modifier_set_error: Object: "Front right black spoke pocket.006", Modifier: "Weighted corner normals", Enable 'Auto Smooth' in Object Data Properties
ERROR (bke.modifier): C:\Users\blender\git\blender-v360\blender.git\source\blender\blenkernel\intern\modifier.cc:460 BKE_modifier_set_error: Object: "Front right black spoke pocket.005", Modifier: "Weighted corner normals", Enable 'Auto Smooth' in Object Data Properties
ERROR (bke.modifier): C:\Users\blender\git\blender-v360\blender.git\source\blender\blenkernel\intern\modifier.cc:460 BKE_modifier_set_error: Object: "Front right machined split spoke.005", Modifier: "Weighted corner normals", Enable 'Auto Smooth' in Object Data Properties
ERROR (bke.modifier): C:\Users\blender\git\blender-v360\blender.git\source\blender\blenkernel\intern\modifier.cc:460 BKE_modifier_set_error: Object: "Front right machined split spoke.006", Modifier: "Weighted corner normals", Enable 'Auto Smooth' in Object Data Properties
ERROR (bke.modifier): C:\Users\blender\git\blender-v360\blender.git\source\blender\blenkernel\intern\modifier.cc:460 BKE_modifier_set_error: Object: "Front right center hub", Modifier: "Weighted corner normals", Enable 'Auto Smooth' in Object Data Properties
ERROR (bke.modifier): C:\Users\blender\git\blender-v360\blender.git\source\blender\blenkernel\intern\modifier.cc:460 BKE_modifier_set_error: Object: "Front right titanium lug nut", Modifier: "Weighted corner normals", Enable 'Auto Smooth' in Object Data Properties
ERROR (bke.modifier): C:\Users\blender\git\blender-v360\blender.git\source\blender\blenkernel\intern\modifier.cc:460 BKE_modifier_set_error: Object: "Front right titanium lug nut.001", Modifier: "Weighted corner normals", Enable 'Auto Smooth' in Object Data Properties
ERROR (bke.modifier): C:\Users\blender\git\blender-v360\blender.git\source\blender\blenkernel\intern\modifier.cc:460 BKE_modifier_set_error: Object: "Front right titanium lug nut.002", Modifier: "Weighted corner normals", Enable 'Auto Smooth' in Object Data Properties
ERROR (bke.modifier): C:\Users\blender\git\blender-v360\blender.git\source\blender\blenkernel\intern\modifier.cc:460 BKE_modifier_set_error: Object: "Front right titanium lug nut.003", Modifier: "Weighted corner normals", Enable 'Auto Smooth' in Object Data Properties
ERROR (bke.modifier): C:\Users\blender\git\blender-v360\blender.git\source\blender\blenkernel\intern\modifier.cc:460 BKE_modifier_set_error: Object: "Front right titanium lug nut.004", Modifier: "Weighted corner normals", Enable 'Auto Smooth' in Object Data Properties
ERROR (bke.modifier): C:\Users\blender\git\blender-v360\blender.git\source\blender\blenkernel\intern\modifier.cc:460 BKE_modifier_set_error: Object: "Front right tire valve", Modifier: "Weighted corner normals", Enable 'Auto Smooth' in Object Data Properties
ERROR (bke.modifier): C:\Users\blender\git\blender-v360\blender.git\source\blender\blenkernel\intern\modifier.cc:460 BKE_modifier_set_error: Object: "Rear left brake rotor", Modifier: "Weighted corner normals", Enable 'Auto Smooth' in Object Data Properties
ERROR (bke.modifier): C:\Users\blender\git\blender-v360\blender.git\source\blender\blenkernel\intern\modifier.cc:460 BKE_modifier_set_error: Object: "Rear left drilled rotor perforation", Modifier: "Weighted corner normals", Enable 'Auto Smooth' in Object Data Properties
ERROR (bke.modifier): C:\Users\blender\git\blender-v360\blender.git\source\blender\blenkernel\intern\modifier.cc:460 BKE_modifier_set_error: Object: "Rear left drilled rotor perforation.001", Modifier: "Weighted corner normals", Enable 'Auto Smooth' in Object Data Properties
ERROR (bke.modifier): C:\Users\blender\git\blender-v360\blender.git\source\blender\blenkernel\intern\modifier.cc:460 BKE_modifier_set_error: Object: "Rear left drilled rotor perforation.002", Modifier: "Weighted corner normals", Enable 'Auto Smooth' in Object Data Properties
ERROR (bke.modifier): C:\Users\blender\git\blender-v360\blender.git\source\blender\blenkernel\intern\modifier.cc:460 BKE_modifier_set_error: Object: "Rear left drilled rotor perforation.003", Modifier: "Weighted corner normals", Enable 'Auto Smooth' in Object Data Properties
ERROR (bke.modifier): C:\Users\blender\git\blender-v360\blender.git\source\blender\blenkernel\intern\modifier.cc:460 BKE_modifier_set_error: Object: "Rear left drilled rotor perforation.004", Modifier: "Weighted corner normals", Enable 'Auto Smooth' in Object Data Properties
ERROR (bke.modifier): C:\Users\blender\git\blender-v360\blender.git\source\blender\blenkernel\intern\modifier.cc:460 BKE_modifier_set_error: Object: "Rear left drilled rotor perforation.005", Modifier: "Weighted corner normals", Enable 'Auto Smooth' in Object Data Properties
ERROR (bke.modifier): C:\Users\blender\git\blender-v360\blender.git\source\blender\blenkernel\intern\modifier.cc:460 BKE_modifier_set_error: Object: "Rear left drilled rotor perforation.006", Modifier: "Weighted corner normals", Enable 'Auto Smooth' in Object Data Properties
ERROR (bke.modifier): C:\Users\blender\git\blender-v360\blender.git\source\blender\blenkernel\intern\modifier.cc:460 BKE_modifier_set_error: Object: "Rear left drilled rotor perforation.007", Modifier: "Weighted corner normals", Enable 'Auto Smooth' in Object Data Properties
ERROR (bke.modifier): C:\Users\blender\git\blender-v360\blender.git\source\blender\blenkernel\intern\modifier.cc:460 BKE_modifier_set_error: Object: "Rear left drilled rotor perforation.008", Modifier: "Weighted corner normals", Enable 'Auto Smooth' in Object Data Properties
ERROR (bke.modifier): C:\Users\blender\git\blender-v360\blender.git\source\blender\blenkernel\intern\modifier.cc:460 BKE_modifier_set_error: Object: "Rear left drilled rotor perforation.009", Modifier: "Weighted corner normals", Enable 'Auto Smooth' in Object Data Properties
ERROR (bke.modifier): C:\Users\blender\git\blender-v360\blender.git\source\blender\blenkernel\intern\modifier.cc:460 BKE_modifier_set_error: Object: "Rear left drilled rotor perforation.010", Modifier: "Weighted corner normals", Enable 'Auto Smooth' in Object Data Properties
ERROR (bke.modifier): C:\Users\blender\git\blender-v360\blender.git\source\blender\blenkernel\intern\modifier.cc:460 BKE_modifier_set_error: Object: "Rear left drilled rotor perforation.011", Modifier: "Weighted corner normals", Enable 'Auto Smooth' in Object Data Properties
ERROR (bke.modifier): C:\Users\blender\git\blender-v360\blender.git\source\blender\blenkernel\intern\modifier.cc:460 BKE_modifier_set_error: Object: "Rear left drilled rotor perforation.012", Modifier: "Weighted corner normals", Enable 'Auto Smooth' in Object Data Properties
ERROR (bke.modifier): C:\Users\blender\git\blender-v360\blender.git\source\blender\blenkernel\intern\modifier.cc:460 BKE_modifier_set_error: Object: "Rear left drilled rotor perforation.013", Modifier: "Weighted corner normals", Enable 'Auto Smooth' in Object Data Properties
ERROR (bke.modifier): C:\Users\blender\git\blender-v360\blender.git\source\blender\blenkernel\intern\modifier.cc:460 BKE_modifier_set_error: Object: "Rear left drilled rotor perforation.014", Modifier: "Weighted corner normals", Enable 'Auto Smooth' in Object Data Properties
ERROR (bke.modifier): C:\Users\blender\git\blender-v360\blender.git\source\blender\blenkernel\intern\modifier.cc:460 BKE_modifier_set_error: Object: "Rear left drilled rotor perforation.015", Modifier: "Weighted corner normals", Enable 'Auto Smooth' in Object Data Properties
ERROR (bke.modifier): C:\Users\blender\git\blender-v360\blender.git\source\blender\blenkernel\intern\modifier.cc:460 BKE_modifier_set_error: Object: "Rear left drilled rotor perforation.016", Modifier: "Weighted corner normals", Enable 'Auto Smooth' in Object Data Properties
ERROR (bke.modifier): C:\Users\blender\git\blender-v360\blender.git\source\blender\blenkernel\intern\modifier.cc:460 BKE_modifier_set_error: Object: "Rear left drilled rotor perforation.017", Modifier: "Weighted corner normals", Enable 'Auto Smooth' in Object Data Properties
ERROR (bke.modifier): C:\Users\blender\git\blender-v360\blender.git\source\blender\blenkernel\intern\modifier.cc:460 BKE_modifier_set_error: Object: "Rear left drilled rotor perforation.018", Modifier: "Weighted corner normals", Enable 'Auto Smooth' in Object Data Properties
ERROR (bke.modifier): C:\Users\blender\git\blender-v360\blender.git\source\blender\blenkernel\intern\modifier.cc:460 BKE_modifier_set_error: Object: "Rear left drilled rotor perforation.019", Modifier: "Weighted corner normals", Enable 'Auto Smooth' in Object Data Properties
ERROR (bke.modifier): C:\Users\blender\git\blender-v360\blender.git\source\blender\blenkernel\intern\modifier.cc:460 BKE_modifier_set_error: Object: "Rear left drilled rotor perforation.020", Modifier: "Weighted corner normals", Enable 'Auto Smooth' in Object Data Properties
ERROR (bke.modifier): C:\Users\blender\git\blender-v360\blender.git\source\blender\blenkernel\intern\modifier.cc:460 BKE_modifier_set_error: Object: "Rear left drilled rotor perforation.021", Modifier: "Weighted corner normals", Enable 'Auto Smooth' in Object Data Properties
ERROR (bke.modifier): C:\Users\blender\git\blender-v360\blender.git\source\blender\blenkernel\intern\modifier.cc:460 BKE_modifier_set_error: Object: "Rear left drilled rotor perforation.022", Modifier: "Weighted corner normals", Enable 'Auto Smooth' in Object Data Properties
ERROR (bke.modifier): C:\Users\blender\git\blender-v360\blender.git\source\blender\blenkernel\intern\modifier.cc:460 BKE_modifier_set_error: Object: "Rear left drilled rotor perforation.023", Modifier: "Weighted corner normals", Enable 'Auto Smooth' in Object Data Properties
ERROR (bke.modifier): C:\Users\blender\git\blender-v360\blender.git\source\blender\blenkernel\intern\modifier.cc:460 BKE_modifier_set_error: Object: "Rear left drilled rotor perforation.024", Modifier: "Weighted corner normals", Enable 'Auto Smooth' in Object Data Properties
ERROR (bke.modifier): C:\Users\blender\git\blender-v360\blender.git\source\blender\blenkernel\intern\modifier.cc:460 BKE_modifier_set_error: Object: "Rear left drilled rotor perforation.025", Modifier: "Weighted corner normals", Enable 'Auto Smooth' in Object Data Properties
ERROR (bke.modifier): C:\Users\blender\git\blender-v360\blender.git\source\blender\blenkernel\intern\modifier.cc:460 BKE_modifier_set_error: Object: "Rear left drilled rotor perforation.026", Modifier: "Weighted corner normals", Enable 'Auto Smooth' in Object Data Properties
ERROR (bke.modifier): C:\Users\blender\git\blender-v360\blender.git\source\blender\blenkernel\intern\modifier.cc:460 BKE_modifier_set_error: Object: "Rear left drilled rotor perforation.027", Modifier: "Weighted corner normals", Enable 'Auto Smooth' in Object Data Properties
ERROR (bke.modifier): C:\Users\blender\git\blender-v360\blender.git\source\blender\blenkernel\intern\modifier.cc:460 BKE_modifier_set_error: Object: "Rear left drilled rotor perforation.028", Modifier: "Weighted corner normals", Enable 'Auto Smooth' in Object Data Properties
ERROR (bke.modifier): C:\Users\blender\git\blender-v360\blender.git\source\blender\blenkernel\intern\modifier.cc:460 BKE_modifier_set_error: Object: "Rear left drilled rotor perforation.029", Modifier: "Weighted corner normals", Enable 'Auto Smooth' in Object Data Properties
ERROR (bke.modifier): C:\Users\blender\git\blender-v360\blender.git\source\blender\blenkernel\intern\modifier.cc:460 BKE_modifier_set_error: Object: "Rear left drilled rotor perforation.030", Modifier: "Weighted corner normals", Enable 'Auto Smooth' in Object Data Properties
ERROR (bke.modifier): C:\Users\blender\git\blender-v360\blender.git\source\blender\blenkernel\intern\modifier.cc:460 BKE_modifier_set_error: Object: "Rear left drilled rotor perforation.031", Modifier: "Weighted corner normals", Enable 'Auto Smooth' in Object Data Properties
ERROR (bke.modifier): C:\Users\blender\git\blender-v360\blender.git\source\blender\blenkernel\intern\modifier.cc:460 BKE_modifier_set_error: Object: "Rear left drilled rotor perforation.032", Modifier: "Weighted corner normals", Enable 'Auto Smooth' in Object Data Properties
ERROR (bke.modifier): C:\Users\blender\git\blender-v360\blender.git\source\blender\blenkernel\intern\modifier.cc:460 BKE_modifier_set_error: Object: "Rear left drilled rotor perforation.033", Modifier: "Weighted corner normals", Enable 'Auto Smooth' in Object Data Properties
ERROR (bke.modifier): C:\Users\blender\git\blender-v360\blender.git\source\blender\blenkernel\intern\modifier.cc:460 BKE_modifier_set_error: Object: "Rear left drilled rotor perforation.034", Modifier: "Weighted corner normals", Enable 'Auto Smooth' in Object Data Properties
ERROR (bke.modifier): C:\Users\blender\git\blender-v360\blender.git\source\blender\blenkernel\intern\modifier.cc:460 BKE_modifier_set_error: Object: "Rear left drilled rotor perforation.035", Modifier: "Weighted corner normals", Enable 'Auto Smooth' in Object Data Properties
ERROR (bke.modifier): C:\Users\blender\git\blender-v360\blender.git\source\blender\blenkernel\intern\modifier.cc:460 BKE_modifier_set_error: Object: "Rear left drilled rotor perforation.036", Modifier: "Weighted corner normals", Enable 'Auto Smooth' in Object Data Properties
ERROR (bke.modifier): C:\Users\blender\git\blender-v360\blender.git\source\blender\blenkernel\intern\modifier.cc:460 BKE_modifier_set_error: Object: "Rear left drilled rotor perforation.037", Modifier: "Weighted corner normals", Enable 'Auto Smooth' in Object Data Properties
ERROR (bke.modifier): C:\Users\blender\git\blender-v360\blender.git\source\blender\blenkernel\intern\modifier.cc:460 BKE_modifier_set_error: Object: "Rear left drilled rotor perforation.038", Modifier: "Weighted corner normals", Enable 'Auto Smooth' in Object Data Properties
ERROR (bke.modifier): C:\Users\blender\git\blender-v360\blender.git\source\blender\blenkernel\intern\modifier.cc:460 BKE_modifier_set_error: Object: "Rear left drilled rotor perforation.039", Modifier: "Weighted corner normals", Enable 'Auto Smooth' in Object Data Properties
ERROR (bke.modifier): C:\Users\blender\git\blender-v360\blender.git\source\blender\blenkernel\intern\modifier.cc:460 BKE_modifier_set_error: Object: "Rear left drilled rotor perforation.040", Modifier: "Weighted corner normals", Enable 'Auto Smooth' in Object Data Properties
ERROR (bke.modifier): C:\Users\blender\git\blender-v360\blender.git\source\blender\blenkernel\intern\modifier.cc:460 BKE_modifier_set_error: Object: "Rear left drilled rotor perforation.041", Modifier: "Weighted corner normals", Enable 'Auto Smooth' in Object Data Properties
ERROR (bke.modifier): C:\Users\blender\git\blender-v360\blender.git\source\blender\blenkernel\intern\modifier.cc:460 BKE_modifier_set_error: Object: "Rear left drilled rotor perforation.042", Modifier: "Weighted corner normals", Enable 'Auto Smooth' in Object Data Properties
ERROR (bke.modifier): C:\Users\blender\git\blender-v360\blender.git\source\blender\blenkernel\intern\modifier.cc:460 BKE_modifier_set_error: Object: "Rear left drilled rotor perforation.043", Modifier: "Weighted corner normals", Enable 'Auto Smooth' in Object Data Properties
ERROR (bke.modifier): C:\Users\blender\git\blender-v360\blender.git\source\blender\blenkernel\intern\modifier.cc:460 BKE_modifier_set_error: Object: "Rear left drilled rotor perforation.044", Modifier: "Weighted corner normals", Enable 'Auto Smooth' in Object Data Properties
ERROR (bke.modifier): C:\Users\blender\git\blender-v360\blender.git\source\blender\blenkernel\intern\modifier.cc:460 BKE_modifier_set_error: Object: "Rear left drilled rotor perforation.045", Modifier: "Weighted corner normals", Enable 'Auto Smooth' in Object Data Properties
ERROR (bke.modifier): C:\Users\blender\git\blender-v360\blender.git\source\blender\blenkernel\intern\modifier.cc:460 BKE_modifier_set_error: Object: "Rear left drilled rotor perforation.046", Modifier: "Weighted corner normals", Enable 'Auto Smooth' in Object Data Properties
ERROR (bke.modifier): C:\Users\blender\git\blender-v360\blender.git\source\blender\blenkernel\intern\modifier.cc:460 BKE_modifier_set_error: Object: "Rear left drilled rotor perforation.047", Modifier: "Weighted corner normals", Enable 'Auto Smooth' in Object Data Properties
ERROR (bke.modifier): C:\Users\blender\git\blender-v360\blender.git\source\blender\blenkernel\intern\modifier.cc:460 BKE_modifier_set_error: Object: "Rear left drilled rotor perforation.048", Modifier: "Weighted corner normals", Enable 'Auto Smooth' in Object Data Properties
ERROR (bke.modifier): C:\Users\blender\git\blender-v360\blender.git\source\blender\blenkernel\intern\modifier.cc:460 BKE_modifier_set_error: Object: "Rear left drilled rotor perforation.049", Modifier: "Weighted corner normals", Enable 'Auto Smooth' in Object Data Properties
ERROR (bke.modifier): C:\Users\blender\git\blender-v360\blender.git\source\blender\blenkernel\intern\modifier.cc:460 BKE_modifier_set_error: Object: "Rear left drilled rotor perforation.050", Modifier: "Weighted corner normals", Enable 'Auto Smooth' in Object Data Properties
ERROR (bke.modifier): C:\Users\blender\git\blender-v360\blender.git\source\blender\blenkernel\intern\modifier.cc:460 BKE_modifier_set_error: Object: "Rear left drilled rotor perforation.051", Modifier: "Weighted corner normals", Enable 'Auto Smooth' in Object Data Properties
ERROR (bke.modifier): C:\Users\blender\git\blender-v360\blender.git\source\blender\blenkernel\intern\modifier.cc:460 BKE_modifier_set_error: Object: "Rear left drilled rotor perforation.052", Modifier: "Weighted corner normals", Enable 'Auto Smooth' in Object Data Properties
ERROR (bke.modifier): C:\Users\blender\git\blender-v360\blender.git\source\blender\blenkernel\intern\modifier.cc:460 BKE_modifier_set_error: Object: "Rear left drilled rotor perforation.053", Modifier: "Weighted corner normals", Enable 'Auto Smooth' in Object Data Properties
ERROR (bke.modifier): C:\Users\blender\git\blender-v360\blender.git\source\blender\blenkernel\intern\modifier.cc:460 BKE_modifier_set_error: Object: "Rear left drilled rotor perforation.054", Modifier: "Weighted corner normals", Enable 'Auto Smooth' in Object Data Properties
ERROR (bke.modifier): C:\Users\blender\git\blender-v360\blender.git\source\blender\blenkernel\intern\modifier.cc:460 BKE_modifier_set_error: Object: "Rear left drilled rotor perforation.055", Modifier: "Weighted corner normals", Enable 'Auto Smooth' in Object Data Properties
ERROR (bke.modifier): C:\Users\blender\git\blender-v360\blender.git\source\blender\blenkernel\intern\modifier.cc:460 BKE_modifier_set_error: Object: "Rear left drilled rotor perforation.056", Modifier: "Weighted corner normals", Enable 'Auto Smooth' in Object Data Properties
ERROR (bke.modifier): C:\Users\blender\git\blender-v360\blender.git\source\blender\blenkernel\intern\modifier.cc:460 BKE_modifier_set_error: Object: "Rear left drilled rotor perforation.057", Modifier: "Weighted corner normals", Enable 'Auto Smooth' in Object Data Properties
ERROR (bke.modifier): C:\Users\blender\git\blender-v360\blender.git\source\blender\blenkernel\intern\modifier.cc:460 BKE_modifier_set_error: Object: "Rear left drilled rotor perforation.058", Modifier: "Weighted corner normals", Enable 'Auto Smooth' in Object Data Properties
ERROR (bke.modifier): C:\Users\blender\git\blender-v360\blender.git\source\blender\blenkernel\intern\modifier.cc:460 BKE_modifier_set_error: Object: "Rear left drilled rotor perforation.059", Modifier: "Weighted corner normals", Enable 'Auto Smooth' in Object Data Properties
ERROR (bke.modifier): C:\Users\blender\git\blender-v360\blender.git\source\blender\blenkernel\intern\modifier.cc:460 BKE_modifier_set_error: Object: "Rear left drilled rotor perforation.060", Modifier: "Weighted corner normals", Enable 'Auto Smooth' in Object Data Properties
ERROR (bke.modifier): C:\Users\blender\git\blender-v360\blender.git\source\blender\blenkernel\intern\modifier.cc:460 BKE_modifier_set_error: Object: "Rear left drilled rotor perforation.061", Modifier: "Weighted corner normals", Enable 'Auto Smooth' in Object Data Properties
ERROR (bke.modifier): C:\Users\blender\git\blender-v360\blender.git\source\blender\blenkernel\intern\modifier.cc:460 BKE_modifier_set_error: Object: "Rear left drilled rotor perforation.062", Modifier: "Weighted corner normals", Enable 'Auto Smooth' in Object Data Properties
ERROR (bke.modifier): C:\Users\blender\git\blender-v360\blender.git\source\blender\blenkernel\intern\modifier.cc:460 BKE_modifier_set_error: Object: "Rear left drilled rotor perforation.063", Modifier: "Weighted corner normals", Enable 'Auto Smooth' in Object Data Properties
ERROR (bke.modifier): C:\Users\blender\git\blender-v360\blender.git\source\blender\blenkernel\intern\modifier.cc:460 BKE_modifier_set_error: Object: "Rear left drilled rotor perforation.064", Modifier: "Weighted corner normals", Enable 'Auto Smooth' in Object Data Properties
ERROR (bke.modifier): C:\Users\blender\git\blender-v360\blender.git\source\blender\blenkernel\intern\modifier.cc:460 BKE_modifier_set_error: Object: "Rear left drilled rotor perforation.065", Modifier: "Weighted corner normals", Enable 'Auto Smooth' in Object Data Properties
ERROR (bke.modifier): C:\Users\blender\git\blender-v360\blender.git\source\blender\blenkernel\intern\modifier.cc:460 BKE_modifier_set_error: Object: "Rear left drilled rotor perforation.066", Modifier: "Weighted corner normals", Enable 'Auto Smooth' in Object Data Properties
ERROR (bke.modifier): C:\Users\blender\git\blender-v360\blender.git\source\blender\blenkernel\intern\modifier.cc:460 BKE_modifier_set_error: Object: "Rear left drilled rotor perforation.067", Modifier: "Weighted corner normals", Enable 'Auto Smooth' in Object Data Properties
ERROR (bke.modifier): C:\Users\blender\git\blender-v360\blender.git\source\blender\blenkernel\intern\modifier.cc:460 BKE_modifier_set_error: Object: "Rear left drilled rotor perforation.068", Modifier: "Weighted corner normals", Enable 'Auto Smooth' in Object Data Properties
ERROR (bke.modifier): C:\Users\blender\git\blender-v360\blender.git\source\blender\blenkernel\intern\modifier.cc:460 BKE_modifier_set_error: Object: "Rear left drilled rotor perforation.069", Modifier: "Weighted corner normals", Enable 'Auto Smooth' in Object Data Properties
ERROR (bke.modifier): C:\Users\blender\git\blender-v360\blender.git\source\blender\blenkernel\intern\modifier.cc:460 BKE_modifier_set_error: Object: "Rear left drilled rotor perforation.070", Modifier: "Weighted corner normals", Enable 'Auto Smooth' in Object Data Properties
ERROR (bke.modifier): C:\Users\blender\git\blender-v360\blender.git\source\blender\blenkernel\intern\modifier.cc:460 BKE_modifier_set_error: Object: "Rear left drilled rotor perforation.071", Modifier: "Weighted corner normals", Enable 'Auto Smooth' in Object Data Properties
ERROR (bke.modifier): C:\Users\blender\git\blender-v360\blender.git\source\blender\blenkernel\intern\modifier.cc:460 BKE_modifier_set_error: Object: "Rear left brake disc bell", Modifier: "Weighted corner normals", Enable 'Auto Smooth' in Object Data Properties
ERROR (bke.modifier): C:\Users\blender\git\blender-v360\blender.git\source\blender\blenkernel\intern\modifier.cc:460 BKE_modifier_set_error: Object: "Rear left black spoke pocket.009", Modifier: "Weighted corner normals", Enable 'Auto Smooth' in Object Data Properties
ERROR (bke.modifier): C:\Users\blender\git\blender-v360\blender.git\source\blender\blenkernel\intern\modifier.cc:460 BKE_modifier_set_error: Object: "Rear left machined split spoke.009", Modifier: "Weighted corner normals", Enable 'Auto Smooth' in Object Data Properties
ERROR (bke.modifier): C:\Users\blender\git\blender-v360\blender.git\source\blender\blenkernel\intern\modifier.cc:460 BKE_modifier_set_error: Object: "Rear left black spoke pocket.008", Modifier: "Weighted corner normals", Enable 'Auto Smooth' in Object Data Properties
ERROR (bke.modifier): C:\Users\blender\git\blender-v360\blender.git\source\blender\blenkernel\intern\modifier.cc:460 BKE_modifier_set_error: Object: "Rear left machined split spoke.008", Modifier: "Weighted corner normals", Enable 'Auto Smooth' in Object Data Properties
ERROR (bke.modifier): C:\Users\blender\git\blender-v360\blender.git\source\blender\blenkernel\intern\modifier.cc:460 BKE_modifier_set_error: Object: "Rear left yellow six-piston caliper", Modifier: "Weighted corner normals", Enable 'Auto Smooth' in Object Data Properties
ERROR (bke.modifier): C:\Users\blender\git\blender-v360\blender.git\source\blender\blenkernel\intern\modifier.cc:460 BKE_modifier_set_error: Object: "Rear left machined split spoke", Modifier: "Weighted corner normals", Enable 'Auto Smooth' in Object Data Properties
ERROR (bke.modifier): C:\Users\blender\git\blender-v360\blender.git\source\blender\blenkernel\intern\modifier.cc:460 BKE_modifier_set_error: Object: "Rear left black spoke pocket.007", Modifier: "Weighted corner normals", Enable 'Auto Smooth' in Object Data Properties
ERROR (bke.modifier): C:\Users\blender\git\blender-v360\blender.git\source\blender\blenkernel\intern\modifier.cc:460 BKE_modifier_set_error: Object: "Rear left machined split spoke.001", Modifier: "Weighted corner normals", Enable 'Auto Smooth' in Object Data Properties
ERROR (bke.modifier): C:\Users\blender\git\blender-v360\blender.git\source\blender\blenkernel\intern\modifier.cc:460 BKE_modifier_set_error: Object: "Rear left black spoke pocket", Modifier: "Weighted corner normals", Enable 'Auto Smooth' in Object Data Properties
ERROR (bke.modifier): C:\Users\blender\git\blender-v360\blender.git\source\blender\blenkernel\intern\modifier.cc:460 BKE_modifier_set_error: Object: "Rear left black spoke pocket.001", Modifier: "Weighted corner normals", Enable 'Auto Smooth' in Object Data Properties
ERROR (bke.modifier): C:\Users\blender\git\blender-v360\blender.git\source\blender\blenkernel\intern\modifier.cc:460 BKE_modifier_set_error: Object: "Rear left machined split spoke.007", Modifier: "Weighted corner normals", Enable 'Auto Smooth' in Object Data Properties
ERROR (bke.modifier): C:\Users\blender\git\blender-v360\blender.git\source\blender\blenkernel\intern\modifier.cc:460 BKE_modifier_set_error: Object: "Rear left machined split spoke.002", Modifier: "Weighted corner normals", Enable 'Auto Smooth' in Object Data Properties
ERROR (bke.modifier): C:\Users\blender\git\blender-v360\blender.git\source\blender\blenkernel\intern\modifier.cc:460 BKE_modifier_set_error: Object: "Rear left black spoke pocket.006", Modifier: "Weighted corner normals", Enable 'Auto Smooth' in Object Data Properties
ERROR (bke.modifier): C:\Users\blender\git\blender-v360\blender.git\source\blender\blenkernel\intern\modifier.cc:460 BKE_modifier_set_error: Object: "Rear left black spoke pocket.002", Modifier: "Weighted corner normals", Enable 'Auto Smooth' in Object Data Properties
ERROR (bke.modifier): C:\Users\blender\git\blender-v360\blender.git\source\blender\blenkernel\intern\modifier.cc:460 BKE_modifier_set_error: Object: "Rear left machined split spoke.003", Modifier: "Weighted corner normals", Enable 'Auto Smooth' in Object Data Properties
ERROR (bke.modifier): C:\Users\blender\git\blender-v360\blender.git\source\blender\blenkernel\intern\modifier.cc:460 BKE_modifier_set_error: Object: "Rear left black spoke pocket.003", Modifier: "Weighted corner normals", Enable 'Auto Smooth' in Object Data Properties
ERROR (bke.modifier): C:\Users\blender\git\blender-v360\blender.git\source\blender\blenkernel\intern\modifier.cc:460 BKE_modifier_set_error: Object: "Rear left machined split spoke.006", Modifier: "Weighted corner normals", Enable 'Auto Smooth' in Object Data Properties
ERROR (bke.modifier): C:\Users\blender\git\blender-v360\blender.git\source\blender\blenkernel\intern\modifier.cc:460 BKE_modifier_set_error: Object: "Rear left machined split spoke.004", Modifier: "Weighted corner normals", Enable 'Auto Smooth' in Object Data Properties
ERROR (bke.modifier): C:\Users\blender\git\blender-v360\blender.git\source\blender\blenkernel\intern\modifier.cc:460 BKE_modifier_set_error: Object: "Rear left black spoke pocket.004", Modifier: "Weighted corner normals", Enable 'Auto Smooth' in Object Data Properties
ERROR (bke.modifier): C:\Users\blender\git\blender-v360\blender.git\source\blender\blenkernel\intern\modifier.cc:460 BKE_modifier_set_error: Object: "Rear left black spoke pocket.005", Modifier: "Weighted corner normals", Enable 'Auto Smooth' in Object Data Properties
ERROR (bke.modifier): C:\Users\blender\git\blender-v360\blender.git\source\blender\blenkernel\intern\modifier.cc:460 BKE_modifier_set_error: Object: "Rear left machined split spoke.005", Modifier: "Weighted corner normals", Enable 'Auto Smooth' in Object Data Properties
ERROR (bke.modifier): C:\Users\blender\git\blender-v360\blender.git\source\blender\blenkernel\intern\modifier.cc:460 BKE_modifier_set_error: Object: "Rear left center hub", Modifier: "Weighted corner normals", Enable 'Auto Smooth' in Object Data Properties
ERROR (bke.modifier): C:\Users\blender\git\blender-v360\blender.git\source\blender\blenkernel\intern\modifier.cc:460 BKE_modifier_set_error: Object: "Rear left titanium lug nut", Modifier: "Weighted corner normals", Enable 'Auto Smooth' in Object Data Properties
ERROR (bke.modifier): C:\Users\blender\git\blender-v360\blender.git\source\blender\blenkernel\intern\modifier.cc:460 BKE_modifier_set_error: Object: "Rear left titanium lug nut.001", Modifier: "Weighted corner normals", Enable 'Auto Smooth' in Object Data Properties
ERROR (bke.modifier): C:\Users\blender\git\blender-v360\blender.git\source\blender\blenkernel\intern\modifier.cc:460 BKE_modifier_set_error: Object: "Rear left titanium lug nut.002", Modifier: "Weighted corner normals", Enable 'Auto Smooth' in Object Data Properties
ERROR (bke.modifier): C:\Users\blender\git\blender-v360\blender.git\source\blender\blenkernel\intern\modifier.cc:460 BKE_modifier_set_error: Object: "Rear left titanium lug nut.003", Modifier: "Weighted corner normals", Enable 'Auto Smooth' in Object Data Properties
ERROR (bke.modifier): C:\Users\blender\git\blender-v360\blender.git\source\blender\blenkernel\intern\modifier.cc:460 BKE_modifier_set_error: Object: "Rear left titanium lug nut.004", Modifier: "Weighted corner normals", Enable 'Auto Smooth' in Object Data Properties
ERROR (bke.modifier): C:\Users\blender\git\blender-v360\blender.git\source\blender\blenkernel\intern\modifier.cc:460 BKE_modifier_set_error: Object: "Rear left tire valve", Modifier: "Weighted corner normals", Enable 'Auto Smooth' in Object Data Properties
ERROR (bke.modifier): C:\Users\blender\git\blender-v360\blender.git\source\blender\blenkernel\intern\modifier.cc:460 BKE_modifier_set_error: Object: "Rear right brake rotor", Modifier: "Weighted corner normals", Enable 'Auto Smooth' in Object Data Properties
ERROR (bke.modifier): C:\Users\blender\git\blender-v360\blender.git\source\blender\blenkernel\intern\modifier.cc:460 BKE_modifier_set_error: Object: "Rear right drilled rotor perforation", Modifier: "Weighted corner normals", Enable 'Auto Smooth' in Object Data Properties
ERROR (bke.modifier): C:\Users\blender\git\blender-v360\blender.git\source\blender\blenkernel\intern\modifier.cc:460 BKE_modifier_set_error: Object: "Rear right drilled rotor perforation.001", Modifier: "Weighted corner normals", Enable 'Auto Smooth' in Object Data Properties
ERROR (bke.modifier): C:\Users\blender\git\blender-v360\blender.git\source\blender\blenkernel\intern\modifier.cc:460 BKE_modifier_set_error: Object: "Rear right drilled rotor perforation.002", Modifier: "Weighted corner normals", Enable 'Auto Smooth' in Object Data Properties
ERROR (bke.modifier): C:\Users\blender\git\blender-v360\blender.git\source\blender\blenkernel\intern\modifier.cc:460 BKE_modifier_set_error: Object: "Rear right drilled rotor perforation.003", Modifier: "Weighted corner normals", Enable 'Auto Smooth' in Object Data Properties
ERROR (bke.modifier): C:\Users\blender\git\blender-v360\blender.git\source\blender\blenkernel\intern\modifier.cc:460 BKE_modifier_set_error: Object: "Rear right drilled rotor perforation.004", Modifier: "Weighted corner normals", Enable 'Auto Smooth' in Object Data Properties
ERROR (bke.modifier): C:\Users\blender\git\blender-v360\blender.git\source\blender\blenkernel\intern\modifier.cc:460 BKE_modifier_set_error: Object: "Rear right drilled rotor perforation.005", Modifier: "Weighted corner normals", Enable 'Auto Smooth' in Object Data Properties
ERROR (bke.modifier): C:\Users\blender\git\blender-v360\blender.git\source\blender\blenkernel\intern\modifier.cc:460 BKE_modifier_set_error: Object: "Rear right drilled rotor perforation.006", Modifier: "Weighted corner normals", Enable 'Auto Smooth' in Object Data Properties
ERROR (bke.modifier): C:\Users\blender\git\blender-v360\blender.git\source\blender\blenkernel\intern\modifier.cc:460 BKE_modifier_set_error: Object: "Rear right drilled rotor perforation.007", Modifier: "Weighted corner normals", Enable 'Auto Smooth' in Object Data Properties
ERROR (bke.modifier): C:\Users\blender\git\blender-v360\blender.git\source\blender\blenkernel\intern\modifier.cc:460 BKE_modifier_set_error: Object: "Rear right drilled rotor perforation.008", Modifier: "Weighted corner normals", Enable 'Auto Smooth' in Object Data Properties
ERROR (bke.modifier): C:\Users\blender\git\blender-v360\blender.git\source\blender\blenkernel\intern\modifier.cc:460 BKE_modifier_set_error: Object: "Rear right drilled rotor perforation.009", Modifier: "Weighted corner normals", Enable 'Auto Smooth' in Object Data Properties
ERROR (bke.modifier): C:\Users\blender\git\blender-v360\blender.git\source\blender\blenkernel\intern\modifier.cc:460 BKE_modifier_set_error: Object: "Rear right drilled rotor perforation.010", Modifier: "Weighted corner normals", Enable 'Auto Smooth' in Object Data Properties
ERROR (bke.modifier): C:\Users\blender\git\blender-v360\blender.git\source\blender\blenkernel\intern\modifier.cc:460 BKE_modifier_set_error: Object: "Rear right drilled rotor perforation.011", Modifier: "Weighted corner normals", Enable 'Auto Smooth' in Object Data Properties
ERROR (bke.modifier): C:\Users\blender\git\blender-v360\blender.git\source\blender\blenkernel\intern\modifier.cc:460 BKE_modifier_set_error: Object: "Rear right drilled rotor perforation.012", Modifier: "Weighted corner normals", Enable 'Auto Smooth' in Object Data Properties
ERROR (bke.modifier): C:\Users\blender\git\blender-v360\blender.git\source\blender\blenkernel\intern\modifier.cc:460 BKE_modifier_set_error: Object: "Rear right drilled rotor perforation.013", Modifier: "Weighted corner normals", Enable 'Auto Smooth' in Object Data Properties
ERROR (bke.modifier): C:\Users\blender\git\blender-v360\blender.git\source\blender\blenkernel\intern\modifier.cc:460 BKE_modifier_set_error: Object: "Rear right drilled rotor perforation.014", Modifier: "Weighted corner normals", Enable 'Auto Smooth' in Object Data Properties
ERROR (bke.modifier): C:\Users\blender\git\blender-v360\blender.git\source\blender\blenkernel\intern\modifier.cc:460 BKE_modifier_set_error: Object: "Rear right drilled rotor perforation.015", Modifier: "Weighted corner normals", Enable 'Auto Smooth' in Object Data Properties
ERROR (bke.modifier): C:\Users\blender\git\blender-v360\blender.git\source\blender\blenkernel\intern\modifier.cc:460 BKE_modifier_set_error: Object: "Rear right drilled rotor perforation.016", Modifier: "Weighted corner normals", Enable 'Auto Smooth' in Object Data Properties
ERROR (bke.modifier): C:\Users\blender\git\blender-v360\blender.git\source\blender\blenkernel\intern\modifier.cc:460 BKE_modifier_set_error: Object: "Rear right drilled rotor perforation.017", Modifier: "Weighted corner normals", Enable 'Auto Smooth' in Object Data Properties
ERROR (bke.modifier): C:\Users\blender\git\blender-v360\blender.git\source\blender\blenkernel\intern\modifier.cc:460 BKE_modifier_set_error: Object: "Rear right drilled rotor perforation.018", Modifier: "Weighted corner normals", Enable 'Auto Smooth' in Object Data Properties
ERROR (bke.modifier): C:\Users\blender\git\blender-v360\blender.git\source\blender\blenkernel\intern\modifier.cc:460 BKE_modifier_set_error: Object: "Rear right drilled rotor perforation.019", Modifier: "Weighted corner normals", Enable 'Auto Smooth' in Object Data Properties
ERROR (bke.modifier): C:\Users\blender\git\blender-v360\blender.git\source\blender\blenkernel\intern\modifier.cc:460 BKE_modifier_set_error: Object: "Rear right drilled rotor perforation.020", Modifier: "Weighted corner normals", Enable 'Auto Smooth' in Object Data Properties
ERROR (bke.modifier): C:\Users\blender\git\blender-v360\blender.git\source\blender\blenkernel\intern\modifier.cc:460 BKE_modifier_set_error: Object: "Rear right drilled rotor perforation.021", Modifier: "Weighted corner normals", Enable 'Auto Smooth' in Object Data Properties
ERROR (bke.modifier): C:\Users\blender\git\blender-v360\blender.git\source\blender\blenkernel\intern\modifier.cc:460 BKE_modifier_set_error: Object: "Rear right drilled rotor perforation.022", Modifier: "Weighted corner normals", Enable 'Auto Smooth' in Object Data Properties
ERROR (bke.modifier): C:\Users\blender\git\blender-v360\blender.git\source\blender\blenkernel\intern\modifier.cc:460 BKE_modifier_set_error: Object: "Rear right drilled rotor perforation.023", Modifier: "Weighted corner normals", Enable 'Auto Smooth' in Object Data Properties
ERROR (bke.modifier): C:\Users\blender\git\blender-v360\blender.git\source\blender\blenkernel\intern\modifier.cc:460 BKE_modifier_set_error: Object: "Rear right drilled rotor perforation.024", Modifier: "Weighted corner normals", Enable 'Auto Smooth' in Object Data Properties
ERROR (bke.modifier): C:\Users\blender\git\blender-v360\blender.git\source\blender\blenkernel\intern\modifier.cc:460 BKE_modifier_set_error: Object: "Rear right drilled rotor perforation.025", Modifier: "Weighted corner normals", Enable 'Auto Smooth' in Object Data Properties
ERROR (bke.modifier): C:\Users\blender\git\blender-v360\blender.git\source\blender\blenkernel\intern\modifier.cc:460 BKE_modifier_set_error: Object: "Rear right drilled rotor perforation.026", Modifier: "Weighted corner normals", Enable 'Auto Smooth' in Object Data Properties
ERROR (bke.modifier): C:\Users\blender\git\blender-v360\blender.git\source\blender\blenkernel\intern\modifier.cc:460 BKE_modifier_set_error: Object: "Rear right drilled rotor perforation.027", Modifier: "Weighted corner normals", Enable 'Auto Smooth' in Object Data Properties
ERROR (bke.modifier): C:\Users\blender\git\blender-v360\blender.git\source\blender\blenkernel\intern\modifier.cc:460 BKE_modifier_set_error: Object: "Rear right drilled rotor perforation.028", Modifier: "Weighted corner normals", Enable 'Auto Smooth' in Object Data Properties
ERROR (bke.modifier): C:\Users\blender\git\blender-v360\blender.git\source\blender\blenkernel\intern\modifier.cc:460 BKE_modifier_set_error: Object: "Rear right drilled rotor perforation.029", Modifier: "Weighted corner normals", Enable 'Auto Smooth' in Object Data Properties
ERROR (bke.modifier): C:\Users\blender\git\blender-v360\blender.git\source\blender\blenkernel\intern\modifier.cc:460 BKE_modifier_set_error: Object: "Rear right drilled rotor perforation.030", Modifier: "Weighted corner normals", Enable 'Auto Smooth' in Object Data Properties
ERROR (bke.modifier): C:\Users\blender\git\blender-v360\blender.git\source\blender\blenkernel\intern\modifier.cc:460 BKE_modifier_set_error: Object: "Rear right drilled rotor perforation.031", Modifier: "Weighted corner normals", Enable 'Auto Smooth' in Object Data Properties
ERROR (bke.modifier): C:\Users\blender\git\blender-v360\blender.git\source\blender\blenkernel\intern\modifier.cc:460 BKE_modifier_set_error: Object: "Rear right drilled rotor perforation.032", Modifier: "Weighted corner normals", Enable 'Auto Smooth' in Object Data Properties
ERROR (bke.modifier): C:\Users\blender\git\blender-v360\blender.git\source\blender\blenkernel\intern\modifier.cc:460 BKE_modifier_set_error: Object: "Rear right drilled rotor perforation.033", Modifier: "Weighted corner normals", Enable 'Auto Smooth' in Object Data Properties
ERROR (bke.modifier): C:\Users\blender\git\blender-v360\blender.git\source\blender\blenkernel\intern\modifier.cc:460 BKE_modifier_set_error: Object: "Rear right drilled rotor perforation.034", Modifier: "Weighted corner normals", Enable 'Auto Smooth' in Object Data Properties
ERROR (bke.modifier): C:\Users\blender\git\blender-v360\blender.git\source\blender\blenkernel\intern\modifier.cc:460 BKE_modifier_set_error: Object: "Rear right drilled rotor perforation.035", Modifier: "Weighted corner normals", Enable 'Auto Smooth' in Object Data Properties
ERROR (bke.modifier): C:\Users\blender\git\blender-v360\blender.git\source\blender\blenkernel\intern\modifier.cc:460 BKE_modifier_set_error: Object: "Rear right drilled rotor perforation.036", Modifier: "Weighted corner normals", Enable 'Auto Smooth' in Object Data Properties
ERROR (bke.modifier): C:\Users\blender\git\blender-v360\blender.git\source\blender\blenkernel\intern\modifier.cc:460 BKE_modifier_set_error: Object: "Rear right drilled rotor perforation.037", Modifier: "Weighted corner normals", Enable 'Auto Smooth' in Object Data Properties
ERROR (bke.modifier): C:\Users\blender\git\blender-v360\blender.git\source\blender\blenkernel\intern\modifier.cc:460 BKE_modifier_set_error: Object: "Rear right drilled rotor perforation.038", Modifier: "Weighted corner normals", Enable 'Auto Smooth' in Object Data Properties
ERROR (bke.modifier): C:\Users\blender\git\blender-v360\blender.git\source\blender\blenkernel\intern\modifier.cc:460 BKE_modifier_set_error: Object: "Rear right drilled rotor perforation.039", Modifier: "Weighted corner normals", Enable 'Auto Smooth' in Object Data Properties
ERROR (bke.modifier): C:\Users\blender\git\blender-v360\blender.git\source\blender\blenkernel\intern\modifier.cc:460 BKE_modifier_set_error: Object: "Rear right drilled rotor perforation.040", Modifier: "Weighted corner normals", Enable 'Auto Smooth' in Object Data Properties
ERROR (bke.modifier): C:\Users\blender\git\blender-v360\blender.git\source\blender\blenkernel\intern\modifier.cc:460 BKE_modifier_set_error: Object: "Rear right drilled rotor perforation.041", Modifier: "Weighted corner normals", Enable 'Auto Smooth' in Object Data Properties
ERROR (bke.modifier): C:\Users\blender\git\blender-v360\blender.git\source\blender\blenkernel\intern\modifier.cc:460 BKE_modifier_set_error: Object: "Rear right drilled rotor perforation.042", Modifier: "Weighted corner normals", Enable 'Auto Smooth' in Object Data Properties
ERROR (bke.modifier): C:\Users\blender\git\blender-v360\blender.git\source\blender\blenkernel\intern\modifier.cc:460 BKE_modifier_set_error: Object: "Rear right drilled rotor perforation.043", Modifier: "Weighted corner normals", Enable 'Auto Smooth' in Object Data Properties
ERROR (bke.modifier): C:\Users\blender\git\blender-v360\blender.git\source\blender\blenkernel\intern\modifier.cc:460 BKE_modifier_set_error: Object: "Rear right drilled rotor perforation.044", Modifier: "Weighted corner normals", Enable 'Auto Smooth' in Object Data Properties
ERROR (bke.modifier): C:\Users\blender\git\blender-v360\blender.git\source\blender\blenkernel\intern\modifier.cc:460 BKE_modifier_set_error: Object: "Rear right drilled rotor perforation.045", Modifier: "Weighted corner normals", Enable 'Auto Smooth' in Object Data Properties
ERROR (bke.modifier): C:\Users\blender\git\blender-v360\blender.git\source\blender\blenkernel\intern\modifier.cc:460 BKE_modifier_set_error: Object: "Rear right drilled rotor perforation.046", Modifier: "Weighted corner normals", Enable 'Auto Smooth' in Object Data Properties
ERROR (bke.modifier): C:\Users\blender\git\blender-v360\blender.git\source\blender\blenkernel\intern\modifier.cc:460 BKE_modifier_set_error: Object: "Rear right drilled rotor perforation.047", Modifier: "Weighted corner normals", Enable 'Auto Smooth' in Object Data Properties
ERROR (bke.modifier): C:\Users\blender\git\blender-v360\blender.git\source\blender\blenkernel\intern\modifier.cc:460 BKE_modifier_set_error: Object: "Rear right drilled rotor perforation.048", Modifier: "Weighted corner normals", Enable 'Auto Smooth' in Object Data Properties
ERROR (bke.modifier): C:\Users\blender\git\blender-v360\blender.git\source\blender\blenkernel\intern\modifier.cc:460 BKE_modifier_set_error: Object: "Rear right drilled rotor perforation.049", Modifier: "Weighted corner normals", Enable 'Auto Smooth' in Object Data Properties
ERROR (bke.modifier): C:\Users\blender\git\blender-v360\blender.git\source\blender\blenkernel\intern\modifier.cc:460 BKE_modifier_set_error: Object: "Rear right drilled rotor perforation.050", Modifier: "Weighted corner normals", Enable 'Auto Smooth' in Object Data Properties
ERROR (bke.modifier): C:\Users\blender\git\blender-v360\blender.git\source\blender\blenkernel\intern\modifier.cc:460 BKE_modifier_set_error: Object: "Rear right drilled rotor perforation.051", Modifier: "Weighted corner normals", Enable 'Auto Smooth' in Object Data Properties
ERROR (bke.modifier): C:\Users\blender\git\blender-v360\blender.git\source\blender\blenkernel\intern\modifier.cc:460 BKE_modifier_set_error: Object: "Rear right drilled rotor perforation.052", Modifier: "Weighted corner normals", Enable 'Auto Smooth' in Object Data Properties
ERROR (bke.modifier): C:\Users\blender\git\blender-v360\blender.git\source\blender\blenkernel\intern\modifier.cc:460 BKE_modifier_set_error: Object: "Rear right drilled rotor perforation.053", Modifier: "Weighted corner normals", Enable 'Auto Smooth' in Object Data Properties
ERROR (bke.modifier): C:\Users\blender\git\blender-v360\blender.git\source\blender\blenkernel\intern\modifier.cc:460 BKE_modifier_set_error: Object: "Rear right drilled rotor perforation.054", Modifier: "Weighted corner normals", Enable 'Auto Smooth' in Object Data Properties
ERROR (bke.modifier): C:\Users\blender\git\blender-v360\blender.git\source\blender\blenkernel\intern\modifier.cc:460 BKE_modifier_set_error: Object: "Rear right drilled rotor perforation.055", Modifier: "Weighted corner normals", Enable 'Auto Smooth' in Object Data Properties
ERROR (bke.modifier): C:\Users\blender\git\blender-v360\blender.git\source\blender\blenkernel\intern\modifier.cc:460 BKE_modifier_set_error: Object: "Rear right drilled rotor perforation.056", Modifier: "Weighted corner normals", Enable 'Auto Smooth' in Object Data Properties
ERROR (bke.modifier): C:\Users\blender\git\blender-v360\blender.git\source\blender\blenkernel\intern\modifier.cc:460 BKE_modifier_set_error: Object: "Rear right drilled rotor perforation.057", Modifier: "Weighted corner normals", Enable 'Auto Smooth' in Object Data Properties
ERROR (bke.modifier): C:\Users\blender\git\blender-v360\blender.git\source\blender\blenkernel\intern\modifier.cc:460 BKE_modifier_set_error: Object: "Rear right drilled rotor perforation.058", Modifier: "Weighted corner normals", Enable 'Auto Smooth' in Object Data Properties
ERROR (bke.modifier): C:\Users\blender\git\blender-v360\blender.git\source\blender\blenkernel\intern\modifier.cc:460 BKE_modifier_set_error: Object: "Rear right drilled rotor perforation.059", Modifier: "Weighted corner normals", Enable 'Auto Smooth' in Object Data Properties
ERROR (bke.modifier): C:\Users\blender\git\blender-v360\blender.git\source\blender\blenkernel\intern\modifier.cc:460 BKE_modifier_set_error: Object: "Rear right drilled rotor perforation.060", Modifier: "Weighted corner normals", Enable 'Auto Smooth' in Object Data Properties
ERROR (bke.modifier): C:\Users\blender\git\blender-v360\blender.git\source\blender\blenkernel\intern\modifier.cc:460 BKE_modifier_set_error: Object: "Rear right drilled rotor perforation.061", Modifier: "Weighted corner normals", Enable 'Auto Smooth' in Object Data Properties
ERROR (bke.modifier): C:\Users\blender\git\blender-v360\blender.git\source\blender\blenkernel\intern\modifier.cc:460 BKE_modifier_set_error: Object: "Rear right drilled rotor perforation.062", Modifier: "Weighted corner normals", Enable 'Auto Smooth' in Object Data Properties
ERROR (bke.modifier): C:\Users\blender\git\blender-v360\blender.git\source\blender\blenkernel\intern\modifier.cc:460 BKE_modifier_set_error: Object: "Rear right drilled rotor perforation.063", Modifier: "Weighted corner normals", Enable 'Auto Smooth' in Object Data Properties
ERROR (bke.modifier): C:\Users\blender\git\blender-v360\blender.git\source\blender\blenkernel\intern\modifier.cc:460 BKE_modifier_set_error: Object: "Rear right drilled rotor perforation.064", Modifier: "Weighted corner normals", Enable 'Auto Smooth' in Object Data Properties
ERROR (bke.modifier): C:\Users\blender\git\blender-v360\blender.git\source\blender\blenkernel\intern\modifier.cc:460 BKE_modifier_set_error: Object: "Rear right drilled rotor perforation.065", Modifier: "Weighted corner normals", Enable 'Auto Smooth' in Object Data Properties
ERROR (bke.modifier): C:\Users\blender\git\blender-v360\blender.git\source\blender\blenkernel\intern\modifier.cc:460 BKE_modifier_set_error: Object: "Rear right drilled rotor perforation.066", Modifier: "Weighted corner normals", Enable 'Auto Smooth' in Object Data Properties
ERROR (bke.modifier): C:\Users\blender\git\blender-v360\blender.git\source\blender\blenkernel\intern\modifier.cc:460 BKE_modifier_set_error: Object: "Rear right drilled rotor perforation.067", Modifier: "Weighted corner normals", Enable 'Auto Smooth' in Object Data Properties
ERROR (bke.modifier): C:\Users\blender\git\blender-v360\blender.git\source\blender\blenkernel\intern\modifier.cc:460 BKE_modifier_set_error: Object: "Rear right drilled rotor perforation.068", Modifier: "Weighted corner normals", Enable 'Auto Smooth' in Object Data Properties
ERROR (bke.modifier): C:\Users\blender\git\blender-v360\blender.git\source\blender\blenkernel\intern\modifier.cc:460 BKE_modifier_set_error: Object: "Rear right drilled rotor perforation.069", Modifier: "Weighted corner normals", Enable 'Auto Smooth' in Object Data Properties
ERROR (bke.modifier): C:\Users\blender\git\blender-v360\blender.git\source\blender\blenkernel\intern\modifier.cc:460 BKE_modifier_set_error: Object: "Rear right drilled rotor perforation.070", Modifier: "Weighted corner normals", Enable 'Auto Smooth' in Object Data Properties
ERROR (bke.modifier): C:\Users\blender\git\blender-v360\blender.git\source\blender\blenkernel\intern\modifier.cc:460 BKE_modifier_set_error: Object: "Rear right drilled rotor perforation.071", Modifier: "Weighted corner normals", Enable 'Auto Smooth' in Object Data Properties
ERROR (bke.modifier): C:\Users\blender\git\blender-v360\blender.git\source\blender\blenkernel\intern\modifier.cc:460 BKE_modifier_set_error: Object: "Rear right brake disc bell", Modifier: "Weighted corner normals", Enable 'Auto Smooth' in Object Data Properties
ERROR (bke.modifier): C:\Users\blender\git\blender-v360\blender.git\source\blender\blenkernel\intern\modifier.cc:460 BKE_modifier_set_error: Object: "Rear right yellow six-piston caliper", Modifier: "Weighted corner normals", Enable 'Auto Smooth' in Object Data Properties
ERROR (bke.modifier): C:\Users\blender\git\blender-v360\blender.git\source\blender\blenkernel\intern\modifier.cc:460 BKE_modifier_set_error: Object: "Rear right machined split spoke", Modifier: "Weighted corner normals", Enable 'Auto Smooth' in Object Data Properties
ERROR (bke.modifier): C:\Users\blender\git\blender-v360\blender.git\source\blender\blenkernel\intern\modifier.cc:460 BKE_modifier_set_error: Object: "Rear right black spoke pocket", Modifier: "Weighted corner normals", Enable 'Auto Smooth' in Object Data Properties
ERROR (bke.modifier): C:\Users\blender\git\blender-v360\blender.git\source\blender\blenkernel\intern\modifier.cc:460 BKE_modifier_set_error: Object: "Rear right machined split spoke.001", Modifier: "Weighted corner normals", Enable 'Auto Smooth' in Object Data Properties
ERROR (bke.modifier): C:\Users\blender\git\blender-v360\blender.git\source\blender\blenkernel\intern\modifier.cc:460 BKE_modifier_set_error: Object: "Rear right black spoke pocket.009", Modifier: "Weighted corner normals", Enable 'Auto Smooth' in Object Data Properties
ERROR (bke.modifier): C:\Users\blender\git\blender-v360\blender.git\source\blender\blenkernel\intern\modifier.cc:460 BKE_modifier_set_error: Object: "Rear right black spoke pocket.001", Modifier: "Weighted corner normals", Enable 'Auto Smooth' in Object Data Properties
ERROR (bke.modifier): C:\Users\blender\git\blender-v360\blender.git\source\blender\blenkernel\intern\modifier.cc:460 BKE_modifier_set_error: Object: "Rear right machined split spoke.002", Modifier: "Weighted corner normals", Enable 'Auto Smooth' in Object Data Properties
ERROR (bke.modifier): C:\Users\blender\git\blender-v360\blender.git\source\blender\blenkernel\intern\modifier.cc:460 BKE_modifier_set_error: Object: "Rear right black spoke pocket.002", Modifier: "Weighted corner normals", Enable 'Auto Smooth' in Object Data Properties
ERROR (bke.modifier): C:\Users\blender\git\blender-v360\blender.git\source\blender\blenkernel\intern\modifier.cc:460 BKE_modifier_set_error: Object: "Rear right black spoke pocket.003", Modifier: "Weighted corner normals", Enable 'Auto Smooth' in Object Data Properties
ERROR (bke.modifier): C:\Users\blender\git\blender-v360\blender.git\source\blender\blenkernel\intern\modifier.cc:460 BKE_modifier_set_error: Object: "Rear right black spoke pocket.004", Modifier: "Weighted corner normals", Enable 'Auto Smooth' in Object Data Properties
ERROR (bke.modifier): C:\Users\blender\git\blender-v360\blender.git\source\blender\blenkernel\intern\modifier.cc:460 BKE_modifier_set_error: Object: "Rear right machined split spoke.004", Modifier: "Weighted corner normals", Enable 'Auto Smooth' in Object Data Properties
ERROR (bke.modifier): C:\Users\blender\git\blender-v360\blender.git\source\blender\blenkernel\intern\modifier.cc:460 BKE_modifier_set_error: Object: "Rear right machined split spoke.005", Modifier: "Weighted corner normals", Enable 'Auto Smooth' in Object Data Properties
ERROR (bke.modifier): C:\Users\blender\git\blender-v360\blender.git\source\blender\blenkernel\intern\modifier.cc:460 BKE_modifier_set_error: Object: "Rear right machined split spoke.003", Modifier: "Weighted corner normals", Enable 'Auto Smooth' in Object Data Properties
ERROR (bke.modifier): C:\Users\blender\git\blender-v360\blender.git\source\blender\blenkernel\intern\modifier.cc:460 BKE_modifier_set_error: Object: "Rear right machined split spoke.006", Modifier: "Weighted corner normals", Enable 'Auto Smooth' in Object Data Properties
ERROR (bke.modifier): C:\Users\blender\git\blender-v360\blender.git\source\blender\blenkernel\intern\modifier.cc:460 BKE_modifier_set_error: Object: "Rear right black spoke pocket.006", Modifier: "Weighted corner normals", Enable 'Auto Smooth' in Object Data Properties
ERROR (bke.modifier): C:\Users\blender\git\blender-v360\blender.git\source\blender\blenkernel\intern\modifier.cc:460 BKE_modifier_set_error: Object: "Rear right black spoke pocket.007", Modifier: "Weighted corner normals", Enable 'Auto Smooth' in Object Data Properties
ERROR (bke.modifier): C:\Users\blender\git\blender-v360\blender.git\source\blender\blenkernel\intern\modifier.cc:460 BKE_modifier_set_error: Object: "Rear right machined split spoke.007", Modifier: "Weighted corner normals", Enable 'Auto Smooth' in Object Data Properties
ERROR (bke.modifier): C:\Users\blender\git\blender-v360\blender.git\source\blender\blenkernel\intern\modifier.cc:460 BKE_modifier_set_error: Object: "Rear right machined split spoke.008", Modifier: "Weighted corner normals", Enable 'Auto Smooth' in Object Data Properties
ERROR (bke.modifier): C:\Users\blender\git\blender-v360\blender.git\source\blender\blenkernel\intern\modifier.cc:460 BKE_modifier_set_error: Object: "Rear right black spoke pocket.005", Modifier: "Weighted corner normals", Enable 'Auto Smooth' in Object Data Properties
ERROR (bke.modifier): C:\Users\blender\git\blender-v360\blender.git\source\blender\blenkernel\intern\modifier.cc:460 BKE_modifier_set_error: Object: "Rear right black spoke pocket.008", Modifier: "Weighted corner normals", Enable 'Auto Smooth' in Object Data Properties
ERROR (bke.modifier): C:\Users\blender\git\blender-v360\blender.git\source\blender\blenkernel\intern\modifier.cc:460 BKE_modifier_set_error: Object: "Rear right machined split spoke.009", Modifier: "Weighted corner normals", Enable 'Auto Smooth' in Object Data Properties
ERROR (bke.modifier): C:\Users\blender\git\blender-v360\blender.git\source\blender\blenkernel\intern\modifier.cc:460 BKE_modifier_set_error: Object: "Rear right center hub", Modifier: "Weighted corner normals", Enable 'Auto Smooth' in Object Data Properties
ERROR (bke.modifier): C:\Users\blender\git\blender-v360\blender.git\source\blender\blenkernel\intern\modifier.cc:460 BKE_modifier_set_error: Object: "Rear right titanium lug nut", Modifier: "Weighted corner normals", Enable 'Auto Smooth' in Object Data Properties
ERROR (bke.modifier): C:\Users\blender\git\blender-v360\blender.git\source\blender\blenkernel\intern\modifier.cc:460 BKE_modifier_set_error: Object: "Rear right titanium lug nut.001", Modifier: "Weighted corner normals", Enable 'Auto Smooth' in Object Data Properties
ERROR (bke.modifier): C:\Users\blender\git\blender-v360\blender.git\source\blender\blenkernel\intern\modifier.cc:460 BKE_modifier_set_error: Object: "Rear right titanium lug nut.002", Modifier: "Weighted corner normals", Enable 'Auto Smooth' in Object Data Properties
ERROR (bke.modifier): C:\Users\blender\git\blender-v360\blender.git\source\blender\blenkernel\intern\modifier.cc:460 BKE_modifier_set_error: Object: "Rear right titanium lug nut.003", Modifier: "Weighted corner normals", Enable 'Auto Smooth' in Object Data Properties
ERROR (bke.modifier): C:\Users\blender\git\blender-v360\blender.git\source\blender\blenkernel\intern\modifier.cc:460 BKE_modifier_set_error: Object: "Rear right titanium lug nut.004", Modifier: "Weighted corner normals", Enable 'Auto Smooth' in Object Data Properties
ERROR (bke.modifier): C:\Users\blender\git\blender-v360\blender.git\source\blender\blenkernel\intern\modifier.cc:460 BKE_modifier_set_error: Object: "Rear right tire valve", Modifier: "Weighted corner normals", Enable 'Auto Smooth' in Object Data Properties
ERROR (bke.modifier): C:\Users\blender\git\blender-v360\blender.git\source\blender\blenkernel\intern\modifier.cc:460 BKE_modifier_set_error: Object: "Dark cabin tub", Modifier: "Weighted corner normals", Enable 'Auto Smooth' in Object Data Properties
ERROR (bke.modifier): C:\Users\blender\git\blender-v360\blender.git\source\blender\blenkernel\intern\modifier.cc:460 BKE_modifier_set_error: Object: "Seat cushion", Modifier: "Weighted corner normals", Enable 'Auto Smooth' in Object Data Properties
ERROR (bke.modifier): C:\Users\blender\git\blender-v360\blender.git\source\blender\blenkernel\intern\modifier.cc:460 BKE_modifier_set_error: Object: "Contoured seat back", Modifier: "Weighted corner normals", Enable 'Auto Smooth' in Object Data Properties
ERROR (bke.modifier): C:\Users\blender\git\blender-v360\blender.git\source\blender\blenkernel\intern\modifier.cc:460 BKE_modifier_set_error: Object: "Integrated head restraint", Modifier: "Weighted corner normals", Enable 'Auto Smooth' in Object Data Properties
ERROR (bke.modifier): C:\Users\blender\git\blender-v360\blender.git\source\blender\blenkernel\intern\modifier.cc:460 BKE_modifier_set_error: Object: "Seat cushion.001", Modifier: "Weighted corner normals", Enable 'Auto Smooth' in Object Data Properties
ERROR (bke.modifier): C:\Users\blender\git\blender-v360\blender.git\source\blender\blenkernel\intern\modifier.cc:460 BKE_modifier_set_error: Object: "Contoured seat back", Modifier: "Weighted corner normals", Enable 'Auto Smooth' in Object Data Properties
ERROR (bke.modifier): C:\Users\blender\git\blender-v360\blender.git\source\blender\blenkernel\intern\modifier.cc:460 BKE_modifier_set_error: Object: "Integrated head restraint.001", Modifier: "Weighted corner normals", Enable 'Auto Smooth' in Object Data Properties
ERROR (bke.modifier): C:\Users\blender\git\blender-v360\blender.git\source\blender\blenkernel\intern\modifier.cc:460 BKE_modifier_set_error: Object: "Seat cushion.002", Modifier: "Weighted corner normals", Enable 'Auto Smooth' in Object Data Properties
ERROR (bke.modifier): C:\Users\blender\git\blender-v360\blender.git\source\blender\blenkernel\intern\modifier.cc:460 BKE_modifier_set_error: Object: "Contoured seat back", Modifier: "Weighted corner normals", Enable 'Auto Smooth' in Object Data Properties
ERROR (bke.modifier): C:\Users\blender\git\blender-v360\blender.git\source\blender\blenkernel\intern\modifier.cc:460 BKE_modifier_set_error: Object: "Integrated head restraint.002", Modifier: "Weighted corner normals", Enable 'Auto Smooth' in Object Data Properties
ERROR (bke.modifier): C:\Users\blender\git\blender-v360\blender.git\source\blender\blenkernel\intern\modifier.cc:460 BKE_modifier_set_error: Object: "Seat cushion.003", Modifier: "Weighted corner normals", Enable 'Auto Smooth' in Object Data Properties
ERROR (bke.modifier): C:\Users\blender\git\blender-v360\blender.git\source\blender\blenkernel\intern\modifier.cc:460 BKE_modifier_set_error: Object: "Contoured seat back", Modifier: "Weighted corner normals", Enable 'Auto Smooth' in Object Data Properties
ERROR (bke.modifier): C:\Users\blender\git\blender-v360\blender.git\source\blender\blenkernel\intern\modifier.cc:460 BKE_modifier_set_error: Object: "Integrated head restraint.003", Modifier: "Weighted corner normals", Enable 'Auto Smooth' in Object Data Properties
ERROR (bke.modifier): C:\Users\blender\git\blender-v360\blender.git\source\blender\blenkernel\intern\modifier.cc:460 BKE_modifier_set_error: Object: "Dashboard", Modifier: "Weighted corner normals", Enable 'Auto Smooth' in Object Data Properties
ERROR (bke.modifier): C:\Users\blender\git\blender-v360\blender.git\source\blender\blenkernel\intern\modifier.cc:460 BKE_modifier_set_error: Object: "Dashboard center screen", Modifier: "Weighted corner normals", Enable 'Auto Smooth' in Object Data Properties
ERROR (bke.modifier): C:\Users\blender\git\blender-v360\blender.git\source\blender\blenkernel\intern\modifier.cc:460 BKE_modifier_set_error: Object: "Screen glass", Modifier: "Weighted corner normals", Enable 'Auto Smooth' in Object Data Properties
ERROR (bke.modifier): C:\Users\blender\git\blender-v360\blender.git\source\blender\blenkernel\intern\modifier.cc:460 BKE_modifier_set_error: Object: "Steering center", Modifier: "Weighted corner normals", Enable 'Auto Smooth' in Object Data Properties
ERROR (bke.modifier): C:\Users\blender\git\blender-v360\blender.git\source\blender\blenkernel\intern\modifier.cc:460 BKE_modifier_set_error: Object: "Center tunnel", Modifier: "Weighted corner normals", Enable 'Auto Smooth' in Object Data Properties
ERROR (bke.modifier): C:\Users\blender\git\blender-v360\blender.git\source\blender\blenkernel\intern\modifier.cc:460 BKE_modifier_set_error: Object: "Cup holder", Modifier: "Weighted corner normals", Enable 'Auto Smooth' in Object Data Properties
ERROR (bke.modifier): C:\Users\blender\git\blender-v360\blender.git\source\blender\blenkernel\intern\modifier.cc:460 BKE_modifier_set_error: Object: "Cup holder", Modifier: "Weighted corner normals", Enable 'Auto Smooth' in Object Data Properties
ERROR (bke.modifier): C:\Users\blender\git\blender-v360\blender.git\source\blender\blenkernel\intern\modifier.cc:460 BKE_modifier_set_error: Object: "Flat aerodynamic underfloor", Modifier: "Weighted corner normals", Enable 'Auto Smooth' in Object Data Properties
ERROR (bke.modifier): C:\Users\blender\git\blender-v360\blender.git\source\blender\blenkernel\intern\modifier.cc:460 BKE_modifier_set_error: Object: "Front right drilled rotor perforation.058", Modifier: "Weighted corner normals", Enable 'Auto Smooth' in Object Data Properties
ERROR (bke.modifier): C:\Users\blender\git\blender-v360\blender.git\source\blender\blenkernel\intern\modifier.cc:460 BKE_modifier_set_error: Object: "Front right drilled rotor perforation.060", Modifier: "Weighted corner normals", Enable 'Auto Smooth' in Object Data Properties
ERROR (bke.modifier): C:\Users\blender\git\blender-v360\blender.git\source\blender\blenkernel\intern\modifier.cc:460 BKE_modifier_set_error: Object: "Front right drilled rotor perforation.059", Modifier: "Weighted corner normals", Enable 'Auto Smooth' in Object Data Properties
ERROR (bke.modifier): C:\Users\blender\git\blender-v360\blender.git\source\blender\blenkernel\intern\modifier.cc:460 BKE_modifier_set_error: Object: "Front right drilled rotor perforation.061", Modifier: "Weighted corner normals", Enable 'Auto Smooth' in Object Data Properties
ERROR (bke.modifier): C:\Users\blender\git\blender-v360\blender.git\source\blender\blenkernel\intern\modifier.cc:460 BKE_modifier_set_error: Object: "Front right drilled rotor perforation.062", Modifier: "Weighted corner normals", Enable 'Auto Smooth' in Object Data Properties
ERROR (bke.modifier): C:\Users\blender\git\blender-v360\blender.git\source\blender\blenkernel\intern\modifier.cc:460 BKE_modifier_set_error: Object: "Front right drilled rotor perforation.065", Modifier: "Weighted corner normals", Enable 'Auto Smooth' in Object Data Properties
ERROR (bke.modifier): C:\Users\blender\git\blender-v360\blender.git\source\blender\blenkernel\intern\modifier.cc:460 BKE_modifier_set_error: Object: "Front right drilled rotor perforation.063", Modifier: "Weighted corner normals", Enable 'Auto Smooth' in Object Data Properties
ERROR (bke.modifier): C:\Users\blender\git\blender-v360\blender.git\source\blender\blenkernel\intern\modifier.cc:460 BKE_modifier_set_error: Object: "Front right drilled rotor perforation.064", Modifier: "Weighted corner normals", Enable 'Auto Smooth' in Object Data Properties
ERROR (bke.modifier): C:\Users\blender\git\blender-v360\blender.git\source\blender\blenkernel\intern\modifier.cc:460 BKE_modifier_set_error: Object: "Front right drilled rotor perforation.066", Modifier: "Weighted corner normals", Enable 'Auto Smooth' in Object Data Properties
ERROR (bke.modifier): C:\Users\blender\git\blender-v360\blender.git\source\blender\blenkernel\intern\modifier.cc:460 BKE_modifier_set_error: Object: "Front right drilled rotor perforation.057", Modifier: "Weighted corner normals", Enable 'Auto Smooth' in Object Data Properties
ERROR (bke.modifier): C:\Users\blender\git\blender-v360\blender.git\source\blender\blenkernel\intern\modifier.cc:460 BKE_modifier_set_error: Object: "Front right drilled rotor perforation.067", Modifier: "Weighted corner normals", Enable 'Auto Smooth' in Object Data Properties
ERROR (bke.modifier): C:\Users\blender\git\blender-v360\blender.git\source\blender\blenkernel\intern\modifier.cc:460 BKE_modifier_set_error: Object: "Front right drilled rotor perforation.056", Modifier: "Weighted corner normals", Enable 'Auto Smooth' in Object Data Properties
ERROR (bke.modifier): C:\Users\blender\git\blender-v360\blender.git\source\blender\blenkernel\intern\modifier.cc:460 BKE_modifier_set_error: Object: "Front right drilled rotor perforation.070", Modifier: "Weighted corner normals", Enable 'Auto Smooth' in Object Data Properties
ERROR (bke.modifier): C:\Users\blender\git\blender-v360\blender.git\source\blender\blenkernel\intern\modifier.cc:460 BKE_modifier_set_error: Object: "Front right drilled rotor perforation.071", Modifier: "Weighted corner normals", Enable 'Auto Smooth' in Object Data Properties
ERROR (bke.modifier): C:\Users\blender\git\blender-v360\blender.git\source\blender\blenkernel\intern\modifier.cc:460 BKE_modifier_set_error: Object: "Front right drilled rotor perforation.055", Modifier: "Weighted corner normals", Enable 'Auto Smooth' in Object Data Properties
ERROR (bke.modifier): C:\Users\blender\git\blender-v360\blender.git\source\blender\blenkernel\intern\modifier.cc:460 BKE_modifier_set_error: Object: "Front right drilled rotor perforation.054", Modifier: "Weighted corner normals", Enable 'Auto Smooth' in Object Data Properties
ERROR (bke.modifier): C:\Users\blender\git\blender-v360\blender.git\source\blender\blenkernel\intern\modifier.cc:460 BKE_modifier_set_error: Object: "Front right drilled rotor perforation.053", Modifier: "Weighted corner normals", Enable 'Auto Smooth' in Object Data Properties
ERROR (bke.modifier): C:\Users\blender\git\blender-v360\blender.git\source\blender\blenkernel\intern\modifier.cc:460 BKE_modifier_set_error: Object: "Front right drilled rotor perforation.052", Modifier: "Weighted corner normals", Enable 'Auto Smooth' in Object Data Properties
ERROR (bke.modifier): C:\Users\blender\git\blender-v360\blender.git\source\blender\blenkernel\intern\modifier.cc:460 BKE_modifier_set_error: Object: "Front right drilled rotor perforation.068", Modifier: "Weighted corner normals", Enable 'Auto Smooth' in Object Data Properties
ERROR (bke.modifier): C:\Users\blender\git\blender-v360\blender.git\source\blender\blenkernel\intern\modifier.cc:460 BKE_modifier_set_error: Object: "Front right drilled rotor perforation.069", Modifier: "Weighted corner normals", Enable 'Auto Smooth' in Object Data Properties
ERROR (bke.modifier): C:\Users\blender\git\blender-v360\blender.git\source\blender\blenkernel\intern\modifier.cc:460 BKE_modifier_set_error: Object: "Front right drilled rotor perforation.051", Modifier: "Weighted corner normals", Enable 'Auto Smooth' in Object Data Properties
ERROR (bke.modifier): C:\Users\blender\git\blender-v360\blender.git\source\blender\blenkernel\intern\modifier.cc:460 BKE_modifier_set_error: Object: "Front right brake disc bell", Modifier: "Weighted corner normals", Enable 'Auto Smooth' in Object Data Properties
ERROR (bke.modifier): C:\Users\blender\git\blender-v360\blender.git\source\blender\blenkernel\intern\modifier.cc:460 BKE_modifier_set_error: Object: "Front right yellow six-piston caliper", Modifier: "Weighted corner normals", Enable 'Auto Smooth' in Object Data Properties
ERROR (bke.modifier): C:\Users\blender\git\blender-v360\blender.git\source\blender\blenkernel\intern\modifier.cc:460 BKE_modifier_set_error: Object: "Front right machined split spoke", Modifier: "Weighted corner normals", Enable 'Auto Smooth' in Object Data Properties
ERROR (bke.modifier): C:\Users\blender\git\blender-v360\blender.git\source\blender\blenkernel\intern\modifier.cc:460 BKE_modifier_set_error: Object: "Front right drilled rotor perforation.050", Modifier: "Weighted corner normals", Enable 'Auto Smooth' in Object Data Properties
ERROR (bke.modifier): C:\Users\blender\git\blender-v360\blender.git\source\blender\blenkernel\intern\modifier.cc:460 BKE_modifier_set_error: Object: "Front right black spoke pocket", Modifier: "Weighted corner normals", Enable 'Auto Smooth' in Object Data Properties
ERROR (bke.modifier): C:\Users\blender\git\blender-v360\blender.git\source\blender\blenkernel\intern\modifier.cc:460 BKE_modifier_set_error: Object: "Front right drilled rotor perforation.049", Modifier: "Weighted corner normals", Enable 'Auto Smooth' in Object Data Properties
ERROR (bke.modifier): C:\Users\blender\git\blender-v360\blender.git\source\blender\blenkernel\intern\modifier.cc:460 BKE_modifier_set_error: Object: "Front right black spoke pocket.001", Modifier: "Weighted corner normals", Enable 'Auto Smooth' in Object Data Properties
ERROR (bke.modifier): C:\Users\blender\git\blender-v360\blender.git\source\blender\blenkernel\intern\modifier.cc:460 BKE_modifier_set_error: Object: "Front right machined split spoke.002", Modifier: "Weighted corner normals", Enable 'Auto Smooth' in Object Data Properties
ERROR (bke.modifier): C:\Users\blender\git\blender-v360\blender.git\source\blender\blenkernel\intern\modifier.cc:460 BKE_modifier_set_error: Object: "Front right drilled rotor perforation.048", Modifier: "Weighted corner normals", Enable 'Auto Smooth' in Object Data Properties
ERROR (bke.modifier): C:\Users\blender\git\blender-v360\blender.git\source\blender\blenkernel\intern\modifier.cc:460 BKE_modifier_set_error: Object: "Front right machined split spoke.001", Modifier: "Weighted corner normals", Enable 'Auto Smooth' in Object Data Properties
ERROR (bke.modifier): C:\Users\blender\git\blender-v360\blender.git\source\blender\blenkernel\intern\modifier.cc:460 BKE_modifier_set_error: Object: "Front right drilled rotor perforation.047", Modifier: "Weighted corner normals", Enable 'Auto Smooth' in Object Data Properties
ERROR (bke.modifier): C:\Users\blender\git\blender-v360\blender.git\source\blender\blenkernel\intern\modifier.cc:460 BKE_modifier_set_error: Object: "Front right machined split spoke.003", Modifier: "Weighted corner normals", Enable 'Auto Smooth' in Object Data Properties
ERROR (bke.modifier): C:\Users\blender\git\blender-v360\blender.git\source\blender\blenkernel\intern\modifier.cc:460 BKE_modifier_set_error: Object: "Front right black spoke pocket.002", Modifier: "Weighted corner normals", Enable 'Auto Smooth' in Object Data Properties
ERROR (bke.modifier): C:\Users\blender\git\blender-v360\blender.git\source\blender\blenkernel\intern\modifier.cc:460 BKE_modifier_set_error: Object: "Front right machined split spoke.004", Modifier: "Weighted corner normals", Enable 'Auto Smooth' in Object Data Properties
ERROR (bke.modifier): C:\Users\blender\git\blender-v360\blender.git\source\blender\blenkernel\intern\modifier.cc:460 BKE_modifier_set_error: Object: "Front right drilled rotor perforation.046", Modifier: "Weighted corner normals", Enable 'Auto Smooth' in Object Data Properties
ERROR (bke.modifier): C:\Users\blender\git\blender-v360\blender.git\source\blender\blenkernel\intern\modifier.cc:460 BKE_modifier_set_error: Object: "Front right black spoke pocket.003", Modifier: "Weighted corner normals", Enable 'Auto Smooth' in Object Data Properties
ERROR (bke.modifier): C:\Users\blender\git\blender-v360\blender.git\source\blender\blenkernel\intern\modifier.cc:460 BKE_modifier_set_error: Object: "Front right drilled rotor perforation.045", Modifier: "Weighted corner normals", Enable 'Auto Smooth' in Object Data Properties
ERROR (bke.modifier): C:\Users\blender\git\blender-v360\blender.git\source\blender\blenkernel\intern\modifier.cc:460 BKE_modifier_set_error: Object: "Front right black spoke pocket.005", Modifier: "Weighted corner normals", Enable 'Auto Smooth' in Object Data Properties
ERROR (bke.modifier): C:\Users\blender\git\blender-v360\blender.git\source\blender\blenkernel\intern\modifier.cc:460 BKE_modifier_set_error: Object: "Front right machined split spoke.005", Modifier: "Weighted corner normals", Enable 'Auto Smooth' in Object Data Properties
ERROR (bke.modifier): C:\Users\blender\git\blender-v360\blender.git\source\blender\blenkernel\intern\modifier.cc:460 BKE_modifier_set_error: Object: "Front right drilled rotor perforation.044", Modifier: "Weighted corner normals", Enable 'Auto Smooth' in Object Data Properties
ERROR (bke.modifier): C:\Users\blender\git\blender-v360\blender.git\source\blender\blenkernel\intern\modifier.cc:460 BKE_modifier_set_error: Object: "Front right black spoke pocket.004", Modifier: "Weighted corner normals", Enable 'Auto Smooth' in Object Data Properties
ERROR (bke.modifier): C:\Users\blender\git\blender-v360\blender.git\source\blender\blenkernel\intern\modifier.cc:460 BKE_modifier_set_error: Object: "Front right machined split spoke.006", Modifier: "Weighted corner normals", Enable 'Auto Smooth' in Object Data Properties
ERROR (bke.modifier): C:\Users\blender\git\blender-v360\blender.git\source\blender\blenkernel\intern\modifier.cc:460 BKE_modifier_set_error: Object: "Front right black spoke pocket.006", Modifier: "Weighted corner normals", Enable 'Auto Smooth' in Object Data Properties
ERROR (bke.modifier): C:\Users\blender\git\blender-v360\blender.git\source\blender\blenkernel\intern\modifier.cc:460 BKE_modifier_set_error: Object: "Front right drilled rotor perforation.043", Modifier: "Weighted corner normals", Enable 'Auto Smooth' in Object Data Properties
ERROR (bke.modifier): C:\Users\blender\git\blender-v360\blender.git\source\blender\blenkernel\intern\modifier.cc:460 BKE_modifier_set_error: Object: "Front right machined split spoke.008", Modifier: "Weighted corner normals", Enable 'Auto Smooth' in Object Data Properties
ERROR (bke.modifier): C:\Users\blender\git\blender-v360\blender.git\source\blender\blenkernel\intern\modifier.cc:460 BKE_modifier_set_error: Object: "Front right black spoke pocket.007", Modifier: "Weighted corner normals", Enable 'Auto Smooth' in Object Data Properties
ERROR (bke.modifier): C:\Users\blender\git\blender-v360\blender.git\source\blender\blenkernel\intern\modifier.cc:460 BKE_modifier_set_error: Object: "Front right machined split spoke.007", Modifier: "Weighted corner normals", Enable 'Auto Smooth' in Object Data Properties
ERROR (bke.modifier): C:\Users\blender\git\blender-v360\blender.git\source\blender\blenkernel\intern\modifier.cc:460 BKE_modifier_set_error: Object: "Front right drilled rotor perforation.042", Modifier: "Weighted corner normals", Enable 'Auto Smooth' in Object Data Properties
ERROR (bke.modifier): C:\Users\blender\git\blender-v360\blender.git\source\blender\blenkernel\intern\modifier.cc:460 BKE_modifier_set_error: Object: "Front right machined split spoke.009", Modifier: "Weighted corner normals", Enable 'Auto Smooth' in Object Data Properties
ERROR (bke.modifier): C:\Users\blender\git\blender-v360\blender.git\source\blender\blenkernel\intern\modifier.cc:460 BKE_modifier_set_error: Object: "Front right black spoke pocket.008", Modifier: "Weighted corner normals", Enable 'Auto Smooth' in Object Data Properties
ERROR (bke.modifier): C:\Users\blender\git\blender-v360\blender.git\source\blender\blenkernel\intern\modifier.cc:460 BKE_modifier_set_error: Object: "Front right black spoke pocket.009", Modifier: "Weighted corner normals", Enable 'Auto Smooth' in Object Data Properties
ERROR (bke.modifier): C:\Users\blender\git\blender-v360\blender.git\source\blender\blenkernel\intern\modifier.cc:460 BKE_modifier_set_error: Object: "Front right drilled rotor perforation.041", Modifier: "Weighted corner normals", Enable 'Auto Smooth' in Object Data Properties
ERROR (bke.modifier): C:\Users\blender\git\blender-v360\blender.git\source\blender\blenkernel\intern\modifier.cc:460 BKE_modifier_set_error: Object: "Front right titanium lug nut", Modifier: "Weighted corner normals", Enable 'Auto Smooth' in Object Data Properties
ERROR (bke.modifier): C:\Users\blender\git\blender-v360\blender.git\source\blender\blenkernel\intern\modifier.cc:460 BKE_modifier_set_error: Object: "Front right titanium lug nut.001", Modifier: "Weighted corner normals", Enable 'Auto Smooth' in Object Data Properties
ERROR (bke.modifier): C:\Users\blender\git\blender-v360\blender.git\source\blender\blenkernel\intern\modifier.cc:460 BKE_modifier_set_error: Object: "Front right titanium lug nut.002", Modifier: "Weighted corner normals", Enable 'Auto Smooth' in Object Data Properties
ERROR (bke.modifier): C:\Users\blender\git\blender-v360\blender.git\source\blender\blenkernel\intern\modifier.cc:460 BKE_modifier_set_error: Object: "Front right drilled rotor perforation.040", Modifier: "Weighted corner normals", Enable 'Auto Smooth' in Object Data Properties
ERROR (bke.modifier): C:\Users\blender\git\blender-v360\blender.git\source\blender\blenkernel\intern\modifier.cc:460 BKE_modifier_set_error: Object: "Front right titanium lug nut.003", Modifier: "Weighted corner normals", Enable 'Auto Smooth' in Object Data Properties
ERROR (bke.modifier): C:\Users\blender\git\blender-v360\blender.git\source\blender\blenkernel\intern\modifier.cc:460 BKE_modifier_set_error: Object: "Front right drilled rotor perforation.039", Modifier: "Weighted corner normals", Enable 'Auto Smooth' in Object Data Properties
ERROR (bke.modifier): C:\Users\blender\git\blender-v360\blender.git\source\blender\blenkernel\intern\modifier.cc:460 BKE_modifier_set_error: Object: "Front right titanium lug nut.004", Modifier: "Weighted corner normals", Enable 'Auto Smooth' in Object Data Properties
ERROR (bke.modifier): C:\Users\blender\git\blender-v360\blender.git\source\blender\blenkernel\intern\modifier.cc:460 BKE_modifier_set_error: Object: "Front right tire valve", Modifier: "Weighted corner normals", Enable 'Auto Smooth' in Object Data Properties
ERROR (bke.modifier): C:\Users\blender\git\blender-v360\blender.git\source\blender\blenkernel\intern\modifier.cc:460 BKE_modifier_set_error: Object: "Front right center hub", Modifier: "Weighted corner normals", Enable 'Auto Smooth' in Object Data Properties
ERROR (bke.modifier): C:\Users\blender\git\blender-v360\blender.git\source\blender\blenkernel\intern\modifier.cc:460 BKE_modifier_set_error: Object: "Front right drilled rotor perforation.038", Modifier: "Weighted corner normals", Enable 'Auto Smooth' in Object Data Properties
ERROR (bke.modifier): C:\Users\blender\git\blender-v360\blender.git\source\blender\blenkernel\intern\modifier.cc:460 BKE_modifier_set_error: Object: "Front right drilled rotor perforation.037", Modifier: "Weighted corner normals", Enable 'Auto Smooth' in Object Data Properties
ERROR (bke.modifier): C:\Users\blender\git\blender-v360\blender.git\source\blender\blenkernel\intern\modifier.cc:460 BKE_modifier_set_error: Object: "Rear left drilled rotor perforation", Modifier: "Weighted corner normals", Enable 'Auto Smooth' in Object Data Properties
ERROR (bke.modifier): C:\Users\blender\git\blender-v360\blender.git\source\blender\blenkernel\intern\modifier.cc:460 BKE_modifier_set_error: Object: "Front right drilled rotor perforation.036", Modifier: "Weighted corner normals", Enable 'Auto Smooth' in Object Data Properties
ERROR (bke.modifier): C:\Users\blender\git\blender-v360\blender.git\source\blender\blenkernel\intern\modifier.cc:460 BKE_modifier_set_error: Object: "Front right drilled rotor perforation.035", Modifier: "Weighted corner normals", Enable 'Auto Smooth' in Object Data Properties
ERROR (bke.modifier): C:\Users\blender\git\blender-v360\blender.git\source\blender\blenkernel\intern\modifier.cc:460 BKE_modifier_set_error: Object: "Front right drilled rotor perforation.034", Modifier: "Weighted corner normals", Enable 'Auto Smooth' in Object Data Properties
ERROR (bke.modifier): C:\Users\blender\git\blender-v360\blender.git\source\blender\blenkernel\intern\modifier.cc:460 BKE_modifier_set_error: Object: "Front right drilled rotor perforation.033", Modifier: "Weighted corner normals", Enable 'Auto Smooth' in Object Data Properties
ERROR (bke.modifier): C:\Users\blender\git\blender-v360\blender.git\source\blender\blenkernel\intern\modifier.cc:460 BKE_modifier_set_error: Object: "Rear left brake rotor", Modifier: "Weighted corner normals", Enable 'Auto Smooth' in Object Data Properties
ERROR (bke.modifier): C:\Users\blender\git\blender-v360\blender.git\source\blender\blenkernel\intern\modifier.cc:460 BKE_modifier_set_error: Object: "Rear left drilled rotor perforation.003", Modifier: "Weighted corner normals", Enable 'Auto Smooth' in Object Data Properties
ERROR (bke.modifier): C:\Users\blender\git\blender-v360\blender.git\source\blender\blenkernel\intern\modifier.cc:460 BKE_modifier_set_error: Object: "Front right drilled rotor perforation.032", Modifier: "Weighted corner normals", Enable 'Auto Smooth' in Object Data Properties
ERROR (bke.modifier): C:\Users\blender\git\blender-v360\blender.git\source\blender\blenkernel\intern\modifier.cc:460 BKE_modifier_set_error: Object: "Rear left drilled rotor perforation.004", Modifier: "Weighted corner normals", Enable 'Auto Smooth' in Object Data Properties
ERROR (bke.modifier): C:\Users\blender\git\blender-v360\blender.git\source\blender\blenkernel\intern\modifier.cc:460 BKE_modifier_set_error: Object: "Rear left drilled rotor perforation.002", Modifier: "Weighted corner normals", Enable 'Auto Smooth' in Object Data Properties
ERROR (bke.modifier): C:\Users\blender\git\blender-v360\blender.git\source\blender\blenkernel\intern\modifier.cc:460 BKE_modifier_set_error: Object: "Front right drilled rotor perforation.031", Modifier: "Weighted corner normals", Enable 'Auto Smooth' in Object Data Properties
ERROR (bke.modifier): C:\Users\blender\git\blender-v360\blender.git\source\blender\blenkernel\intern\modifier.cc:460 BKE_modifier_set_error: Object: "Rear left drilled rotor perforation.005", Modifier: "Weighted corner normals", Enable 'Auto Smooth' in Object Data Properties
ERROR (bke.modifier): C:\Users\blender\git\blender-v360\blender.git\source\blender\blenkernel\intern\modifier.cc:460 BKE_modifier_set_error: Object: "Rear left drilled rotor perforation.006", Modifier: "Weighted corner normals", Enable 'Auto Smooth' in Object Data Properties
ERROR (bke.modifier): C:\Users\blender\git\blender-v360\blender.git\source\blender\blenkernel\intern\modifier.cc:460 BKE_modifier_set_error: Object: "Front right drilled rotor perforation.030", Modifier: "Weighted corner normals", Enable 'Auto Smooth' in Object Data Properties
ERROR (bke.modifier): C:\Users\blender\git\blender-v360\blender.git\source\blender\blenkernel\intern\modifier.cc:460 BKE_modifier_set_error: Object: "Rear left drilled rotor perforation.007", Modifier: "Weighted corner normals", Enable 'Auto Smooth' in Object Data Properties
ERROR (bke.modifier): C:\Users\blender\git\blender-v360\blender.git\source\blender\blenkernel\intern\modifier.cc:460 BKE_modifier_set_error: Object: "Front right drilled rotor perforation.029", Modifier: "Weighted corner normals", Enable 'Auto Smooth' in Object Data Properties
ERROR (bke.modifier): C:\Users\blender\git\blender-v360\blender.git\source\blender\blenkernel\intern\modifier.cc:460 BKE_modifier_set_error: Object: "Rear left drilled rotor perforation.008", Modifier: "Weighted corner normals", Enable 'Auto Smooth' in Object Data Properties
ERROR (bke.modifier): C:\Users\blender\git\blender-v360\blender.git\source\blender\blenkernel\intern\modifier.cc:460 BKE_modifier_set_error: Object: "Rear left drilled rotor perforation.009", Modifier: "Weighted corner normals", Enable 'Auto Smooth' in Object Data Properties
ERROR (bke.modifier): C:\Users\blender\git\blender-v360\blender.git\source\blender\blenkernel\intern\modifier.cc:460 BKE_modifier_set_error: Object: "Front right drilled rotor perforation.028", Modifier: "Weighted corner normals", Enable 'Auto Smooth' in Object Data Properties
ERROR (bke.modifier): C:\Users\blender\git\blender-v360\blender.git\source\blender\blenkernel\intern\modifier.cc:460 BKE_modifier_set_error: Object: "Rear left drilled rotor perforation.010", Modifier: "Weighted corner normals", Enable 'Auto Smooth' in Object Data Properties
ERROR (bke.modifier): C:\Users\blender\git\blender-v360\blender.git\source\blender\blenkernel\intern\modifier.cc:460 BKE_modifier_set_error: Object: "Rear left drilled rotor perforation.011", Modifier: "Weighted corner normals", Enable 'Auto Smooth' in Object Data Properties
ERROR (bke.modifier): C:\Users\blender\git\blender-v360\blender.git\source\blender\blenkernel\intern\modifier.cc:460 BKE_modifier_set_error: Object: "Rear left drilled rotor perforation.012", Modifier: "Weighted corner normals", Enable 'Auto Smooth' in Object Data Properties
ERROR (bke.modifier): C:\Users\blender\git\blender-v360\blender.git\source\blender\blenkernel\intern\modifier.cc:460 BKE_modifier_set_error: Object: "Front right drilled rotor perforation.027", Modifier: "Weighted corner normals", Enable 'Auto Smooth' in Object Data Properties
ERROR (bke.modifier): C:\Users\blender\git\blender-v360\blender.git\source\blender\blenkernel\intern\modifier.cc:460 BKE_modifier_set_error: Object: "Rear left drilled rotor perforation.013", Modifier: "Weighted corner normals", Enable 'Auto Smooth' in Object Data Properties
ERROR (bke.modifier): C:\Users\blender\git\blender-v360\blender.git\source\blender\blenkernel\intern\modifier.cc:460 BKE_modifier_set_error: Object: "Rear left drilled rotor perforation.014", Modifier: "Weighted corner normals", Enable 'Auto Smooth' in Object Data Properties
ERROR (bke.modifier): C:\Users\blender\git\blender-v360\blender.git\source\blender\blenkernel\intern\modifier.cc:460 BKE_modifier_set_error: Object: "Rear left drilled rotor perforation.001", Modifier: "Weighted corner normals", Enable 'Auto Smooth' in Object Data Properties
ERROR (bke.modifier): C:\Users\blender\git\blender-v360\blender.git\source\blender\blenkernel\intern\modifier.cc:460 BKE_modifier_set_error: Object: "Rear left drilled rotor perforation.015", Modifier: "Weighted corner normals", Enable 'Auto Smooth' in Object Data Properties
ERROR (bke.modifier): C:\Users\blender\git\blender-v360\blender.git\source\blender\blenkernel\intern\modifier.cc:460 BKE_modifier_set_error: Object: "Rear left drilled rotor perforation.016", Modifier: "Weighted corner normals", Enable 'Auto Smooth' in Object Data Properties
ERROR (bke.modifier): C:\Users\blender\git\blender-v360\blender.git\source\blender\blenkernel\intern\modifier.cc:460 BKE_modifier_set_error: Object: "Front right drilled rotor perforation.026", Modifier: "Weighted corner normals", Enable 'Auto Smooth' in Object Data Properties
ERROR (bke.modifier): C:\Users\blender\git\blender-v360\blender.git\source\blender\blenkernel\intern\modifier.cc:460 BKE_modifier_set_error: Object: "Rear left drilled rotor perforation.017", Modifier: "Weighted corner normals", Enable 'Auto Smooth' in Object Data Properties
ERROR (bke.modifier): C:\Users\blender\git\blender-v360\blender.git\source\blender\blenkernel\intern\modifier.cc:460 BKE_modifier_set_error: Object: "Front right drilled rotor perforation.025", Modifier: "Weighted corner normals", Enable 'Auto Smooth' in Object Data Properties
ERROR (bke.modifier): C:\Users\blender\git\blender-v360\blender.git\source\blender\blenkernel\intern\modifier.cc:460 BKE_modifier_set_error: Object: "Rear left drilled rotor perforation.019", Modifier: "Weighted corner normals", Enable 'Auto Smooth' in Object Data Properties
ERROR (bke.modifier): C:\Users\blender\git\blender-v360\blender.git\source\blender\blenkernel\intern\modifier.cc:460 BKE_modifier_set_error: Object: "Rear left drilled rotor perforation.018", Modifier: "Weighted corner normals", Enable 'Auto Smooth' in Object Data Properties
ERROR (bke.modifier): C:\Users\blender\git\blender-v360\blender.git\source\blender\blenkernel\intern\modifier.cc:460 BKE_modifier_set_error: Object: "Rear left drilled rotor perforation.020", Modifier: "Weighted corner normals", Enable 'Auto Smooth' in Object Data Properties
ERROR (bke.modifier): C:\Users\blender\git\blender-v360\blender.git\source\blender\blenkernel\intern\modifier.cc:460 BKE_modifier_set_error: Object: "Rear left drilled rotor perforation.021", Modifier: "Weighted corner normals", Enable 'Auto Smooth' in Object Data Properties
ERROR (bke.modifier): C:\Users\blender\git\blender-v360\blender.git\source\blender\blenkernel\intern\modifier.cc:460 BKE_modifier_set_error: Object: "Front right drilled rotor perforation.024", Modifier: "Weighted corner normals", Enable 'Auto Smooth' in Object Data Properties
ERROR (bke.modifier): C:\Users\blender\git\blender-v360\blender.git\source\blender\blenkernel\intern\modifier.cc:460 BKE_modifier_set_error: Object: "Rear left drilled rotor perforation.022", Modifier: "Weighted corner normals", Enable 'Auto Smooth' in Object Data Properties
ERROR (bke.modifier): C:\Users\blender\git\blender-v360\blender.git\source\blender\blenkernel\intern\modifier.cc:460 BKE_modifier_set_error: Object: "Rear left drilled rotor perforation.023", Modifier: "Weighted corner normals", Enable 'Auto Smooth' in Object Data Properties
ERROR (bke.modifier): C:\Users\blender\git\blender-v360\blender.git\source\blender\blenkernel\intern\modifier.cc:460 BKE_modifier_set_error: Object: "Rear left drilled rotor perforation.024", Modifier: "Weighted corner normals", Enable 'Auto Smooth' in Object Data Properties
ERROR (bke.modifier): C:\Users\blender\git\blender-v360\blender.git\source\blender\blenkernel\intern\modifier.cc:460 BKE_modifier_set_error: Object: "Front right drilled rotor perforation.023", Modifier: "Weighted corner normals", Enable 'Auto Smooth' in Object Data Properties
ERROR (bke.modifier): C:\Users\blender\git\blender-v360\blender.git\source\blender\blenkernel\intern\modifier.cc:460 BKE_modifier_set_error: Object: "Rear left drilled rotor perforation.026", Modifier: "Weighted corner normals", Enable 'Auto Smooth' in Object Data Properties
ERROR (bke.modifier): C:\Users\blender\git\blender-v360\blender.git\source\blender\blenkernel\intern\modifier.cc:460 BKE_modifier_set_error: Object: "Rear left drilled rotor perforation.025", Modifier: "Weighted corner normals", Enable 'Auto Smooth' in Object Data Properties
ERROR (bke.modifier): C:\Users\blender\git\blender-v360\blender.git\source\blender\blenkernel\intern\modifier.cc:460 BKE_modifier_set_error: Object: "Rear left drilled rotor perforation.029", Modifier: "Weighted corner normals", Enable 'Auto Smooth' in Object Data Properties
ERROR (bke.modifier): C:\Users\blender\git\blender-v360\blender.git\source\blender\blenkernel\intern\modifier.cc:460 BKE_modifier_set_error: Object: "Front right drilled rotor perforation.022", Modifier: "Weighted corner normals", Enable 'Auto Smooth' in Object Data Properties
ERROR (bke.modifier): C:\Users\blender\git\blender-v360\blender.git\source\blender\blenkernel\intern\modifier.cc:460 BKE_modifier_set_error: Object: "Rear left drilled rotor perforation.028", Modifier: "Weighted corner normals", Enable 'Auto Smooth' in Object Data Properties
ERROR (bke.modifier): C:\Users\blender\git\blender-v360\blender.git\source\blender\blenkernel\intern\modifier.cc:460 BKE_modifier_set_error: Object: "Rear left drilled rotor perforation.030", Modifier: "Weighted corner normals", Enable 'Auto Smooth' in Object Data Properties
ERROR (bke.modifier): C:\Users\blender\git\blender-v360\blender.git\source\blender\blenkernel\intern\modifier.cc:460 BKE_modifier_set_error: Object: "Rear left drilled rotor perforation.031", Modifier: "Weighted corner normals", Enable 'Auto Smooth' in Object Data Properties
ERROR (bke.modifier): C:\Users\blender\git\blender-v360\blender.git\source\blender\blenkernel\intern\modifier.cc:460 BKE_modifier_set_error: Object: "Rear left drilled rotor perforation.027", Modifier: "Weighted corner normals", Enable 'Auto Smooth' in Object Data Properties
ERROR (bke.modifier): C:\Users\blender\git\blender-v360\blender.git\source\blender\blenkernel\intern\modifier.cc:460 BKE_modifier_set_error: Object: "Front right drilled rotor perforation.021", Modifier: "Weighted corner normals", Enable 'Auto Smooth' in Object Data Properties
ERROR (bke.modifier): C:\Users\blender\git\blender-v360\blender.git\source\blender\blenkernel\intern\modifier.cc:460 BKE_modifier_set_error: Object: "Rear left drilled rotor perforation.034", Modifier: "Weighted corner normals", Enable 'Auto Smooth' in Object Data Properties
ERROR (bke.modifier): C:\Users\blender\git\blender-v360\blender.git\source\blender\blenkernel\intern\modifier.cc:460 BKE_modifier_set_error: Object: "Rear left drilled rotor perforation.032", Modifier: "Weighted corner normals", Enable 'Auto Smooth' in Object Data Properties
ERROR (bke.modifier): C:\Users\blender\git\blender-v360\blender.git\source\blender\blenkernel\intern\modifier.cc:460 BKE_modifier_set_error: Object: "Rear left drilled rotor perforation.033", Modifier: "Weighted corner normals", Enable 'Auto Smooth' in Object Data Properties
ERROR (bke.modifier): C:\Users\blender\git\blender-v360\blender.git\source\blender\blenkernel\intern\modifier.cc:460 BKE_modifier_set_error: Object: "Front right drilled rotor perforation.020", Modifier: "Weighted corner normals", Enable 'Auto Smooth' in Object Data Properties
ERROR (bke.modifier): C:\Users\blender\git\blender-v360\blender.git\source\blender\blenkernel\intern\modifier.cc:460 BKE_modifier_set_error: Object: "Rear left drilled rotor perforation.037", Modifier: "Weighted corner normals", Enable 'Auto Smooth' in Object Data Properties
ERROR (bke.modifier): C:\Users\blender\git\blender-v360\blender.git\source\blender\blenkernel\intern\modifier.cc:460 BKE_modifier_set_error: Object: "Rear left drilled rotor perforation.036", Modifier: "Weighted corner normals", Enable 'Auto Smooth' in Object Data Properties
ERROR (bke.modifier): C:\Users\blender\git\blender-v360\blender.git\source\blender\blenkernel\intern\modifier.cc:460 BKE_modifier_set_error: Object: "Front right drilled rotor perforation.019", Modifier: "Weighted corner normals", Enable 'Auto Smooth' in Object Data Properties
ERROR (bke.modifier): C:\Users\blender\git\blender-v360\blender.git\source\blender\blenkernel\intern\modifier.cc:460 BKE_modifier_set_error: Object: "Front right drilled rotor perforation.018", Modifier: "Weighted corner normals", Enable 'Auto Smooth' in Object Data Properties
ERROR (bke.modifier): C:\Users\blender\git\blender-v360\blender.git\source\blender\blenkernel\intern\modifier.cc:460 BKE_modifier_set_error: Object: "Rear left drilled rotor perforation.035", Modifier: "Weighted corner normals", Enable 'Auto Smooth' in Object Data Properties
ERROR (bke.modifier): C:\Users\blender\git\blender-v360\blender.git\source\blender\blenkernel\intern\modifier.cc:460 BKE_modifier_set_error: Object: "Front right drilled rotor perforation.017", Modifier: "Weighted corner normals", Enable 'Auto Smooth' in Object Data Properties
ERROR (bke.modifier): C:\Users\blender\git\blender-v360\blender.git\source\blender\blenkernel\intern\modifier.cc:460 BKE_modifier_set_error: Object: "Rear left drilled rotor perforation.040", Modifier: "Weighted corner normals", Enable 'Auto Smooth' in Object Data Properties
ERROR (bke.modifier): C:\Users\blender\git\blender-v360\blender.git\source\blender\blenkernel\intern\modifier.cc:460 BKE_modifier_set_error: Object: "Front right drilled rotor perforation.016", Modifier: "Weighted corner normals", Enable 'Auto Smooth' in Object Data Properties
ERROR (bke.modifier): C:\Users\blender\git\blender-v360\blender.git\source\blender\blenkernel\intern\modifier.cc:460 BKE_modifier_set_error: Object: "Rear left drilled rotor perforation.039", Modifier: "Weighted corner normals", Enable 'Auto Smooth' in Object Data Properties
ERROR (bke.modifier): C:\Users\blender\git\blender-v360\blender.git\source\blender\blenkernel\intern\modifier.cc:460 BKE_modifier_set_error: Object: "Front right drilled rotor perforation.015", Modifier: "Weighted corner normals", Enable 'Auto Smooth' in Object Data Properties
ERROR (bke.modifier): C:\Users\blender\git\blender-v360\blender.git\source\blender\blenkernel\intern\modifier.cc:460 BKE_modifier_set_error: Object: "Rear left drilled rotor perforation.042", Modifier: "Weighted corner normals", Enable 'Auto Smooth' in Object Data Properties
ERROR (bke.modifier): C:\Users\blender\git\blender-v360\blender.git\source\blender\blenkernel\intern\modifier.cc:460 BKE_modifier_set_error: Object: "Rear left drilled rotor perforation.041", Modifier: "Weighted corner normals", Enable 'Auto Smooth' in Object Data Properties
ERROR (bke.modifier): C:\Users\blender\git\blender-v360\blender.git\source\blender\blenkernel\intern\modifier.cc:460 BKE_modifier_set_error: Object: "Rear left drilled rotor perforation.038", Modifier: "Weighted corner normals", Enable 'Auto Smooth' in Object Data Properties
ERROR (bke.modifier): C:\Users\blender\git\blender-v360\blender.git\source\blender\blenkernel\intern\modifier.cc:460 BKE_modifier_set_error: Object: "Front right drilled rotor perforation.014", Modifier: "Weighted corner normals", Enable 'Auto Smooth' in Object Data Properties
ERROR (bke.modifier): C:\Users\blender\git\blender-v360\blender.git\source\blender\blenkernel\intern\modifier.cc:460 BKE_modifier_set_error: Object: "Rear left drilled rotor perforation.043", Modifier: "Weighted corner normals", Enable 'Auto Smooth' in Object Data Properties
ERROR (bke.modifier): C:\Users\blender\git\blender-v360\blender.git\source\blender\blenkernel\intern\modifier.cc:460 BKE_modifier_set_error: Object: "Front right drilled rotor perforation.013", Modifier: "Weighted corner normals", Enable 'Auto Smooth' in Object Data Properties
ERROR (bke.modifier): C:\Users\blender\git\blender-v360\blender.git\source\blender\blenkernel\intern\modifier.cc:460 BKE_modifier_set_error: Object: "Rear left drilled rotor perforation.045", Modifier: "Weighted corner normals", Enable 'Auto Smooth' in Object Data Properties
ERROR (bke.modifier): C:\Users\blender\git\blender-v360\blender.git\source\blender\blenkernel\intern\modifier.cc:460 BKE_modifier_set_error: Object: "Rear left drilled rotor perforation.044", Modifier: "Weighted corner normals", Enable 'Auto Smooth' in Object Data Properties
ERROR (bke.modifier): C:\Users\blender\git\blender-v360\blender.git\source\blender\blenkernel\intern\modifier.cc:460 BKE_modifier_set_error: Object: "Front right drilled rotor perforation.012", Modifier: "Weighted corner normals", Enable 'Auto Smooth' in Object Data Properties
ERROR (bke.modifier): C:\Users\blender\git\blender-v360\blender.git\source\blender\blenkernel\intern\modifier.cc:460 BKE_modifier_set_error: Object: "Rear left drilled rotor perforation.046", Modifier: "Weighted corner normals", Enable 'Auto Smooth' in Object Data Properties
ERROR (bke.modifier): C:\Users\blender\git\blender-v360\blender.git\source\blender\blenkernel\intern\modifier.cc:460 BKE_modifier_set_error: Object: "Rear left drilled rotor perforation.047", Modifier: "Weighted corner normals", Enable 'Auto Smooth' in Object Data Properties
ERROR (bke.modifier): C:\Users\blender\git\blender-v360\blender.git\source\blender\blenkernel\intern\modifier.cc:460 BKE_modifier_set_error: Object: "Front right drilled rotor perforation.011", Modifier: "Weighted corner normals", Enable 'Auto Smooth' in Object Data Properties
ERROR (bke.modifier): C:\Users\blender\git\blender-v360\blender.git\source\blender\blenkernel\intern\modifier.cc:460 BKE_modifier_set_error: Object: "Rear left drilled rotor perforation.048", Modifier: "Weighted corner normals", Enable 'Auto Smooth' in Object Data Properties
ERROR (bke.modifier): C:\Users\blender\git\blender-v360\blender.git\source\blender\blenkernel\intern\modifier.cc:460 BKE_modifier_set_error: Object: "Rear left drilled rotor perforation.049", Modifier: "Weighted corner normals", Enable 'Auto Smooth' in Object Data Properties
ERROR (bke.modifier): C:\Users\blender\git\blender-v360\blender.git\source\blender\blenkernel\intern\modifier.cc:460 BKE_modifier_set_error: Object: "Rear left drilled rotor perforation.050", Modifier: "Weighted corner normals", Enable 'Auto Smooth' in Object Data Properties
ERROR (bke.modifier): C:\Users\blender\git\blender-v360\blender.git\source\blender\blenkernel\intern\modifier.cc:460 BKE_modifier_set_error: Object: "Rear left drilled rotor perforation.051", Modifier: "Weighted corner normals", Enable 'Auto Smooth' in Object Data Properties
ERROR (bke.modifier): C:\Users\blender\git\blender-v360\blender.git\source\blender\blenkernel\intern\modifier.cc:460 BKE_modifier_set_error: Object: "Front right drilled rotor perforation.010", Modifier: "Weighted corner normals", Enable 'Auto Smooth' in Object Data Properties
ERROR (bke.modifier): C:\Users\blender\git\blender-v360\blender.git\source\blender\blenkernel\intern\modifier.cc:460 BKE_modifier_set_error: Object: "Rear left drilled rotor perforation.052", Modifier: "Weighted corner normals", Enable 'Auto Smooth' in Object Data Properties
ERROR (bke.modifier): C:\Users\blender\git\blender-v360\blender.git\source\blender\blenkernel\intern\modifier.cc:460 BKE_modifier_set_error: Object: "Front right drilled rotor perforation.009", Modifier: "Weighted corner normals", Enable 'Auto Smooth' in Object Data Properties
ERROR (bke.modifier): C:\Users\blender\git\blender-v360\blender.git\source\blender\blenkernel\intern\modifier.cc:460 BKE_modifier_set_error: Object: "Rear left drilled rotor perforation.054", Modifier: "Weighted corner normals", Enable 'Auto Smooth' in Object Data Properties
ERROR (bke.modifier): C:\Users\blender\git\blender-v360\blender.git\source\blender\blenkernel\intern\modifier.cc:460 BKE_modifier_set_error: Object: "Rear left drilled rotor perforation.055", Modifier: "Weighted corner normals", Enable 'Auto Smooth' in Object Data Properties
ERROR (bke.modifier): C:\Users\blender\git\blender-v360\blender.git\source\blender\blenkernel\intern\modifier.cc:460 BKE_modifier_set_error: Object: "Front right drilled rotor perforation.008", Modifier: "Weighted corner normals", Enable 'Auto Smooth' in Object Data Properties
ERROR (bke.modifier): C:\Users\blender\git\blender-v360\blender.git\source\blender\blenkernel\intern\modifier.cc:460 BKE_modifier_set_error: Object: "Rear left drilled rotor perforation.057", Modifier: "Weighted corner normals", Enable 'Auto Smooth' in Object Data Properties
ERROR (bke.modifier): C:\Users\blender\git\blender-v360\blender.git\source\blender\blenkernel\intern\modifier.cc:460 BKE_modifier_set_error: Object: "Rear left drilled rotor perforation.056", Modifier: "Weighted corner normals", Enable 'Auto Smooth' in Object Data Properties
ERROR (bke.modifier): C:\Users\blender\git\blender-v360\blender.git\source\blender\blenkernel\intern\modifier.cc:460 BKE_modifier_set_error: Object: "Rear left drilled rotor perforation.058", Modifier: "Weighted corner normals", Enable 'Auto Smooth' in Object Data Properties
ERROR (bke.modifier): C:\Users\blender\git\blender-v360\blender.git\source\blender\blenkernel\intern\modifier.cc:460 BKE_modifier_set_error: Object: "Front right drilled rotor perforation.007", Modifier: "Weighted corner normals", Enable 'Auto Smooth' in Object Data Properties
ERROR (bke.modifier): C:\Users\blender\git\blender-v360\blender.git\source\blender\blenkernel\intern\modifier.cc:460 BKE_modifier_set_error: Object: "Rear left drilled rotor perforation.060", Modifier: "Weighted corner normals", Enable 'Auto Smooth' in Object Data Properties
ERROR (bke.modifier): C:\Users\blender\git\blender-v360\blender.git\source\blender\blenkernel\intern\modifier.cc:460 BKE_modifier_set_error: Object: "Rear left drilled rotor perforation.059", Modifier: "Weighted corner normals", Enable 'Auto Smooth' in Object Data Properties
ERROR (bke.modifier): C:\Users\blender\git\blender-v360\blender.git\source\blender\blenkernel\intern\modifier.cc:460 BKE_modifier_set_error: Object: "Front right drilled rotor perforation.006", Modifier: "Weighted corner normals", Enable 'Auto Smooth' in Object Data Properties
ERROR (bke.modifier): C:\Users\blender\git\blender-v360\blender.git\source\blender\blenkernel\intern\modifier.cc:460 BKE_modifier_set_error: Object: "Rear left drilled rotor perforation.061", Modifier: "Weighted corner normals", Enable 'Auto Smooth' in Object Data Properties
ERROR (bke.modifier): C:\Users\blender\git\blender-v360\blender.git\source\blender\blenkernel\intern\modifier.cc:460 BKE_modifier_set_error: Object: "Front right drilled rotor perforation.005", Modifier: "Weighted corner normals", Enable 'Auto Smooth' in Object Data Properties
ERROR (bke.modifier): C:\Users\blender\git\blender-v360\blender.git\source\blender\blenkernel\intern\modifier.cc:460 BKE_modifier_set_error: Object: "Rear left drilled rotor perforation.062", Modifier: "Weighted corner normals", Enable 'Auto Smooth' in Object Data Properties
ERROR (bke.modifier): C:\Users\blender\git\blender-v360\blender.git\source\blender\blenkernel\intern\modifier.cc:460 BKE_modifier_set_error: Object: "Rear left drilled rotor perforation.063", Modifier: "Weighted corner normals", Enable 'Auto Smooth' in Object Data Properties
ERROR (bke.modifier): C:\Users\blender\git\blender-v360\blender.git\source\blender\blenkernel\intern\modifier.cc:460 BKE_modifier_set_error: Object: "Rear left drilled rotor perforation.053", Modifier: "Weighted corner normals", Enable 'Auto Smooth' in Object Data Properties
ERROR (bke.modifier): C:\Users\blender\git\blender-v360\blender.git\source\blender\blenkernel\intern\modifier.cc:460 BKE_modifier_set_error: Object: "Front right drilled rotor perforation.004", Modifier: "Weighted corner normals", Enable 'Auto Smooth' in Object Data Properties
ERROR (bke.modifier): C:\Users\blender\git\blender-v360\blender.git\source\blender\blenkernel\intern\modifier.cc:460 BKE_modifier_set_error: Object: "Rear left drilled rotor perforation.065", Modifier: "Weighted corner normals", Enable 'Auto Smooth' in Object Data Properties
ERROR (bke.modifier): C:\Users\blender\git\blender-v360\blender.git\source\blender\blenkernel\intern\modifier.cc:460 BKE_modifier_set_error: Object: "Rear left drilled rotor perforation.064", Modifier: "Weighted corner normals", Enable 'Auto Smooth' in Object Data Properties
ERROR (bke.modifier): C:\Users\blender\git\blender-v360\blender.git\source\blender\blenkernel\intern\modifier.cc:460 BKE_modifier_set_error: Object: "Rear left drilled rotor perforation.067", Modifier: "Weighted corner normals", Enable 'Auto Smooth' in Object Data Properties
ERROR (bke.modifier): C:\Users\blender\git\blender-v360\blender.git\source\blender\blenkernel\intern\modifier.cc:460 BKE_modifier_set_error: Object: "Front right drilled rotor perforation.003", Modifier: "Weighted corner normals", Enable 'Auto Smooth' in Object Data Properties
ERROR (bke.modifier): C:\Users\blender\git\blender-v360\blender.git\source\blender\blenkernel\intern\modifier.cc:460 BKE_modifier_set_error: Object: "Rear left drilled rotor perforation.069", Modifier: "Weighted corner normals", Enable 'Auto Smooth' in Object Data Properties
ERROR (bke.modifier): C:\Users\blender\git\blender-v360\blender.git\source\blender\blenkernel\intern\modifier.cc:460 BKE_modifier_set_error: Object: "Front right drilled rotor perforation.002", Modifier: "Weighted corner normals", Enable 'Auto Smooth' in Object Data Properties
ERROR (bke.modifier): C:\Users\blender\git\blender-v360\blender.git\source\blender\blenkernel\intern\modifier.cc:460 BKE_modifier_set_error: Object: "Rear left drilled rotor perforation.068", Modifier: "Weighted corner normals", Enable 'Auto Smooth' in Object Data Properties
ERROR (bke.modifier): C:\Users\blender\git\blender-v360\blender.git\source\blender\blenkernel\intern\modifier.cc:460 BKE_modifier_set_error: Object: "Rear left drilled rotor perforation.070", Modifier: "Weighted corner normals", Enable 'Auto Smooth' in Object Data Properties
ERROR (bke.modifier): C:\Users\blender\git\blender-v360\blender.git\source\blender\blenkernel\intern\modifier.cc:460 BKE_modifier_set_error: Object: "Rear left drilled rotor perforation.071", Modifier: "Weighted corner normals", Enable 'Auto Smooth' in Object Data Properties
ERROR (bke.modifier): C:\Users\blender\git\blender-v360\blender.git\source\blender\blenkernel\intern\modifier.cc:460 BKE_modifier_set_error: Object: "Front right drilled rotor perforation.001", Modifier: "Weighted corner normals", Enable 'Auto Smooth' in Object Data Properties
ERROR (bke.modifier): C:\Users\blender\git\blender-v360\blender.git\source\blender\blenkernel\intern\modifier.cc:460 BKE_modifier_set_error: Object: "Rear left drilled rotor perforation.066", Modifier: "Weighted corner normals", Enable 'Auto Smooth' in Object Data Properties
ERROR (bke.modifier): C:\Users\blender\git\blender-v360\blender.git\source\blender\blenkernel\intern\modifier.cc:460 BKE_modifier_set_error: Object: "Rear left yellow six-piston caliper", Modifier: "Weighted corner normals", Enable 'Auto Smooth' in Object Data Properties
ERROR (bke.modifier): C:\Users\blender\git\blender-v360\blender.git\source\blender\blenkernel\intern\modifier.cc:460 BKE_modifier_set_error: Object: "Rear left machined split spoke", Modifier: "Weighted corner normals", Enable 'Auto Smooth' in Object Data Properties
ERROR (bke.modifier): C:\Users\blender\git\blender-v360\blender.git\source\blender\blenkernel\intern\modifier.cc:460 BKE_modifier_set_error: Object: "Front right drilled rotor perforation", Modifier: "Weighted corner normals", Enable 'Auto Smooth' in Object Data Properties
ERROR (bke.modifier): C:\Users\blender\git\blender-v360\blender.git\source\blender\blenkernel\intern\modifier.cc:460 BKE_modifier_set_error: Object: "Rear left brake disc bell", Modifier: "Weighted corner normals", Enable 'Auto Smooth' in Object Data Properties
ERROR (bke.modifier): C:\Users\blender\git\blender-v360\blender.git\source\blender\blenkernel\intern\modifier.cc:460 BKE_modifier_set_error: Object: "Rear left machined split spoke.001", Modifier: "Weighted corner normals", Enable 'Auto Smooth' in Object Data Properties
ERROR (bke.modifier): C:\Users\blender\git\blender-v360\blender.git\source\blender\blenkernel\intern\modifier.cc:460 BKE_modifier_set_error: Object: "Rear left black spoke pocket", Modifier: "Weighted corner normals", Enable 'Auto Smooth' in Object Data Properties
ERROR (bke.modifier): C:\Users\blender\git\blender-v360\blender.git\source\blender\blenkernel\intern\modifier.cc:460 BKE_modifier_set_error: Object: "Rear left machined split spoke.002", Modifier: "Weighted corner normals", Enable 'Auto Smooth' in Object Data Properties
ERROR (bke.modifier): C:\Users\blender\git\blender-v360\blender.git\source\blender\blenkernel\intern\modifier.cc:460 BKE_modifier_set_error: Object: "Front right brake rotor", Modifier: "Weighted corner normals", Enable 'Auto Smooth' in Object Data Properties
ERROR (bke.modifier): C:\Users\blender\git\blender-v360\blender.git\source\blender\blenkernel\intern\modifier.cc:460 BKE_modifier_set_error: Object: "Rear left black spoke pocket.001", Modifier: "Weighted corner normals", Enable 'Auto Smooth' in Object Data Properties
ERROR (bke.modifier): C:\Users\blender\git\blender-v360\blender.git\source\blender\blenkernel\intern\modifier.cc:460 BKE_modifier_set_error: Object: "Rear left black spoke pocket.002", Modifier: "Weighted corner normals", Enable 'Auto Smooth' in Object Data Properties
ERROR (bke.modifier): C:\Users\blender\git\blender-v360\blender.git\source\blender\blenkernel\intern\modifier.cc:460 BKE_modifier_set_error: Object: "Rear left machined split spoke.003", Modifier: "Weighted corner normals", Enable 'Auto Smooth' in Object Data Properties
ERROR (bke.modifier): C:\Users\blender\git\blender-v360\blender.git\source\blender\blenkernel\intern\modifier.cc:460 BKE_modifier_set_error: Object: "Rear left black spoke pocket.003", Modifier: "Weighted corner normals", Enable 'Auto Smooth' in Object Data Properties
ERROR (bke.modifier): C:\Users\blender\git\blender-v360\blender.git\source\blender\blenkernel\intern\modifier.cc:460 BKE_modifier_set_error: Object: "Rear left machined split spoke.004", Modifier: "Weighted corner normals", Enable 'Auto Smooth' in Object Data Properties
ERROR (bke.modifier): C:\Users\blender\git\blender-v360\blender.git\source\blender\blenkernel\intern\modifier.cc:460 BKE_modifier_set_error: Object: "Rear left black spoke pocket.004", Modifier: "Weighted corner normals", Enable 'Auto Smooth' in Object Data Properties
ERROR (bke.modifier): C:\Users\blender\git\blender-v360\blender.git\source\blender\blenkernel\intern\modifier.cc:460 BKE_modifier_set_error: Object: "Rear left machined split spoke.005", Modifier: "Weighted corner normals", Enable 'Auto Smooth' in Object Data Properties
ERROR (bke.modifier): C:\Users\blender\git\blender-v360\blender.git\source\blender\blenkernel\intern\modifier.cc:460 BKE_modifier_set_error: Object: "Rear left black spoke pocket.005", Modifier: "Weighted corner normals", Enable 'Auto Smooth' in Object Data Properties
ERROR (bke.modifier): C:\Users\blender\git\blender-v360\blender.git\source\blender\blenkernel\intern\modifier.cc:460 BKE_modifier_set_error: Object: "Rear left machined split spoke.006", Modifier: "Weighted corner normals", Enable 'Auto Smooth' in Object Data Properties
ERROR (bke.modifier): C:\Users\blender\git\blender-v360\blender.git\source\blender\blenkernel\intern\modifier.cc:460 BKE_modifier_set_error: Object: "Front left tire valve", Modifier: "Weighted corner normals", Enable 'Auto Smooth' in Object Data Properties
ERROR (bke.modifier): C:\Users\blender\git\blender-v360\blender.git\source\blender\blenkernel\intern\modifier.cc:460 BKE_modifier_set_error: Object: "Rear left black spoke pocket.006", Modifier: "Weighted corner normals", Enable 'Auto Smooth' in Object Data Properties
ERROR (bke.modifier): C:\Users\blender\git\blender-v360\blender.git\source\blender\blenkernel\intern\modifier.cc:460 BKE_modifier_set_error: Object: "Rear left machined split spoke.007", Modifier: "Weighted corner normals", Enable 'Auto Smooth' in Object Data Properties
ERROR (bke.modifier): C:\Users\blender\git\blender-v360\blender.git\source\blender\blenkernel\intern\modifier.cc:460 BKE_modifier_set_error: Object: "Front left titanium lug nut.004", Modifier: "Weighted corner normals", Enable 'Auto Smooth' in Object Data Properties
ERROR (bke.modifier): C:\Users\blender\git\blender-v360\blender.git\source\blender\blenkernel\intern\modifier.cc:460 BKE_modifier_set_error: Object: "Rear left black spoke pocket.007", Modifier: "Weighted corner normals", Enable 'Auto Smooth' in Object Data Properties
ERROR (bke.modifier): C:\Users\blender\git\blender-v360\blender.git\source\blender\blenkernel\intern\modifier.cc:460 BKE_modifier_set_error: Object: "Rear left machined split spoke.008", Modifier: "Weighted corner normals", Enable 'Auto Smooth' in Object Data Properties
ERROR (bke.modifier): C:\Users\blender\git\blender-v360\blender.git\source\blender\blenkernel\intern\modifier.cc:460 BKE_modifier_set_error: Object: "Front left titanium lug nut.003", Modifier: "Weighted corner normals", Enable 'Auto Smooth' in Object Data Properties
ERROR (bke.modifier): C:\Users\blender\git\blender-v360\blender.git\source\blender\blenkernel\intern\modifier.cc:460 BKE_modifier_set_error: Object: "Rear left black spoke pocket.008", Modifier: "Weighted corner normals", Enable 'Auto Smooth' in Object Data Properties
ERROR (bke.modifier): C:\Users\blender\git\blender-v360\blender.git\source\blender\blenkernel\intern\modifier.cc:460 BKE_modifier_set_error: Object: "Rear left machined split spoke.009", Modifier: "Weighted corner normals", Enable 'Auto Smooth' in Object Data Properties
ERROR (bke.modifier): C:\Users\blender\git\blender-v360\blender.git\source\blender\blenkernel\intern\modifier.cc:460 BKE_modifier_set_error: Object: "Front left titanium lug nut.002", Modifier: "Weighted corner normals", Enable 'Auto Smooth' in Object Data Properties
ERROR (bke.modifier): C:\Users\blender\git\blender-v360\blender.git\source\blender\blenkernel\intern\modifier.cc:460 BKE_modifier_set_error: Object: "Rear left black spoke pocket.009", Modifier: "Weighted corner normals", Enable 'Auto Smooth' in Object Data Properties
ERROR (bke.modifier): C:\Users\blender\git\blender-v360\blender.git\source\blender\blenkernel\intern\modifier.cc:460 BKE_modifier_set_error: Object: "Front left titanium lug nut.001", Modifier: "Weighted corner normals", Enable 'Auto Smooth' in Object Data Properties
ERROR (bke.modifier): C:\Users\blender\git\blender-v360\blender.git\source\blender\blenkernel\intern\modifier.cc:460 BKE_modifier_set_error: Object: "Front left titanium lug nut", Modifier: "Weighted corner normals", Enable 'Auto Smooth' in Object Data Properties
ERROR (bke.modifier): C:\Users\blender\git\blender-v360\blender.git\source\blender\blenkernel\intern\modifier.cc:460 BKE_modifier_set_error: Object: "Rear left titanium lug nut", Modifier: "Weighted corner normals", Enable 'Auto Smooth' in Object Data Properties
ERROR (bke.modifier): C:\Users\blender\git\blender-v360\blender.git\source\blender\blenkernel\intern\modifier.cc:460 BKE_modifier_set_error: Object: "Rear left titanium lug nut.001", Modifier: "Weighted corner normals", Enable 'Auto Smooth' in Object Data Properties
ERROR (bke.modifier): C:\Users\blender\git\blender-v360\blender.git\source\blender\blenkernel\intern\modifier.cc:460 BKE_modifier_set_error: Object: "Rear left titanium lug nut.002", Modifier: "Weighted corner normals", Enable 'Auto Smooth' in Object Data Properties
ERROR (bke.modifier): C:\Users\blender\git\blender-v360\blender.git\source\blender\blenkernel\intern\modifier.cc:460 BKE_modifier_set_error: Object: "Rear left titanium lug nut.004", Modifier: "Weighted corner normals", Enable 'Auto Smooth' in Object Data Properties
ERROR (bke.modifier): C:\Users\blender\git\blender-v360\blender.git\source\blender\blenkernel\intern\modifier.cc:460 BKE_modifier_set_error: Object: "Rear left titanium lug nut.003", Modifier: "Weighted corner normals", Enable 'Auto Smooth' in Object Data Properties
ERROR (bke.modifier): C:\Users\blender\git\blender-v360\blender.git\source\blender\blenkernel\intern\modifier.cc:460 BKE_modifier_set_error: Object: "Rear left tire valve", Modifier: "Weighted corner normals", Enable 'Auto Smooth' in Object Data Properties
ERROR (bke.modifier): C:\Users\blender\git\blender-v360\blender.git\source\blender\blenkernel\intern\modifier.cc:460 BKE_modifier_set_error: Object: "Rear left center hub", Modifier: "Weighted corner normals", Enable 'Auto Smooth' in Object Data Properties
ERROR (bke.modifier): C:\Users\blender\git\blender-v360\blender.git\source\blender\blenkernel\intern\modifier.cc:460 BKE_modifier_set_error: Object: "Front left center hub", Modifier: "Weighted corner normals", Enable 'Auto Smooth' in Object Data Properties
ERROR (bke.modifier): C:\Users\blender\git\blender-v360\blender.git\source\blender\blenkernel\intern\modifier.cc:460 BKE_modifier_set_error: Object: "Rear right drilled rotor perforation", Modifier: "Weighted corner normals", Enable 'Auto Smooth' in Object Data Properties
ERROR (bke.modifier): C:\Users\blender\git\blender-v360\blender.git\source\blender\blenkernel\intern\modifier.cc:460 BKE_modifier_set_error: Object: "Rear right drilled rotor perforation.001", Modifier: "Weighted corner normals", Enable 'Auto Smooth' in Object Data Properties
ERROR (bke.modifier): C:\Users\blender\git\blender-v360\blender.git\source\blender\blenkernel\intern\modifier.cc:460 BKE_modifier_set_error: Object: "Front left black spoke pocket.009", Modifier: "Weighted corner normals", Enable 'Auto Smooth' in Object Data Properties
ERROR (bke.modifier): C:\Users\blender\git\blender-v360\blender.git\source\blender\blenkernel\intern\modifier.cc:460 BKE_modifier_set_error: Object: "Rear right drilled rotor perforation.002", Modifier: "Weighted corner normals", Enable 'Auto Smooth' in Object Data Properties
ERROR (bke.modifier): C:\Users\blender\git\blender-v360\blender.git\source\blender\blenkernel\intern\modifier.cc:460 BKE_modifier_set_error: Object: "Rear right brake rotor", Modifier: "Weighted corner normals", Enable 'Auto Smooth' in Object Data Properties
ERROR (bke.modifier): C:\Users\blender\git\blender-v360\blender.git\source\blender\blenkernel\intern\modifier.cc:460 BKE_modifier_set_error: Object: "Front left machined split spoke.009", Modifier: "Weighted corner normals", Enable 'Auto Smooth' in Object Data Properties
ERROR (bke.modifier): C:\Users\blender\git\blender-v360\blender.git\source\blender\blenkernel\intern\modifier.cc:460 BKE_modifier_set_error: Object: "Rear right drilled rotor perforation.003", Modifier: "Weighted corner normals", Enable 'Auto Smooth' in Object Data Properties
ERROR (bke.modifier): C:\Users\blender\git\blender-v360\blender.git\source\blender\blenkernel\intern\modifier.cc:460 BKE_modifier_set_error: Object: "Front left black spoke pocket.008", Modifier: "Weighted corner normals", Enable 'Auto Smooth' in Object Data Properties
ERROR (bke.modifier): C:\Users\blender\git\blender-v360\blender.git\source\blender\blenkernel\intern\modifier.cc:460 BKE_modifier_set_error: Object: "Rear right drilled rotor perforation.004", Modifier: "Weighted corner normals", Enable 'Auto Smooth' in Object Data Properties
ERROR (bke.modifier): C:\Users\blender\git\blender-v360\blender.git\source\blender\blenkernel\intern\modifier.cc:460 BKE_modifier_set_error: Object: "Rear right drilled rotor perforation.006", Modifier: "Weighted corner normals", Enable 'Auto Smooth' in Object Data Properties
ERROR (bke.modifier): C:\Users\blender\git\blender-v360\blender.git\source\blender\blenkernel\intern\modifier.cc:460 BKE_modifier_set_error: Object: "Rear right drilled rotor perforation.005", Modifier: "Weighted corner normals", Enable 'Auto Smooth' in Object Data Properties
ERROR (bke.modifier): C:\Users\blender\git\blender-v360\blender.git\source\blender\blenkernel\intern\modifier.cc:460 BKE_modifier_set_error: Object: "Rear right drilled rotor perforation.007", Modifier: "Weighted corner normals", Enable 'Auto Smooth' in Object Data Properties
ERROR (bke.modifier): C:\Users\blender\git\blender-v360\blender.git\source\blender\blenkernel\intern\modifier.cc:460 BKE_modifier_set_error: Object: "Rear right drilled rotor perforation.008", Modifier: "Weighted corner normals", Enable 'Auto Smooth' in Object Data Properties
ERROR (bke.modifier): C:\Users\blender\git\blender-v360\blender.git\source\blender\blenkernel\intern\modifier.cc:460 BKE_modifier_set_error: Object: "Rear right drilled rotor perforation.009", Modifier: "Weighted corner normals", Enable 'Auto Smooth' in Object Data Properties
ERROR (bke.modifier): C:\Users\blender\git\blender-v360\blender.git\source\blender\blenkernel\intern\modifier.cc:460 BKE_modifier_set_error: Object: "Front left machined split spoke.008", Modifier: "Weighted corner normals", Enable 'Auto Smooth' in Object Data Properties
ERROR (bke.modifier): C:\Users\blender\git\blender-v360\blender.git\source\blender\blenkernel\intern\modifier.cc:460 BKE_modifier_set_error: Object: "Rear right drilled rotor perforation.011", Modifier: "Weighted corner normals", Enable 'Auto Smooth' in Object Data Properties
ERROR (bke.modifier): C:\Users\blender\git\blender-v360\blender.git\source\blender\blenkernel\intern\modifier.cc:460 BKE_modifier_set_error: Object: "Front left black spoke pocket.007", Modifier: "Weighted corner normals", Enable 'Auto Smooth' in Object Data Properties
ERROR (bke.modifier): C:\Users\blender\git\blender-v360\blender.git\source\blender\blenkernel\intern\modifier.cc:460 BKE_modifier_set_error: Object: "Rear right drilled rotor perforation.012", Modifier: "Weighted corner normals", Enable 'Auto Smooth' in Object Data Properties
ERROR (bke.modifier): C:\Users\blender\git\blender-v360\blender.git\source\blender\blenkernel\intern\modifier.cc:460 BKE_modifier_set_error: Object: "Front left machined split spoke.007", Modifier: "Weighted corner normals", Enable 'Auto Smooth' in Object Data Properties
ERROR (bke.modifier): C:\Users\blender\git\blender-v360\blender.git\source\blender\blenkernel\intern\modifier.cc:460 BKE_modifier_set_error: Object: "Rear right drilled rotor perforation.013", Modifier: "Weighted corner normals", Enable 'Auto Smooth' in Object Data Properties
ERROR (bke.modifier): C:\Users\blender\git\blender-v360\blender.git\source\blender\blenkernel\intern\modifier.cc:460 BKE_modifier_set_error: Object: "Rear right drilled rotor perforation.010", Modifier: "Weighted corner normals", Enable 'Auto Smooth' in Object Data Properties
ERROR (bke.modifier): C:\Users\blender\git\blender-v360\blender.git\source\blender\blenkernel\intern\modifier.cc:460 BKE_modifier_set_error: Object: "Rear right drilled rotor perforation.014", Modifier: "Weighted corner normals", Enable 'Auto Smooth' in Object Data Properties
ERROR (bke.modifier): C:\Users\blender\git\blender-v360\blender.git\source\blender\blenkernel\intern\modifier.cc:460 BKE_modifier_set_error: Object: "Front left black spoke pocket.006", Modifier: "Weighted corner normals", Enable 'Auto Smooth' in Object Data Properties
ERROR (bke.modifier): C:\Users\blender\git\blender-v360\blender.git\source\blender\blenkernel\intern\modifier.cc:460 BKE_modifier_set_error: Object: "Rear right drilled rotor perforation.015", Modifier: "Weighted corner normals", Enable 'Auto Smooth' in Object Data Properties
ERROR (bke.modifier): C:\Users\blender\git\blender-v360\blender.git\source\blender\blenkernel\intern\modifier.cc:460 BKE_modifier_set_error: Object: "Rear right drilled rotor perforation.016", Modifier: "Weighted corner normals", Enable 'Auto Smooth' in Object Data Properties
ERROR (bke.modifier): C:\Users\blender\git\blender-v360\blender.git\source\blender\blenkernel\intern\modifier.cc:460 BKE_modifier_set_error: Object: "Rear right drilled rotor perforation.017", Modifier: "Weighted corner normals", Enable 'Auto Smooth' in Object Data Properties
ERROR (bke.modifier): C:\Users\blender\git\blender-v360\blender.git\source\blender\blenkernel\intern\modifier.cc:460 BKE_modifier_set_error: Object: "Rear right drilled rotor perforation.019", Modifier: "Weighted corner normals", Enable 'Auto Smooth' in Object Data Properties
ERROR (bke.modifier): C:\Users\blender\git\blender-v360\blender.git\source\blender\blenkernel\intern\modifier.cc:460 BKE_modifier_set_error: Object: "Rear right drilled rotor perforation.020", Modifier: "Weighted corner normals", Enable 'Auto Smooth' in Object Data Properties
ERROR (bke.modifier): C:\Users\blender\git\blender-v360\blender.git\source\blender\blenkernel\intern\modifier.cc:460 BKE_modifier_set_error: Object: "Rear right drilled rotor perforation.018", Modifier: "Weighted corner normals", Enable 'Auto Smooth' in Object Data Properties
ERROR (bke.modifier): C:\Users\blender\git\blender-v360\blender.git\source\blender\blenkernel\intern\modifier.cc:460 BKE_modifier_set_error: Object: "Front left machined split spoke.006", Modifier: "Weighted corner normals", Enable 'Auto Smooth' in Object Data Properties
ERROR (bke.modifier): C:\Users\blender\git\blender-v360\blender.git\source\blender\blenkernel\intern\modifier.cc:460 BKE_modifier_set_error: Object: "Rear right drilled rotor perforation.021", Modifier: "Weighted corner normals", Enable 'Auto Smooth' in Object Data Properties
ERROR (bke.modifier): C:\Users\blender\git\blender-v360\blender.git\source\blender\blenkernel\intern\modifier.cc:460 BKE_modifier_set_error: Object: "Rear right drilled rotor perforation.022", Modifier: "Weighted corner normals", Enable 'Auto Smooth' in Object Data Properties
ERROR (bke.modifier): C:\Users\blender\git\blender-v360\blender.git\source\blender\blenkernel\intern\modifier.cc:460 BKE_modifier_set_error: Object: "Front left black spoke pocket.005", Modifier: "Weighted corner normals", Enable 'Auto Smooth' in Object Data Properties
ERROR (bke.modifier): C:\Users\blender\git\blender-v360\blender.git\source\blender\blenkernel\intern\modifier.cc:460 BKE_modifier_set_error: Object: "Rear right drilled rotor perforation.023", Modifier: "Weighted corner normals", Enable 'Auto Smooth' in Object Data Properties
ERROR (bke.modifier): C:\Users\blender\git\blender-v360\blender.git\source\blender\blenkernel\intern\modifier.cc:460 BKE_modifier_set_error: Object: "Front left machined split spoke.005", Modifier: "Weighted corner normals", Enable 'Auto Smooth' in Object Data Properties
ERROR (bke.modifier): C:\Users\blender\git\blender-v360\blender.git\source\blender\blenkernel\intern\modifier.cc:460 BKE_modifier_set_error: Object: "Rear right drilled rotor perforation.025", Modifier: "Weighted corner normals", Enable 'Auto Smooth' in Object Data Properties
ERROR (bke.modifier): C:\Users\blender\git\blender-v360\blender.git\source\blender\blenkernel\intern\modifier.cc:460 BKE_modifier_set_error: Object: "Front left black spoke pocket.004", Modifier: "Weighted corner normals", Enable 'Auto Smooth' in Object Data Properties
ERROR (bke.modifier): C:\Users\blender\git\blender-v360\blender.git\source\blender\blenkernel\intern\modifier.cc:460 BKE_modifier_set_error: Object: "Rear right drilled rotor perforation.026", Modifier: "Weighted corner normals", Enable 'Auto Smooth' in Object Data Properties
ERROR (bke.modifier): C:\Users\blender\git\blender-v360\blender.git\source\blender\blenkernel\intern\modifier.cc:460 BKE_modifier_set_error: Object: "Rear right drilled rotor perforation.024", Modifier: "Weighted corner normals", Enable 'Auto Smooth' in Object Data Properties
ERROR (bke.modifier): C:\Users\blender\git\blender-v360\blender.git\source\blender\blenkernel\intern\modifier.cc:460 BKE_modifier_set_error: Object: "Front left machined split spoke.004", Modifier: "Weighted corner normals", Enable 'Auto Smooth' in Object Data Properties
ERROR (bke.modifier): C:\Users\blender\git\blender-v360\blender.git\source\blender\blenkernel\intern\modifier.cc:460 BKE_modifier_set_error: Object: "Rear right drilled rotor perforation.027", Modifier: "Weighted corner normals", Enable 'Auto Smooth' in Object Data Properties
ERROR (bke.modifier): C:\Users\blender\git\blender-v360\blender.git\source\blender\blenkernel\intern\modifier.cc:460 BKE_modifier_set_error: Object: "Rear right drilled rotor perforation.028", Modifier: "Weighted corner normals", Enable 'Auto Smooth' in Object Data Properties
ERROR (bke.modifier): C:\Users\blender\git\blender-v360\blender.git\source\blender\blenkernel\intern\modifier.cc:460 BKE_modifier_set_error: Object: "Front left black spoke pocket.003", Modifier: "Weighted corner normals", Enable 'Auto Smooth' in Object Data Properties
ERROR (bke.modifier): C:\Users\blender\git\blender-v360\blender.git\source\blender\blenkernel\intern\modifier.cc:460 BKE_modifier_set_error: Object: "Rear right drilled rotor perforation.029", Modifier: "Weighted corner normals", Enable 'Auto Smooth' in Object Data Properties
ERROR (bke.modifier): C:\Users\blender\git\blender-v360\blender.git\source\blender\blenkernel\intern\modifier.cc:460 BKE_modifier_set_error: Object: "Front left machined split spoke.003", Modifier: "Weighted corner normals", Enable 'Auto Smooth' in Object Data Properties
ERROR (bke.modifier): C:\Users\blender\git\blender-v360\blender.git\source\blender\blenkernel\intern\modifier.cc:460 BKE_modifier_set_error: Object: "Rear right drilled rotor perforation.031", Modifier: "Weighted corner normals", Enable 'Auto Smooth' in Object Data Properties
ERROR (bke.modifier): C:\Users\blender\git\blender-v360\blender.git\source\blender\blenkernel\intern\modifier.cc:460 BKE_modifier_set_error: Object: "Rear right drilled rotor perforation.030", Modifier: "Weighted corner normals", Enable 'Auto Smooth' in Object Data Properties
ERROR (bke.modifier): C:\Users\blender\git\blender-v360\blender.git\source\blender\blenkernel\intern\modifier.cc:460 BKE_modifier_set_error: Object: "Front left black spoke pocket.002", Modifier: "Weighted corner normals", Enable 'Auto Smooth' in Object Data Properties
ERROR (bke.modifier): C:\Users\blender\git\blender-v360\blender.git\source\blender\blenkernel\intern\modifier.cc:460 BKE_modifier_set_error: Object: "Front left machined split spoke.002", Modifier: "Weighted corner normals", Enable 'Auto Smooth' in Object Data Properties
ERROR (bke.modifier): C:\Users\blender\git\blender-v360\blender.git\source\blender\blenkernel\intern\modifier.cc:460 BKE_modifier_set_error: Object: "Rear right drilled rotor perforation.032", Modifier: "Weighted corner normals", Enable 'Auto Smooth' in Object Data Properties
ERROR (bke.modifier): C:\Users\blender\git\blender-v360\blender.git\source\blender\blenkernel\intern\modifier.cc:460 BKE_modifier_set_error: Object: "Rear right drilled rotor perforation.033", Modifier: "Weighted corner normals", Enable 'Auto Smooth' in Object Data Properties
ERROR (bke.modifier): C:\Users\blender\git\blender-v360\blender.git\source\blender\blenkernel\intern\modifier.cc:460 BKE_modifier_set_error: Object: "Front left black spoke pocket.001", Modifier: "Weighted corner normals", Enable 'Auto Smooth' in Object Data Properties
ERROR (bke.modifier): C:\Users\blender\git\blender-v360\blender.git\source\blender\blenkernel\intern\modifier.cc:460 BKE_modifier_set_error: Object: "Rear right drilled rotor perforation.034", Modifier: "Weighted corner normals", Enable 'Auto Smooth' in Object Data Properties
ERROR (bke.modifier): C:\Users\blender\git\blender-v360\blender.git\source\blender\blenkernel\intern\modifier.cc:460 BKE_modifier_set_error: Object: "Rear right drilled rotor perforation.036", Modifier: "Weighted corner normals", Enable 'Auto Smooth' in Object Data Properties
ERROR (bke.modifier): C:\Users\blender\git\blender-v360\blender.git\source\blender\blenkernel\intern\modifier.cc:460 BKE_modifier_set_error: Object: "Front left machined split spoke.001", Modifier: "Weighted corner normals", Enable 'Auto Smooth' in Object Data Properties
ERROR (bke.modifier): C:\Users\blender\git\blender-v360\blender.git\source\blender\blenkernel\intern\modifier.cc:460 BKE_modifier_set_error: Object: "Rear right drilled rotor perforation.035", Modifier: "Weighted corner normals", Enable 'Auto Smooth' in Object Data Properties
ERROR (bke.modifier): C:\Users\blender\git\blender-v360\blender.git\source\blender\blenkernel\intern\modifier.cc:460 BKE_modifier_set_error: Object: "Rear right drilled rotor perforation.038", Modifier: "Weighted corner normals", Enable 'Auto Smooth' in Object Data Properties
ERROR (bke.modifier): C:\Users\blender\git\blender-v360\blender.git\source\blender\blenkernel\intern\modifier.cc:460 BKE_modifier_set_error: Object: "Rear right drilled rotor perforation.037", Modifier: "Weighted corner normals", Enable 'Auto Smooth' in Object Data Properties
ERROR (bke.modifier): C:\Users\blender\git\blender-v360\blender.git\source\blender\blenkernel\intern\modifier.cc:460 BKE_modifier_set_error: Object: "Front left black spoke pocket", Modifier: "Weighted corner normals", Enable 'Auto Smooth' in Object Data Properties
ERROR (bke.modifier): C:\Users\blender\git\blender-v360\blender.git\source\blender\blenkernel\intern\modifier.cc:460 BKE_modifier_set_error: Object: "Front left machined split spoke", Modifier: "Weighted corner normals", Enable 'Auto Smooth' in Object Data Properties
ERROR (bke.modifier): C:\Users\blender\git\blender-v360\blender.git\source\blender\blenkernel\intern\modifier.cc:460 BKE_modifier_set_error: Object: "Rear right drilled rotor perforation.039", Modifier: "Weighted corner normals", Enable 'Auto Smooth' in Object Data Properties
ERROR (bke.modifier): C:\Users\blender\git\blender-v360\blender.git\source\blender\blenkernel\intern\modifier.cc:460 BKE_modifier_set_error: Object: "Rear right drilled rotor perforation.041", Modifier: "Weighted corner normals", Enable 'Auto Smooth' in Object Data Properties
ERROR (bke.modifier): C:\Users\blender\git\blender-v360\blender.git\source\blender\blenkernel\intern\modifier.cc:460 BKE_modifier_set_error: Object: "Rear right drilled rotor perforation.040", Modifier: "Weighted corner normals", Enable 'Auto Smooth' in Object Data Properties
ERROR (bke.modifier): C:\Users\blender\git\blender-v360\blender.git\source\blender\blenkernel\intern\modifier.cc:460 BKE_modifier_set_error: Object: "Front left yellow six-piston caliper", Modifier: "Weighted corner normals", Enable 'Auto Smooth' in Object Data Properties
ERROR (bke.modifier): C:\Users\blender\git\blender-v360\blender.git\source\blender\blenkernel\intern\modifier.cc:460 BKE_modifier_set_error: Object: "Rear right drilled rotor perforation.042", Modifier: "Weighted corner normals", Enable 'Auto Smooth' in Object Data Properties
ERROR (bke.modifier): C:\Users\blender\git\blender-v360\blender.git\source\blender\blenkernel\intern\modifier.cc:460 BKE_modifier_set_error: Object: "Rear right drilled rotor perforation.044", Modifier: "Weighted corner normals", Enable 'Auto Smooth' in Object Data Properties
ERROR (bke.modifier): C:\Users\blender\git\blender-v360\blender.git\source\blender\blenkernel\intern\modifier.cc:460 BKE_modifier_set_error: Object: "Rear right drilled rotor perforation.043", Modifier: "Weighted corner normals", Enable 'Auto Smooth' in Object Data Properties
ERROR (bke.modifier): C:\Users\blender\git\blender-v360\blender.git\source\blender\blenkernel\intern\modifier.cc:460 BKE_modifier_set_error: Object: "Rear right drilled rotor perforation.045", Modifier: "Weighted corner normals", Enable 'Auto Smooth' in Object Data Properties
ERROR (bke.modifier): C:\Users\blender\git\blender-v360\blender.git\source\blender\blenkernel\intern\modifier.cc:460 BKE_modifier_set_error: Object: "Front left brake disc bell", Modifier: "Weighted corner normals", Enable 'Auto Smooth' in Object Data Properties
ERROR (bke.modifier): C:\Users\blender\git\blender-v360\blender.git\source\blender\blenkernel\intern\modifier.cc:460 BKE_modifier_set_error: Object: "Front left drilled rotor perforation.071", Modifier: "Weighted corner normals", Enable 'Auto Smooth' in Object Data Properties
ERROR (bke.modifier): C:\Users\blender\git\blender-v360\blender.git\source\blender\blenkernel\intern\modifier.cc:460 BKE_modifier_set_error: Object: "Rear right drilled rotor perforation.046", Modifier: "Weighted corner normals", Enable 'Auto Smooth' in Object Data Properties
ERROR (bke.modifier): C:\Users\blender\git\blender-v360\blender.git\source\blender\blenkernel\intern\modifier.cc:460 BKE_modifier_set_error: Object: "Rear right drilled rotor perforation.047", Modifier: "Weighted corner normals", Enable 'Auto Smooth' in Object Data Properties
ERROR (bke.modifier): C:\Users\blender\git\blender-v360\blender.git\source\blender\blenkernel\intern\modifier.cc:460 BKE_modifier_set_error: Object: "Front left drilled rotor perforation.070", Modifier: "Weighted corner normals", Enable 'Auto Smooth' in Object Data Properties
ERROR (bke.modifier): C:\Users\blender\git\blender-v360\blender.git\source\blender\blenkernel\intern\modifier.cc:460 BKE_modifier_set_error: Object: "Rear right drilled rotor perforation.049", Modifier: "Weighted corner normals", Enable 'Auto Smooth' in Object Data Properties
ERROR (bke.modifier): C:\Users\blender\git\blender-v360\blender.git\source\blender\blenkernel\intern\modifier.cc:460 BKE_modifier_set_error: Object: "Front left drilled rotor perforation.069", Modifier: "Weighted corner normals", Enable 'Auto Smooth' in Object Data Properties
ERROR (bke.modifier): C:\Users\blender\git\blender-v360\blender.git\source\blender\blenkernel\intern\modifier.cc:460 BKE_modifier_set_error: Object: "Rear right drilled rotor perforation.050", Modifier: "Weighted corner normals", Enable 'Auto Smooth' in Object Data Properties
ERROR (bke.modifier): C:\Users\blender\git\blender-v360\blender.git\source\blender\blenkernel\intern\modifier.cc:460 BKE_modifier_set_error: Object: "Rear right drilled rotor perforation.048", Modifier: "Weighted corner normals", Enable 'Auto Smooth' in Object Data Properties
ERROR (bke.modifier): C:\Users\blender\git\blender-v360\blender.git\source\blender\blenkernel\intern\modifier.cc:460 BKE_modifier_set_error: Object: "Rear right drilled rotor perforation.051", Modifier: "Weighted corner normals", Enable 'Auto Smooth' in Object Data Properties
ERROR (bke.modifier): C:\Users\blender\git\blender-v360\blender.git\source\blender\blenkernel\intern\modifier.cc:460 BKE_modifier_set_error: Object: "Front left drilled rotor perforation.068", Modifier: "Weighted corner normals", Enable 'Auto Smooth' in Object Data Properties
ERROR (bke.modifier): C:\Users\blender\git\blender-v360\blender.git\source\blender\blenkernel\intern\modifier.cc:460 BKE_modifier_set_error: Object: "Rear right drilled rotor perforation.052", Modifier: "Weighted corner normals", Enable 'Auto Smooth' in Object Data Properties
ERROR (bke.modifier): C:\Users\blender\git\blender-v360\blender.git\source\blender\blenkernel\intern\modifier.cc:460 BKE_modifier_set_error: Object: "Rear right drilled rotor perforation.053", Modifier: "Weighted corner normals", Enable 'Auto Smooth' in Object Data Properties
ERROR (bke.modifier): C:\Users\blender\git\blender-v360\blender.git\source\blender\blenkernel\intern\modifier.cc:460 BKE_modifier_set_error: Object: "Front left drilled rotor perforation.067", Modifier: "Weighted corner normals", Enable 'Auto Smooth' in Object Data Properties
ERROR (bke.modifier): C:\Users\blender\git\blender-v360\blender.git\source\blender\blenkernel\intern\modifier.cc:460 BKE_modifier_set_error: Object: "Rear right drilled rotor perforation.054", Modifier: "Weighted corner normals", Enable 'Auto Smooth' in Object Data Properties
ERROR (bke.modifier): C:\Users\blender\git\blender-v360\blender.git\source\blender\blenkernel\intern\modifier.cc:460 BKE_modifier_set_error: Object: "Rear right drilled rotor perforation.055", Modifier: "Weighted corner normals", Enable 'Auto Smooth' in Object Data Properties
ERROR (bke.modifier): C:\Users\blender\git\blender-v360\blender.git\source\blender\blenkernel\intern\modifier.cc:460 BKE_modifier_set_error: Object: "Front left drilled rotor perforation.066", Modifier: "Weighted corner normals", Enable 'Auto Smooth' in Object Data Properties
ERROR (bke.modifier): C:\Users\blender\git\blender-v360\blender.git\source\blender\blenkernel\intern\modifier.cc:460 BKE_modifier_set_error: Object: "Rear right drilled rotor perforation.056", Modifier: "Weighted corner normals", Enable 'Auto Smooth' in Object Data Properties
ERROR (bke.modifier): C:\Users\blender\git\blender-v360\blender.git\source\blender\blenkernel\intern\modifier.cc:460 BKE_modifier_set_error: Object: "Rear right drilled rotor perforation.057", Modifier: "Weighted corner normals", Enable 'Auto Smooth' in Object Data Properties
ERROR (bke.modifier): C:\Users\blender\git\blender-v360\blender.git\source\blender\blenkernel\intern\modifier.cc:460 BKE_modifier_set_error: Object: "Rear right drilled rotor perforation.058", Modifier: "Weighted corner normals", Enable 'Auto Smooth' in Object Data Properties
ERROR (bke.modifier): C:\Users\blender\git\blender-v360\blender.git\source\blender\blenkernel\intern\modifier.cc:460 BKE_modifier_set_error: Object: "Rear right drilled rotor perforation.059", Modifier: "Weighted corner normals", Enable 'Auto Smooth' in Object Data Properties
ERROR (bke.modifier): C:\Users\blender\git\blender-v360\blender.git\source\blender\blenkernel\intern\modifier.cc:460 BKE_modifier_set_error: Object: "Front left drilled rotor perforation.065", Modifier: "Weighted corner normals", Enable 'Auto Smooth' in Object Data Properties
ERROR (bke.modifier): C:\Users\blender\git\blender-v360\blender.git\source\blender\blenkernel\intern\modifier.cc:460 BKE_modifier_set_error: Object: "Rear right drilled rotor perforation.061", Modifier: "Weighted corner normals", Enable 'Auto Smooth' in Object Data Properties
ERROR (bke.modifier): C:\Users\blender\git\blender-v360\blender.git\source\blender\blenkernel\intern\modifier.cc:460 BKE_modifier_set_error: Object: "Rear right drilled rotor perforation.060", Modifier: "Weighted corner normals", Enable 'Auto Smooth' in Object Data Properties
ERROR (bke.modifier): C:\Users\blender\git\blender-v360\blender.git\source\blender\blenkernel\intern\modifier.cc:460 BKE_modifier_set_error: Object: "Rear right drilled rotor perforation.062", Modifier: "Weighted corner normals", Enable 'Auto Smooth' in Object Data Properties
ERROR (bke.modifier): C:\Users\blender\git\blender-v360\blender.git\source\blender\blenkernel\intern\modifier.cc:460 BKE_modifier_set_error: Object: "Front left drilled rotor perforation.064", Modifier: "Weighted corner normals", Enable 'Auto Smooth' in Object Data Properties
ERROR (bke.modifier): C:\Users\blender\git\blender-v360\blender.git\source\blender\blenkernel\intern\modifier.cc:460 BKE_modifier_set_error: Object: "Rear right drilled rotor perforation.063", Modifier: "Weighted corner normals", Enable 'Auto Smooth' in Object Data Properties
ERROR (bke.modifier): C:\Users\blender\git\blender-v360\blender.git\source\blender\blenkernel\intern\modifier.cc:460 BKE_modifier_set_error: Object: "Rear right drilled rotor perforation.064", Modifier: "Weighted corner normals", Enable 'Auto Smooth' in Object Data Properties
ERROR (bke.modifier): C:\Users\blender\git\blender-v360\blender.git\source\blender\blenkernel\intern\modifier.cc:460 BKE_modifier_set_error: Object: "Rear right drilled rotor perforation.065", Modifier: "Weighted corner normals", Enable 'Auto Smooth' in Object Data Properties
ERROR (bke.modifier): C:\Users\blender\git\blender-v360\blender.git\source\blender\blenkernel\intern\modifier.cc:460 BKE_modifier_set_error: Object: "Front left drilled rotor perforation.063", Modifier: "Weighted corner normals", Enable 'Auto Smooth' in Object Data Properties
ERROR (bke.modifier): C:\Users\blender\git\blender-v360\blender.git\source\blender\blenkernel\intern\modifier.cc:460 BKE_modifier_set_error: Object: "Rear right drilled rotor perforation.066", Modifier: "Weighted corner normals", Enable 'Auto Smooth' in Object Data Properties
ERROR (bke.modifier): C:\Users\blender\git\blender-v360\blender.git\source\blender\blenkernel\intern\modifier.cc:460 BKE_modifier_set_error: Object: "Rear right drilled rotor perforation.068", Modifier: "Weighted corner normals", Enable 'Auto Smooth' in Object Data Properties
ERROR (bke.modifier): C:\Users\blender\git\blender-v360\blender.git\source\blender\blenkernel\intern\modifier.cc:460 BKE_modifier_set_error: Object: "Rear right drilled rotor perforation.069", Modifier: "Weighted corner normals", Enable 'Auto Smooth' in Object Data Properties
ERROR (bke.modifier): C:\Users\blender\git\blender-v360\blender.git\source\blender\blenkernel\intern\modifier.cc:460 BKE_modifier_set_error: Object: "Rear right drilled rotor perforation.067", Modifier: "Weighted corner normals", Enable 'Auto Smooth' in Object Data Properties
ERROR (bke.modifier): C:\Users\blender\git\blender-v360\blender.git\source\blender\blenkernel\intern\modifier.cc:460 BKE_modifier_set_error: Object: "Front left drilled rotor perforation.062", Modifier: "Weighted corner normals", Enable 'Auto Smooth' in Object Data Properties
ERROR (bke.modifier): C:\Users\blender\git\blender-v360\blender.git\source\blender\blenkernel\intern\modifier.cc:460 BKE_modifier_set_error: Object: "Rear right drilled rotor perforation.070", Modifier: "Weighted corner normals", Enable 'Auto Smooth' in Object Data Properties
ERROR (bke.modifier): C:\Users\blender\git\blender-v360\blender.git\source\blender\blenkernel\intern\modifier.cc:460 BKE_modifier_set_error: Object: "Rear right drilled rotor perforation.071", Modifier: "Weighted corner normals", Enable 'Auto Smooth' in Object Data Properties
ERROR (bke.modifier): C:\Users\blender\git\blender-v360\blender.git\source\blender\blenkernel\intern\modifier.cc:460 BKE_modifier_set_error: Object: "Rear right yellow six-piston caliper", Modifier: "Weighted corner normals", Enable 'Auto Smooth' in Object Data Properties
ERROR (bke.modifier): C:\Users\blender\git\blender-v360\blender.git\source\blender\blenkernel\intern\modifier.cc:460 BKE_modifier_set_error: Object: "Front left drilled rotor perforation.061", Modifier: "Weighted corner normals", Enable 'Auto Smooth' in Object Data Properties
ERROR (bke.modifier): C:\Users\blender\git\blender-v360\blender.git\source\blender\blenkernel\intern\modifier.cc:460 BKE_modifier_set_error: Object: "Rear right machined split spoke", Modifier: "Weighted corner normals", Enable 'Auto Smooth' in Object Data Properties
ERROR (bke.modifier): C:\Users\blender\git\blender-v360\blender.git\source\blender\blenkernel\intern\modifier.cc:460 BKE_modifier_set_error: Object: "Rear right black spoke pocket", Modifier: "Weighted corner normals", Enable 'Auto Smooth' in Object Data Properties
ERROR (bke.modifier): C:\Users\blender\git\blender-v360\blender.git\source\blender\blenkernel\intern\modifier.cc:460 BKE_modifier_set_error: Object: "Rear right machined split spoke.001", Modifier: "Weighted corner normals", Enable 'Auto Smooth' in Object Data Properties
ERROR (bke.modifier): C:\Users\blender\git\blender-v360\blender.git\source\blender\blenkernel\intern\modifier.cc:460 BKE_modifier_set_error: Object: "Rear right black spoke pocket.001", Modifier: "Weighted corner normals", Enable 'Auto Smooth' in Object Data Properties
ERROR (bke.modifier): C:\Users\blender\git\blender-v360\blender.git\source\blender\blenkernel\intern\modifier.cc:460 BKE_modifier_set_error: Object: "Rear right black spoke pocket.002", Modifier: "Weighted corner normals", Enable 'Auto Smooth' in Object Data Properties
ERROR (bke.modifier): C:\Users\blender\git\blender-v360\blender.git\source\blender\blenkernel\intern\modifier.cc:460 BKE_modifier_set_error: Object: "Rear right machined split spoke.002", Modifier: "Weighted corner normals", Enable 'Auto Smooth' in Object Data Properties
ERROR (bke.modifier): C:\Users\blender\git\blender-v360\blender.git\source\blender\blenkernel\intern\modifier.cc:460 BKE_modifier_set_error: Object: "Front left drilled rotor perforation.060", Modifier: "Weighted corner normals", Enable 'Auto Smooth' in Object Data Properties
ERROR (bke.modifier): C:\Users\blender\git\blender-v360\blender.git\source\blender\blenkernel\intern\modifier.cc:460 BKE_modifier_set_error: Object: "Rear right machined split spoke.003", Modifier: "Weighted corner normals", Enable 'Auto Smooth' in Object Data Properties
ERROR (bke.modifier): C:\Users\blender\git\blender-v360\blender.git\source\blender\blenkernel\intern\modifier.cc:460 BKE_modifier_set_error: Object: "Front left drilled rotor perforation.059", Modifier: "Weighted corner normals", Enable 'Auto Smooth' in Object Data Properties
ERROR (bke.modifier): C:\Users\blender\git\blender-v360\blender.git\source\blender\blenkernel\intern\modifier.cc:460 BKE_modifier_set_error: Object: "Rear right black spoke pocket.003", Modifier: "Weighted corner normals", Enable 'Auto Smooth' in Object Data Properties
ERROR (bke.modifier): C:\Users\blender\git\blender-v360\blender.git\source\blender\blenkernel\intern\modifier.cc:460 BKE_modifier_set_error: Object: "Rear right brake disc bell", Modifier: "Weighted corner normals", Enable 'Auto Smooth' in Object Data Properties
ERROR (bke.modifier): C:\Users\blender\git\blender-v360\blender.git\source\blender\blenkernel\intern\modifier.cc:460 BKE_modifier_set_error: Object: "Rear right machined split spoke.004", Modifier: "Weighted corner normals", Enable 'Auto Smooth' in Object Data Properties
ERROR (bke.modifier): C:\Users\blender\git\blender-v360\blender.git\source\blender\blenkernel\intern\modifier.cc:460 BKE_modifier_set_error: Object: "Front left drilled rotor perforation.058", Modifier: "Weighted corner normals", Enable 'Auto Smooth' in Object Data Properties
ERROR (bke.modifier): C:\Users\blender\git\blender-v360\blender.git\source\blender\blenkernel\intern\modifier.cc:460 BKE_modifier_set_error: Object: "Rear right machined split spoke.005", Modifier: "Weighted corner normals", Enable 'Auto Smooth' in Object Data Properties
ERROR (bke.modifier): C:\Users\blender\git\blender-v360\blender.git\source\blender\blenkernel\intern\modifier.cc:460 BKE_modifier_set_error: Object: "Rear right black spoke pocket.005", Modifier: "Weighted corner normals", Enable 'Auto Smooth' in Object Data Properties
ERROR (bke.modifier): C:\Users\blender\git\blender-v360\blender.git\source\blender\blenkernel\intern\modifier.cc:460 BKE_modifier_set_error: Object: "Front left drilled rotor perforation.057", Modifier: "Weighted corner normals", Enable 'Auto Smooth' in Object Data Properties
ERROR (bke.modifier): C:\Users\blender\git\blender-v360\blender.git\source\blender\blenkernel\intern\modifier.cc:460 BKE_modifier_set_error: Object: "Rear right black spoke pocket.004", Modifier: "Weighted corner normals", Enable 'Auto Smooth' in Object Data Properties
ERROR (bke.modifier): C:\Users\blender\git\blender-v360\blender.git\source\blender\blenkernel\intern\modifier.cc:460 BKE_modifier_set_error: Object: "Rear right machined split spoke.006", Modifier: "Weighted corner normals", Enable 'Auto Smooth' in Object Data Properties
ERROR (bke.modifier): C:\Users\blender\git\blender-v360\blender.git\source\blender\blenkernel\intern\modifier.cc:460 BKE_modifier_set_error: Object: "Front left drilled rotor perforation.056", Modifier: "Weighted corner normals", Enable 'Auto Smooth' in Object Data Properties
ERROR (bke.modifier): C:\Users\blender\git\blender-v360\blender.git\source\blender\blenkernel\intern\modifier.cc:460 BKE_modifier_set_error: Object: "Rear right black spoke pocket.006", Modifier: "Weighted corner normals", Enable 'Auto Smooth' in Object Data Properties
ERROR (bke.modifier): C:\Users\blender\git\blender-v360\blender.git\source\blender\blenkernel\intern\modifier.cc:460 BKE_modifier_set_error: Object: "Rear right machined split spoke.007", Modifier: "Weighted corner normals", Enable 'Auto Smooth' in Object Data Properties
ERROR (bke.modifier): C:\Users\blender\git\blender-v360\blender.git\source\blender\blenkernel\intern\modifier.cc:460 BKE_modifier_set_error: Object: "Rear right black spoke pocket.007", Modifier: "Weighted corner normals", Enable 'Auto Smooth' in Object Data Properties
ERROR (bke.modifier): C:\Users\blender\git\blender-v360\blender.git\source\blender\blenkernel\intern\modifier.cc:460 BKE_modifier_set_error: Object: "Front left drilled rotor perforation.055", Modifier: "Weighted corner normals", Enable 'Auto Smooth' in Object Data Properties
ERROR (bke.modifier): C:\Users\blender\git\blender-v360\blender.git\source\blender\blenkernel\intern\modifier.cc:460 BKE_modifier_set_error: Object: "Rear right machined split spoke.008", Modifier: "Weighted corner normals", Enable 'Auto Smooth' in Object Data Properties
ERROR (bke.modifier): C:\Users\blender\git\blender-v360\blender.git\source\blender\blenkernel\intern\modifier.cc:460 BKE_modifier_set_error: Object: "Rear right black spoke pocket.008", Modifier: "Weighted corner normals", Enable 'Auto Smooth' in Object Data Properties
ERROR (bke.modifier): C:\Users\blender\git\blender-v360\blender.git\source\blender\blenkernel\intern\modifier.cc:460 BKE_modifier_set_error: Object: "Front left drilled rotor perforation.054", Modifier: "Weighted corner normals", Enable 'Auto Smooth' in Object Data Properties
ERROR (bke.modifier): C:\Users\blender\git\blender-v360\blender.git\source\blender\blenkernel\intern\modifier.cc:460 BKE_modifier_set_error: Object: "Rear right machined split spoke.009", Modifier: "Weighted corner normals", Enable 'Auto Smooth' in Object Data Properties
ERROR (bke.modifier): C:\Users\blender\git\blender-v360\blender.git\source\blender\blenkernel\intern\modifier.cc:460 BKE_modifier_set_error: Object: "Rear right black spoke pocket.009", Modifier: "Weighted corner normals", Enable 'Auto Smooth' in Object Data Properties
ERROR (bke.modifier): C:\Users\blender\git\blender-v360\blender.git\source\blender\blenkernel\intern\modifier.cc:460 BKE_modifier_set_error: Object: "Front left drilled rotor perforation.053", Modifier: "Weighted corner normals", Enable 'Auto Smooth' in Object Data Properties
ERROR (bke.modifier): C:\Users\blender\git\blender-v360\blender.git\source\blender\blenkernel\intern\modifier.cc:460 BKE_modifier_set_error: Object: "Front left drilled rotor perforation.052", Modifier: "Weighted corner normals", Enable 'Auto Smooth' in Object Data Properties
ERROR (bke.modifier): C:\Users\blender\git\blender-v360\blender.git\source\blender\blenkernel\intern\modifier.cc:460 BKE_modifier_set_error: Object: "Rear right titanium lug nut", Modifier: "Weighted corner normals", Enable 'Auto Smooth' in Object Data Properties
ERROR (bke.modifier): C:\Users\blender\git\blender-v360\blender.git\source\blender\blenkernel\intern\modifier.cc:460 BKE_modifier_set_error: Object: "Front left drilled rotor perforation.051", Modifier: "Weighted corner normals", Enable 'Auto Smooth' in Object Data Properties
ERROR (bke.modifier): C:\Users\blender\git\blender-v360\blender.git\source\blender\blenkernel\intern\modifier.cc:460 BKE_modifier_set_error: Object: "Rear right titanium lug nut.001", Modifier: "Weighted corner normals", Enable 'Auto Smooth' in Object Data Properties
ERROR (bke.modifier): C:\Users\blender\git\blender-v360\blender.git\source\blender\blenkernel\intern\modifier.cc:460 BKE_modifier_set_error: Object: "Rear right titanium lug nut.002", Modifier: "Weighted corner normals", Enable 'Auto Smooth' in Object Data Properties
ERROR (bke.modifier): C:\Users\blender\git\blender-v360\blender.git\source\blender\blenkernel\intern\modifier.cc:460 BKE_modifier_set_error: Object: "Front left drilled rotor perforation.050", Modifier: "Weighted corner normals", Enable 'Auto Smooth' in Object Data Properties
ERROR (bke.modifier): C:\Users\blender\git\blender-v360\blender.git\source\blender\blenkernel\intern\modifier.cc:460 BKE_modifier_set_error: Object: "Rear right titanium lug nut.004", Modifier: "Weighted corner normals", Enable 'Auto Smooth' in Object Data Properties
ERROR (bke.modifier): C:\Users\blender\git\blender-v360\blender.git\source\blender\blenkernel\intern\modifier.cc:460 BKE_modifier_set_error: Object: "Rear right center hub", Modifier: "Weighted corner normals", Enable 'Auto Smooth' in Object Data Properties
ERROR (bke.modifier): C:\Users\blender\git\blender-v360\blender.git\source\blender\blenkernel\intern\modifier.cc:460 BKE_modifier_set_error: Object: "Front left drilled rotor perforation.049", Modifier: "Weighted corner normals", Enable 'Auto Smooth' in Object Data Properties
ERROR (bke.modifier): C:\Users\blender\git\blender-v360\blender.git\source\blender\blenkernel\intern\modifier.cc:460 BKE_modifier_set_error: Object: "Dark cabin tub", Modifier: "Weighted corner normals", Enable 'Auto Smooth' in Object Data Properties
ERROR (bke.modifier): C:\Users\blender\git\blender-v360\blender.git\source\blender\blenkernel\intern\modifier.cc:460 BKE_modifier_set_error: Object: "Front left drilled rotor perforation.048", Modifier: "Weighted corner normals", Enable 'Auto Smooth' in Object Data Properties
ERROR (bke.modifier): C:\Users\blender\git\blender-v360\blender.git\source\blender\blenkernel\intern\modifier.cc:460 BKE_modifier_set_error: Object: "Seat cushion", Modifier: "Weighted corner normals", Enable 'Auto Smooth' in Object Data Properties
ERROR (bke.modifier): C:\Users\blender\git\blender-v360\blender.git\source\blender\blenkernel\intern\modifier.cc:460 BKE_modifier_set_error: Object: "Rear right tire valve", Modifier: "Weighted corner normals", Enable 'Auto Smooth' in Object Data Properties
ERROR (bke.modifier): C:\Users\blender\git\blender-v360\blender.git\source\blender\blenkernel\intern\modifier.cc:460 BKE_modifier_set_error: Object: "Contoured seat back.001", Modifier: "Weighted corner normals", Enable 'Auto Smooth' in Object Data Properties
ERROR (bke.modifier): C:\Users\blender\git\blender-v360\blender.git\source\blender\blenkernel\intern\modifier.cc:460 BKE_modifier_set_error: Object: "Front left drilled rotor perforation.047", Modifier: "Weighted corner normals", Enable 'Auto Smooth' in Object Data Properties
ERROR (bke.modifier): C:\Users\blender\git\blender-v360\blender.git\source\blender\blenkernel\intern\modifier.cc:460 BKE_modifier_set_error: Object: "Integrated head restraint", Modifier: "Weighted corner normals", Enable 'Auto Smooth' in Object Data Properties
ERROR (bke.modifier): C:\Users\blender\git\blender-v360\blender.git\source\blender\blenkernel\intern\modifier.cc:460 BKE_modifier_set_error: Object: "Seat cushion.001", Modifier: "Weighted corner normals", Enable 'Auto Smooth' in Object Data Properties
ERROR (bke.modifier): C:\Users\blender\git\blender-v360\blender.git\source\blender\blenkernel\intern\modifier.cc:460 BKE_modifier_set_error: Object: "Contoured seat back.002", Modifier: "Weighted corner normals", Enable 'Auto Smooth' in Object Data Properties
ERROR (bke.modifier): C:\Users\blender\git\blender-v360\blender.git\source\blender\blenkernel\intern\modifier.cc:460 BKE_modifier_set_error: Object: "Integrated head restraint.001", Modifier: "Weighted corner normals", Enable 'Auto Smooth' in Object Data Properties
ERROR (bke.modifier): C:\Users\blender\git\blender-v360\blender.git\source\blender\blenkernel\intern\modifier.cc:460 BKE_modifier_set_error: Object: "Seat cushion.002", Modifier: "Weighted corner normals", Enable 'Auto Smooth' in Object Data Properties
ERROR (bke.modifier): C:\Users\blender\git\blender-v360\blender.git\source\blender\blenkernel\intern\modifier.cc:460 BKE_modifier_set_error: Object: "Contoured seat back.003", Modifier: "Weighted corner normals", Enable 'Auto Smooth' in Object Data Properties
ERROR (bke.modifier): C:\Users\blender\git\blender-v360\blender.git\source\blender\blenkernel\intern\modifier.cc:460 BKE_modifier_set_error: Object: "Integrated head restraint.002", Modifier: "Weighted corner normals", Enable 'Auto Smooth' in Object Data Properties
ERROR (bke.modifier): C:\Users\blender\git\blender-v360\blender.git\source\blender\blenkernel\intern\modifier.cc:460 BKE_modifier_set_error: Object: "Front left drilled rotor perforation.046", Modifier: "Weighted corner normals", Enable 'Auto Smooth' in Object Data Properties
ERROR (bke.modifier): C:\Users\blender\git\blender-v360\blender.git\source\blender\blenkernel\intern\modifier.cc:460 BKE_modifier_set_error: Object: "Front left drilled rotor perforation.045", Modifier: "Weighted corner normals", Enable 'Auto Smooth' in Object Data Properties
ERROR (bke.modifier): C:\Users\blender\git\blender-v360\blender.git\source\blender\blenkernel\intern\modifier.cc:460 BKE_modifier_set_error: Object: "Seat cushion.003", Modifier: "Weighted corner normals", Enable 'Auto Smooth' in Object Data Properties
ERROR (bke.modifier): C:\Users\blender\git\blender-v360\blender.git\source\blender\blenkernel\intern\modifier.cc:460 BKE_modifier_set_error: Object: "Contoured seat back", Modifier: "Weighted corner normals", Enable 'Auto Smooth' in Object Data Properties
ERROR (bke.modifier): C:\Users\blender\git\blender-v360\blender.git\source\blender\blenkernel\intern\modifier.cc:460 BKE_modifier_set_error: Object: "Front left drilled rotor perforation.044", Modifier: "Weighted corner normals", Enable 'Auto Smooth' in Object Data Properties
ERROR (bke.modifier): C:\Users\blender\git\blender-v360\blender.git\source\blender\blenkernel\intern\modifier.cc:460 BKE_modifier_set_error: Object: "Integrated head restraint.003", Modifier: "Weighted corner normals", Enable 'Auto Smooth' in Object Data Properties
ERROR (bke.modifier): C:\Users\blender\git\blender-v360\blender.git\source\blender\blenkernel\intern\modifier.cc:460 BKE_modifier_set_error: Object: "Front left drilled rotor perforation.043", Modifier: "Weighted corner normals", Enable 'Auto Smooth' in Object Data Properties
ERROR (bke.modifier): C:\Users\blender\git\blender-v360\blender.git\source\blender\blenkernel\intern\modifier.cc:460 BKE_modifier_set_error: Object: "Front left drilled rotor perforation.042", Modifier: "Weighted corner normals", Enable 'Auto Smooth' in Object Data Properties
ERROR (bke.modifier): C:\Users\blender\git\blender-v360\blender.git\source\blender\blenkernel\intern\modifier.cc:460 BKE_modifier_set_error: Object: "Front left drilled rotor perforation.041", Modifier: "Weighted corner normals", Enable 'Auto Smooth' in Object Data Properties
ERROR (bke.modifier): C:\Users\blender\git\blender-v360\blender.git\source\blender\blenkernel\intern\modifier.cc:460 BKE_modifier_set_error: Object: "Dashboard", Modifier: "Weighted corner normals", Enable 'Auto Smooth' in Object Data Properties
ERROR (bke.modifier): C:\Users\blender\git\blender-v360\blender.git\source\blender\blenkernel\intern\modifier.cc:460 BKE_modifier_set_error: Object: "Rear right titanium lug nut.003", Modifier: "Weighted corner normals", Enable 'Auto Smooth' in Object Data Properties
ERROR (bke.modifier): C:\Users\blender\git\blender-v360\blender.git\source\blender\blenkernel\intern\modifier.cc:460 BKE_modifier_set_error: Object: "Dashboard center screen", Modifier: "Weighted corner normals", Enable 'Auto Smooth' in Object Data Properties
ERROR (bke.modifier): C:\Users\blender\git\blender-v360\blender.git\source\blender\blenkernel\intern\modifier.cc:460 BKE_modifier_set_error: Object: "Front left drilled rotor perforation.040", Modifier: "Weighted corner normals", Enable 'Auto Smooth' in Object Data Properties
ERROR (bke.modifier): C:\Users\blender\git\blender-v360\blender.git\source\blender\blenkernel\intern\modifier.cc:460 BKE_modifier_set_error: Object: "Screen glass", Modifier: "Weighted corner normals", Enable 'Auto Smooth' in Object Data Properties
ERROR (bke.modifier): C:\Users\blender\git\blender-v360\blender.git\source\blender\blenkernel\intern\modifier.cc:460 BKE_modifier_set_error: Object: "Front left drilled rotor perforation.039", Modifier: "Weighted corner normals", Enable 'Auto Smooth' in Object Data Properties
ERROR (bke.modifier): C:\Users\blender\git\blender-v360\blender.git\source\blender\blenkernel\intern\modifier.cc:460 BKE_modifier_set_error: Object: "Steering center", Modifier: "Weighted corner normals", Enable 'Auto Smooth' in Object Data Properties
ERROR (bke.modifier): C:\Users\blender\git\blender-v360\blender.git\source\blender\blenkernel\intern\modifier.cc:460 BKE_modifier_set_error: Object: "Center tunnel", Modifier: "Weighted corner normals", Enable 'Auto Smooth' in Object Data Properties
ERROR (bke.modifier): C:\Users\blender\git\blender-v360\blender.git\source\blender\blenkernel\intern\modifier.cc:460 BKE_modifier_set_error: Object: "Front left drilled rotor perforation.038", Modifier: "Weighted corner normals", Enable 'Auto Smooth' in Object Data Properties
ERROR (bke.modifier): C:\Users\blender\git\blender-v360\blender.git\source\blender\blenkernel\intern\modifier.cc:460 BKE_modifier_set_error: Object: "Cup holder", Modifier: "Weighted corner normals", Enable 'Auto Smooth' in Object Data Properties
ERROR (bke.modifier): C:\Users\blender\git\blender-v360\blender.git\source\blender\blenkernel\intern\modifier.cc:460 BKE_modifier_set_error: Object: "Flat aerodynamic underfloor", Modifier: "Weighted corner normals", Enable 'Auto Smooth' in Object Data Properties
ERROR (bke.modifier): C:\Users\blender\git\blender-v360\blender.git\source\blender\blenkernel\intern\modifier.cc:460 BKE_modifier_set_error: Object: "Cup holder.001", Modifier: "Weighted corner normals", Enable 'Auto Smooth' in Object Data Properties
ERROR (bke.modifier): C:\Users\blender\git\blender-v360\blender.git\source\blender\blenkernel\intern\modifier.cc:460 BKE_modifier_set_error: Object: "Front left drilled rotor perforation.037", Modifier: "Weighted corner normals", Enable 'Auto Smooth' in Object Data Properties
ERROR (bke.modifier): C:\Users\blender\git\blender-v360\blender.git\source\blender\blenkernel\intern\modifier.cc:460 BKE_modifier_set_error: Object: "Infinite studio floor", Modifier: "Weighted corner normals", Enable 'Auto Smooth' in Object Data Properties
ERROR (bke.modifier): C:\Users\blender\git\blender-v360\blender.git\source\blender\blenkernel\intern\modifier.cc:460 BKE_modifier_set_error: Object: "Front left drilled rotor perforation.036", Modifier: "Weighted corner normals", Enable 'Auto Smooth' in Object Data Properties
ERROR (bke.modifier): C:\Users\blender\git\blender-v360\blender.git\source\blender\blenkernel\intern\modifier.cc:460 BKE_modifier_set_error: Object: "Front left drilled rotor perforation.035", Modifier: "Weighted corner normals", Enable 'Auto Smooth' in Object Data Properties
ERROR (bke.modifier): C:\Users\blender\git\blender-v360\blender.git\source\blender\blenkernel\intern\modifier.cc:460 BKE_modifier_set_error: Object: "Front left drilled rotor perforation.034", Modifier: "Weighted corner normals", Enable 'Auto Smooth' in Object Data Properties
ERROR (bke.modifier): C:\Users\blender\git\blender-v360\blender.git\source\blender\blenkernel\intern\modifier.cc:460 BKE_modifier_set_error: Object: "Front left drilled rotor perforation.033", Modifier: "Weighted corner normals", Enable 'Auto Smooth' in Object Data Properties
ERROR (bke.modifier): C:\Users\blender\git\blender-v360\blender.git\source\blender\blenkernel\intern\modifier.cc:460 BKE_modifier_set_error: Object: "Front left drilled rotor perforation.032", Modifier: "Weighted corner normals", Enable 'Auto Smooth' in Object Data Properties
ERROR (bke.modifier): C:\Users\blender\git\blender-v360\blender.git\source\blender\blenkernel\intern\modifier.cc:460 BKE_modifier_set_error: Object: "Front left drilled rotor perforation.031", Modifier: "Weighted corner normals", Enable 'Auto Smooth' in Object Data Properties
ERROR (bke.modifier): C:\Users\blender\git\blender-v360\blender.git\source\blender\blenkernel\intern\modifier.cc:460 BKE_modifier_set_error: Object: "Front left drilled rotor perforation.030", Modifier: "Weighted corner normals", Enable 'Auto Smooth' in Object Data Properties
ERROR (bke.modifier): C:\Users\blender\git\blender-v360\blender.git\source\blender\blenkernel\intern\modifier.cc:460 BKE_modifier_set_error: Object: "Front left drilled rotor perforation.029", Modifier: "Weighted corner normals", Enable 'Auto Smooth' in Object Data Properties
ERROR (bke.modifier): C:\Users\blender\git\blender-v360\blender.git\source\blender\blenkernel\intern\modifier.cc:460 BKE_modifier_set_error: Object: "Front left drilled rotor perforation.028", Modifier: "Weighted corner normals", Enable 'Auto Smooth' in Object Data Properties
ERROR (bke.modifier): C:\Users\blender\git\blender-v360\blender.git\source\blender\blenkernel\intern\modifier.cc:460 BKE_modifier_set_error: Object: "Flush door handle recess", Modifier: "Weighted corner normals", Enable 'Auto Smooth' in Object Data Properties
ERROR (bke.modifier): C:\Users\blender\git\blender-v360\blender.git\source\blender\blenkernel\intern\modifier.cc:460 BKE_modifier_set_error: Object: "Front left drilled rotor perforation.027", Modifier: "Weighted corner normals", Enable 'Auto Smooth' in Object Data Properties
ERROR (bke.modifier): C:\Users\blender\git\blender-v360\blender.git\source\blender\blenkernel\intern\modifier.cc:460 BKE_modifier_set_error: Object: "Front left drilled rotor perforation.026", Modifier: "Weighted corner normals", Enable 'Auto Smooth' in Object Data Properties
ERROR (bke.modifier): C:\Users\blender\git\blender-v360\blender.git\source\blender\blenkernel\intern\modifier.cc:460 BKE_modifier_set_error: Object: "Front left drilled rotor perforation.025", Modifier: "Weighted corner normals", Enable 'Auto Smooth' in Object Data Properties
ERROR (bke.modifier): C:\Users\blender\git\blender-v360\blender.git\source\blender\blenkernel\intern\modifier.cc:460 BKE_modifier_set_error: Object: "Front left drilled rotor perforation.024", Modifier: "Weighted corner normals", Enable 'Auto Smooth' in Object Data Properties
ERROR (bke.modifier): C:\Users\blender\git\blender-v360\blender.git\source\blender\blenkernel\intern\modifier.cc:460 BKE_modifier_set_error: Object: "Front left drilled rotor perforation.023", Modifier: "Weighted corner normals", Enable 'Auto Smooth' in Object Data Properties
ERROR (bke.modifier): C:\Users\blender\git\blender-v360\blender.git\source\blender\blenkernel\intern\modifier.cc:460 BKE_modifier_set_error: Object: "Front left drilled rotor perforation.022", Modifier: "Weighted corner normals", Enable 'Auto Smooth' in Object Data Properties
ERROR (bke.modifier): C:\Users\blender\git\blender-v360\blender.git\source\blender\blenkernel\intern\modifier.cc:460 BKE_modifier_set_error: Object: "Front left drilled rotor perforation.021", Modifier: "Weighted corner normals", Enable 'Auto Smooth' in Object Data Properties
ERROR (bke.modifier): C:\Users\blender\git\blender-v360\blender.git\source\blender\blenkernel\intern\modifier.cc:460 BKE_modifier_set_error: Object: "Flush door handle | Aqua Blue", Modifier: "Weighted corner normals", Enable 'Auto Smooth' in Object Data Properties
ERROR (bke.modifier): C:\Users\blender\git\blender-v360\blender.git\source\blender\blenkernel\intern\modifier.cc:460 BKE_modifier_set_error: Object: "Front left drilled rotor perforation.020", Modifier: "Weighted corner normals", Enable 'Auto Smooth' in Object Data Properties
ERROR (bke.modifier): C:\Users\blender\git\blender-v360\blender.git\source\blender\blenkernel\intern\modifier.cc:460 BKE_modifier_set_error: Object: "Front left drilled rotor perforation.019", Modifier: "Weighted corner normals", Enable 'Auto Smooth' in Object Data Properties
ERROR (bke.modifier): C:\Users\blender\git\blender-v360\blender.git\source\blender\blenkernel\intern\modifier.cc:460 BKE_modifier_set_error: Object: "Flush door handle recess.001", Modifier: "Weighted corner normals", Enable 'Auto Smooth' in Object Data Properties
ERROR (bke.modifier): C:\Users\blender\git\blender-v360\blender.git\source\blender\blenkernel\intern\modifier.cc:460 BKE_modifier_set_error: Object: "Front left drilled rotor perforation.018", Modifier: "Weighted corner normals", Enable 'Auto Smooth' in Object Data Properties
ERROR (bke.modifier): C:\Users\blender\git\blender-v360\blender.git\source\blender\blenkernel\intern\modifier.cc:460 BKE_modifier_set_error: Object: "Flush door handle | Aqua Blue.001", Modifier: "Weighted corner normals", Enable 'Auto Smooth' in Object Data Properties
ERROR (bke.modifier): C:\Users\blender\git\blender-v360\blender.git\source\blender\blenkernel\intern\modifier.cc:460 BKE_modifier_set_error: Object: "Flush door handle recess.002", Modifier: "Weighted corner normals", Enable 'Auto Smooth' in Object Data Properties
ERROR (bke.modifier): C:\Users\blender\git\blender-v360\blender.git\source\blender\blenkernel\intern\modifier.cc:460 BKE_modifier_set_error: Object: "Front left drilled rotor perforation.017", Modifier: "Weighted corner normals", Enable 'Auto Smooth' in Object Data Properties
ERROR (bke.modifier): C:\Users\blender\git\blender-v360\blender.git\source\blender\blenkernel\intern\modifier.cc:460 BKE_modifier_set_error: Object: "Flush door handle | Aqua Blue.002", Modifier: "Weighted corner normals", Enable 'Auto Smooth' in Object Data Properties
ERROR (bke.modifier): C:\Users\blender\git\blender-v360\blender.git\source\blender\blenkernel\intern\modifier.cc:460 BKE_modifier_set_error: Object: "Flush door handle recess.003", Modifier: "Weighted corner normals", Enable 'Auto Smooth' in Object Data Properties
ERROR (bke.modifier): C:\Users\blender\git\blender-v360\blender.git\source\blender\blenkernel\intern\modifier.cc:460 BKE_modifier_set_error: Object: "Front left drilled rotor perforation.016", Modifier: "Weighted corner normals", Enable 'Auto Smooth' in Object Data Properties
ERROR (bke.modifier): C:\Users\blender\git\blender-v360\blender.git\source\blender\blenkernel\intern\modifier.cc:460 BKE_modifier_set_error: Object: "Flush door handle | Aqua Blue.003", Modifier: "Weighted corner normals", Enable 'Auto Smooth' in Object Data Properties
ERROR (bke.modifier): C:\Users\blender\git\blender-v360\blender.git\source\blender\blenkernel\intern\modifier.cc:460 BKE_modifier_set_error: Object: "Front left drilled rotor perforation.015", Modifier: "Weighted corner normals", Enable 'Auto Smooth' in Object Data Properties
ERROR (bke.modifier): C:\Users\blender\git\blender-v360\blender.git\source\blender\blenkernel\intern\modifier.cc:460 BKE_modifier_set_error: Object: "Front left drilled rotor perforation.014", Modifier: "Weighted corner normals", Enable 'Auto Smooth' in Object Data Properties
ERROR (bke.modifier): C:\Users\blender\git\blender-v360\blender.git\source\blender\blenkernel\intern\modifier.cc:460 BKE_modifier_set_error: Object: "Front left drilled rotor perforation.013", Modifier: "Weighted corner normals", Enable 'Auto Smooth' in Object Data Properties
ERROR (bke.modifier): C:\Users\blender\git\blender-v360\blender.git\source\blender\blenkernel\intern\modifier.cc:460 BKE_modifier_set_error: Object: "Front license plate bracket", Modifier: "Weighted corner normals", Enable 'Auto Smooth' in Object Data Properties
ERROR (bke.modifier): C:\Users\blender\git\blender-v360\blender.git\source\blender\blenkernel\intern\modifier.cc:460 BKE_modifier_set_error: Object: "Front left drilled rotor perforation.012", Modifier: "Weighted corner normals", Enable 'Auto Smooth' in Object Data Properties
ERROR (bke.modifier): C:\Users\blender\git\blender-v360\blender.git\source\blender\blenkernel\intern\modifier.cc:460 BKE_modifier_set_error: Object: "Front license plate", Modifier: "Weighted corner normals", Enable 'Auto Smooth' in Object Data Properties
ERROR (bke.modifier): C:\Users\blender\git\blender-v360\blender.git\source\blender\blenkernel\intern\modifier.cc:460 BKE_modifier_set_error: Object: "Front left drilled rotor perforation.011", Modifier: "Weighted corner normals", Enable 'Auto Smooth' in Object Data Properties
ERROR (bke.modifier): C:\Users\blender\git\blender-v360\blender.git\source\blender\blenkernel\intern\modifier.cc:460 BKE_modifier_set_error: Object: "License plate screw", Modifier: "Weighted corner normals", Enable 'Auto Smooth' in Object Data Properties
ERROR (bke.modifier): C:\Users\blender\git\blender-v360\blender.git\source\blender\blenkernel\intern\modifier.cc:460 BKE_modifier_set_error: Object: "Front left drilled rotor perforation.010", Modifier: "Weighted corner normals", Enable 'Auto Smooth' in Object Data Properties
ERROR (bke.modifier): C:\Users\blender\git\blender-v360\blender.git\source\blender\blenkernel\intern\modifier.cc:460 BKE_modifier_set_error: Object: "Ultrasonic parking sensor", Modifier: "Weighted corner normals", Enable 'Auto Smooth' in Object Data Properties
ERROR (bke.modifier): C:\Users\blender\git\blender-v360\blender.git\source\blender\blenkernel\intern\modifier.cc:460 BKE_modifier_set_error: Object: "Front left drilled rotor perforation.009", Modifier: "Weighted corner normals", Enable 'Auto Smooth' in Object Data Properties
ERROR (bke.modifier): C:\Users\blender\git\blender-v360\blender.git\source\blender\blenkernel\intern\modifier.cc:460 BKE_modifier_set_error: Object: "Front left drilled rotor perforation.008", Modifier: "Weighted corner normals", Enable 'Auto Smooth' in Object Data Properties
ERROR (bke.modifier): C:\Users\blender\git\blender-v360\blender.git\source\blender\blenkernel\intern\modifier.cc:460 BKE_modifier_set_error: Object: "Ultrasonic parking sensor.001", Modifier: "Weighted corner normals", Enable 'Auto Smooth' in Object Data Properties
ERROR (bke.modifier): C:\Users\blender\git\blender-v360\blender.git\source\blender\blenkernel\intern\modifier.cc:460 BKE_modifier_set_error: Object: "Front left drilled rotor perforation.007", Modifier: "Weighted corner normals", Enable 'Auto Smooth' in Object Data Properties
ERROR (bke.modifier): C:\Users\blender\git\blender-v360\blender.git\source\blender\blenkernel\intern\modifier.cc:460 BKE_modifier_set_error: Object: "License plate screw.001", Modifier: "Weighted corner normals", Enable 'Auto Smooth' in Object Data Properties
ERROR (bke.modifier): C:\Users\blender\git\blender-v360\blender.git\source\blender\blenkernel\intern\modifier.cc:460 BKE_modifier_set_error: Object: "Front left drilled rotor perforation.006", Modifier: "Weighted corner normals", Enable 'Auto Smooth' in Object Data Properties
ERROR (bke.modifier): C:\Users\blender\git\blender-v360\blender.git\source\blender\blenkernel\intern\modifier.cc:460 BKE_modifier_set_error: Object: "Rear lower reflector", Modifier: "Weighted corner normals", Enable 'Auto Smooth' in Object Data Properties
ERROR (bke.modifier): C:\Users\blender\git\blender-v360\blender.git\source\blender\blenkernel\intern\modifier.cc:460 BKE_modifier_set_error: Object: "Front left drilled rotor perforation.005", Modifier: "Weighted corner normals", Enable 'Auto Smooth' in Object Data Properties
ERROR (bke.modifier): C:\Users\blender\git\blender-v360\blender.git\source\blender\blenkernel\intern\modifier.cc:460 BKE_modifier_set_error: Object: "Rear lower reflector.001", Modifier: "Weighted corner normals", Enable 'Auto Smooth' in Object Data Properties
ERROR (bke.modifier): C:\Users\blender\git\blender-v360\blender.git\source\blender\blenkernel\intern\modifier.cc:460 BKE_modifier_set_error: Object: "Underfloor diffuser strake", Modifier: "Weighted corner normals", Enable 'Auto Smooth' in Object Data Properties
ERROR (bke.modifier): C:\Users\blender\git\blender-v360\blender.git\source\blender\blenkernel\intern\modifier.cc:460 BKE_modifier_set_error: Object: "Front left drilled rotor perforation.004", Modifier: "Weighted corner normals", Enable 'Auto Smooth' in Object Data Properties
ERROR (bke.modifier): C:\Users\blender\git\blender-v360\blender.git\source\blender\blenkernel\intern\modifier.cc:460 BKE_modifier_set_error: Object: "Underfloor diffuser strake.001", Modifier: "Weighted corner normals", Enable 'Auto Smooth' in Object Data Properties
ERROR (bke.modifier): C:\Users\blender\git\blender-v360\blender.git\source\blender\blenkernel\intern\modifier.cc:460 BKE_modifier_set_error: Object: "Underfloor diffuser strake.002", Modifier: "Weighted corner normals", Enable 'Auto Smooth' in Object Data Properties
ERROR (bke.modifier): C:\Users\blender\git\blender-v360\blender.git\source\blender\blenkernel\intern\modifier.cc:460 BKE_modifier_set_error: Object: "Underfloor diffuser strake.004", Modifier: "Weighted corner normals", Enable 'Auto Smooth' in Object Data Properties
ERROR (bke.modifier): C:\Users\blender\git\blender-v360\blender.git\source\blender\blenkernel\intern\modifier.cc:460 BKE_modifier_set_error: Object: "Rear plate bracket", Modifier: "Weighted corner normals", Enable 'Auto Smooth' in Object Data Properties
ERROR (bke.modifier): C:\Users\blender\git\blender-v360\blender.git\source\blender\blenkernel\intern\modifier.cc:460 BKE_modifier_set_error: Object: "Rear license plate", Modifier: "Weighted corner normals", Enable 'Auto Smooth' in Object Data Properties
ERROR (bke.modifier): C:\Users\blender\git\blender-v360\blender.git\source\blender\blenkernel\intern\modifier.cc:460 BKE_modifier_set_error: Object: "Front left drilled rotor perforation.003", Modifier: "Weighted corner normals", Enable 'Auto Smooth' in Object Data Properties
ERROR (bke.modifier): C:\Users\blender\git\blender-v360\blender.git\source\blender\blenkernel\intern\modifier.cc:460 BKE_modifier_set_error: Object: "Front left drilled rotor perforation", Modifier: "Weighted corner normals", Enable 'Auto Smooth' in Object Data Properties
ERROR (bke.modifier): C:\Users\blender\git\blender-v360\blender.git\source\blender\blenkernel\intern\modifier.cc:460 BKE_modifier_set_error: Object: "Front left drilled rotor perforation.001", Modifier: "Weighted corner normals", Enable 'Auto Smooth' in Object Data Properties
ERROR (bke.modifier): C:\Users\blender\git\blender-v360\blender.git\source\blender\blenkernel\intern\modifier.cc:460 BKE_modifier_set_error: Object: "Front left brake rotor", Modifier: "Weighted corner normals", Enable 'Auto Smooth' in Object Data Properties
ERROR (bke.modifier): C:\Users\blender\git\blender-v360\blender.git\source\blender\blenkernel\intern\modifier.cc:460 BKE_modifier_set_error: Object: "Front left drilled rotor perforation.002", Modifier: "Weighted corner normals", Enable 'Auto Smooth' in Object Data Properties
ERROR (bke.modifier): C:\Users\blender\git\blender-v360\blender.git\source\blender\blenkernel\intern\modifier.cc:460 BKE_modifier_set_error: Object: "Underfloor diffuser strake.003", Modifier: "Weighted corner normals", Enable 'Auto Smooth' in Object Data Properties
Blender 3.6.23 (hash e467db79ca8c built 2025-06-17 03:22:43)
Read prefs: "C:\Users\admin\AppData\Roaming\Blender Foundation\Blender\3.6\config\userpref.blend"
Info: Total files 5 | Changed 5 | Failed 0
ERROR (bke.modifier): C:\Users\blender\git\blender-v360\blender.git\source\blender\blenkernel\intern\modifier.cc:460 BKE_modifier_set_error: Object: "Rear left yellow six-piston caliper", Modifier: "Weighted corner normals", Enable 'Auto Smooth' in Object Data Properties
ERROR (bke.modifier): C:\Users\blender\git\blender-v360\blender.git\source\blender\blenkernel\intern\modifier.cc:460 BKE_modifier_set_error: Object: "Rear left drilled rotor perforation.071", Modifier: "Weighted corner normals", Enable 'Auto Smooth' in Object Data Properties
ERROR (bke.modifier): C:\Users\blender\git\blender-v360\blender.git\source\blender\blenkernel\intern\modifier.cc:460 BKE_modifier_set_error: Object: "Rear left machined split spoke", Modifier: "Weighted corner normals", Enable 'Auto Smooth' in Object Data Properties
ERROR (bke.modifier): C:\Users\blender\git\blender-v360\blender.git\source\blender\blenkernel\intern\modifier.cc:460 BKE_modifier_set_error: Object: "Rear left black spoke pocket", Modifier: "Weighted corner normals", Enable 'Auto Smooth' in Object Data Properties
ERROR (bke.modifier): C:\Users\blender\git\blender-v360\blender.git\source\blender\blenkernel\intern\modifier.cc:460 BKE_modifier_set_error: Object: "Rear left drilled rotor perforation.070", Modifier: "Weighted corner normals", Enable 'Auto Smooth' in Object Data Properties
ERROR (bke.modifier): C:\Users\blender\git\blender-v360\blender.git\source\blender\blenkernel\intern\modifier.cc:460 BKE_modifier_set_error: Object: "Rear left machined split spoke.001", Modifier: "Weighted corner normals", Enable 'Auto Smooth' in Object Data Properties
ERROR (bke.modifier): C:\Users\blender\git\blender-v360\blender.git\source\blender\blenkernel\intern\modifier.cc:460 BKE_modifier_set_error: Object: "Rear left brake disc bell", Modifier: "Weighted corner normals", Enable 'Auto Smooth' in Object Data Properties
ERROR (bke.modifier): C:\Users\blender\git\blender-v360\blender.git\source\blender\blenkernel\intern\modifier.cc:460 BKE_modifier_set_error: Object: "Rear left drilled rotor perforation.069", Modifier: "Weighted corner normals", Enable 'Auto Smooth' in Object Data Properties
ERROR (bke.modifier): C:\Users\blender\git\blender-v360\blender.git\source\blender\blenkernel\intern\modifier.cc:460 BKE_modifier_set_error: Object: "Rear left black spoke pocket.001", Modifier: "Weighted corner normals", Enable 'Auto Smooth' in Object Data Properties
ERROR (bke.modifier): C:\Users\blender\git\blender-v360\blender.git\source\blender\blenkernel\intern\modifier.cc:460 BKE_modifier_set_error: Object: "Rear left machined split spoke.002", Modifier: "Weighted corner normals", Enable 'Auto Smooth' in Object Data Properties
ERROR (bke.modifier): C:\Users\blender\git\blender-v360\blender.git\source\blender\blenkernel\intern\modifier.cc:460 BKE_modifier_set_error: Object: "Rear left black spoke pocket.002", Modifier: "Weighted corner normals", Enable 'Auto Smooth' in Object Data Properties
ERROR (bke.modifier): C:\Users\blender\git\blender-v360\blender.git\source\blender\blenkernel\intern\modifier.cc:460 BKE_modifier_set_error: Object: "Rear left drilled rotor perforation.068", Modifier: "Weighted corner normals", Enable 'Auto Smooth' in Object Data Properties
ERROR (bke.modifier): C:\Users\blender\git\blender-v360\blender.git\source\blender\blenkernel\intern\modifier.cc:460 BKE_modifier_set_error: Object: "Rear left black spoke pocket.003", Modifier: "Weighted corner normals", Enable 'Auto Smooth' in Object Data Properties
ERROR (bke.modifier): C:\Users\blender\git\blender-v360\blender.git\source\blender\blenkernel\intern\modifier.cc:460 BKE_modifier_set_error: Object: "Rear left machined split spoke.003", Modifier: "Weighted corner normals", Enable 'Auto Smooth' in Object Data Properties
ERROR (bke.modifier): C:\Users\blender\git\blender-v360\blender.git\source\blender\blenkernel\intern\modifier.cc:460 BKE_modifier_set_error: Object: "Rear left drilled rotor perforation.067", Modifier: "Weighted corner normals", Enable 'Auto Smooth' in Object Data Properties
ERROR (bke.modifier): C:\Users\blender\git\blender-v360\blender.git\source\blender\blenkernel\intern\modifier.cc:460 BKE_modifier_set_error: Object: "Rear left black spoke pocket.004", Modifier: "Weighted corner normals", Enable 'Auto Smooth' in Object Data Properties
ERROR (bke.modifier): C:\Users\blender\git\blender-v360\blender.git\source\blender\blenkernel\intern\modifier.cc:460 BKE_modifier_set_error: Object: "Rear left machined split spoke.004", Modifier: "Weighted corner normals", Enable 'Auto Smooth' in Object Data Properties
ERROR (bke.modifier): C:\Users\blender\git\blender-v360\blender.git\source\blender\blenkernel\intern\modifier.cc:460 BKE_modifier_set_error: Object: "Rear left drilled rotor perforation.066", Modifier: "Weighted corner normals", Enable 'Auto Smooth' in Object Data Properties
ERROR (bke.modifier): C:\Users\blender\git\blender-v360\blender.git\source\blender\blenkernel\intern\modifier.cc:460 BKE_modifier_set_error: Object: "Rear left machined split spoke.005", Modifier: "Weighted corner normals", Enable 'Auto Smooth' in Object Data Properties
ERROR (bke.modifier): C:\Users\blender\git\blender-v360\blender.git\source\blender\blenkernel\intern\modifier.cc:460 BKE_modifier_set_error: Object: "Rear left black spoke pocket.005", Modifier: "Weighted corner normals", Enable 'Auto Smooth' in Object Data Properties
ERROR (bke.modifier): C:\Users\blender\git\blender-v360\blender.git\source\blender\blenkernel\intern\modifier.cc:460 BKE_modifier_set_error: Object: "Rear left drilled rotor perforation.065", Modifier: "Weighted corner normals", Enable 'Auto Smooth' in Object Data Properties
ERROR (bke.modifier): C:\Users\blender\git\blender-v360\blender.git\source\blender\blenkernel\intern\modifier.cc:460 BKE_modifier_set_error: Object: "Rear left black spoke pocket.006", Modifier: "Weighted corner normals", Enable 'Auto Smooth' in Object Data Properties
ERROR (bke.modifier): C:\Users\blender\git\blender-v360\blender.git\source\blender\blenkernel\intern\modifier.cc:460 BKE_modifier_set_error: Object: "Rear left machined split spoke.006", Modifier: "Weighted corner normals", Enable 'Auto Smooth' in Object Data Properties
ERROR (bke.modifier): C:\Users\blender\git\blender-v360\blender.git\source\blender\blenkernel\intern\modifier.cc:460 BKE_modifier_set_error: Object: "Rear left drilled rotor perforation.064", Modifier: "Weighted corner normals", Enable 'Auto Smooth' in Object Data Properties
ERROR (bke.modifier): C:\Users\blender\git\blender-v360\blender.git\source\blender\blenkernel\intern\modifier.cc:460 BKE_modifier_set_error: Object: "Rear left drilled rotor perforation.063", Modifier: "Weighted corner normals", Enable 'Auto Smooth' in Object Data Properties
ERROR (bke.modifier): C:\Users\blender\git\blender-v360\blender.git\source\blender\blenkernel\intern\modifier.cc:460 BKE_modifier_set_error: Object: "Rear left drilled rotor perforation.062", Modifier: "Weighted corner normals", Enable 'Auto Smooth' in Object Data Properties
ERROR (bke.modifier): C:\Users\blender\git\blender-v360\blender.git\source\blender\blenkernel\intern\modifier.cc:460 BKE_modifier_set_error: Object: "Rear left drilled rotor perforation.061", Modifier: "Weighted corner normals", Enable 'Auto Smooth' in Object Data Properties
ERROR (bke.modifier): C:\Users\blender\git\blender-v360\blender.git\source\blender\blenkernel\intern\modifier.cc:460 BKE_modifier_set_error: Object: "Rear left black spoke pocket.007", Modifier: "Weighted corner normals", Enable 'Auto Smooth' in Object Data Properties
ERROR (bke.modifier): C:\Users\blender\git\blender-v360\blender.git\source\blender\blenkernel\intern\modifier.cc:460 BKE_modifier_set_error: Object: "Rear left drilled rotor perforation.060", Modifier: "Weighted corner normals", Enable 'Auto Smooth' in Object Data Properties
ERROR (bke.modifier): C:\Users\blender\git\blender-v360\blender.git\source\blender\blenkernel\intern\modifier.cc:460 BKE_modifier_set_error: Object: "Rear left drilled rotor perforation.059", Modifier: "Weighted corner normals", Enable 'Auto Smooth' in Object Data Properties
ERROR (bke.modifier): C:\Users\blender\git\blender-v360\blender.git\source\blender\blenkernel\intern\modifier.cc:460 BKE_modifier_set_error: Object: "Rear left drilled rotor perforation.058", Modifier: "Weighted corner normals", Enable 'Auto Smooth' in Object Data Properties
ERROR (bke.modifier): C:\Users\blender\git\blender-v360\blender.git\source\blender\blenkernel\intern\modifier.cc:460 BKE_modifier_set_error: Object: "Rear left machined split spoke.008", Modifier: "Weighted corner normals", Enable 'Auto Smooth' in Object Data Properties
ERROR (bke.modifier): C:\Users\blender\git\blender-v360\blender.git\source\blender\blenkernel\intern\modifier.cc:460 BKE_modifier_set_error: Object: "Rear left drilled rotor perforation.057", Modifier: "Weighted corner normals", Enable 'Auto Smooth' in Object Data Properties
ERROR (bke.modifier): C:\Users\blender\git\blender-v360\blender.git\source\blender\blenkernel\intern\modifier.cc:460 BKE_modifier_set_error: Object: "Rear left machined split spoke.007", Modifier: "Weighted corner normals", Enable 'Auto Smooth' in Object Data Properties
ERROR (bke.modifier): C:\Users\blender\git\blender-v360\blender.git\source\blender\blenkernel\intern\modifier.cc:460 BKE_modifier_set_error: Object: "Rear left drilled rotor perforation.056", Modifier: "Weighted corner normals", Enable 'Auto Smooth' in Object Data Properties
ERROR (bke.modifier): C:\Users\blender\git\blender-v360\blender.git\source\blender\blenkernel\intern\modifier.cc:460 BKE_modifier_set_error: Object: "Rear left black spoke pocket.008", Modifier: "Weighted corner normals", Enable 'Auto Smooth' in Object Data Properties
ERROR (bke.modifier): C:\Users\blender\git\blender-v360\blender.git\source\blender\blenkernel\intern\modifier.cc:460 BKE_modifier_set_error: Object: "Rear left drilled rotor perforation.055", Modifier: "Weighted corner normals", Enable 'Auto Smooth' in Object Data Properties
ERROR (bke.modifier): C:\Users\blender\git\blender-v360\blender.git\source\blender\blenkernel\intern\modifier.cc:460 BKE_modifier_set_error: Object: "Rear left drilled rotor perforation.054", Modifier: "Weighted corner normals", Enable 'Auto Smooth' in Object Data Properties
ERROR (bke.modifier): C:\Users\blender\git\blender-v360\blender.git\source\blender\blenkernel\intern\modifier.cc:460 BKE_modifier_set_error: Object: "Rear left machined split spoke.009", Modifier: "Weighted corner normals", Enable 'Auto Smooth' in Object Data Properties
ERROR (bke.modifier): C:\Users\blender\git\blender-v360\blender.git\source\blender\blenkernel\intern\modifier.cc:460 BKE_modifier_set_error: Object: "Rear left black spoke pocket.009", Modifier: "Weighted corner normals", Enable 'Auto Smooth' in Object Data Properties
ERROR (bke.modifier): C:\Users\blender\git\blender-v360\blender.git\source\blender\blenkernel\intern\modifier.cc:460 BKE_modifier_set_error: Object: "Rear left drilled rotor perforation.053", Modifier: "Weighted corner normals", Enable 'Auto Smooth' in Object Data Properties
ERROR (bke.modifier): C:\Users\blender\git\blender-v360\blender.git\source\blender\blenkernel\intern\modifier.cc:460 BKE_modifier_set_error: Object: "Rear left drilled rotor perforation.052", Modifier: "Weighted corner normals", Enable 'Auto Smooth' in Object Data Properties
ERROR (bke.modifier): C:\Users\blender\git\blender-v360\blender.git\source\blender\blenkernel\intern\modifier.cc:460 BKE_modifier_set_error: Object: "Rear left drilled rotor perforation.051", Modifier: "Weighted corner normals", Enable 'Auto Smooth' in Object Data Properties
ERROR (bke.modifier): C:\Users\blender\git\blender-v360\blender.git\source\blender\blenkernel\intern\modifier.cc:460 BKE_modifier_set_error: Object: "Rear left titanium lug nut", Modifier: "Weighted corner normals", Enable 'Auto Smooth' in Object Data Properties
ERROR (bke.modifier): C:\Users\blender\git\blender-v360\blender.git\source\blender\blenkernel\intern\modifier.cc:460 BKE_modifier_set_error: Object: "Rear left center hub", Modifier: "Weighted corner normals", Enable 'Auto Smooth' in Object Data Properties
ERROR (bke.modifier): C:\Users\blender\git\blender-v360\blender.git\source\blender\blenkernel\intern\modifier.cc:460 BKE_modifier_set_error: Object: "Rear left drilled rotor perforation.050", Modifier: "Weighted corner normals", Enable 'Auto Smooth' in Object Data Properties
ERROR (bke.modifier): C:\Users\blender\git\blender-v360\blender.git\source\blender\blenkernel\intern\modifier.cc:460 BKE_modifier_set_error: Object: "Rear left titanium lug nut.001", Modifier: "Weighted corner normals", Enable 'Auto Smooth' in Object Data Properties
ERROR (bke.modifier): C:\Users\blender\git\blender-v360\blender.git\source\blender\blenkernel\intern\modifier.cc:460 BKE_modifier_set_error: Object: "Rear left drilled rotor perforation.049", Modifier: "Weighted corner normals", Enable 'Auto Smooth' in Object Data Properties
ERROR (bke.modifier): C:\Users\blender\git\blender-v360\blender.git\source\blender\blenkernel\intern\modifier.cc:460 BKE_modifier_set_error: Object: "Rear left titanium lug nut.002", Modifier: "Weighted corner normals", Enable 'Auto Smooth' in Object Data Properties
ERROR (bke.modifier): C:\Users\blender\git\blender-v360\blender.git\source\blender\blenkernel\intern\modifier.cc:460 BKE_modifier_set_error: Object: "Rear left drilled rotor perforation.048", Modifier: "Weighted corner normals", Enable 'Auto Smooth' in Object Data Properties
ERROR (bke.modifier): C:\Users\blender\git\blender-v360\blender.git\source\blender\blenkernel\intern\modifier.cc:460 BKE_modifier_set_error: Object: "Rear left titanium lug nut.004", Modifier: "Weighted corner normals", Enable 'Auto Smooth' in Object Data Properties
ERROR (bke.modifier): C:\Users\blender\git\blender-v360\blender.git\source\blender\blenkernel\intern\modifier.cc:460 BKE_modifier_set_error: Object: "Rear left titanium lug nut.003", Modifier: "Weighted corner normals", Enable 'Auto Smooth' in Object Data Properties
ERROR (bke.modifier): C:\Users\blender\git\blender-v360\blender.git\source\blender\blenkernel\intern\modifier.cc:460 BKE_modifier_set_error: Object: "Rear left drilled rotor perforation.047", Modifier: "Weighted corner normals", Enable 'Auto Smooth' in Object Data Properties
ERROR (bke.modifier): C:\Users\blender\git\blender-v360\blender.git\source\blender\blenkernel\intern\modifier.cc:460 BKE_modifier_set_error: Object: "Rear left tire valve", Modifier: "Weighted corner normals", Enable 'Auto Smooth' in Object Data Properties
ERROR (bke.modifier): C:\Users\blender\git\blender-v360\blender.git\source\blender\blenkernel\intern\modifier.cc:460 BKE_modifier_set_error: Object: "Rear left drilled rotor perforation.046", Modifier: "Weighted corner normals", Enable 'Auto Smooth' in Object Data Properties
ERROR (bke.modifier): C:\Users\blender\git\blender-v360\blender.git\source\blender\blenkernel\intern\modifier.cc:460 BKE_modifier_set_error: Object: "Rear left drilled rotor perforation.045", Modifier: "Weighted corner normals", Enable 'Auto Smooth' in Object Data Properties
ERROR (bke.modifier): C:\Users\blender\git\blender-v360\blender.git\source\blender\blenkernel\intern\modifier.cc:460 BKE_modifier_set_error: Object: "Rear left drilled rotor perforation.044", Modifier: "Weighted corner normals", Enable 'Auto Smooth' in Object Data Properties
ERROR (bke.modifier): C:\Users\blender\git\blender-v360\blender.git\source\blender\blenkernel\intern\modifier.cc:460 BKE_modifier_set_error: Object: "Rear left drilled rotor perforation.043", Modifier: "Weighted corner normals", Enable 'Auto Smooth' in Object Data Properties
ERROR (bke.modifier): C:\Users\blender\git\blender-v360\blender.git\source\blender\blenkernel\intern\modifier.cc:460 BKE_modifier_set_error: Object: "Rear left drilled rotor perforation.042", Modifier: "Weighted corner normals", Enable 'Auto Smooth' in Object Data Properties
ERROR (bke.modifier): C:\Users\blender\git\blender-v360\blender.git\source\blender\blenkernel\intern\modifier.cc:460 BKE_modifier_set_error: Object: "Rear left drilled rotor perforation.041", Modifier: "Weighted corner normals", Enable 'Auto Smooth' in Object Data Properties
ERROR (bke.modifier): C:\Users\blender\git\blender-v360\blender.git\source\blender\blenkernel\intern\modifier.cc:460 BKE_modifier_set_error: Object: "Rear left drilled rotor perforation.040", Modifier: "Weighted corner normals", Enable 'Auto Smooth' in Object Data Properties
ERROR (bke.modifier): C:\Users\blender\git\blender-v360\blender.git\source\blender\blenkernel\intern\modifier.cc:460 BKE_modifier_set_error: Object: "Rear right drilled rotor perforation", Modifier: "Weighted corner normals", Enable 'Auto Smooth' in Object Data Properties
ERROR (bke.modifier): C:\Users\blender\git\blender-v360\blender.git\source\blender\blenkernel\intern\modifier.cc:460 BKE_modifier_set_error: Object: "Rear left drilled rotor perforation.039", Modifier: "Weighted corner normals", Enable 'Auto Smooth' in Object Data Properties
ERROR (bke.modifier): C:\Users\blender\git\blender-v360\blender.git\source\blender\blenkernel\intern\modifier.cc:460 BKE_modifier_set_error: Object: "Rear right drilled rotor perforation.001", Modifier: "Weighted corner normals", Enable 'Auto Smooth' in Object Data Properties
ERROR (bke.modifier): C:\Users\blender\git\blender-v360\blender.git\source\blender\blenkernel\intern\modifier.cc:460 BKE_modifier_set_error: Object: "Rear left drilled rotor perforation.038", Modifier: "Weighted corner normals", Enable 'Auto Smooth' in Object Data Properties
ERROR (bke.modifier): C:\Users\blender\git\blender-v360\blender.git\source\blender\blenkernel\intern\modifier.cc:460 BKE_modifier_set_error: Object: "Rear right drilled rotor perforation.002", Modifier: "Weighted corner normals", Enable 'Auto Smooth' in Object Data Properties
ERROR (bke.modifier): C:\Users\blender\git\blender-v360\blender.git\source\blender\blenkernel\intern\modifier.cc:460 BKE_modifier_set_error: Object: "Rear right drilled rotor perforation.004", Modifier: "Weighted corner normals", Enable 'Auto Smooth' in Object Data Properties
ERROR (bke.modifier): C:\Users\blender\git\blender-v360\blender.git\source\blender\blenkernel\intern\modifier.cc:460 BKE_modifier_set_error: Object: "Rear left drilled rotor perforation.037", Modifier: "Weighted corner normals", Enable 'Auto Smooth' in Object Data Properties
ERROR (bke.modifier): C:\Users\blender\git\blender-v360\blender.git\source\blender\blenkernel\intern\modifier.cc:460 BKE_modifier_set_error: Object: "Rear right drilled rotor perforation.003", Modifier: "Weighted corner normals", Enable 'Auto Smooth' in Object Data Properties
ERROR (bke.modifier): C:\Users\blender\git\blender-v360\blender.git\source\blender\blenkernel\intern\modifier.cc:460 BKE_modifier_set_error: Object: "Rear left drilled rotor perforation.036", Modifier: "Weighted corner normals", Enable 'Auto Smooth' in Object Data Properties
ERROR (bke.modifier): C:\Users\blender\git\blender-v360\blender.git\source\blender\blenkernel\intern\modifier.cc:460 BKE_modifier_set_error: Object: "Rear right drilled rotor perforation.005", Modifier: "Weighted corner normals", Enable 'Auto Smooth' in Object Data Properties
ERROR (bke.modifier): C:\Users\blender\git\blender-v360\blender.git\source\blender\blenkernel\intern\modifier.cc:460 BKE_modifier_set_error: Object: "Rear left drilled rotor perforation.035", Modifier: "Weighted corner normals", Enable 'Auto Smooth' in Object Data Properties
ERROR (bke.modifier): C:\Users\blender\git\blender-v360\blender.git\source\blender\blenkernel\intern\modifier.cc:460 BKE_modifier_set_error: Object: "Rear right drilled rotor perforation.006", Modifier: "Weighted corner normals", Enable 'Auto Smooth' in Object Data Properties
ERROR (bke.modifier): C:\Users\blender\git\blender-v360\blender.git\source\blender\blenkernel\intern\modifier.cc:460 BKE_modifier_set_error: Object: "Rear left drilled rotor perforation.034", Modifier: "Weighted corner normals", Enable 'Auto Smooth' in Object Data Properties
ERROR (bke.modifier): C:\Users\blender\git\blender-v360\blender.git\source\blender\blenkernel\intern\modifier.cc:460 BKE_modifier_set_error: Object: "Rear right drilled rotor perforation.007", Modifier: "Weighted corner normals", Enable 'Auto Smooth' in Object Data Properties
ERROR (bke.modifier): C:\Users\blender\git\blender-v360\blender.git\source\blender\blenkernel\intern\modifier.cc:460 BKE_modifier_set_error: Object: "Rear right drilled rotor perforation.008", Modifier: "Weighted corner normals", Enable 'Auto Smooth' in Object Data Properties
ERROR (bke.modifier): C:\Users\blender\git\blender-v360\blender.git\source\blender\blenkernel\intern\modifier.cc:460 BKE_modifier_set_error: Object: "Rear right drilled rotor perforation.009", Modifier: "Weighted corner normals", Enable 'Auto Smooth' in Object Data Properties
ERROR (bke.modifier): C:\Users\blender\git\blender-v360\blender.git\source\blender\blenkernel\intern\modifier.cc:460 BKE_modifier_set_error: Object: "Rear left drilled rotor perforation.033", Modifier: "Weighted corner normals", Enable 'Auto Smooth' in Object Data Properties
ERROR (bke.modifier): C:\Users\blender\git\blender-v360\blender.git\source\blender\blenkernel\intern\modifier.cc:460 BKE_modifier_set_error: Object: "Rear right brake rotor", Modifier: "Weighted corner normals", Enable 'Auto Smooth' in Object Data Properties
ERROR (bke.modifier): C:\Users\blender\git\blender-v360\blender.git\source\blender\blenkernel\intern\modifier.cc:460 BKE_modifier_set_error: Object: "Rear left drilled rotor perforation.032", Modifier: "Weighted corner normals", Enable 'Auto Smooth' in Object Data Properties
ERROR (bke.modifier): C:\Users\blender\git\blender-v360\blender.git\source\blender\blenkernel\intern\modifier.cc:460 BKE_modifier_set_error: Object: "Rear right drilled rotor perforation.010", Modifier: "Weighted corner normals", Enable 'Auto Smooth' in Object Data Properties
ERROR (bke.modifier): C:\Users\blender\git\blender-v360\blender.git\source\blender\blenkernel\intern\modifier.cc:460 BKE_modifier_set_error: Object: "Rear left drilled rotor perforation.031", Modifier: "Weighted corner normals", Enable 'Auto Smooth' in Object Data Properties
ERROR (bke.modifier): C:\Users\blender\git\blender-v360\blender.git\source\blender\blenkernel\intern\modifier.cc:460 BKE_modifier_set_error: Object: "Rear right drilled rotor perforation.012", Modifier: "Weighted corner normals", Enable 'Auto Smooth' in Object Data Properties
ERROR (bke.modifier): C:\Users\blender\git\blender-v360\blender.git\source\blender\blenkernel\intern\modifier.cc:460 BKE_modifier_set_error: Object: "Rear right drilled rotor perforation.011", Modifier: "Weighted corner normals", Enable 'Auto Smooth' in Object Data Properties
ERROR (bke.modifier): C:\Users\blender\git\blender-v360\blender.git\source\blender\blenkernel\intern\modifier.cc:460 BKE_modifier_set_error: Object: "Rear right drilled rotor perforation.013", Modifier: "Weighted corner normals", Enable 'Auto Smooth' in Object Data Properties
ERROR (bke.modifier): C:\Users\blender\git\blender-v360\blender.git\source\blender\blenkernel\intern\modifier.cc:460 BKE_modifier_set_error: Object: "Rear left drilled rotor perforation.030", Modifier: "Weighted corner normals", Enable 'Auto Smooth' in Object Data Properties
ERROR (bke.modifier): C:\Users\blender\git\blender-v360\blender.git\source\blender\blenkernel\intern\modifier.cc:460 BKE_modifier_set_error: Object: "Rear right drilled rotor perforation.014", Modifier: "Weighted corner normals", Enable 'Auto Smooth' in Object Data Properties
ERROR (bke.modifier): C:\Users\blender\git\blender-v360\blender.git\source\blender\blenkernel\intern\modifier.cc:460 BKE_modifier_set_error: Object: "Rear right drilled rotor perforation.015", Modifier: "Weighted corner normals", Enable 'Auto Smooth' in Object Data Properties
ERROR (bke.modifier): C:\Users\blender\git\blender-v360\blender.git\source\blender\blenkernel\intern\modifier.cc:460 BKE_modifier_set_error: Object: "Rear left drilled rotor perforation.029", Modifier: "Weighted corner normals", Enable 'Auto Smooth' in Object Data Properties
ERROR (bke.modifier): C:\Users\blender\git\blender-v360\blender.git\source\blender\blenkernel\intern\modifier.cc:460 BKE_modifier_set_error: Object: "Rear right drilled rotor perforation.016", Modifier: "Weighted corner normals", Enable 'Auto Smooth' in Object Data Properties
ERROR (bke.modifier): C:\Users\blender\git\blender-v360\blender.git\source\blender\blenkernel\intern\modifier.cc:460 BKE_modifier_set_error: Object: "Rear right drilled rotor perforation.017", Modifier: "Weighted corner normals", Enable 'Auto Smooth' in Object Data Properties
ERROR (bke.modifier): C:\Users\blender\git\blender-v360\blender.git\source\blender\blenkernel\intern\modifier.cc:460 BKE_modifier_set_error: Object: "Rear left drilled rotor perforation.028", Modifier: "Weighted corner normals", Enable 'Auto Smooth' in Object Data Properties
ERROR (bke.modifier): C:\Users\blender\git\blender-v360\blender.git\source\blender\blenkernel\intern\modifier.cc:460 BKE_modifier_set_error: Object: "Rear right drilled rotor perforation.018", Modifier: "Weighted corner normals", Enable 'Auto Smooth' in Object Data Properties
ERROR (bke.modifier): C:\Users\blender\git\blender-v360\blender.git\source\blender\blenkernel\intern\modifier.cc:460 BKE_modifier_set_error: Object: "Rear right drilled rotor perforation.019", Modifier: "Weighted corner normals", Enable 'Auto Smooth' in Object Data Properties
ERROR (bke.modifier): C:\Users\blender\git\blender-v360\blender.git\source\blender\blenkernel\intern\modifier.cc:460 BKE_modifier_set_error: Object: "Rear right drilled rotor perforation.020", Modifier: "Weighted corner normals", Enable 'Auto Smooth' in Object Data Properties
ERROR (bke.modifier): C:\Users\blender\git\blender-v360\blender.git\source\blender\blenkernel\intern\modifier.cc:460 BKE_modifier_set_error: Object: "Rear right drilled rotor perforation.021", Modifier: "Weighted corner normals", Enable 'Auto Smooth' in Object Data Properties
ERROR (bke.modifier): C:\Users\blender\git\blender-v360\blender.git\source\blender\blenkernel\intern\modifier.cc:460 BKE_modifier_set_error: Object: "Rear right drilled rotor perforation.023", Modifier: "Weighted corner normals", Enable 'Auto Smooth' in Object Data Properties
ERROR (bke.modifier): C:\Users\blender\git\blender-v360\blender.git\source\blender\blenkernel\intern\modifier.cc:460 BKE_modifier_set_error: Object: "Rear right drilled rotor perforation.022", Modifier: "Weighted corner normals", Enable 'Auto Smooth' in Object Data Properties
ERROR (bke.modifier): C:\Users\blender\git\blender-v360\blender.git\source\blender\blenkernel\intern\modifier.cc:460 BKE_modifier_set_error: Object: "Rear left drilled rotor perforation.027", Modifier: "Weighted corner normals", Enable 'Auto Smooth' in Object Data Properties
ERROR (bke.modifier): C:\Users\blender\git\blender-v360\blender.git\source\blender\blenkernel\intern\modifier.cc:460 BKE_modifier_set_error: Object: "Rear right drilled rotor perforation.024", Modifier: "Weighted corner normals", Enable 'Auto Smooth' in Object Data Properties
ERROR (bke.modifier): C:\Users\blender\git\blender-v360\blender.git\source\blender\blenkernel\intern\modifier.cc:460 BKE_modifier_set_error: Object: "Rear right drilled rotor perforation.025", Modifier: "Weighted corner normals", Enable 'Auto Smooth' in Object Data Properties
ERROR (bke.modifier): C:\Users\blender\git\blender-v360\blender.git\source\blender\blenkernel\intern\modifier.cc:460 BKE_modifier_set_error: Object: "Rear right drilled rotor perforation.026", Modifier: "Weighted corner normals", Enable 'Auto Smooth' in Object Data Properties
ERROR (bke.modifier): C:\Users\blender\git\blender-v360\blender.git\source\blender\blenkernel\intern\modifier.cc:460 BKE_modifier_set_error: Object: "Rear right drilled rotor perforation.028", Modifier: "Weighted corner normals", Enable 'Auto Smooth' in Object Data Properties
ERROR (bke.modifier): C:\Users\blender\git\blender-v360\blender.git\source\blender\blenkernel\intern\modifier.cc:460 BKE_modifier_set_error: Object: "Rear left drilled rotor perforation.026", Modifier: "Weighted corner normals", Enable 'Auto Smooth' in Object Data Properties
ERROR (bke.modifier): C:\Users\blender\git\blender-v360\blender.git\source\blender\blenkernel\intern\modifier.cc:460 BKE_modifier_set_error: Object: "Rear right drilled rotor perforation.027", Modifier: "Weighted corner normals", Enable 'Auto Smooth' in Object Data Properties
ERROR (bke.modifier): C:\Users\blender\git\blender-v360\blender.git\source\blender\blenkernel\intern\modifier.cc:460 BKE_modifier_set_error: Object: "Rear right drilled rotor perforation.030", Modifier: "Weighted corner normals", Enable 'Auto Smooth' in Object Data Properties
ERROR (bke.modifier): C:\Users\blender\git\blender-v360\blender.git\source\blender\blenkernel\intern\modifier.cc:460 BKE_modifier_set_error: Object: "Rear left drilled rotor perforation.025", Modifier: "Weighted corner normals", Enable 'Auto Smooth' in Object Data Properties
ERROR (bke.modifier): C:\Users\blender\git\blender-v360\blender.git\source\blender\blenkernel\intern\modifier.cc:460 BKE_modifier_set_error: Object: "Rear right drilled rotor perforation.029", Modifier: "Weighted corner normals", Enable 'Auto Smooth' in Object Data Properties
ERROR (bke.modifier): C:\Users\blender\git\blender-v360\blender.git\source\blender\blenkernel\intern\modifier.cc:460 BKE_modifier_set_error: Object: "Rear right drilled rotor perforation.031", Modifier: "Weighted corner normals", Enable 'Auto Smooth' in Object Data Properties
ERROR (bke.modifier): C:\Users\blender\git\blender-v360\blender.git\source\blender\blenkernel\intern\modifier.cc:460 BKE_modifier_set_error: Object: "Rear right drilled rotor perforation.032", Modifier: "Weighted corner normals", Enable 'Auto Smooth' in Object Data Properties
ERROR (bke.modifier): C:\Users\blender\git\blender-v360\blender.git\source\blender\blenkernel\intern\modifier.cc:460 BKE_modifier_set_error: Object: "Rear left drilled rotor perforation.024", Modifier: "Weighted corner normals", Enable 'Auto Smooth' in Object Data Properties
ERROR (bke.modifier): C:\Users\blender\git\blender-v360\blender.git\source\blender\blenkernel\intern\modifier.cc:460 BKE_modifier_set_error: Object: "Rear right drilled rotor perforation.034", Modifier: "Weighted corner normals", Enable 'Auto Smooth' in Object Data Properties
ERROR (bke.modifier): C:\Users\blender\git\blender-v360\blender.git\source\blender\blenkernel\intern\modifier.cc:460 BKE_modifier_set_error: Object: "Rear right drilled rotor perforation.033", Modifier: "Weighted corner normals", Enable 'Auto Smooth' in Object Data Properties
ERROR (bke.modifier): C:\Users\blender\git\blender-v360\blender.git\source\blender\blenkernel\intern\modifier.cc:460 BKE_modifier_set_error: Object: "Rear right drilled rotor perforation.036", Modifier: "Weighted corner normals", Enable 'Auto Smooth' in Object Data Properties
ERROR (bke.modifier): C:\Users\blender\git\blender-v360\blender.git\source\blender\blenkernel\intern\modifier.cc:460 BKE_modifier_set_error: Object: "Rear left drilled rotor perforation.023", Modifier: "Weighted corner normals", Enable 'Auto Smooth' in Object Data Properties
ERROR (bke.modifier): C:\Users\blender\git\blender-v360\blender.git\source\blender\blenkernel\intern\modifier.cc:460 BKE_modifier_set_error: Object: "Rear right drilled rotor perforation.035", Modifier: "Weighted corner normals", Enable 'Auto Smooth' in Object Data Properties
ERROR (bke.modifier): C:\Users\blender\git\blender-v360\blender.git\source\blender\blenkernel\intern\modifier.cc:460 BKE_modifier_set_error: Object: "Rear right drilled rotor perforation.038", Modifier: "Weighted corner normals", Enable 'Auto Smooth' in Object Data Properties
ERROR (bke.modifier): C:\Users\blender\git\blender-v360\blender.git\source\blender\blenkernel\intern\modifier.cc:460 BKE_modifier_set_error: Object: "Rear right drilled rotor perforation.037", Modifier: "Weighted corner normals", Enable 'Auto Smooth' in Object Data Properties
ERROR (bke.modifier): C:\Users\blender\git\blender-v360\blender.git\source\blender\blenkernel\intern\modifier.cc:460 BKE_modifier_set_error: Object: "Rear left drilled rotor perforation.022", Modifier: "Weighted corner normals", Enable 'Auto Smooth' in Object Data Properties
ERROR (bke.modifier): C:\Users\blender\git\blender-v360\blender.git\source\blender\blenkernel\intern\modifier.cc:460 BKE_modifier_set_error: Object: "Rear right drilled rotor perforation.040", Modifier: "Weighted corner normals", Enable 'Auto Smooth' in Object Data Properties
ERROR (bke.modifier): C:\Users\blender\git\blender-v360\blender.git\source\blender\blenkernel\intern\modifier.cc:460 BKE_modifier_set_error: Object: "Rear right drilled rotor perforation.041", Modifier: "Weighted corner normals", Enable 'Auto Smooth' in Object Data Properties
ERROR (bke.modifier): C:\Users\blender\git\blender-v360\blender.git\source\blender\blenkernel\intern\modifier.cc:460 BKE_modifier_set_error: Object: "Rear right drilled rotor perforation.039", Modifier: "Weighted corner normals", Enable 'Auto Smooth' in Object Data Properties
ERROR (bke.modifier): C:\Users\blender\git\blender-v360\blender.git\source\blender\blenkernel\intern\modifier.cc:460 BKE_modifier_set_error: Object: "Rear right drilled rotor perforation.043", Modifier: "Weighted corner normals", Enable 'Auto Smooth' in Object Data Properties
ERROR (bke.modifier): C:\Users\blender\git\blender-v360\blender.git\source\blender\blenkernel\intern\modifier.cc:460 BKE_modifier_set_error: Object: "Rear right drilled rotor perforation.042", Modifier: "Weighted corner normals", Enable 'Auto Smooth' in Object Data Properties
ERROR (bke.modifier): C:\Users\blender\git\blender-v360\blender.git\source\blender\blenkernel\intern\modifier.cc:460 BKE_modifier_set_error: Object: "Rear left drilled rotor perforation.021", Modifier: "Weighted corner normals", Enable 'Auto Smooth' in Object Data Properties
ERROR (bke.modifier): C:\Users\blender\git\blender-v360\blender.git\source\blender\blenkernel\intern\modifier.cc:460 BKE_modifier_set_error: Object: "Rear right drilled rotor perforation.044", Modifier: "Weighted corner normals", Enable 'Auto Smooth' in Object Data Properties
ERROR (bke.modifier): C:\Users\blender\git\blender-v360\blender.git\source\blender\blenkernel\intern\modifier.cc:460 BKE_modifier_set_error: Object: "Rear right drilled rotor perforation.045", Modifier: "Weighted corner normals", Enable 'Auto Smooth' in Object Data Properties
ERROR (bke.modifier): C:\Users\blender\git\blender-v360\blender.git\source\blender\blenkernel\intern\modifier.cc:460 BKE_modifier_set_error: Object: "Rear left drilled rotor perforation.020", Modifier: "Weighted corner normals", Enable 'Auto Smooth' in Object Data Properties
ERROR (bke.modifier): C:\Users\blender\git\blender-v360\blender.git\source\blender\blenkernel\intern\modifier.cc:460 BKE_modifier_set_error: Object: "Rear right drilled rotor perforation.047", Modifier: "Weighted corner normals", Enable 'Auto Smooth' in Object Data Properties
ERROR (bke.modifier): C:\Users\blender\git\blender-v360\blender.git\source\blender\blenkernel\intern\modifier.cc:460 BKE_modifier_set_error: Object: "Rear right drilled rotor perforation.048", Modifier: "Weighted corner normals", Enable 'Auto Smooth' in Object Data Properties
ERROR (bke.modifier): C:\Users\blender\git\blender-v360\blender.git\source\blender\blenkernel\intern\modifier.cc:460 BKE_modifier_set_error: Object: "Rear right drilled rotor perforation.046", Modifier: "Weighted corner normals", Enable 'Auto Smooth' in Object Data Properties
ERROR (bke.modifier): C:\Users\blender\git\blender-v360\blender.git\source\blender\blenkernel\intern\modifier.cc:460 BKE_modifier_set_error: Object: "Rear right drilled rotor perforation.049", Modifier: "Weighted corner normals", Enable 'Auto Smooth' in Object Data Properties
ERROR (bke.modifier): C:\Users\blender\git\blender-v360\blender.git\source\blender\blenkernel\intern\modifier.cc:460 BKE_modifier_set_error: Object: "Rear left drilled rotor perforation.019", Modifier: "Weighted corner normals", Enable 'Auto Smooth' in Object Data Properties
ERROR (bke.modifier): C:\Users\blender\git\blender-v360\blender.git\source\blender\blenkernel\intern\modifier.cc:460 BKE_modifier_set_error: Object: "Rear right drilled rotor perforation.050", Modifier: "Weighted corner normals", Enable 'Auto Smooth' in Object Data Properties
ERROR (bke.modifier): C:\Users\blender\git\blender-v360\blender.git\source\blender\blenkernel\intern\modifier.cc:460 BKE_modifier_set_error: Object: "Rear right drilled rotor perforation.051", Modifier: "Weighted corner normals", Enable 'Auto Smooth' in Object Data Properties
ERROR (bke.modifier): C:\Users\blender\git\blender-v360\blender.git\source\blender\blenkernel\intern\modifier.cc:460 BKE_modifier_set_error: Object: "Rear left drilled rotor perforation.018", Modifier: "Weighted corner normals", Enable 'Auto Smooth' in Object Data Properties
ERROR (bke.modifier): C:\Users\blender\git\blender-v360\blender.git\source\blender\blenkernel\intern\modifier.cc:460 BKE_modifier_set_error: Object: "Rear right drilled rotor perforation.052", Modifier: "Weighted corner normals", Enable 'Auto Smooth' in Object Data Properties
ERROR (bke.modifier): C:\Users\blender\git\blender-v360\blender.git\source\blender\blenkernel\intern\modifier.cc:460 BKE_modifier_set_error: Object: "Rear right drilled rotor perforation.053", Modifier: "Weighted corner normals", Enable 'Auto Smooth' in Object Data Properties
ERROR (bke.modifier): C:\Users\blender\git\blender-v360\blender.git\source\blender\blenkernel\intern\modifier.cc:460 BKE_modifier_set_error: Object: "Rear left drilled rotor perforation.017", Modifier: "Weighted corner normals", Enable 'Auto Smooth' in Object Data Properties
ERROR (bke.modifier): C:\Users\blender\git\blender-v360\blender.git\source\blender\blenkernel\intern\modifier.cc:460 BKE_modifier_set_error: Object: "Rear right drilled rotor perforation.055", Modifier: "Weighted corner normals", Enable 'Auto Smooth' in Object Data Properties
ERROR (bke.modifier): C:\Users\blender\git\blender-v360\blender.git\source\blender\blenkernel\intern\modifier.cc:460 BKE_modifier_set_error: Object: "Rear left drilled rotor perforation.016", Modifier: "Weighted corner normals", Enable 'Auto Smooth' in Object Data Properties
ERROR (bke.modifier): C:\Users\blender\git\blender-v360\blender.git\source\blender\blenkernel\intern\modifier.cc:460 BKE_modifier_set_error: Object: "Rear right drilled rotor perforation.054", Modifier: "Weighted corner normals", Enable 'Auto Smooth' in Object Data Properties
ERROR (bke.modifier): C:\Users\blender\git\blender-v360\blender.git\source\blender\blenkernel\intern\modifier.cc:460 BKE_modifier_set_error: Object: "Rear right drilled rotor perforation.056", Modifier: "Weighted corner normals", Enable 'Auto Smooth' in Object Data Properties
ERROR (bke.modifier): C:\Users\blender\git\blender-v360\blender.git\source\blender\blenkernel\intern\modifier.cc:460 BKE_modifier_set_error: Object: "Rear left drilled rotor perforation.015", Modifier: "Weighted corner normals", Enable 'Auto Smooth' in Object Data Properties
ERROR (bke.modifier): C:\Users\blender\git\blender-v360\blender.git\source\blender\blenkernel\intern\modifier.cc:460 BKE_modifier_set_error: Object: "Rear right drilled rotor perforation.057", Modifier: "Weighted corner normals", Enable 'Auto Smooth' in Object Data Properties
ERROR (bke.modifier): C:\Users\blender\git\blender-v360\blender.git\source\blender\blenkernel\intern\modifier.cc:460 BKE_modifier_set_error: Object: "Rear left drilled rotor perforation.014", Modifier: "Weighted corner normals", Enable 'Auto Smooth' in Object Data Properties
ERROR (bke.modifier): C:\Users\blender\git\blender-v360\blender.git\source\blender\blenkernel\intern\modifier.cc:460 BKE_modifier_set_error: Object: "Rear right drilled rotor perforation.060", Modifier: "Weighted corner normals", Enable 'Auto Smooth' in Object Data Properties
ERROR (bke.modifier): C:\Users\blender\git\blender-v360\blender.git\source\blender\blenkernel\intern\modifier.cc:460 BKE_modifier_set_error: Object: "Rear right drilled rotor perforation.059", Modifier: "Weighted corner normals", Enable 'Auto Smooth' in Object Data Properties
ERROR (bke.modifier): C:\Users\blender\git\blender-v360\blender.git\source\blender\blenkernel\intern\modifier.cc:460 BKE_modifier_set_error: Object: "Rear right drilled rotor perforation.058", Modifier: "Weighted corner normals", Enable 'Auto Smooth' in Object Data Properties
ERROR (bke.modifier): C:\Users\blender\git\blender-v360\blender.git\source\blender\blenkernel\intern\modifier.cc:460 BKE_modifier_set_error: Object: "Rear left drilled rotor perforation.013", Modifier: "Weighted corner normals", Enable 'Auto Smooth' in Object Data Properties
ERROR (bke.modifier): C:\Users\blender\git\blender-v360\blender.git\source\blender\blenkernel\intern\modifier.cc:460 BKE_modifier_set_error: Object: "Rear right drilled rotor perforation.061", Modifier: "Weighted corner normals", Enable 'Auto Smooth' in Object Data Properties
ERROR (bke.modifier): C:\Users\blender\git\blender-v360\blender.git\source\blender\blenkernel\intern\modifier.cc:460 BKE_modifier_set_error: Object: "Rear left drilled rotor perforation.012", Modifier: "Weighted corner normals", Enable 'Auto Smooth' in Object Data Properties
ERROR (bke.modifier): C:\Users\blender\git\blender-v360\blender.git\source\blender\blenkernel\intern\modifier.cc:460 BKE_modifier_set_error: Object: "Rear right drilled rotor perforation.062", Modifier: "Weighted corner normals", Enable 'Auto Smooth' in Object Data Properties
ERROR (bke.modifier): C:\Users\blender\git\blender-v360\blender.git\source\blender\blenkernel\intern\modifier.cc:460 BKE_modifier_set_error: Object: "Rear right drilled rotor perforation.064", Modifier: "Weighted corner normals", Enable 'Auto Smooth' in Object Data Properties
ERROR (bke.modifier): C:\Users\blender\git\blender-v360\blender.git\source\blender\blenkernel\intern\modifier.cc:460 BKE_modifier_set_error: Object: "Rear right drilled rotor perforation.063", Modifier: "Weighted corner normals", Enable 'Auto Smooth' in Object Data Properties
ERROR (bke.modifier): C:\Users\blender\git\blender-v360\blender.git\source\blender\blenkernel\intern\modifier.cc:460 BKE_modifier_set_error: Object: "Rear left drilled rotor perforation.011", Modifier: "Weighted corner normals", Enable 'Auto Smooth' in Object Data Properties
ERROR (bke.modifier): C:\Users\blender\git\blender-v360\blender.git\source\blender\blenkernel\intern\modifier.cc:460 BKE_modifier_set_error: Object: "Rear right drilled rotor perforation.065", Modifier: "Weighted corner normals", Enable 'Auto Smooth' in Object Data Properties
ERROR (bke.modifier): C:\Users\blender\git\blender-v360\blender.git\source\blender\blenkernel\intern\modifier.cc:460 BKE_modifier_set_error: Object: "Rear right drilled rotor perforation.066", Modifier: "Weighted corner normals", Enable 'Auto Smooth' in Object Data Properties
ERROR (bke.modifier): C:\Users\blender\git\blender-v360\blender.git\source\blender\blenkernel\intern\modifier.cc:460 BKE_modifier_set_error: Object: "Rear left drilled rotor perforation.010", Modifier: "Weighted corner normals", Enable 'Auto Smooth' in Object Data Properties
ERROR (bke.modifier): C:\Users\blender\git\blender-v360\blender.git\source\blender\blenkernel\intern\modifier.cc:460 BKE_modifier_set_error: Object: "Rear right drilled rotor perforation.067", Modifier: "Weighted corner normals", Enable 'Auto Smooth' in Object Data Properties
ERROR (bke.modifier): C:\Users\blender\git\blender-v360\blender.git\source\blender\blenkernel\intern\modifier.cc:460 BKE_modifier_set_error: Object: "Rear left drilled rotor perforation.009", Modifier: "Weighted corner normals", Enable 'Auto Smooth' in Object Data Properties
ERROR (bke.modifier): C:\Users\blender\git\blender-v360\blender.git\source\blender\blenkernel\intern\modifier.cc:460 BKE_modifier_set_error: Object: "Rear right drilled rotor perforation.069", Modifier: "Weighted corner normals", Enable 'Auto Smooth' in Object Data Properties
ERROR (bke.modifier): C:\Users\blender\git\blender-v360\blender.git\source\blender\blenkernel\intern\modifier.cc:460 BKE_modifier_set_error: Object: "Rear right drilled rotor perforation.068", Modifier: "Weighted corner normals", Enable 'Auto Smooth' in Object Data Properties
ERROR (bke.modifier): C:\Users\blender\git\blender-v360\blender.git\source\blender\blenkernel\intern\modifier.cc:460 BKE_modifier_set_error: Object: "Rear left drilled rotor perforation.008", Modifier: "Weighted corner normals", Enable 'Auto Smooth' in Object Data Properties
ERROR (bke.modifier): C:\Users\blender\git\blender-v360\blender.git\source\blender\blenkernel\intern\modifier.cc:460 BKE_modifier_set_error: Object: "Rear right drilled rotor perforation.071", Modifier: "Weighted corner normals", Enable 'Auto Smooth' in Object Data Properties
ERROR (bke.modifier): C:\Users\blender\git\blender-v360\blender.git\source\blender\blenkernel\intern\modifier.cc:460 BKE_modifier_set_error: Object: "Rear right drilled rotor perforation.070", Modifier: "Weighted corner normals", Enable 'Auto Smooth' in Object Data Properties
ERROR (bke.modifier): C:\Users\blender\git\blender-v360\blender.git\source\blender\blenkernel\intern\modifier.cc:460 BKE_modifier_set_error: Object: "Rear left drilled rotor perforation.007", Modifier: "Weighted corner normals", Enable 'Auto Smooth' in Object Data Properties
ERROR (bke.modifier): C:\Users\blender\git\blender-v360\blender.git\source\blender\blenkernel\intern\modifier.cc:460 BKE_modifier_set_error: Object: "Rear right yellow six-piston caliper", Modifier: "Weighted corner normals", Enable 'Auto Smooth' in Object Data Properties
ERROR (bke.modifier): C:\Users\blender\git\blender-v360\blender.git\source\blender\blenkernel\intern\modifier.cc:460 BKE_modifier_set_error: Object: "Rear left drilled rotor perforation.006", Modifier: "Weighted corner normals", Enable 'Auto Smooth' in Object Data Properties
ERROR (bke.modifier): C:\Users\blender\git\blender-v360\blender.git\source\blender\blenkernel\intern\modifier.cc:460 BKE_modifier_set_error: Object: "Rear right machined split spoke", Modifier: "Weighted corner normals", Enable 'Auto Smooth' in Object Data Properties
ERROR (bke.modifier): C:\Users\blender\git\blender-v360\blender.git\source\blender\blenkernel\intern\modifier.cc:460 BKE_modifier_set_error: Object: "Rear left drilled rotor perforation.005", Modifier: "Weighted corner normals", Enable 'Auto Smooth' in Object Data Properties
ERROR (bke.modifier): C:\Users\blender\git\blender-v360\blender.git\source\blender\blenkernel\intern\modifier.cc:460 BKE_modifier_set_error: Object: "Rear right black spoke pocket", Modifier: "Weighted corner normals", Enable 'Auto Smooth' in Object Data Properties
ERROR (bke.modifier): C:\Users\blender\git\blender-v360\blender.git\source\blender\blenkernel\intern\modifier.cc:460 BKE_modifier_set_error: Object: "Rear left drilled rotor perforation.004", Modifier: "Weighted corner normals", Enable 'Auto Smooth' in Object Data Properties
ERROR (bke.modifier): C:\Users\blender\git\blender-v360\blender.git\source\blender\blenkernel\intern\modifier.cc:460 BKE_modifier_set_error: Object: "Rear right machined split spoke.001", Modifier: "Weighted corner normals", Enable 'Auto Smooth' in Object Data Properties
ERROR (bke.modifier): C:\Users\blender\git\blender-v360\blender.git\source\blender\blenkernel\intern\modifier.cc:460 BKE_modifier_set_error: Object: "Rear left drilled rotor perforation.003", Modifier: "Weighted corner normals", Enable 'Auto Smooth' in Object Data Properties
ERROR (bke.modifier): C:\Users\blender\git\blender-v360\blender.git\source\blender\blenkernel\intern\modifier.cc:460 BKE_modifier_set_error: Object: "Rear right black spoke pocket.001", Modifier: "Weighted corner normals", Enable 'Auto Smooth' in Object Data Properties
ERROR (bke.modifier): C:\Users\blender\git\blender-v360\blender.git\source\blender\blenkernel\intern\modifier.cc:460 BKE_modifier_set_error: Object: "Rear left drilled rotor perforation.002", Modifier: "Weighted corner normals", Enable 'Auto Smooth' in Object Data Properties
ERROR (bke.modifier): C:\Users\blender\git\blender-v360\blender.git\source\blender\blenkernel\intern\modifier.cc:460 BKE_modifier_set_error: Object: "Rear right machined split spoke.002", Modifier: "Weighted corner normals", Enable 'Auto Smooth' in Object Data Properties
ERROR (bke.modifier): C:\Users\blender\git\blender-v360\blender.git\source\blender\blenkernel\intern\modifier.cc:460 BKE_modifier_set_error: Object: "Rear left drilled rotor perforation.001", Modifier: "Weighted corner normals", Enable 'Auto Smooth' in Object Data Properties
ERROR (bke.modifier): C:\Users\blender\git\blender-v360\blender.git\source\blender\blenkernel\intern\modifier.cc:460 BKE_modifier_set_error: Object: "Rear left drilled rotor perforation", Modifier: "Weighted corner normals", Enable 'Auto Smooth' in Object Data Properties
ERROR (bke.modifier): C:\Users\blender\git\blender-v360\blender.git\source\blender\blenkernel\intern\modifier.cc:460 BKE_modifier_set_error: Object: "Rear right black spoke pocket.002", Modifier: "Weighted corner normals", Enable 'Auto Smooth' in Object Data Properties
ERROR (bke.modifier): C:\Users\blender\git\blender-v360\blender.git\source\blender\blenkernel\intern\modifier.cc:460 BKE_modifier_set_error: Object: "Rear right black spoke pocket.003", Modifier: "Weighted corner normals", Enable 'Auto Smooth' in Object Data Properties
ERROR (bke.modifier): C:\Users\blender\git\blender-v360\blender.git\source\blender\blenkernel\intern\modifier.cc:460 BKE_modifier_set_error: Object: "Rear right machined split spoke.003", Modifier: "Weighted corner normals", Enable 'Auto Smooth' in Object Data Properties
ERROR (bke.modifier): C:\Users\blender\git\blender-v360\blender.git\source\blender\blenkernel\intern\modifier.cc:460 BKE_modifier_set_error: Object: "Rear right black spoke pocket.004", Modifier: "Weighted corner normals", Enable 'Auto Smooth' in Object Data Properties
ERROR (bke.modifier): C:\Users\blender\git\blender-v360\blender.git\source\blender\blenkernel\intern\modifier.cc:460 BKE_modifier_set_error: Object: "Rear right machined split spoke.004", Modifier: "Weighted corner normals", Enable 'Auto Smooth' in Object Data Properties
ERROR (bke.modifier): C:\Users\blender\git\blender-v360\blender.git\source\blender\blenkernel\intern\modifier.cc:460 BKE_modifier_set_error: Object: "Rear right brake disc bell", Modifier: "Weighted corner normals", Enable 'Auto Smooth' in Object Data Properties
ERROR (bke.modifier): C:\Users\blender\git\blender-v360\blender.git\source\blender\blenkernel\intern\modifier.cc:460 BKE_modifier_set_error: Object: "Rear right black spoke pocket.005", Modifier: "Weighted corner normals", Enable 'Auto Smooth' in Object Data Properties
ERROR (bke.modifier): C:\Users\blender\git\blender-v360\blender.git\source\blender\blenkernel\intern\modifier.cc:460 BKE_modifier_set_error: Object: "Rear right machined split spoke.005", Modifier: "Weighted corner normals", Enable 'Auto Smooth' in Object Data Properties
ERROR (bke.modifier): C:\Users\blender\git\blender-v360\blender.git\source\blender\blenkernel\intern\modifier.cc:460 BKE_modifier_set_error: Object: "Rear left brake rotor", Modifier: "Weighted corner normals", Enable 'Auto Smooth' in Object Data Properties
ERROR (bke.modifier): C:\Users\blender\git\blender-v360\blender.git\source\blender\blenkernel\intern\modifier.cc:460 BKE_modifier_set_error: Object: "Rear right machined split spoke.006", Modifier: "Weighted corner normals", Enable 'Auto Smooth' in Object Data Properties
ERROR (bke.modifier): C:\Users\blender\git\blender-v360\blender.git\source\blender\blenkernel\intern\modifier.cc:460 BKE_modifier_set_error: Object: "Rear right black spoke pocket.006", Modifier: "Weighted corner normals", Enable 'Auto Smooth' in Object Data Properties
ERROR (bke.modifier): C:\Users\blender\git\blender-v360\blender.git\source\blender\blenkernel\intern\modifier.cc:460 BKE_modifier_set_error: Object: "Rear right machined split spoke.007", Modifier: "Weighted corner normals", Enable 'Auto Smooth' in Object Data Properties
ERROR (bke.modifier): C:\Users\blender\git\blender-v360\blender.git\source\blender\blenkernel\intern\modifier.cc:460 BKE_modifier_set_error: Object: "Rear right black spoke pocket.008", Modifier: "Weighted corner normals", Enable 'Auto Smooth' in Object Data Properties
ERROR (bke.modifier): C:\Users\blender\git\blender-v360\blender.git\source\blender\blenkernel\intern\modifier.cc:460 BKE_modifier_set_error: Object: "Rear right machined split spoke.008", Modifier: "Weighted corner normals", Enable 'Auto Smooth' in Object Data Properties
ERROR (bke.modifier): C:\Users\blender\git\blender-v360\blender.git\source\blender\blenkernel\intern\modifier.cc:460 BKE_modifier_set_error: Object: "Rear right machined split spoke.009", Modifier: "Weighted corner normals", Enable 'Auto Smooth' in Object Data Properties
ERROR (bke.modifier): C:\Users\blender\git\blender-v360\blender.git\source\blender\blenkernel\intern\modifier.cc:460 BKE_modifier_set_error: Object: "Rear right black spoke pocket.007", Modifier: "Weighted corner normals", Enable 'Auto Smooth' in Object Data Properties
ERROR (bke.modifier): C:\Users\blender\git\blender-v360\blender.git\source\blender\blenkernel\intern\modifier.cc:460 BKE_modifier_set_error: Object: "Rear right center hub", Modifier: "Weighted corner normals", Enable 'Auto Smooth' in Object Data Properties
ERROR (bke.modifier): C:\Users\blender\git\blender-v360\blender.git\source\blender\blenkernel\intern\modifier.cc:460 BKE_modifier_set_error: Object: "Rear right black spoke pocket.009", Modifier: "Weighted corner normals", Enable 'Auto Smooth' in Object Data Properties
ERROR (bke.modifier): C:\Users\blender\git\blender-v360\blender.git\source\blender\blenkernel\intern\modifier.cc:460 BKE_modifier_set_error: Object: "Rear right titanium lug nut", Modifier: "Weighted corner normals", Enable 'Auto Smooth' in Object Data Properties
ERROR (bke.modifier): C:\Users\blender\git\blender-v360\blender.git\source\blender\blenkernel\intern\modifier.cc:460 BKE_modifier_set_error: Object: "Rear right titanium lug nut.001", Modifier: "Weighted corner normals", Enable 'Auto Smooth' in Object Data Properties
ERROR (bke.modifier): C:\Users\blender\git\blender-v360\blender.git\source\blender\blenkernel\intern\modifier.cc:460 BKE_modifier_set_error: Object: "Rear right titanium lug nut.002", Modifier: "Weighted corner normals", Enable 'Auto Smooth' in Object Data Properties
ERROR (bke.modifier): C:\Users\blender\git\blender-v360\blender.git\source\blender\blenkernel\intern\modifier.cc:460 BKE_modifier_set_error: Object: "Rear right titanium lug nut.003", Modifier: "Weighted corner normals", Enable 'Auto Smooth' in Object Data Properties
ERROR (bke.modifier): C:\Users\blender\git\blender-v360\blender.git\source\blender\blenkernel\intern\modifier.cc:460 BKE_modifier_set_error: Object: "Rear right titanium lug nut.004", Modifier: "Weighted corner normals", Enable 'Auto Smooth' in Object Data Properties
ERROR (bke.modifier): C:\Users\blender\git\blender-v360\blender.git\source\blender\blenkernel\intern\modifier.cc:460 BKE_modifier_set_error: Object: "Rear right tire valve", Modifier: "Weighted corner normals", Enable 'Auto Smooth' in Object Data Properties
ERROR (bke.modifier): C:\Users\blender\git\blender-v360\blender.git\source\blender\blenkernel\intern\modifier.cc:460 BKE_modifier_set_error: Object: "Front right tire valve", Modifier: "Weighted corner normals", Enable 'Auto Smooth' in Object Data Properties
ERROR (bke.modifier): C:\Users\blender\git\blender-v360\blender.git\source\blender\blenkernel\intern\modifier.cc:460 BKE_modifier_set_error: Object: "Front right titanium lug nut.004", Modifier: "Weighted corner normals", Enable 'Auto Smooth' in Object Data Properties
ERROR (bke.modifier): C:\Users\blender\git\blender-v360\blender.git\source\blender\blenkernel\intern\modifier.cc:460 BKE_modifier_set_error: Object: "Front right titanium lug nut.003", Modifier: "Weighted corner normals", Enable 'Auto Smooth' in Object Data Properties
ERROR (bke.modifier): C:\Users\blender\git\blender-v360\blender.git\source\blender\blenkernel\intern\modifier.cc:460 BKE_modifier_set_error: Object: "Front right titanium lug nut.002", Modifier: "Weighted corner normals", Enable 'Auto Smooth' in Object Data Properties
ERROR (bke.modifier): C:\Users\blender\git\blender-v360\blender.git\source\blender\blenkernel\intern\modifier.cc:460 BKE_modifier_set_error: Object: "Front right titanium lug nut.001", Modifier: "Weighted corner normals", Enable 'Auto Smooth' in Object Data Properties
ERROR (bke.modifier): C:\Users\blender\git\blender-v360\blender.git\source\blender\blenkernel\intern\modifier.cc:460 BKE_modifier_set_error: Object: "Front right titanium lug nut", Modifier: "Weighted corner normals", Enable 'Auto Smooth' in Object Data Properties
ERROR (bke.modifier): C:\Users\blender\git\blender-v360\blender.git\source\blender\blenkernel\intern\modifier.cc:460 BKE_modifier_set_error: Object: "Dark cabin tub", Modifier: "Weighted corner normals", Enable 'Auto Smooth' in Object Data Properties
ERROR (bke.modifier): C:\Users\blender\git\blender-v360\blender.git\source\blender\blenkernel\intern\modifier.cc:460 BKE_modifier_set_error: Object: "Contoured seat back.001", Modifier: "Weighted corner normals", Enable 'Auto Smooth' in Object Data Properties
ERROR (bke.modifier): C:\Users\blender\git\blender-v360\blender.git\source\blender\blenkernel\intern\modifier.cc:460 BKE_modifier_set_error: Object: "Integrated head restraint", Modifier: "Weighted corner normals", Enable 'Auto Smooth' in Object Data Properties
ERROR (bke.modifier): C:\Users\blender\git\blender-v360\blender.git\source\blender\blenkernel\intern\modifier.cc:460 BKE_modifier_set_error: Object: "Seat cushion", Modifier: "Weighted corner normals", Enable 'Auto Smooth' in Object Data Properties
ERROR (bke.modifier): C:\Users\blender\git\blender-v360\blender.git\source\blender\blenkernel\intern\modifier.cc:460 BKE_modifier_set_error: Object: "Seat cushion.001", Modifier: "Weighted corner normals", Enable 'Auto Smooth' in Object Data Properties
ERROR (bke.modifier): C:\Users\blender\git\blender-v360\blender.git\source\blender\blenkernel\intern\modifier.cc:460 BKE_modifier_set_error: Object: "Contoured seat back.002", Modifier: "Weighted corner normals", Enable 'Auto Smooth' in Object Data Properties
ERROR (bke.modifier): C:\Users\blender\git\blender-v360\blender.git\source\blender\blenkernel\intern\modifier.cc:460 BKE_modifier_set_error: Object: "Seat cushion.002", Modifier: "Weighted corner normals", Enable 'Auto Smooth' in Object Data Properties
ERROR (bke.modifier): C:\Users\blender\git\blender-v360\blender.git\source\blender\blenkernel\intern\modifier.cc:460 BKE_modifier_set_error: Object: "Integrated head restraint.001", Modifier: "Weighted corner normals", Enable 'Auto Smooth' in Object Data Properties
ERROR (bke.modifier): C:\Users\blender\git\blender-v360\blender.git\source\blender\blenkernel\intern\modifier.cc:460 BKE_modifier_set_error: Object: "Contoured seat back.003", Modifier: "Weighted corner normals", Enable 'Auto Smooth' in Object Data Properties
ERROR (bke.modifier): C:\Users\blender\git\blender-v360\blender.git\source\blender\blenkernel\intern\modifier.cc:460 BKE_modifier_set_error: Object: "Integrated head restraint.002", Modifier: "Weighted corner normals", Enable 'Auto Smooth' in Object Data Properties
ERROR (bke.modifier): C:\Users\blender\git\blender-v360\blender.git\source\blender\blenkernel\intern\modifier.cc:460 BKE_modifier_set_error: Object: "Seat cushion.003", Modifier: "Weighted corner normals", Enable 'Auto Smooth' in Object Data Properties
ERROR (bke.modifier): C:\Users\blender\git\blender-v360\blender.git\source\blender\blenkernel\intern\modifier.cc:460 BKE_modifier_set_error: Object: "Front right center hub", Modifier: "Weighted corner normals", Enable 'Auto Smooth' in Object Data Properties
ERROR (bke.modifier): C:\Users\blender\git\blender-v360\blender.git\source\blender\blenkernel\intern\modifier.cc:460 BKE_modifier_set_error: Object: "Contoured seat back", Modifier: "Weighted corner normals", Enable 'Auto Smooth' in Object Data Properties
ERROR (bke.modifier): C:\Users\blender\git\blender-v360\blender.git\source\blender\blenkernel\intern\modifier.cc:460 BKE_modifier_set_error: Object: "Front right black spoke pocket.009", Modifier: "Weighted corner normals", Enable 'Auto Smooth' in Object Data Properties
ERROR (bke.modifier): C:\Users\blender\git\blender-v360\blender.git\source\blender\blenkernel\intern\modifier.cc:460 BKE_modifier_set_error: Object: "Dashboard", Modifier: "Weighted corner normals", Enable 'Auto Smooth' in Object Data Properties
ERROR (bke.modifier): C:\Users\blender\git\blender-v360\blender.git\source\blender\blenkernel\intern\modifier.cc:460 BKE_modifier_set_error: Object: "Front right machined split spoke.009", Modifier: "Weighted corner normals", Enable 'Auto Smooth' in Object Data Properties
ERROR (bke.modifier): C:\Users\blender\git\blender-v360\blender.git\source\blender\blenkernel\intern\modifier.cc:460 BKE_modifier_set_error: Object: "Dashboard center screen", Modifier: "Weighted corner normals", Enable 'Auto Smooth' in Object Data Properties
ERROR (bke.modifier): C:\Users\blender\git\blender-v360\blender.git\source\blender\blenkernel\intern\modifier.cc:460 BKE_modifier_set_error: Object: "Front right black spoke pocket.008", Modifier: "Weighted corner normals", Enable 'Auto Smooth' in Object Data Properties
ERROR (bke.modifier): C:\Users\blender\git\blender-v360\blender.git\source\blender\blenkernel\intern\modifier.cc:460 BKE_modifier_set_error: Object: "Screen glass", Modifier: "Weighted corner normals", Enable 'Auto Smooth' in Object Data Properties
ERROR (bke.modifier): C:\Users\blender\git\blender-v360\blender.git\source\blender\blenkernel\intern\modifier.cc:460 BKE_modifier_set_error: Object: "Front right machined split spoke.008", Modifier: "Weighted corner normals", Enable 'Auto Smooth' in Object Data Properties
ERROR (bke.modifier): C:\Users\blender\git\blender-v360\blender.git\source\blender\blenkernel\intern\modifier.cc:460 BKE_modifier_set_error: Object: "Front right black spoke pocket.007", Modifier: "Weighted corner normals", Enable 'Auto Smooth' in Object Data Properties
ERROR (bke.modifier): C:\Users\blender\git\blender-v360\blender.git\source\blender\blenkernel\intern\modifier.cc:460 BKE_modifier_set_error: Object: "Steering center", Modifier: "Weighted corner normals", Enable 'Auto Smooth' in Object Data Properties
ERROR (bke.modifier): C:\Users\blender\git\blender-v360\blender.git\source\blender\blenkernel\intern\modifier.cc:460 BKE_modifier_set_error: Object: "Integrated head restraint.003", Modifier: "Weighted corner normals", Enable 'Auto Smooth' in Object Data Properties
ERROR (bke.modifier): C:\Users\blender\git\blender-v360\blender.git\source\blender\blenkernel\intern\modifier.cc:460 BKE_modifier_set_error: Object: "Center tunnel", Modifier: "Weighted corner normals", Enable 'Auto Smooth' in Object Data Properties
ERROR (bke.modifier): C:\Users\blender\git\blender-v360\blender.git\source\blender\blenkernel\intern\modifier.cc:460 BKE_modifier_set_error: Object: "Front right machined split spoke.007", Modifier: "Weighted corner normals", Enable 'Auto Smooth' in Object Data Properties
ERROR (bke.modifier): C:\Users\blender\git\blender-v360\blender.git\source\blender\blenkernel\intern\modifier.cc:460 BKE_modifier_set_error: Object: "Front right black spoke pocket.006", Modifier: "Weighted corner normals", Enable 'Auto Smooth' in Object Data Properties
ERROR (bke.modifier): C:\Users\blender\git\blender-v360\blender.git\source\blender\blenkernel\intern\modifier.cc:460 BKE_modifier_set_error: Object: "Front right machined split spoke.006", Modifier: "Weighted corner normals", Enable 'Auto Smooth' in Object Data Properties
ERROR (bke.modifier): C:\Users\blender\git\blender-v360\blender.git\source\blender\blenkernel\intern\modifier.cc:460 BKE_modifier_set_error: Object: "Cup holder.001", Modifier: "Weighted corner normals", Enable 'Auto Smooth' in Object Data Properties
ERROR (bke.modifier): C:\Users\blender\git\blender-v360\blender.git\source\blender\blenkernel\intern\modifier.cc:460 BKE_modifier_set_error: Object: "Front right black spoke pocket.005", Modifier: "Weighted corner normals", Enable 'Auto Smooth' in Object Data Properties
ERROR (bke.modifier): C:\Users\blender\git\blender-v360\blender.git\source\blender\blenkernel\intern\modifier.cc:460 BKE_modifier_set_error: Object: "Front right machined split spoke.005", Modifier: "Weighted corner normals", Enable 'Auto Smooth' in Object Data Properties
ERROR (bke.modifier): C:\Users\blender\git\blender-v360\blender.git\source\blender\blenkernel\intern\modifier.cc:460 BKE_modifier_set_error: Object: "Cup holder", Modifier: "Weighted corner normals", Enable 'Auto Smooth' in Object Data Properties
ERROR (bke.modifier): C:\Users\blender\git\blender-v360\blender.git\source\blender\blenkernel\intern\modifier.cc:460 BKE_modifier_set_error: Object: "Flat aerodynamic underfloor", Modifier: "Weighted corner normals", Enable 'Auto Smooth' in Object Data Properties
ERROR (bke.modifier): C:\Users\blender\git\blender-v360\blender.git\source\blender\blenkernel\intern\modifier.cc:460 BKE_modifier_set_error: Object: "Front right black spoke pocket.004", Modifier: "Weighted corner normals", Enable 'Auto Smooth' in Object Data Properties
ERROR (bke.modifier): C:\Users\blender\git\blender-v360\blender.git\source\blender\blenkernel\intern\modifier.cc:460 BKE_modifier_set_error: Object: "Infinite studio floor", Modifier: "Weighted corner normals", Enable 'Auto Smooth' in Object Data Properties
ERROR (bke.modifier): C:\Users\blender\git\blender-v360\blender.git\source\blender\blenkernel\intern\modifier.cc:460 BKE_modifier_set_error: Object: "Front right machined split spoke.004", Modifier: "Weighted corner normals", Enable 'Auto Smooth' in Object Data Properties
ERROR (bke.modifier): C:\Users\blender\git\blender-v360\blender.git\source\blender\blenkernel\intern\modifier.cc:460 BKE_modifier_set_error: Object: "Front right black spoke pocket.003", Modifier: "Weighted corner normals", Enable 'Auto Smooth' in Object Data Properties
ERROR (bke.modifier): C:\Users\blender\git\blender-v360\blender.git\source\blender\blenkernel\intern\modifier.cc:460 BKE_modifier_set_error: Object: "Front right machined split spoke.003", Modifier: "Weighted corner normals", Enable 'Auto Smooth' in Object Data Properties
ERROR (bke.modifier): C:\Users\blender\git\blender-v360\blender.git\source\blender\blenkernel\intern\modifier.cc:460 BKE_modifier_set_error: Object: "Front right black spoke pocket.002", Modifier: "Weighted corner normals", Enable 'Auto Smooth' in Object Data Properties
ERROR (bke.modifier): C:\Users\blender\git\blender-v360\blender.git\source\blender\blenkernel\intern\modifier.cc:460 BKE_modifier_set_error: Object: "Front right machined split spoke.002", Modifier: "Weighted corner normals", Enable 'Auto Smooth' in Object Data Properties
ERROR (bke.modifier): C:\Users\blender\git\blender-v360\blender.git\source\blender\blenkernel\intern\modifier.cc:460 BKE_modifier_set_error: Object: "Front right black spoke pocket.001", Modifier: "Weighted corner normals", Enable 'Auto Smooth' in Object Data Properties
ERROR (bke.modifier): C:\Users\blender\git\blender-v360\blender.git\source\blender\blenkernel\intern\modifier.cc:460 BKE_modifier_set_error: Object: "Front right machined split spoke.001", Modifier: "Weighted corner normals", Enable 'Auto Smooth' in Object Data Properties
ERROR (bke.modifier): C:\Users\blender\git\blender-v360\blender.git\source\blender\blenkernel\intern\modifier.cc:460 BKE_modifier_set_error: Object: "Front right black spoke pocket", Modifier: "Weighted corner normals", Enable 'Auto Smooth' in Object Data Properties
ERROR (bke.modifier): C:\Users\blender\git\blender-v360\blender.git\source\blender\blenkernel\intern\modifier.cc:460 BKE_modifier_set_error: Object: "Front right machined split spoke", Modifier: "Weighted corner normals", Enable 'Auto Smooth' in Object Data Properties
ERROR (bke.modifier): C:\Users\blender\git\blender-v360\blender.git\source\blender\blenkernel\intern\modifier.cc:460 BKE_modifier_set_error: Object: "Front right yellow six-piston caliper", Modifier: "Weighted corner normals", Enable 'Auto Smooth' in Object Data Properties
ERROR (bke.modifier): C:\Users\blender\git\blender-v360\blender.git\source\blender\blenkernel\intern\modifier.cc:460 BKE_modifier_set_error: Object: "Front right brake disc bell", Modifier: "Weighted corner normals", Enable 'Auto Smooth' in Object Data Properties
ERROR (bke.modifier): C:\Users\blender\git\blender-v360\blender.git\source\blender\blenkernel\intern\modifier.cc:460 BKE_modifier_set_error: Object: "Flush door handle recess", Modifier: "Weighted corner normals", Enable 'Auto Smooth' in Object Data Properties
ERROR (bke.modifier): C:\Users\blender\git\blender-v360\blender.git\source\blender\blenkernel\intern\modifier.cc:460 BKE_modifier_set_error: Object: "Front right drilled rotor perforation.071", Modifier: "Weighted corner normals", Enable 'Auto Smooth' in Object Data Properties
ERROR (bke.modifier): C:\Users\blender\git\blender-v360\blender.git\source\blender\blenkernel\intern\modifier.cc:460 BKE_modifier_set_error: Object: "Flush door handle recess.001", Modifier: "Weighted corner normals", Enable 'Auto Smooth' in Object Data Properties
ERROR (bke.modifier): C:\Users\blender\git\blender-v360\blender.git\source\blender\blenkernel\intern\modifier.cc:460 BKE_modifier_set_error: Object: "Front right drilled rotor perforation.070", Modifier: "Weighted corner normals", Enable 'Auto Smooth' in Object Data Properties
ERROR (bke.modifier): C:\Users\blender\git\blender-v360\blender.git\source\blender\blenkernel\intern\modifier.cc:460 BKE_modifier_set_error: Object: "Flush door handle | Aqua Blue.001", Modifier: "Weighted corner normals", Enable 'Auto Smooth' in Object Data Properties
ERROR (bke.modifier): C:\Users\blender\git\blender-v360\blender.git\source\blender\blenkernel\intern\modifier.cc:460 BKE_modifier_set_error: Object: "Flush door handle | Aqua Blue", Modifier: "Weighted corner normals", Enable 'Auto Smooth' in Object Data Properties
ERROR (bke.modifier): C:\Users\blender\git\blender-v360\blender.git\source\blender\blenkernel\intern\modifier.cc:460 BKE_modifier_set_error: Object: "Front right drilled rotor perforation.069", Modifier: "Weighted corner normals", Enable 'Auto Smooth' in Object Data Properties
ERROR (bke.modifier): C:\Users\blender\git\blender-v360\blender.git\source\blender\blenkernel\intern\modifier.cc:460 BKE_modifier_set_error: Object: "Front right drilled rotor perforation.068", Modifier: "Weighted corner normals", Enable 'Auto Smooth' in Object Data Properties
ERROR (bke.modifier): C:\Users\blender\git\blender-v360\blender.git\source\blender\blenkernel\intern\modifier.cc:460 BKE_modifier_set_error: Object: "Flush door handle recess.003", Modifier: "Weighted corner normals", Enable 'Auto Smooth' in Object Data Properties
ERROR (bke.modifier): C:\Users\blender\git\blender-v360\blender.git\source\blender\blenkernel\intern\modifier.cc:460 BKE_modifier_set_error: Object: "Front right drilled rotor perforation.067", Modifier: "Weighted corner normals", Enable 'Auto Smooth' in Object Data Properties
ERROR (bke.modifier): C:\Users\blender\git\blender-v360\blender.git\source\blender\blenkernel\intern\modifier.cc:460 BKE_modifier_set_error: Object: "Flush door handle | Aqua Blue.002", Modifier: "Weighted corner normals", Enable 'Auto Smooth' in Object Data Properties
ERROR (bke.modifier): C:\Users\blender\git\blender-v360\blender.git\source\blender\blenkernel\intern\modifier.cc:460 BKE_modifier_set_error: Object: "Flush door handle | Aqua Blue.003", Modifier: "Weighted corner normals", Enable 'Auto Smooth' in Object Data Properties
ERROR (bke.modifier): C:\Users\blender\git\blender-v360\blender.git\source\blender\blenkernel\intern\modifier.cc:460 BKE_modifier_set_error: Object: "Front right drilled rotor perforation.066", Modifier: "Weighted corner normals", Enable 'Auto Smooth' in Object Data Properties
ERROR (bke.modifier): C:\Users\blender\git\blender-v360\blender.git\source\blender\blenkernel\intern\modifier.cc:460 BKE_modifier_set_error: Object: "Flush door handle recess.002", Modifier: "Weighted corner normals", Enable 'Auto Smooth' in Object Data Properties
ERROR (bke.modifier): C:\Users\blender\git\blender-v360\blender.git\source\blender\blenkernel\intern\modifier.cc:460 BKE_modifier_set_error: Object: "Front right drilled rotor perforation.065", Modifier: "Weighted corner normals", Enable 'Auto Smooth' in Object Data Properties
ERROR (bke.modifier): C:\Users\blender\git\blender-v360\blender.git\source\blender\blenkernel\intern\modifier.cc:460 BKE_modifier_set_error: Object: "Front right drilled rotor perforation.064", Modifier: "Weighted corner normals", Enable 'Auto Smooth' in Object Data Properties
ERROR (bke.modifier): C:\Users\blender\git\blender-v360\blender.git\source\blender\blenkernel\intern\modifier.cc:460 BKE_modifier_set_error: Object: "Front right drilled rotor perforation.063", Modifier: "Weighted corner normals", Enable 'Auto Smooth' in Object Data Properties
ERROR (bke.modifier): C:\Users\blender\git\blender-v360\blender.git\source\blender\blenkernel\intern\modifier.cc:460 BKE_modifier_set_error: Object: "Front right drilled rotor perforation.062", Modifier: "Weighted corner normals", Enable 'Auto Smooth' in Object Data Properties
ERROR (bke.modifier): C:\Users\blender\git\blender-v360\blender.git\source\blender\blenkernel\intern\modifier.cc:460 BKE_modifier_set_error: Object: "Front right drilled rotor perforation.061", Modifier: "Weighted corner normals", Enable 'Auto Smooth' in Object Data Properties
ERROR (bke.modifier): C:\Users\blender\git\blender-v360\blender.git\source\blender\blenkernel\intern\modifier.cc:460 BKE_modifier_set_error: Object: "Front license plate bracket", Modifier: "Weighted corner normals", Enable 'Auto Smooth' in Object Data Properties
ERROR (bke.modifier): C:\Users\blender\git\blender-v360\blender.git\source\blender\blenkernel\intern\modifier.cc:460 BKE_modifier_set_error: Object: "Front license plate", Modifier: "Weighted corner normals", Enable 'Auto Smooth' in Object Data Properties
ERROR (bke.modifier): C:\Users\blender\git\blender-v360\blender.git\source\blender\blenkernel\intern\modifier.cc:460 BKE_modifier_set_error: Object: "Front right drilled rotor perforation.060", Modifier: "Weighted corner normals", Enable 'Auto Smooth' in Object Data Properties
ERROR (bke.modifier): C:\Users\blender\git\blender-v360\blender.git\source\blender\blenkernel\intern\modifier.cc:460 BKE_modifier_set_error: Object: "Front right drilled rotor perforation.059", Modifier: "Weighted corner normals", Enable 'Auto Smooth' in Object Data Properties
ERROR (bke.modifier): C:\Users\blender\git\blender-v360\blender.git\source\blender\blenkernel\intern\modifier.cc:460 BKE_modifier_set_error: Object: "Front right drilled rotor perforation.058", Modifier: "Weighted corner normals", Enable 'Auto Smooth' in Object Data Properties
ERROR (bke.modifier): C:\Users\blender\git\blender-v360\blender.git\source\blender\blenkernel\intern\modifier.cc:460 BKE_modifier_set_error: Object: "Ultrasonic parking sensor", Modifier: "Weighted corner normals", Enable 'Auto Smooth' in Object Data Properties
ERROR (bke.modifier): C:\Users\blender\git\blender-v360\blender.git\source\blender\blenkernel\intern\modifier.cc:460 BKE_modifier_set_error: Object: "Front right drilled rotor perforation.057", Modifier: "Weighted corner normals", Enable 'Auto Smooth' in Object Data Properties
ERROR (bke.modifier): C:\Users\blender\git\blender-v360\blender.git\source\blender\blenkernel\intern\modifier.cc:460 BKE_modifier_set_error: Object: "Front right drilled rotor perforation.056", Modifier: "Weighted corner normals", Enable 'Auto Smooth' in Object Data Properties
ERROR (bke.modifier): C:\Users\blender\git\blender-v360\blender.git\source\blender\blenkernel\intern\modifier.cc:460 BKE_modifier_set_error: Object: "License plate screw", Modifier: "Weighted corner normals", Enable 'Auto Smooth' in Object Data Properties
ERROR (bke.modifier): C:\Users\blender\git\blender-v360\blender.git\source\blender\blenkernel\intern\modifier.cc:460 BKE_modifier_set_error: Object: "Front right drilled rotor perforation.055", Modifier: "Weighted corner normals", Enable 'Auto Smooth' in Object Data Properties
ERROR (bke.modifier): C:\Users\blender\git\blender-v360\blender.git\source\blender\blenkernel\intern\modifier.cc:460 BKE_modifier_set_error: Object: "Ultrasonic parking sensor.001", Modifier: "Weighted corner normals", Enable 'Auto Smooth' in Object Data Properties
ERROR (bke.modifier): C:\Users\blender\git\blender-v360\blender.git\source\blender\blenkernel\intern\modifier.cc:460 BKE_modifier_set_error: Object: "Front right drilled rotor perforation.054", Modifier: "Weighted corner normals", Enable 'Auto Smooth' in Object Data Properties
ERROR (bke.modifier): C:\Users\blender\git\blender-v360\blender.git\source\blender\blenkernel\intern\modifier.cc:460 BKE_modifier_set_error: Object: "Front right drilled rotor perforation.053", Modifier: "Weighted corner normals", Enable 'Auto Smooth' in Object Data Properties
ERROR (bke.modifier): C:\Users\blender\git\blender-v360\blender.git\source\blender\blenkernel\intern\modifier.cc:460 BKE_modifier_set_error: Object: "License plate screw.001", Modifier: "Weighted corner normals", Enable 'Auto Smooth' in Object Data Properties
ERROR (bke.modifier): C:\Users\blender\git\blender-v360\blender.git\source\blender\blenkernel\intern\modifier.cc:460 BKE_modifier_set_error: Object: "Front right drilled rotor perforation.052", Modifier: "Weighted corner normals", Enable 'Auto Smooth' in Object Data Properties
ERROR (bke.modifier): C:\Users\blender\git\blender-v360\blender.git\source\blender\blenkernel\intern\modifier.cc:460 BKE_modifier_set_error: Object: "Front right drilled rotor perforation.051", Modifier: "Weighted corner normals", Enable 'Auto Smooth' in Object Data Properties
ERROR (bke.modifier): C:\Users\blender\git\blender-v360\blender.git\source\blender\blenkernel\intern\modifier.cc:460 BKE_modifier_set_error: Object: "Front right drilled rotor perforation.050", Modifier: "Weighted corner normals", Enable 'Auto Smooth' in Object Data Properties
ERROR (bke.modifier): C:\Users\blender\git\blender-v360\blender.git\source\blender\blenkernel\intern\modifier.cc:460 BKE_modifier_set_error: Object: "Front right drilled rotor perforation.049", Modifier: "Weighted corner normals", Enable 'Auto Smooth' in Object Data Properties
ERROR (bke.modifier): C:\Users\blender\git\blender-v360\blender.git\source\blender\blenkernel\intern\modifier.cc:460 BKE_modifier_set_error: Object: "Rear lower reflector", Modifier: "Weighted corner normals", Enable 'Auto Smooth' in Object Data Properties
ERROR (bke.modifier): C:\Users\blender\git\blender-v360\blender.git\source\blender\blenkernel\intern\modifier.cc:460 BKE_modifier_set_error: Object: "Rear lower reflector.001", Modifier: "Weighted corner normals", Enable 'Auto Smooth' in Object Data Properties
ERROR (bke.modifier): C:\Users\blender\git\blender-v360\blender.git\source\blender\blenkernel\intern\modifier.cc:460 BKE_modifier_set_error: Object: "Underfloor diffuser strake", Modifier: "Weighted corner normals", Enable 'Auto Smooth' in Object Data Properties
ERROR (bke.modifier): C:\Users\blender\git\blender-v360\blender.git\source\blender\blenkernel\intern\modifier.cc:460 BKE_modifier_set_error: Object: "Underfloor diffuser strake.001", Modifier: "Weighted corner normals", Enable 'Auto Smooth' in Object Data Properties
ERROR (bke.modifier): C:\Users\blender\git\blender-v360\blender.git\source\blender\blenkernel\intern\modifier.cc:460 BKE_modifier_set_error: Object: "Front right drilled rotor perforation.048", Modifier: "Weighted corner normals", Enable 'Auto Smooth' in Object Data Properties
ERROR (bke.modifier): C:\Users\blender\git\blender-v360\blender.git\source\blender\blenkernel\intern\modifier.cc:460 BKE_modifier_set_error: Object: "Underfloor diffuser strake.002", Modifier: "Weighted corner normals", Enable 'Auto Smooth' in Object Data Properties
ERROR (bke.modifier): C:\Users\blender\git\blender-v360\blender.git\source\blender\blenkernel\intern\modifier.cc:460 BKE_modifier_set_error: Object: "Front right drilled rotor perforation.047", Modifier: "Weighted corner normals", Enable 'Auto Smooth' in Object Data Properties
ERROR (bke.modifier): C:\Users\blender\git\blender-v360\blender.git\source\blender\blenkernel\intern\modifier.cc:460 BKE_modifier_set_error: Object: "Underfloor diffuser strake.003", Modifier: "Weighted corner normals", Enable 'Auto Smooth' in Object Data Properties
ERROR (bke.modifier): C:\Users\blender\git\blender-v360\blender.git\source\blender\blenkernel\intern\modifier.cc:460 BKE_modifier_set_error: Object: "Front right drilled rotor perforation.046", Modifier: "Weighted corner normals", Enable 'Auto Smooth' in Object Data Properties
ERROR (bke.modifier): C:\Users\blender\git\blender-v360\blender.git\source\blender\blenkernel\intern\modifier.cc:460 BKE_modifier_set_error: Object: "Underfloor diffuser strake.004", Modifier: "Weighted corner normals", Enable 'Auto Smooth' in Object Data Properties
ERROR (bke.modifier): C:\Users\blender\git\blender-v360\blender.git\source\blender\blenkernel\intern\modifier.cc:460 BKE_modifier_set_error: Object: "Rear plate bracket", Modifier: "Weighted corner normals", Enable 'Auto Smooth' in Object Data Properties
ERROR (bke.modifier): C:\Users\blender\git\blender-v360\blender.git\source\blender\blenkernel\intern\modifier.cc:460 BKE_modifier_set_error: Object: "Rear license plate", Modifier: "Weighted corner normals", Enable 'Auto Smooth' in Object Data Properties
ERROR (bke.modifier): C:\Users\blender\git\blender-v360\blender.git\source\blender\blenkernel\intern\modifier.cc:460 BKE_modifier_set_error: Object: "Front right drilled rotor perforation.045", Modifier: "Weighted corner normals", Enable 'Auto Smooth' in Object Data Properties
ERROR (bke.modifier): C:\Users\blender\git\blender-v360\blender.git\source\blender\blenkernel\intern\modifier.cc:460 BKE_modifier_set_error: Object: "Front right drilled rotor perforation.044", Modifier: "Weighted corner normals", Enable 'Auto Smooth' in Object Data Properties
ERROR (bke.modifier): C:\Users\blender\git\blender-v360\blender.git\source\blender\blenkernel\intern\modifier.cc:460 BKE_modifier_set_error: Object: "Front right drilled rotor perforation.043", Modifier: "Weighted corner normals", Enable 'Auto Smooth' in Object Data Properties
ERROR (bke.modifier): C:\Users\blender\git\blender-v360\blender.git\source\blender\blenkernel\intern\modifier.cc:460 BKE_modifier_set_error: Object: "Front right drilled rotor perforation.042", Modifier: "Weighted corner normals", Enable 'Auto Smooth' in Object Data Properties
ERROR (bke.modifier): C:\Users\blender\git\blender-v360\blender.git\source\blender\blenkernel\intern\modifier.cc:460 BKE_modifier_set_error: Object: "Front right drilled rotor perforation.041", Modifier: "Weighted corner normals", Enable 'Auto Smooth' in Object Data Properties
ERROR (bke.modifier): C:\Users\blender\git\blender-v360\blender.git\source\blender\blenkernel\intern\modifier.cc:460 BKE_modifier_set_error: Object: "Front right drilled rotor perforation.040", Modifier: "Weighted corner normals", Enable 'Auto Smooth' in Object Data Properties
ERROR (bke.modifier): C:\Users\blender\git\blender-v360\blender.git\source\blender\blenkernel\intern\modifier.cc:460 BKE_modifier_set_error: Object: "Front left drilled rotor perforation", Modifier: "Weighted corner normals", Enable 'Auto Smooth' in Object Data Properties
ERROR (bke.modifier): C:\Users\blender\git\blender-v360\blender.git\source\blender\blenkernel\intern\modifier.cc:460 BKE_modifier_set_error: Object: "Front right drilled rotor perforation.039", Modifier: "Weighted corner normals", Enable 'Auto Smooth' in Object Data Properties
ERROR (bke.modifier): C:\Users\blender\git\blender-v360\blender.git\source\blender\blenkernel\intern\modifier.cc:460 BKE_modifier_set_error: Object: "Front left drilled rotor perforation.001", Modifier: "Weighted corner normals", Enable 'Auto Smooth' in Object Data Properties
ERROR (bke.modifier): C:\Users\blender\git\blender-v360\blender.git\source\blender\blenkernel\intern\modifier.cc:460 BKE_modifier_set_error: Object: "Front right drilled rotor perforation.038", Modifier: "Weighted corner normals", Enable 'Auto Smooth' in Object Data Properties
ERROR (bke.modifier): C:\Users\blender\git\blender-v360\blender.git\source\blender\blenkernel\intern\modifier.cc:460 BKE_modifier_set_error: Object: "Front left brake rotor", Modifier: "Weighted corner normals", Enable 'Auto Smooth' in Object Data Properties
ERROR (bke.modifier): C:\Users\blender\git\blender-v360\blender.git\source\blender\blenkernel\intern\modifier.cc:460 BKE_modifier_set_error: Object: "Front left drilled rotor perforation.002", Modifier: "Weighted corner normals", Enable 'Auto Smooth' in Object Data Properties
ERROR (bke.modifier): C:\Users\blender\git\blender-v360\blender.git\source\blender\blenkernel\intern\modifier.cc:460 BKE_modifier_set_error: Object: "Front right drilled rotor perforation.037", Modifier: "Weighted corner normals", Enable 'Auto Smooth' in Object Data Properties
ERROR (bke.modifier): C:\Users\blender\git\blender-v360\blender.git\source\blender\blenkernel\intern\modifier.cc:460 BKE_modifier_set_error: Object: "Front left drilled rotor perforation.003", Modifier: "Weighted corner normals", Enable 'Auto Smooth' in Object Data Properties
ERROR (bke.modifier): C:\Users\blender\git\blender-v360\blender.git\source\blender\blenkernel\intern\modifier.cc:460 BKE_modifier_set_error: Object: "Front right drilled rotor perforation.036", Modifier: "Weighted corner normals", Enable 'Auto Smooth' in Object Data Properties
ERROR (bke.modifier): C:\Users\blender\git\blender-v360\blender.git\source\blender\blenkernel\intern\modifier.cc:460 BKE_modifier_set_error: Object: "Front left drilled rotor perforation.004", Modifier: "Weighted corner normals", Enable 'Auto Smooth' in Object Data Properties
ERROR (bke.modifier): C:\Users\blender\git\blender-v360\blender.git\source\blender\blenkernel\intern\modifier.cc:460 BKE_modifier_set_error: Object: "Front right drilled rotor perforation.035", Modifier: "Weighted corner normals", Enable 'Auto Smooth' in Object Data Properties
ERROR (bke.modifier): C:\Users\blender\git\blender-v360\blender.git\source\blender\blenkernel\intern\modifier.cc:460 BKE_modifier_set_error: Object: "Front left drilled rotor perforation.006", Modifier: "Weighted corner normals", Enable 'Auto Smooth' in Object Data Properties
ERROR (bke.modifier): C:\Users\blender\git\blender-v360\blender.git\source\blender\blenkernel\intern\modifier.cc:460 BKE_modifier_set_error: Object: "Front right drilled rotor perforation.034", Modifier: "Weighted corner normals", Enable 'Auto Smooth' in Object Data Properties
ERROR (bke.modifier): C:\Users\blender\git\blender-v360\blender.git\source\blender\blenkernel\intern\modifier.cc:460 BKE_modifier_set_error: Object: "Front left drilled rotor perforation.007", Modifier: "Weighted corner normals", Enable 'Auto Smooth' in Object Data Properties
ERROR (bke.modifier): C:\Users\blender\git\blender-v360\blender.git\source\blender\blenkernel\intern\modifier.cc:460 BKE_modifier_set_error: Object: "Front right drilled rotor perforation.033", Modifier: "Weighted corner normals", Enable 'Auto Smooth' in Object Data Properties
ERROR (bke.modifier): C:\Users\blender\git\blender-v360\blender.git\source\blender\blenkernel\intern\modifier.cc:460 BKE_modifier_set_error: Object: "Front right drilled rotor perforation.032", Modifier: "Weighted corner normals", Enable 'Auto Smooth' in Object Data Properties
ERROR (bke.modifier): C:\Users\blender\git\blender-v360\blender.git\source\blender\blenkernel\intern\modifier.cc:460 BKE_modifier_set_error: Object: "Front right drilled rotor perforation.031", Modifier: "Weighted corner normals", Enable 'Auto Smooth' in Object Data Properties
ERROR (bke.modifier): C:\Users\blender\git\blender-v360\blender.git\source\blender\blenkernel\intern\modifier.cc:460 BKE_modifier_set_error: Object: "Front right drilled rotor perforation.030", Modifier: "Weighted corner normals", Enable 'Auto Smooth' in Object Data Properties
ERROR (bke.modifier): C:\Users\blender\git\blender-v360\blender.git\source\blender\blenkernel\intern\modifier.cc:460 BKE_modifier_set_error: Object: "Front right drilled rotor perforation.029", Modifier: "Weighted corner normals", Enable 'Auto Smooth' in Object Data Properties
ERROR (bke.modifier): C:\Users\blender\git\blender-v360\blender.git\source\blender\blenkernel\intern\modifier.cc:460 BKE_modifier_set_error: Object: "Front right drilled rotor perforation.028", Modifier: "Weighted corner normals", Enable 'Auto Smooth' in Object Data Properties
ERROR (bke.modifier): C:\Users\blender\git\blender-v360\blender.git\source\blender\blenkernel\intern\modifier.cc:460 BKE_modifier_set_error: Object: "Front right drilled rotor perforation.027", Modifier: "Weighted corner normals", Enable 'Auto Smooth' in Object Data Properties
ERROR (bke.modifier): C:\Users\blender\git\blender-v360\blender.git\source\blender\blenkernel\intern\modifier.cc:460 BKE_modifier_set_error: Object: "Front right drilled rotor perforation.026", Modifier: "Weighted corner normals", Enable 'Auto Smooth' in Object Data Properties
ERROR (bke.modifier): C:\Users\blender\git\blender-v360\blender.git\source\blender\blenkernel\intern\modifier.cc:460 BKE_modifier_set_error: Object: "Front left drilled rotor perforation.008", Modifier: "Weighted corner normals", Enable 'Auto Smooth' in Object Data Properties
ERROR (bke.modifier): C:\Users\blender\git\blender-v360\blender.git\source\blender\blenkernel\intern\modifier.cc:460 BKE_modifier_set_error: Object: "Front right drilled rotor perforation.025", Modifier: "Weighted corner normals", Enable 'Auto Smooth' in Object Data Properties
ERROR (bke.modifier): C:\Users\blender\git\blender-v360\blender.git\source\blender\blenkernel\intern\modifier.cc:460 BKE_modifier_set_error: Object: "Front left drilled rotor perforation.009", Modifier: "Weighted corner normals", Enable 'Auto Smooth' in Object Data Properties
ERROR (bke.modifier): C:\Users\blender\git\blender-v360\blender.git\source\blender\blenkernel\intern\modifier.cc:460 BKE_modifier_set_error: Object: "Front right drilled rotor perforation.024", Modifier: "Weighted corner normals", Enable 'Auto Smooth' in Object Data Properties
ERROR (bke.modifier): C:\Users\blender\git\blender-v360\blender.git\source\blender\blenkernel\intern\modifier.cc:460 BKE_modifier_set_error: Object: "Front right drilled rotor perforation.023", Modifier: "Weighted corner normals", Enable 'Auto Smooth' in Object Data Properties
ERROR (bke.modifier): C:\Users\blender\git\blender-v360\blender.git\source\blender\blenkernel\intern\modifier.cc:460 BKE_modifier_set_error: Object: "Front left drilled rotor perforation.010", Modifier: "Weighted corner normals", Enable 'Auto Smooth' in Object Data Properties
ERROR (bke.modifier): C:\Users\blender\git\blender-v360\blender.git\source\blender\blenkernel\intern\modifier.cc:460 BKE_modifier_set_error: Object: "Front left drilled rotor perforation.011", Modifier: "Weighted corner normals", Enable 'Auto Smooth' in Object Data Properties
ERROR (bke.modifier): C:\Users\blender\git\blender-v360\blender.git\source\blender\blenkernel\intern\modifier.cc:460 BKE_modifier_set_error: Object: "Front right drilled rotor perforation.022", Modifier: "Weighted corner normals", Enable 'Auto Smooth' in Object Data Properties
ERROR (bke.modifier): C:\Users\blender\git\blender-v360\blender.git\source\blender\blenkernel\intern\modifier.cc:460 BKE_modifier_set_error: Object: "Front right drilled rotor perforation.021", Modifier: "Weighted corner normals", Enable 'Auto Smooth' in Object Data Properties
ERROR (bke.modifier): C:\Users\blender\git\blender-v360\blender.git\source\blender\blenkernel\intern\modifier.cc:460 BKE_modifier_set_error: Object: "Front left drilled rotor perforation.005", Modifier: "Weighted corner normals", Enable 'Auto Smooth' in Object Data Properties
ERROR (bke.modifier): C:\Users\blender\git\blender-v360\blender.git\source\blender\blenkernel\intern\modifier.cc:460 BKE_modifier_set_error: Object: "Front right drilled rotor perforation.020", Modifier: "Weighted corner normals", Enable 'Auto Smooth' in Object Data Properties
ERROR (bke.modifier): C:\Users\blender\git\blender-v360\blender.git\source\blender\blenkernel\intern\modifier.cc:460 BKE_modifier_set_error: Object: "Front right drilled rotor perforation.019", Modifier: "Weighted corner normals", Enable 'Auto Smooth' in Object Data Properties
ERROR (bke.modifier): C:\Users\blender\git\blender-v360\blender.git\source\blender\blenkernel\intern\modifier.cc:460 BKE_modifier_set_error: Object: "Front left drilled rotor perforation.012", Modifier: "Weighted corner normals", Enable 'Auto Smooth' in Object Data Properties
ERROR (bke.modifier): C:\Users\blender\git\blender-v360\blender.git\source\blender\blenkernel\intern\modifier.cc:460 BKE_modifier_set_error: Object: "Front right drilled rotor perforation.018", Modifier: "Weighted corner normals", Enable 'Auto Smooth' in Object Data Properties
ERROR (bke.modifier): C:\Users\blender\git\blender-v360\blender.git\source\blender\blenkernel\intern\modifier.cc:460 BKE_modifier_set_error: Object: "Front left drilled rotor perforation.013", Modifier: "Weighted corner normals", Enable 'Auto Smooth' in Object Data Properties
ERROR (bke.modifier): C:\Users\blender\git\blender-v360\blender.git\source\blender\blenkernel\intern\modifier.cc:460 BKE_modifier_set_error: Object: "Front right drilled rotor perforation.017", Modifier: "Weighted corner normals", Enable 'Auto Smooth' in Object Data Properties
ERROR (bke.modifier): C:\Users\blender\git\blender-v360\blender.git\source\blender\blenkernel\intern\modifier.cc:460 BKE_modifier_set_error: Object: "Front right drilled rotor perforation.016", Modifier: "Weighted corner normals", Enable 'Auto Smooth' in Object Data Properties
ERROR (bke.modifier): C:\Users\blender\git\blender-v360\blender.git\source\blender\blenkernel\intern\modifier.cc:460 BKE_modifier_set_error: Object: "Front left drilled rotor perforation.014", Modifier: "Weighted corner normals", Enable 'Auto Smooth' in Object Data Properties
ERROR (bke.modifier): C:\Users\blender\git\blender-v360\blender.git\source\blender\blenkernel\intern\modifier.cc:460 BKE_modifier_set_error: Object: "Front right drilled rotor perforation.015", Modifier: "Weighted corner normals", Enable 'Auto Smooth' in Object Data Properties
ERROR (bke.modifier): C:\Users\blender\git\blender-v360\blender.git\source\blender\blenkernel\intern\modifier.cc:460 BKE_modifier_set_error: Object: "Front left drilled rotor perforation.016", Modifier: "Weighted corner normals", Enable 'Auto Smooth' in Object Data Properties
ERROR (bke.modifier): C:\Users\blender\git\blender-v360\blender.git\source\blender\blenkernel\intern\modifier.cc:460 BKE_modifier_set_error: Object: "Front left drilled rotor perforation.017", Modifier: "Weighted corner normals", Enable 'Auto Smooth' in Object Data Properties
ERROR (bke.modifier): C:\Users\blender\git\blender-v360\blender.git\source\blender\blenkernel\intern\modifier.cc:460 BKE_modifier_set_error: Object: "Front right drilled rotor perforation.014", Modifier: "Weighted corner normals", Enable 'Auto Smooth' in Object Data Properties
ERROR (bke.modifier): C:\Users\blender\git\blender-v360\blender.git\source\blender\blenkernel\intern\modifier.cc:460 BKE_modifier_set_error: Object: "Front left drilled rotor perforation.018", Modifier: "Weighted corner normals", Enable 'Auto Smooth' in Object Data Properties
ERROR (bke.modifier): C:\Users\blender\git\blender-v360\blender.git\source\blender\blenkernel\intern\modifier.cc:460 BKE_modifier_set_error: Object: "Front left drilled rotor perforation.019", Modifier: "Weighted corner normals", Enable 'Auto Smooth' in Object Data Properties
ERROR (bke.modifier): C:\Users\blender\git\blender-v360\blender.git\source\blender\blenkernel\intern\modifier.cc:460 BKE_modifier_set_error: Object: "Front right drilled rotor perforation.013", Modifier: "Weighted corner normals", Enable 'Auto Smooth' in Object Data Properties
ERROR (bke.modifier): C:\Users\blender\git\blender-v360\blender.git\source\blender\blenkernel\intern\modifier.cc:460 BKE_modifier_set_error: Object: "Front left drilled rotor perforation.020", Modifier: "Weighted corner normals", Enable 'Auto Smooth' in Object Data Properties
ERROR (bke.modifier): C:\Users\blender\git\blender-v360\blender.git\source\blender\blenkernel\intern\modifier.cc:460 BKE_modifier_set_error: Object: "Front left drilled rotor perforation.021", Modifier: "Weighted corner normals", Enable 'Auto Smooth' in Object Data Properties
ERROR (bke.modifier): C:\Users\blender\git\blender-v360\blender.git\source\blender\blenkernel\intern\modifier.cc:460 BKE_modifier_set_error: Object: "Front right drilled rotor perforation.012", Modifier: "Weighted corner normals", Enable 'Auto Smooth' in Object Data Properties
ERROR (bke.modifier): C:\Users\blender\git\blender-v360\blender.git\source\blender\blenkernel\intern\modifier.cc:460 BKE_modifier_set_error: Object: "Front left drilled rotor perforation.022", Modifier: "Weighted corner normals", Enable 'Auto Smooth' in Object Data Properties
ERROR (bke.modifier): C:\Users\blender\git\blender-v360\blender.git\source\blender\blenkernel\intern\modifier.cc:460 BKE_modifier_set_error: Object: "Front left drilled rotor perforation.023", Modifier: "Weighted corner normals", Enable 'Auto Smooth' in Object Data Properties
ERROR (bke.modifier): C:\Users\blender\git\blender-v360\blender.git\source\blender\blenkernel\intern\modifier.cc:460 BKE_modifier_set_error: Object: "Front right drilled rotor perforation.011", Modifier: "Weighted corner normals", Enable 'Auto Smooth' in Object Data Properties
ERROR (bke.modifier): C:\Users\blender\git\blender-v360\blender.git\source\blender\blenkernel\intern\modifier.cc:460 BKE_modifier_set_error: Object: "Front left drilled rotor perforation.024", Modifier: "Weighted corner normals", Enable 'Auto Smooth' in Object Data Properties
ERROR (bke.modifier): C:\Users\blender\git\blender-v360\blender.git\source\blender\blenkernel\intern\modifier.cc:460 BKE_modifier_set_error: Object: "Front left drilled rotor perforation.025", Modifier: "Weighted corner normals", Enable 'Auto Smooth' in Object Data Properties
ERROR (bke.modifier): C:\Users\blender\git\blender-v360\blender.git\source\blender\blenkernel\intern\modifier.cc:460 BKE_modifier_set_error: Object: "Front right drilled rotor perforation.010", Modifier: "Weighted corner normals", Enable 'Auto Smooth' in Object Data Properties
ERROR (bke.modifier): C:\Users\blender\git\blender-v360\blender.git\source\blender\blenkernel\intern\modifier.cc:460 BKE_modifier_set_error: Object: "Front left drilled rotor perforation.026", Modifier: "Weighted corner normals", Enable 'Auto Smooth' in Object Data Properties
ERROR (bke.modifier): C:\Users\blender\git\blender-v360\blender.git\source\blender\blenkernel\intern\modifier.cc:460 BKE_modifier_set_error: Object: "Front left drilled rotor perforation.027", Modifier: "Weighted corner normals", Enable 'Auto Smooth' in Object Data Properties
ERROR (bke.modifier): C:\Users\blender\git\blender-v360\blender.git\source\blender\blenkernel\intern\modifier.cc:460 BKE_modifier_set_error: Object: "Front right drilled rotor perforation.009", Modifier: "Weighted corner normals", Enable 'Auto Smooth' in Object Data Properties
ERROR (bke.modifier): C:\Users\blender\git\blender-v360\blender.git\source\blender\blenkernel\intern\modifier.cc:460 BKE_modifier_set_error: Object: "Front left drilled rotor perforation.028", Modifier: "Weighted corner normals", Enable 'Auto Smooth' in Object Data Properties
ERROR (bke.modifier): C:\Users\blender\git\blender-v360\blender.git\source\blender\blenkernel\intern\modifier.cc:460 BKE_modifier_set_error: Object: "Front left drilled rotor perforation.029", Modifier: "Weighted corner normals", Enable 'Auto Smooth' in Object Data Properties
ERROR (bke.modifier): C:\Users\blender\git\blender-v360\blender.git\source\blender\blenkernel\intern\modifier.cc:460 BKE_modifier_set_error: Object: "Front right drilled rotor perforation.008", Modifier: "Weighted corner normals", Enable 'Auto Smooth' in Object Data Properties
ERROR (bke.modifier): C:\Users\blender\git\blender-v360\blender.git\source\blender\blenkernel\intern\modifier.cc:460 BKE_modifier_set_error: Object: "Front left drilled rotor perforation.030", Modifier: "Weighted corner normals", Enable 'Auto Smooth' in Object Data Properties
ERROR (bke.modifier): C:\Users\blender\git\blender-v360\blender.git\source\blender\blenkernel\intern\modifier.cc:460 BKE_modifier_set_error: Object: "Front left drilled rotor perforation.031", Modifier: "Weighted corner normals", Enable 'Auto Smooth' in Object Data Properties
ERROR (bke.modifier): C:\Users\blender\git\blender-v360\blender.git\source\blender\blenkernel\intern\modifier.cc:460 BKE_modifier_set_error: Object: "Front right drilled rotor perforation.007", Modifier: "Weighted corner normals", Enable 'Auto Smooth' in Object Data Properties
ERROR (bke.modifier): C:\Users\blender\git\blender-v360\blender.git\source\blender\blenkernel\intern\modifier.cc:460 BKE_modifier_set_error: Object: "Front left drilled rotor perforation.033", Modifier: "Weighted corner normals", Enable 'Auto Smooth' in Object Data Properties
ERROR (bke.modifier): C:\Users\blender\git\blender-v360\blender.git\source\blender\blenkernel\intern\modifier.cc:460 BKE_modifier_set_error: Object: "Front left drilled rotor perforation.034", Modifier: "Weighted corner normals", Enable 'Auto Smooth' in Object Data Properties
ERROR (bke.modifier): C:\Users\blender\git\blender-v360\blender.git\source\blender\blenkernel\intern\modifier.cc:460 BKE_modifier_set_error: Object: "Front left drilled rotor perforation.035", Modifier: "Weighted corner normals", Enable 'Auto Smooth' in Object Data Properties
ERROR (bke.modifier): C:\Users\blender\git\blender-v360\blender.git\source\blender\blenkernel\intern\modifier.cc:460 BKE_modifier_set_error: Object: "Front left drilled rotor perforation.036", Modifier: "Weighted corner normals", Enable 'Auto Smooth' in Object Data Properties
ERROR (bke.modifier): C:\Users\blender\git\blender-v360\blender.git\source\blender\blenkernel\intern\modifier.cc:460 BKE_modifier_set_error: Object: "Front left drilled rotor perforation.037", Modifier: "Weighted corner normals", Enable 'Auto Smooth' in Object Data Properties
ERROR (bke.modifier): C:\Users\blender\git\blender-v360\blender.git\source\blender\blenkernel\intern\modifier.cc:460 BKE_modifier_set_error: Object: "Front right drilled rotor perforation.006", Modifier: "Weighted corner normals", Enable 'Auto Smooth' in Object Data Properties
ERROR (bke.modifier): C:\Users\blender\git\blender-v360\blender.git\source\blender\blenkernel\intern\modifier.cc:460 BKE_modifier_set_error: Object: "Front left drilled rotor perforation.032", Modifier: "Weighted corner normals", Enable 'Auto Smooth' in Object Data Properties
ERROR (bke.modifier): C:\Users\blender\git\blender-v360\blender.git\source\blender\blenkernel\intern\modifier.cc:460 BKE_modifier_set_error: Object: "Front right drilled rotor perforation.005", Modifier: "Weighted corner normals", Enable 'Auto Smooth' in Object Data Properties
ERROR (bke.modifier): C:\Users\blender\git\blender-v360\blender.git\source\blender\blenkernel\intern\modifier.cc:460 BKE_modifier_set_error: Object: "Front left drilled rotor perforation.038", Modifier: "Weighted corner normals", Enable 'Auto Smooth' in Object Data Properties
ERROR (bke.modifier): C:\Users\blender\git\blender-v360\blender.git\source\blender\blenkernel\intern\modifier.cc:460 BKE_modifier_set_error: Object: "Front right drilled rotor perforation.004", Modifier: "Weighted corner normals", Enable 'Auto Smooth' in Object Data Properties
ERROR (bke.modifier): C:\Users\blender\git\blender-v360\blender.git\source\blender\blenkernel\intern\modifier.cc:460 BKE_modifier_set_error: Object: "Front left drilled rotor perforation.039", Modifier: "Weighted corner normals", Enable 'Auto Smooth' in Object Data Properties
ERROR (bke.modifier): C:\Users\blender\git\blender-v360\blender.git\source\blender\blenkernel\intern\modifier.cc:460 BKE_modifier_set_error: Object: "Front right drilled rotor perforation.003", Modifier: "Weighted corner normals", Enable 'Auto Smooth' in Object Data Properties
ERROR (bke.modifier): C:\Users\blender\git\blender-v360\blender.git\source\blender\blenkernel\intern\modifier.cc:460 BKE_modifier_set_error: Object: "Front left drilled rotor perforation.040", Modifier: "Weighted corner normals", Enable 'Auto Smooth' in Object Data Properties
ERROR (bke.modifier): C:\Users\blender\git\blender-v360\blender.git\source\blender\blenkernel\intern\modifier.cc:460 BKE_modifier_set_error: Object: "Front right drilled rotor perforation.002", Modifier: "Weighted corner normals", Enable 'Auto Smooth' in Object Data Properties
ERROR (bke.modifier): C:\Users\blender\git\blender-v360\blender.git\source\blender\blenkernel\intern\modifier.cc:460 BKE_modifier_set_error: Object: "Front right drilled rotor perforation.001", Modifier: "Weighted corner normals", Enable 'Auto Smooth' in Object Data Properties
ERROR (bke.modifier): C:\Users\blender\git\blender-v360\blender.git\source\blender\blenkernel\intern\modifier.cc:460 BKE_modifier_set_error: Object: "Front right drilled rotor perforation", Modifier: "Weighted corner normals", Enable 'Auto Smooth' in Object Data Properties
ERROR (bke.modifier): C:\Users\blender\git\blender-v360\blender.git\source\blender\blenkernel\intern\modifier.cc:460 BKE_modifier_set_error: Object: "Front left drilled rotor perforation.015", Modifier: "Weighted corner normals", Enable 'Auto Smooth' in Object Data Properties
ERROR (bke.modifier): C:\Users\blender\git\blender-v360\blender.git\source\blender\blenkernel\intern\modifier.cc:460 BKE_modifier_set_error: Object: "Front left drilled rotor perforation.041", Modifier: "Weighted corner normals", Enable 'Auto Smooth' in Object Data Properties
ERROR (bke.modifier): C:\Users\blender\git\blender-v360\blender.git\source\blender\blenkernel\intern\modifier.cc:460 BKE_modifier_set_error: Object: "Front left drilled rotor perforation.042", Modifier: "Weighted corner normals", Enable 'Auto Smooth' in Object Data Properties
ERROR (bke.modifier): C:\Users\blender\git\blender-v360\blender.git\source\blender\blenkernel\intern\modifier.cc:460 BKE_modifier_set_error: Object: "Front left drilled rotor perforation.043", Modifier: "Weighted corner normals", Enable 'Auto Smooth' in Object Data Properties
ERROR (bke.modifier): C:\Users\blender\git\blender-v360\blender.git\source\blender\blenkernel\intern\modifier.cc:460 BKE_modifier_set_error: Object: "Front left drilled rotor perforation.044", Modifier: "Weighted corner normals", Enable 'Auto Smooth' in Object Data Properties
ERROR (bke.modifier): C:\Users\blender\git\blender-v360\blender.git\source\blender\blenkernel\intern\modifier.cc:460 BKE_modifier_set_error: Object: "Front left drilled rotor perforation.045", Modifier: "Weighted corner normals", Enable 'Auto Smooth' in Object Data Properties
ERROR (bke.modifier): C:\Users\blender\git\blender-v360\blender.git\source\blender\blenkernel\intern\modifier.cc:460 BKE_modifier_set_error: Object: "Front left drilled rotor perforation.046", Modifier: "Weighted corner normals", Enable 'Auto Smooth' in Object Data Properties
ERROR (bke.modifier): C:\Users\blender\git\blender-v360\blender.git\source\blender\blenkernel\intern\modifier.cc:460 BKE_modifier_set_error: Object: "Front left drilled rotor perforation.047", Modifier: "Weighted corner normals", Enable 'Auto Smooth' in Object Data Properties
ERROR (bke.modifier): C:\Users\blender\git\blender-v360\blender.git\source\blender\blenkernel\intern\modifier.cc:460 BKE_modifier_set_error: Object: "Front left drilled rotor perforation.048", Modifier: "Weighted corner normals", Enable 'Auto Smooth' in Object Data Properties
ERROR (bke.modifier): C:\Users\blender\git\blender-v360\blender.git\source\blender\blenkernel\intern\modifier.cc:460 BKE_modifier_set_error: Object: "Front left drilled rotor perforation.049", Modifier: "Weighted corner normals", Enable 'Auto Smooth' in Object Data Properties
ERROR (bke.modifier): C:\Users\blender\git\blender-v360\blender.git\source\blender\blenkernel\intern\modifier.cc:460 BKE_modifier_set_error: Object: "Front left drilled rotor perforation.051", Modifier: "Weighted corner normals", Enable 'Auto Smooth' in Object Data Properties
ERROR (bke.modifier): C:\Users\blender\git\blender-v360\blender.git\source\blender\blenkernel\intern\modifier.cc:460 BKE_modifier_set_error: Object: "Front left drilled rotor perforation.050", Modifier: "Weighted corner normals", Enable 'Auto Smooth' in Object Data Properties
ERROR (bke.modifier): C:\Users\blender\git\blender-v360\blender.git\source\blender\blenkernel\intern\modifier.cc:460 BKE_modifier_set_error: Object: "Front left drilled rotor perforation.052", Modifier: "Weighted corner normals", Enable 'Auto Smooth' in Object Data Properties
ERROR (bke.modifier): C:\Users\blender\git\blender-v360\blender.git\source\blender\blenkernel\intern\modifier.cc:460 BKE_modifier_set_error: Object: "Front left drilled rotor perforation.053", Modifier: "Weighted corner normals", Enable 'Auto Smooth' in Object Data Properties
ERROR (bke.modifier): C:\Users\blender\git\blender-v360\blender.git\source\blender\blenkernel\intern\modifier.cc:460 BKE_modifier_set_error: Object: "Front left drilled rotor perforation.054", Modifier: "Weighted corner normals", Enable 'Auto Smooth' in Object Data Properties
ERROR (bke.modifier): C:\Users\blender\git\blender-v360\blender.git\source\blender\blenkernel\intern\modifier.cc:460 BKE_modifier_set_error: Object: "Front left drilled rotor perforation.055", Modifier: "Weighted corner normals", Enable 'Auto Smooth' in Object Data Properties
ERROR (bke.modifier): C:\Users\blender\git\blender-v360\blender.git\source\blender\blenkernel\intern\modifier.cc:460 BKE_modifier_set_error: Object: "Front left drilled rotor perforation.058", Modifier: "Weighted corner normals", Enable 'Auto Smooth' in Object Data Properties
ERROR (bke.modifier): C:\Users\blender\git\blender-v360\blender.git\source\blender\blenkernel\intern\modifier.cc:460 BKE_modifier_set_error: Object: "Front left drilled rotor perforation.057", Modifier: "Weighted corner normals", Enable 'Auto Smooth' in Object Data Properties
ERROR (bke.modifier): C:\Users\blender\git\blender-v360\blender.git\source\blender\blenkernel\intern\modifier.cc:460 BKE_modifier_set_error: Object: "Front left drilled rotor perforation.059", Modifier: "Weighted corner normals", Enable 'Auto Smooth' in Object Data Properties
ERROR (bke.modifier): C:\Users\blender\git\blender-v360\blender.git\source\blender\blenkernel\intern\modifier.cc:460 BKE_modifier_set_error: Object: "Front left drilled rotor perforation.060", Modifier: "Weighted corner normals", Enable 'Auto Smooth' in Object Data Properties
ERROR (bke.modifier): C:\Users\blender\git\blender-v360\blender.git\source\blender\blenkernel\intern\modifier.cc:460 BKE_modifier_set_error: Object: "Front left drilled rotor perforation.056", Modifier: "Weighted corner normals", Enable 'Auto Smooth' in Object Data Properties
ERROR (bke.modifier): C:\Users\blender\git\blender-v360\blender.git\source\blender\blenkernel\intern\modifier.cc:460 BKE_modifier_set_error: Object: "Front left drilled rotor perforation.061", Modifier: "Weighted corner normals", Enable 'Auto Smooth' in Object Data Properties
ERROR (bke.modifier): C:\Users\blender\git\blender-v360\blender.git\source\blender\blenkernel\intern\modifier.cc:460 BKE_modifier_set_error: Object: "Front left drilled rotor perforation.062", Modifier: "Weighted corner normals", Enable 'Auto Smooth' in Object Data Properties
ERROR (bke.modifier): C:\Users\blender\git\blender-v360\blender.git\source\blender\blenkernel\intern\modifier.cc:460 BKE_modifier_set_error: Object: "Front left drilled rotor perforation.063", Modifier: "Weighted corner normals", Enable 'Auto Smooth' in Object Data Properties
ERROR (bke.modifier): C:\Users\blender\git\blender-v360\blender.git\source\blender\blenkernel\intern\modifier.cc:460 BKE_modifier_set_error: Object: "Front left drilled rotor perforation.065", Modifier: "Weighted corner normals", Enable 'Auto Smooth' in Object Data Properties
ERROR (bke.modifier): C:\Users\blender\git\blender-v360\blender.git\source\blender\blenkernel\intern\modifier.cc:460 BKE_modifier_set_error: Object: "Front left drilled rotor perforation.064", Modifier: "Weighted corner normals", Enable 'Auto Smooth' in Object Data Properties
ERROR (bke.modifier): C:\Users\blender\git\blender-v360\blender.git\source\blender\blenkernel\intern\modifier.cc:460 BKE_modifier_set_error: Object: "Front left drilled rotor perforation.066", Modifier: "Weighted corner normals", Enable 'Auto Smooth' in Object Data Properties
ERROR (bke.modifier): C:\Users\blender\git\blender-v360\blender.git\source\blender\blenkernel\intern\modifier.cc:460 BKE_modifier_set_error: Object: "Front left drilled rotor perforation.067", Modifier: "Weighted corner normals", Enable 'Auto Smooth' in Object Data Properties
ERROR (bke.modifier): C:\Users\blender\git\blender-v360\blender.git\source\blender\blenkernel\intern\modifier.cc:460 BKE_modifier_set_error: Object: "Front left drilled rotor perforation.068", Modifier: "Weighted corner normals", Enable 'Auto Smooth' in Object Data Properties
ERROR (bke.modifier): C:\Users\blender\git\blender-v360\blender.git\source\blender\blenkernel\intern\modifier.cc:460 BKE_modifier_set_error: Object: "Front left drilled rotor perforation.070", Modifier: "Weighted corner normals", Enable 'Auto Smooth' in Object Data Properties
ERROR (bke.modifier): C:\Users\blender\git\blender-v360\blender.git\source\blender\blenkernel\intern\modifier.cc:460 BKE_modifier_set_error: Object: "Front left drilled rotor perforation.069", Modifier: "Weighted corner normals", Enable 'Auto Smooth' in Object Data Properties
ERROR (bke.modifier): C:\Users\blender\git\blender-v360\blender.git\source\blender\blenkernel\intern\modifier.cc:460 BKE_modifier_set_error: Object: "Front left yellow six-piston caliper", Modifier: "Weighted corner normals", Enable 'Auto Smooth' in Object Data Properties
ERROR (bke.modifier): C:\Users\blender\git\blender-v360\blender.git\source\blender\blenkernel\intern\modifier.cc:460 BKE_modifier_set_error: Object: "Front left drilled rotor perforation.071", Modifier: "Weighted corner normals", Enable 'Auto Smooth' in Object Data Properties
ERROR (bke.modifier): C:\Users\blender\git\blender-v360\blender.git\source\blender\blenkernel\intern\modifier.cc:460 BKE_modifier_set_error: Object: "Front right brake rotor", Modifier: "Weighted corner normals", Enable 'Auto Smooth' in Object Data Properties
ERROR (bke.modifier): C:\Users\blender\git\blender-v360\blender.git\source\blender\blenkernel\intern\modifier.cc:460 BKE_modifier_set_error: Object: "Front left brake disc bell", Modifier: "Weighted corner normals", Enable 'Auto Smooth' in Object Data Properties
ERROR (bke.modifier): C:\Users\blender\git\blender-v360\blender.git\source\blender\blenkernel\intern\modifier.cc:460 BKE_modifier_set_error: Object: "Front left machined split spoke", Modifier: "Weighted corner normals", Enable 'Auto Smooth' in Object Data Properties
ERROR (bke.modifier): C:\Users\blender\git\blender-v360\blender.git\source\blender\blenkernel\intern\modifier.cc:460 BKE_modifier_set_error: Object: "Front left black spoke pocket", Modifier: "Weighted corner normals", Enable 'Auto Smooth' in Object Data Properties
ERROR (bke.modifier): C:\Users\blender\git\blender-v360\blender.git\source\blender\blenkernel\intern\modifier.cc:460 BKE_modifier_set_error: Object: "Front left machined split spoke.001", Modifier: "Weighted corner normals", Enable 'Auto Smooth' in Object Data Properties
ERROR (bke.modifier): C:\Users\blender\git\blender-v360\blender.git\source\blender\blenkernel\intern\modifier.cc:460 BKE_modifier_set_error: Object: "Front left black spoke pocket.001", Modifier: "Weighted corner normals", Enable 'Auto Smooth' in Object Data Properties
ERROR (bke.modifier): C:\Users\blender\git\blender-v360\blender.git\source\blender\blenkernel\intern\modifier.cc:460 BKE_modifier_set_error: Object: "Front left black spoke pocket.002", Modifier: "Weighted corner normals", Enable 'Auto Smooth' in Object Data Properties
ERROR (bke.modifier): C:\Users\blender\git\blender-v360\blender.git\source\blender\blenkernel\intern\modifier.cc:460 BKE_modifier_set_error: Object: "Front left machined split spoke.003", Modifier: "Weighted corner normals", Enable 'Auto Smooth' in Object Data Properties
ERROR (bke.modifier): C:\Users\blender\git\blender-v360\blender.git\source\blender\blenkernel\intern\modifier.cc:460 BKE_modifier_set_error: Object: "Front left black spoke pocket.003", Modifier: "Weighted corner normals", Enable 'Auto Smooth' in Object Data Properties
ERROR (bke.modifier): C:\Users\blender\git\blender-v360\blender.git\source\blender\blenkernel\intern\modifier.cc:460 BKE_modifier_set_error: Object: "Front left machined split spoke.002", Modifier: "Weighted corner normals", Enable 'Auto Smooth' in Object Data Properties
ERROR (bke.modifier): C:\Users\blender\git\blender-v360\blender.git\source\blender\blenkernel\intern\modifier.cc:460 BKE_modifier_set_error: Object: "Front left machined split spoke.004", Modifier: "Weighted corner normals", Enable 'Auto Smooth' in Object Data Properties
ERROR (bke.modifier): C:\Users\blender\git\blender-v360\blender.git\source\blender\blenkernel\intern\modifier.cc:460 BKE_modifier_set_error: Object: "Front left black spoke pocket.004", Modifier: "Weighted corner normals", Enable 'Auto Smooth' in Object Data Properties
ERROR (bke.modifier): C:\Users\blender\git\blender-v360\blender.git\source\blender\blenkernel\intern\modifier.cc:460 BKE_modifier_set_error: Object: "Front left machined split spoke.005", Modifier: "Weighted corner normals", Enable 'Auto Smooth' in Object Data Properties
ERROR (bke.modifier): C:\Users\blender\git\blender-v360\blender.git\source\blender\blenkernel\intern\modifier.cc:460 BKE_modifier_set_error: Object: "Front left black spoke pocket.005", Modifier: "Weighted corner normals", Enable 'Auto Smooth' in Object Data Properties
ERROR (bke.modifier): C:\Users\blender\git\blender-v360\blender.git\source\blender\blenkernel\intern\modifier.cc:460 BKE_modifier_set_error: Object: "Front left machined split spoke.006", Modifier: "Weighted corner normals", Enable 'Auto Smooth' in Object Data Properties
ERROR (bke.modifier): C:\Users\blender\git\blender-v360\blender.git\source\blender\blenkernel\intern\modifier.cc:460 BKE_modifier_set_error: Object: "Front left machined split spoke.007", Modifier: "Weighted corner normals", Enable 'Auto Smooth' in Object Data Properties
ERROR (bke.modifier): C:\Users\blender\git\blender-v360\blender.git\source\blender\blenkernel\intern\modifier.cc:460 BKE_modifier_set_error: Object: "Front left black spoke pocket.006", Modifier: "Weighted corner normals", Enable 'Auto Smooth' in Object Data Properties
ERROR (bke.modifier): C:\Users\blender\git\blender-v360\blender.git\source\blender\blenkernel\intern\modifier.cc:460 BKE_modifier_set_error: Object: "Front left black spoke pocket.007", Modifier: "Weighted corner normals", Enable 'Auto Smooth' in Object Data Properties
ERROR (bke.modifier): C:\Users\blender\git\blender-v360\blender.git\source\blender\blenkernel\intern\modifier.cc:460 BKE_modifier_set_error: Object: "Front left machined split spoke.008", Modifier: "Weighted corner normals", Enable 'Auto Smooth' in Object Data Properties
ERROR (bke.modifier): C:\Users\blender\git\blender-v360\blender.git\source\blender\blenkernel\intern\modifier.cc:460 BKE_modifier_set_error: Object: "Front left black spoke pocket.008", Modifier: "Weighted corner normals", Enable 'Auto Smooth' in Object Data Properties
ERROR (bke.modifier): C:\Users\blender\git\blender-v360\blender.git\source\blender\blenkernel\intern\modifier.cc:460 BKE_modifier_set_error: Object: "Front left machined split spoke.009", Modifier: "Weighted corner normals", Enable 'Auto Smooth' in Object Data Properties
ERROR (bke.modifier): C:\Users\blender\git\blender-v360\blender.git\source\blender\blenkernel\intern\modifier.cc:460 BKE_modifier_set_error: Object: "Front left black spoke pocket.009", Modifier: "Weighted corner normals", Enable 'Auto Smooth' in Object Data Properties
ERROR (bke.modifier): C:\Users\blender\git\blender-v360\blender.git\source\blender\blenkernel\intern\modifier.cc:460 BKE_modifier_set_error: Object: "Front left titanium lug nut", Modifier: "Weighted corner normals", Enable 'Auto Smooth' in Object Data Properties
ERROR (bke.modifier): C:\Users\blender\git\blender-v360\blender.git\source\blender\blenkernel\intern\modifier.cc:460 BKE_modifier_set_error: Object: "Front left center hub", Modifier: "Weighted corner normals", Enable 'Auto Smooth' in Object Data Properties
ERROR (bke.modifier): C:\Users\blender\git\blender-v360\blender.git\source\blender\blenkernel\intern\modifier.cc:460 BKE_modifier_set_error: Object: "Front left titanium lug nut.001", Modifier: "Weighted corner normals", Enable 'Auto Smooth' in Object Data Properties
ERROR (bke.modifier): C:\Users\blender\git\blender-v360\blender.git\source\blender\blenkernel\intern\modifier.cc:460 BKE_modifier_set_error: Object: "Front left titanium lug nut.002", Modifier: "Weighted corner normals", Enable 'Auto Smooth' in Object Data Properties
ERROR (bke.modifier): C:\Users\blender\git\blender-v360\blender.git\source\blender\blenkernel\intern\modifier.cc:460 BKE_modifier_set_error: Object: "Front left titanium lug nut.003", Modifier: "Weighted corner normals", Enable 'Auto Smooth' in Object Data Properties
ERROR (bke.modifier): C:\Users\blender\git\blender-v360\blender.git\source\blender\blenkernel\intern\modifier.cc:460 BKE_modifier_set_error: Object: "Front left titanium lug nut.004", Modifier: "Weighted corner normals", Enable 'Auto Smooth' in Object Data Properties
ERROR (bke.modifier): C:\Users\blender\git\blender-v360\blender.git\source\blender\blenkernel\intern\modifier.cc:460 BKE_modifier_set_error: Object: "Front left tire valve", Modifier: "Weighted corner normals", Enable 'Auto Smooth' in Object Data Properties
Fra:1 Mem:152.78M (Peak 152.78M) | Time:00:00.29 | Mem:0.00M, Peak:0.00M | Scene, ViewLayer | Synchronizing object | Continuous sculpted body | -1
Fra:1 Mem:152.78M (Peak 152.78M) | Time:00:00.29 | Mem:0.00M, Peak:0.00M | Scene, ViewLayer | Synchronizing object | Window perimeter | satin black surround
Fra:1 Mem:160.09M (Peak 160.09M) | Time:00:00.30 | Mem:0.00M, Peak:0.00M | Scene, ViewLayer | Synchronizing object | Rear sculpted bumper
Fra:1 Mem:160.63M (Peak 160.63M) | Time:00:00.30 | Mem:0.00M, Peak:0.00M | Scene, ViewLayer | Synchronizing object | B pillar black trim
Fra:1 Mem:160.78M (Peak 160.78M) | Time:00:00.30 | Mem:0.00M, Peak:0.00M | Scene, ViewLayer | Synchronizing object | B pillar black trim.001
Fra:1 Mem:161.11M (Peak 161.11M) | Time:00:00.30 | Mem:0.00M, Peak:0.00M | Scene, ViewLayer | Synchronizing object | B pillar black trim.002
Fra:1 Mem:161.30M (Peak 161.30M) | Time:00:00.30 | Mem:0.00M, Peak:0.00M | Scene, ViewLayer | Synchronizing object | Rear quarter glass division
Fra:1 Mem:161.33M (Peak 161.33M) | Time:00:00.30 | Mem:0.00M, Peak:0.00M | Scene, ViewLayer | Synchronizing object | Roof drip molding
Fra:1 Mem:161.44M (Peak 161.44M) | Time:00:00.30 | Mem:0.00M, Peak:0.00M | Scene, ViewLayer | Synchronizing object | Compound curved greenhouse | panoramic glazing
Fra:1 Mem:161.83M (Peak 161.83M) | Time:00:00.30 | Mem:0.00M, Peak:0.00M | Scene, ViewLayer | Synchronizing object | Window perimeter | satin black surround.001
Fra:1 Mem:163.01M (Peak 163.01M) | Time:00:00.30 | Mem:0.00M, Peak:0.00M | Scene, ViewLayer | Synchronizing object | B pillar black trim.003
Fra:1 Mem:163.32M (Peak 163.32M) | Time:00:00.30 | Mem:0.00M, Peak:0.00M | Scene, ViewLayer | Synchronizing object | B pillar black trim.004
Fra:1 Mem:163.62M (Peak 163.62M) | Time:00:00.30 | Mem:0.00M, Peak:0.00M | Scene, ViewLayer | Synchronizing object | B pillar black trim.005
Fra:1 Mem:164.20M (Peak 164.20M) | Time:00:00.30 | Mem:0.00M, Peak:0.00M | Scene, ViewLayer | Synchronizing object | Rear quarter glass division.001
Fra:1 Mem:164.37M (Peak 164.37M) | Time:00:00.30 | Mem:0.00M, Peak:0.00M | Scene, ViewLayer | Synchronizing object | Roof drip molding.001
Fra:1 Mem:164.48M (Peak 164.48M) | Time:00:00.30 | Mem:0.00M, Peak:0.00M | Scene, ViewLayer | Synchronizing object | Panoramic roof transverse joint
Fra:1 Mem:164.81M (Peak 164.81M) | Time:00:00.30 | Mem:0.00M, Peak:0.00M | Scene, ViewLayer | Synchronizing object | Panoramic roof transverse joint.001
Fra:1 Mem:164.61M (Peak 164.81M) | Time:00:00.31 | Mem:0.00M, Peak:0.00M | Scene, ViewLayer | Synchronizing object | Hood precision shut line
Fra:1 Mem:164.70M (Peak 164.81M) | Time:00:00.31 | Mem:0.00M, Peak:0.00M | Scene, ViewLayer | Synchronizing object | Front door leading gap
Fra:1 Mem:164.75M (Peak 164.81M) | Time:00:00.31 | Mem:0.00M, Peak:0.00M | Scene, ViewLayer | Synchronizing object | B pillar door gap
Fra:1 Mem:164.80M (Peak 164.81M) | Time:00:00.31 | Mem:0.00M, Peak:0.00M | Scene, ViewLayer | Synchronizing object | Rear door trailing gap
Fra:1 Mem:164.86M (Peak 164.86M) | Time:00:00.31 | Mem:0.00M, Peak:0.00M | Scene, ViewLayer | Synchronizing object | Rocker sill
Fra:1 Mem:164.92M (Peak 164.92M) | Time:00:00.31 | Mem:0.00M, Peak:0.00M | Scene, ViewLayer | Synchronizing object | Rocker silver edge
Fra:1 Mem:164.99M (Peak 164.99M) | Time:00:00.31 | Mem:0.00M, Peak:0.00M | Scene, ViewLayer | Synchronizing object | Flush door handle recess
Fra:1 Mem:164.99M (Peak 164.99M) | Time:00:00.31 | Mem:0.00M, Peak:0.00M | Scene, ViewLayer | Synchronizing object | Handle finger undercut
Fra:1 Mem:165.01M (Peak 165.01M) | Time:00:00.31 | Mem:0.00M, Peak:0.00M | Scene, ViewLayer | Synchronizing object | Handle finger undercut.001
Fra:1 Mem:165.02M (Peak 165.02M) | Time:00:00.31 | Mem:0.00M, Peak:0.00M | Scene, ViewLayer | Synchronizing object | Flush door handle recess.001
Fra:1 Mem:165.04M (Peak 165.04M) | Time:00:00.31 | Mem:0.00M, Peak:0.00M | Scene, ViewLayer | Synchronizing object | Flush door handle | Aqua Blue.001
Fra:1 Mem:165.05M (Peak 165.05M) | Time:00:00.31 | Mem:0.00M, Peak:0.00M | Scene, ViewLayer | Synchronizing object | Charging door
Fra:1 Mem:165.16M (Peak 165.16M) | Time:00:00.31 | Mem:0.00M, Peak:0.00M | Scene, ViewLayer | Synchronizing object | Fender blade polished edge
Fra:1 Mem:165.17M (Peak 165.17M) | Time:00:00.31 | Mem:0.00M, Peak:0.00M | Scene, ViewLayer | Synchronizing object | Mirror stalk
Fra:1 Mem:165.17M (Peak 165.17M) | Time:00:00.31 | Mem:0.00M, Peak:0.00M | Scene, ViewLayer | Synchronizing object | Mirror LED indicator
Fra:1 Mem:165.20M (Peak 165.20M) | Time:00:00.31 | Mem:0.00M, Peak:0.00M | Scene, ViewLayer | Synchronizing object | Rolled painted wheel arch lip
Fra:1 Mem:165.31M (Peak 165.31M) | Time:00:00.31 | Mem:0.00M, Peak:0.00M | Scene, ViewLayer | Synchronizing object | Wheelhouse dark reveal
Fra:1 Mem:165.42M (Peak 165.42M) | Time:00:00.31 | Mem:0.00M, Peak:0.00M | Scene, ViewLayer | Synchronizing object | Rolled painted wheel arch lip.001
Fra:1 Mem:165.44M (Peak 165.44M) | Time:00:00.31 | Mem:0.00M, Peak:0.00M | Scene, ViewLayer | Synchronizing object | Front fender black air blade
Fra:1 Mem:165.51M (Peak 165.51M) | Time:00:00.31 | Mem:0.00M, Peak:0.00M | Scene, ViewLayer | Synchronizing object | Side camera lens.001
Fra:1 Mem:165.58M (Peak 165.58M) | Time:00:00.31 | Mem:0.00M, Peak:0.00M | Scene, ViewLayer | Synchronizing object | Wheelhouse dark reveal.001
Fra:1 Mem:165.60M (Peak 165.60M) | Time:00:00.31 | Mem:0.00M, Peak:0.00M | Scene, ViewLayer | Synchronizing object | Mirror painted upper cap.001
Fra:1 Mem:165.70M (Peak 165.70M) | Time:00:00.31 | Mem:0.00M, Peak:0.00M | Scene, ViewLayer | Synchronizing object | Mirror reflective glass.001
Fra:1 Mem:165.80M (Peak 165.80M) | Time:00:00.31 | Mem:0.00M, Peak:0.00M | Scene, ViewLayer | Synchronizing object | Hood precision shut line.001
Fra:1 Mem:166.03M (Peak 166.03M) | Time:00:00.31 | Mem:0.00M, Peak:0.00M | Scene, ViewLayer | Synchronizing object | Wheelhouse liner
Fra:1 Mem:166.06M (Peak 166.06M) | Time:00:00.31 | Mem:0.00M, Peak:0.00M | Scene, ViewLayer | Synchronizing object | Wheelhouse liner.001
Fra:1 Mem:166.08M (Peak 166.08M) | Time:00:00.31 | Mem:0.00M, Peak:0.00M | Scene, ViewLayer | Synchronizing object | Front door leading gap.001
Fra:1 Mem:166.14M (Peak 166.14M) | Time:00:00.31 | Mem:0.00M, Peak:0.00M | Scene, ViewLayer | Synchronizing object | B pillar door gap.001
Fra:1 Mem:166.20M (Peak 166.20M) | Time:00:00.31 | Mem:0.00M, Peak:0.00M | Scene, ViewLayer | Synchronizing object | Rear door trailing gap.001
Fra:1 Mem:166.25M (Peak 166.25M) | Time:00:00.31 | Mem:0.00M, Peak:0.00M | Scene, ViewLayer | Synchronizing object | Rocker sill.001
Fra:1 Mem:166.32M (Peak 166.32M) | Time:00:00.31 | Mem:0.00M, Peak:0.00M | Scene, ViewLayer | Synchronizing object | Rocker silver edge.001
Fra:1 Mem:166.38M (Peak 166.38M) | Time:00:00.31 | Mem:0.00M, Peak:0.00M | Scene, ViewLayer | Synchronizing object | Flush door handle recess.002
Fra:1 Mem:166.38M (Peak 166.38M) | Time:00:00.31 | Mem:0.00M, Peak:0.00M | Scene, ViewLayer | Synchronizing object | Handle finger undercut.002
Fra:1 Mem:166.40M (Peak 166.40M) | Time:00:00.31 | Mem:0.00M, Peak:0.00M | Scene, ViewLayer | Synchronizing object | Flush door handle recess.003
Fra:1 Mem:166.41M (Peak 166.41M) | Time:00:00.31 | Mem:0.00M, Peak:0.00M | Scene, ViewLayer | Synchronizing object | Handle finger undercut.003
Fra:1 Mem:166.45M (Peak 166.45M) | Time:00:00.31 | Mem:0.00M, Peak:0.00M | Scene, ViewLayer | Synchronizing object | Front fender black air blade.001
Fra:1 Mem:166.45M (Peak 166.45M) | Time:00:00.31 | Mem:0.00M, Peak:0.00M | Scene, ViewLayer | Synchronizing object | Fender blade polished edge.001
Fra:1 Mem:166.46M (Peak 166.46M) | Time:00:00.31 | Mem:0.00M, Peak:0.00M | Scene, ViewLayer | Synchronizing object | Side camera lens
Fra:1 Mem:166.46M (Peak 166.46M) | Time:00:00.31 | Mem:0.00M, Peak:0.00M | Scene, ViewLayer | Synchronizing object | Mirror stalk.001
Fra:1 Mem:166.54M (Peak 166.54M) | Time:00:00.31 | Mem:0.00M, Peak:0.00M | Scene, ViewLayer | Synchronizing object | Mirror black lower housing
Fra:1 Mem:166.54M (Peak 166.54M) | Time:00:00.31 | Mem:0.00M, Peak:0.00M | Scene, ViewLayer | Synchronizing object | Mirror painted upper cap
Fra:1 Mem:166.57M (Peak 166.57M) | Time:00:00.31 | Mem:0.00M, Peak:0.00M | Scene, ViewLayer | Synchronizing object | Mirror LED indicator.001
Fra:1 Mem:166.77M (Peak 166.77M) | Time:00:00.31 | Mem:0.00M, Peak:0.00M | Scene, ViewLayer | Synchronizing object | Rolled painted wheel arch lip.002
Fra:1 Mem:166.94M (Peak 166.94M) | Time:00:00.31 | Mem:0.00M, Peak:0.00M | Scene, ViewLayer | Synchronizing object | Wheelhouse dark reveal.002
Fra:1 Mem:167.05M (Peak 167.05M) | Time:00:00.31 | Mem:0.00M, Peak:0.00M | Scene, ViewLayer | Synchronizing object | Wheelhouse liner.002
Fra:1 Mem:167.06M (Peak 167.06M) | Time:00:00.31 | Mem:0.00M, Peak:0.00M | Scene, ViewLayer | Synchronizing object | Rolled painted wheel arch lip.003
Fra:1 Mem:167.17M (Peak 167.17M) | Time:00:00.31 | Mem:0.00M, Peak:0.00M | Scene, ViewLayer | Synchronizing object | Wheelhouse dark reveal.003
Fra:1 Mem:167.27M (Peak 167.27M) | Time:00:00.31 | Mem:0.00M, Peak:0.00M | Scene, ViewLayer | Synchronizing object | Wheelhouse liner.003
Fra:1 Mem:167.29M (Peak 167.29M) | Time:00:00.31 | Mem:0.00M, Peak:0.00M | Scene, ViewLayer | Synchronizing object | Headlight rubber gasket
Fra:1 Mem:167.36M (Peak 167.36M) | Time:00:00.31 | Mem:0.00M, Peak:0.00M | Scene, ViewLayer | Synchronizing object | Headlight thin polished housing
Fra:1 Mem:167.39M (Peak 167.39M) | Time:00:00.31 | Mem:0.00M, Peak:0.00M | Scene, ViewLayer | Synchronizing object | Signature diagonal DRL
Fra:1 Mem:167.44M (Peak 167.44M) | Time:00:00.31 | Mem:0.00M, Peak:0.00M | Scene, ViewLayer | Synchronizing object | Lower optical return guide
Fra:1 Mem:167.50M (Peak 167.50M) | Time:00:00.31 | Mem:0.00M, Peak:0.00M | Scene, ViewLayer | Synchronizing object | Individual LED projector.001
Fra:1 Mem:167.58M (Peak 167.58M) | Time:00:00.31 | Mem:0.00M, Peak:0.00M | Scene, ViewLayer | Synchronizing object | Corner intake rim
Fra:1 Mem:167.58M (Peak 167.58M) | Time:00:00.31 | Mem:0.00M, Peak:0.00M | Scene, ViewLayer | Synchronizing object | Projector optic.002
Fra:1 Mem:167.67M (Peak 167.67M) | Time:00:00.31 | Mem:0.00M, Peak:0.00M | Scene, ViewLayer | Synchronizing object | Air curtain inner fin
Fra:1 Mem:167.75M (Peak 167.75M) | Time:00:00.31 | Mem:0.00M, Peak:0.00M | Scene, ViewLayer | Synchronizing object | Headlight rubber gasket.001
Fra:1 Mem:167.81M (Peak 167.81M) | Time:00:00.32 | Mem:0.00M, Peak:0.00M | Scene, ViewLayer | Synchronizing object | Individual LED projector.003
Fra:1 Mem:167.83M (Peak 167.83M) | Time:00:00.32 | Mem:0.00M, Peak:0.00M | Scene, ViewLayer | Synchronizing object | Headlight thin polished housing.001
Fra:1 Mem:167.92M (Peak 167.92M) | Time:00:00.32 | Mem:0.00M, Peak:0.00M | Scene, ViewLayer | Synchronizing object | Projector optic.003
Fra:1 Mem:167.94M (Peak 167.94M) | Time:00:00.32 | Mem:0.00M, Peak:0.00M | Scene, ViewLayer | Synchronizing object | Individual LED projector.004
Fra:1 Mem:168.02M (Peak 168.02M) | Time:00:00.32 | Mem:0.00M, Peak:0.00M | Scene, ViewLayer | Synchronizing object | Signature diagonal DRL.001
Fra:1 Mem:168.18M (Peak 168.18M) | Time:00:00.32 | Mem:0.00M, Peak:0.00M | Scene, ViewLayer | Synchronizing object | Projector optic.004
Fra:1 Mem:168.20M (Peak 168.20M) | Time:00:00.32 | Mem:0.00M, Peak:0.00M | Scene, ViewLayer | Synchronizing object | Vertical corner air curtain
Fra:1 Mem:168.27M (Peak 168.27M) | Time:00:00.32 | Mem:0.00M, Peak:0.00M | Scene, ViewLayer | Synchronizing object | Waterdrop headlight | smoked lens.001
Fra:1 Mem:168.38M (Peak 168.38M) | Time:00:00.32 | Mem:0.00M, Peak:0.00M | Scene, ViewLayer | Synchronizing object | Lower optical return guide.001
Fra:1 Mem:168.43M (Peak 168.43M) | Time:00:00.32 | Mem:0.00M, Peak:0.00M | Scene, ViewLayer | Synchronizing object | Individual LED projector.005
Fra:1 Mem:168.43M (Peak 168.43M) | Time:00:00.32 | Mem:0.00M, Peak:0.00M | Scene, ViewLayer | Synchronizing object | Corner intake rim.001
Fra:1 Mem:168.54M (Peak 168.54M) | Time:00:00.32 | Mem:0.00M, Peak:0.00M | Scene, ViewLayer | Synchronizing object | Projector optic.005
Fra:1 Mem:168.56M (Peak 168.56M) | Time:00:00.32 | Mem:0.00M, Peak:0.00M | Scene, ViewLayer | Synchronizing object | Air curtain inner fin.001
Fra:1 Mem:168.63M (Peak 168.63M) | Time:00:00.32 | Mem:0.00M, Peak:0.00M | Scene, ViewLayer | Synchronizing object | Satin front intake frame
Fra:1 Mem:168.65M (Peak 168.65M) | Time:00:00.32 | Mem:0.00M, Peak:0.00M | Scene, ViewLayer | Synchronizing object | Painted intake ring
Fra:1 Mem:168.66M (Peak 168.66M) | Time:00:00.32 | Mem:0.00M, Peak:0.00M | Scene, ViewLayer | Synchronizing object | Individual LED projector.006
Fra:1 Mem:168.76M (Peak 168.76M) | Time:00:00.32 | Mem:0.00M, Peak:0.00M | Scene, ViewLayer | Synchronizing object | Painted intake ring.001
Fra:1 Mem:168.79M (Peak 168.79M) | Time:00:00.32 | Mem:0.00M, Peak:0.00M | Scene, ViewLayer | Synchronizing object | Horizontal grille louver
Fra:1 Mem:168.78M (Peak 168.79M) | Time:00:00.32 | Mem:0.00M, Peak:0.00M | Scene, ViewLayer | Synchronizing object | Individual LED projector.007
Fra:1 Mem:168.88M (Peak 168.88M) | Time:00:00.32 | Mem:0.00M, Peak:0.00M | Scene, ViewLayer | Synchronizing object | Horizontal grille louver.001
Fra:1 Mem:168.93M (Peak 168.93M) | Time:00:00.32 | Mem:0.00M, Peak:0.00M | Scene, ViewLayer | Synchronizing object | Projector optic.007
Fra:1 Mem:168.93M (Peak 168.93M) | Time:00:00.32 | Mem:0.00M, Peak:0.00M | Scene, ViewLayer | Synchronizing object | Horizontal grille louver.002
Fra:1 Mem:169.10M (Peak 169.10M) | Time:00:00.32 | Mem:0.00M, Peak:0.00M | Scene, ViewLayer | Synchronizing object | Individual LED projector
Fra:1 Mem:169.19M (Peak 169.19M) | Time:00:00.32 | Mem:0.00M, Peak:0.00M | Scene, ViewLayer | Synchronizing object | Projector optic
Fra:1 Mem:169.25M (Peak 169.25M) | Time:00:00.32 | Mem:0.00M, Peak:0.00M | Scene, ViewLayer | Synchronizing object | Vertical corner air curtain.001
Fra:1 Mem:169.32M (Peak 169.32M) | Time:00:00.32 | Mem:0.00M, Peak:0.00M | Scene, ViewLayer | Synchronizing object | Wide trapezoidal front lower intake
Fra:1 Mem:169.35M (Peak 169.35M) | Time:00:00.32 | Mem:0.00M, Peak:0.00M | Scene, ViewLayer | Synchronizing object | Sculpted Aqua Blue intake side surround
Fra:1 Mem:169.36M (Peak 169.36M) | Time:00:00.32 | Mem:0.00M, Peak:0.00M | Scene, ViewLayer | Synchronizing object | Sculpted Aqua Blue intake side surround.001
Fra:1 Mem:169.37M (Peak 169.37M) | Time:00:00.32 | Mem:0.00M, Peak:0.00M | Scene, ViewLayer | Synchronizing object | Horizontal grille louver.003
Fra:1 Mem:169.40M (Peak 169.40M) | Time:00:00.32 | Mem:0.00M, Peak:0.00M | Scene, ViewLayer | Synchronizing object | Grille vertical reinforcement
Fra:1 Mem:169.41M (Peak 169.41M) | Time:00:00.32 | Mem:0.00M, Peak:0.00M | Scene, ViewLayer | Synchronizing object | Grille vertical reinforcement.001
Fra:1 Mem:169.41M (Peak 169.41M) | Time:00:00.32 | Mem:0.00M, Peak:0.00M | Scene, ViewLayer | Synchronizing object | Grille vertical reinforcement.002
Fra:1 Mem:169.41M (Peak 169.41M) | Time:00:00.32 | Mem:0.00M, Peak:0.00M | Scene, ViewLayer | Synchronizing object | Grille vertical reinforcement.003
Fra:1 Mem:169.41M (Peak 169.41M) | Time:00:00.32 | Mem:0.00M, Peak:0.00M | Scene, ViewLayer | Synchronizing object | Grille vertical reinforcement.004
Fra:1 Mem:169.41M (Peak 169.41M) | Time:00:00.32 | Mem:0.00M, Peak:0.00M | Scene, ViewLayer | Synchronizing object | Grille vertical reinforcement.005
Fra:1 Mem:169.42M (Peak 169.42M) | Time:00:00.32 | Mem:0.00M, Peak:0.00M | Scene, ViewLayer | Synchronizing object | Grille vertical reinforcement.006
Fra:1 Mem:169.42M (Peak 169.42M) | Time:00:00.32 | Mem:0.00M, Peak:0.00M | Scene, ViewLayer | Synchronizing object | Grille vertical reinforcement.007
Fra:1 Mem:169.42M (Peak 169.42M) | Time:00:00.32 | Mem:0.00M, Peak:0.00M | Scene, ViewLayer | Synchronizing object | Grille vertical reinforcement.008
Fra:1 Mem:169.42M (Peak 169.42M) | Time:00:00.32 | Mem:0.00M, Peak:0.00M | Scene, ViewLayer | Synchronizing object | Grille vertical reinforcement.009
Fra:1 Mem:169.42M (Peak 169.42M) | Time:00:00.32 | Mem:0.00M, Peak:0.00M | Scene, ViewLayer | Synchronizing object | Grille vertical reinforcement.010
Fra:1 Mem:169.42M (Peak 169.42M) | Time:00:00.32 | Mem:0.00M, Peak:0.00M | Scene, ViewLayer | Synchronizing object | Front splitter blade
Fra:1 Mem:169.53M (Peak 169.53M) | Time:00:00.32 | Mem:0.00M, Peak:0.00M | Scene, ViewLayer | Synchronizing object | Front license plate bracket
Fra:1 Mem:169.53M (Peak 169.53M) | Time:00:00.32 | Mem:0.00M, Peak:0.00M | Scene, ViewLayer | Synchronizing object | Front plate lettering
Fra:1 Mem:170.54M (Peak 170.69M) | Time:00:00.32 | Mem:0.00M, Peak:0.00M | Scene, ViewLayer | Synchronizing object | Ultrasonic parking sensor
Fra:1 Mem:170.56M (Peak 170.69M) | Time:00:00.32 | Mem:0.00M, Peak:0.00M | Scene, ViewLayer | Synchronizing object | Hood mi insignia
Fra:1 Mem:170.79M (Peak 170.79M) | Time:00:00.32 | Mem:0.00M, Peak:0.00M | Scene, ViewLayer | Synchronizing object | Rear lamp outer seal
Fra:1 Mem:170.82M (Peak 170.82M) | Time:00:00.32 | Mem:0.00M, Peak:0.00M | Scene, ViewLayer | Synchronizing object | Front perception camera
Fra:1 Mem:170.93M (Peak 170.93M) | Time:00:00.32 | Mem:0.00M, Peak:0.00M | Scene, ViewLayer | Synchronizing object | Full-width smoked rear lamp housing
Fra:1 Mem:170.98M (Peak 170.98M) | Time:00:00.32 | Mem:0.00M, Peak:0.00M | Scene, ViewLayer | Synchronizing object | Continuous halo rear LED
Fra:1 Mem:171.02M (Peak 171.02M) | Time:00:00.32 | Mem:0.00M, Peak:0.00M | Scene, ViewLayer | Synchronizing object | Halo rear red optical bed
Fra:1 Mem:171.15M (Peak 171.15M) | Time:00:00.32 | Mem:0.00M, Peak:0.00M | Scene, ViewLayer | Synchronizing object | Lower full-width LED filament
Fra:1 Mem:171.33M (Peak 171.33M) | Time:00:00.32 | Mem:0.00M, Peak:0.00M | Scene, ViewLayer | Synchronizing object | Inner taillight return
Fra:1 Mem:171.33M (Peak 171.33M) | Time:00:00.32 | Mem:0.00M, Peak:0.00M | Scene, ViewLayer | Synchronizing object | Rear bumper side air outlet
Fra:1 Mem:171.34M (Peak 171.34M) | Time:00:00.32 | Mem:0.00M, Peak:0.00M | Scene, ViewLayer | Synchronizing object | Rear vent rim
Fra:1 Mem:171.37M (Peak 171.37M) | Time:00:00.32 | Mem:0.00M, Peak:0.00M | Scene, ViewLayer | Synchronizing object | Trunk panel shut line
Fra:1 Mem:171.44M (Peak 171.44M) | Time:00:00.32 | Mem:0.00M, Peak:0.00M | Scene, ViewLayer | Synchronizing object | Rear lower reflector
Fra:1 Mem:171.45M (Peak 171.46M) | Time:00:00.32 | Mem:0.00M, Peak:0.00M | Scene, ViewLayer | Synchronizing object | Inner taillight return.001
Fra:1 Mem:171.46M (Peak 171.46M) | Time:00:00.32 | Mem:0.00M, Peak:0.00M | Scene, ViewLayer | Synchronizing object | Rear bumper side air outlet.001
Fra:1 Mem:171.47M (Peak 171.47M) | Time:00:00.32 | Mem:0.00M, Peak:0.00M | Scene, ViewLayer | Synchronizing object | Rear vent rim.001
Fra:1 Mem:171.50M (Peak 171.50M) | Time:00:00.32 | Mem:0.00M, Peak:0.00M | Scene, ViewLayer | Synchronizing object | Trunk panel shut line.001
Fra:1 Mem:171.57M (Peak 171.57M) | Time:00:00.32 | Mem:0.00M, Peak:0.00M | Scene, ViewLayer | Synchronizing object | Rear lower reflector.001
Fra:1 Mem:171.59M (Peak 171.59M) | Time:00:00.32 | Mem:0.00M, Peak:0.00M | Scene, ViewLayer | Synchronizing object | Rear diffuser painted buttress
Fra:1 Mem:171.60M (Peak 171.60M) | Time:00:00.32 | Mem:0.00M, Peak:0.00M | Scene, ViewLayer | Synchronizing object | Rear diffuser black valance
Fra:1 Mem:171.69M (Peak 171.69M) | Time:00:00.32 | Mem:0.00M, Peak:0.00M | Scene, ViewLayer | Synchronizing object | Rear diffuser painted buttress.001
Fra:1 Mem:171.76M (Peak 171.76M) | Time:00:00.32 | Mem:0.00M, Peak:0.00M | Scene, ViewLayer | Synchronizing object | Rear diffuser lower lip
Fra:1 Mem:171.87M (Peak 171.87M) | Time:00:00.32 | Mem:0.00M, Peak:0.00M | Scene, ViewLayer | Synchronizing object | Underfloor diffuser strake
Fra:1 Mem:171.87M (Peak 171.87M) | Time:00:00.32 | Mem:0.00M, Peak:0.00M | Scene, ViewLayer | Synchronizing object | Underfloor diffuser strake.001
Fra:1 Mem:171.88M (Peak 171.88M) | Time:00:00.32 | Mem:0.00M, Peak:0.00M | Scene, ViewLayer | Synchronizing object | Underfloor diffuser strake.002
Fra:1 Mem:171.90M (Peak 171.90M) | Time:00:00.32 | Mem:0.00M, Peak:0.00M | Scene, ViewLayer | Synchronizing object | Underfloor diffuser strake.003
Fra:1 Mem:171.93M (Peak 171.93M) | Time:00:00.32 | Mem:0.00M, Peak:0.00M | Scene, ViewLayer | Synchronizing object | Underfloor diffuser strake.004
Fra:1 Mem:171.93M (Peak 171.93M) | Time:00:00.32 | Mem:0.00M, Peak:0.00M | Scene, ViewLayer | Synchronizing object | Rear license plate
Fra:1 Mem:172.27M (Peak 172.27M) | Time:00:00.33 | Mem:0.00M, Peak:0.00M | Scene, ViewLayer | Synchronizing object | Rear spaced Xiaomi lettering
Fra:1 Mem:172.96M (Peak 172.96M) | Time:00:00.33 | Mem:0.00M, Peak:0.00M | Scene, ViewLayer | Synchronizing object | Rear model badge
Fra:1 Mem:173.25M (Peak 173.25M) | Time:00:00.33 | Mem:0.00M, Peak:0.00M | Scene, ViewLayer | Synchronizing object | Rear Max badge
Fra:1 Mem:173.53M (Peak 173.53M) | Time:00:00.33 | Mem:0.00M, Peak:0.00M | Scene, ViewLayer | Synchronizing object | Rear manufacturer badge
Fra:1 Mem:173.72M (Peak 173.72M) | Time:00:00.33 | Mem:0.00M, Peak:0.00M | Scene, ViewLayer | Synchronizing object | Integrated rear deck ducktail
Fra:1 Mem:173.86M (Peak 173.86M) | Time:00:00.33 | Mem:0.00M, Peak:0.00M | Scene, ViewLayer | Synchronizing object | Retractable spoiler shut line
Fra:1 Mem:173.94M (Peak 173.94M) | Time:00:00.33 | Mem:0.00M, Peak:0.00M | Scene, ViewLayer | Synchronizing object | Rear parking camera
Fra:1 Mem:174.03M (Peak 174.03M) | Time:00:00.33 | Mem:0.00M, Peak:0.00M | Scene, ViewLayer | Synchronizing object | Front left | tire carcass
Fra:1 Mem:174.21M (Peak 174.21M) | Time:00:00.33 | Mem:0.00M, Peak:0.00M | Scene, ViewLayer | Synchronizing object | Front left tire molded sidewall ring.001
Fra:1 Mem:174.33M (Peak 174.33M) | Time:00:00.33 | Mem:0.00M, Peak:0.00M | Scene, ViewLayer | Synchronizing object | Front left tire molded sidewall ring.002
Fra:1 Mem:174.36M (Peak 174.36M) | Time:00:00.33 | Mem:0.00M, Peak:0.00M | Scene, ViewLayer | Synchronizing object | Front left tire molded sidewall ring
Fra:1 Mem:174.36M (Peak 174.36M) | Time:00:00.33 | Mem:0.00M, Peak:0.00M | Scene, ViewLayer | Synchronizing object | Front left directional tread | 792 blocks
Fra:1 Mem:175.35M (Peak 175.35M) | Time:00:00.33 | Mem:0.00M, Peak:0.00M | Scene, ViewLayer | Synchronizing object | Front left cast rim barrel
Fra:1 Mem:175.96M (Peak 175.96M) | Time:00:00.33 | Mem:0.00M, Peak:0.00M | Scene, ViewLayer | Synchronizing object | Front left diamond-cut outer flange
Fra:1 Mem:175.98M (Peak 175.98M) | Time:00:00.33 | Mem:0.00M, Peak:0.00M | Scene, ViewLayer | Synchronizing object | Front left inner rim accent
Fra:1 Mem:176.20M (Peak 176.20M) | Time:00:00.34 | Mem:0.00M, Peak:0.00M | Scene, ViewLayer | Synchronizing object | Front left brake rotor
Fra:1 Mem:176.34M (Peak 176.34M) | Time:00:00.34 | Mem:0.00M, Peak:0.00M | Scene, ViewLayer | Synchronizing object | Front left rotor outer scoring
Fra:1 Mem:176.34M (Peak 176.34M) | Time:00:00.34 | Mem:0.00M, Peak:0.00M | Scene, ViewLayer | Synchronizing object | Front left drilled rotor perforation
Fra:1 Mem:176.45M (Peak 176.45M) | Time:00:00.34 | Mem:0.00M, Peak:0.00M | Scene, ViewLayer | Synchronizing object | Front left drilled rotor perforation.001
Fra:1 Mem:176.39M (Peak 176.45M) | Time:00:00.34 | Mem:0.00M, Peak:0.00M | Scene, ViewLayer | Synchronizing object | Front left drilled rotor perforation.002
Fra:1 Mem:176.40M (Peak 176.45M) | Time:00:00.34 | Mem:0.00M, Peak:0.00M | Scene, ViewLayer | Synchronizing object | Front left drilled rotor perforation.003
Fra:1 Mem:176.41M (Peak 176.45M) | Time:00:00.34 | Mem:0.00M, Peak:0.00M | Scene, ViewLayer | Synchronizing object | Front left drilled rotor perforation.004
Fra:1 Mem:176.53M (Peak 176.53M) | Time:00:00.34 | Mem:0.00M, Peak:0.00M | Scene, ViewLayer | Synchronizing object | Front left drilled rotor perforation.005
Fra:1 Mem:176.54M (Peak 176.54M) | Time:00:00.34 | Mem:0.00M, Peak:0.00M | Scene, ViewLayer | Synchronizing object | Front left drilled rotor perforation.006
Fra:1 Mem:176.56M (Peak 176.56M) | Time:00:00.34 | Mem:0.00M, Peak:0.00M | Scene, ViewLayer | Synchronizing object | Front left drilled rotor perforation.007
Fra:1 Mem:176.57M (Peak 176.57M) | Time:00:00.34 | Mem:0.00M, Peak:0.00M | Scene, ViewLayer | Synchronizing object | Front left drilled rotor perforation.009
Fra:1 Mem:176.59M (Peak 176.59M) | Time:00:00.34 | Mem:0.00M, Peak:0.00M | Scene, ViewLayer | Synchronizing object | Front left drilled rotor perforation.010
Fra:1 Mem:176.61M (Peak 176.61M) | Time:00:00.34 | Mem:0.00M, Peak:0.00M | Scene, ViewLayer | Synchronizing object | Front left center mi logo
Fra:1 Mem:176.63M (Peak 176.63M) | Time:00:00.34 | Mem:0.00M, Peak:0.00M | Scene, ViewLayer | Synchronizing object | Front left drilled rotor perforation.012
Fra:1 Mem:176.64M (Peak 176.64M) | Time:00:00.34 | Mem:0.00M, Peak:0.00M | Scene, ViewLayer | Synchronizing object | Front left drilled rotor perforation.013
Fra:1 Mem:176.65M (Peak 176.65M) | Time:00:00.34 | Mem:0.00M, Peak:0.00M | Scene, ViewLayer | Synchronizing object | Front left drilled rotor perforation.014
Fra:1 Mem:176.67M (Peak 176.67M) | Time:00:00.34 | Mem:0.00M, Peak:0.00M | Scene, ViewLayer | Synchronizing object | Front left drilled rotor perforation.015
Fra:1 Mem:176.68M (Peak 176.68M) | Time:00:00.34 | Mem:0.00M, Peak:0.00M | Scene, ViewLayer | Synchronizing object | Front left drilled rotor perforation.016
Fra:1 Mem:176.69M (Peak 176.69M) | Time:00:00.34 | Mem:0.00M, Peak:0.00M | Scene, ViewLayer | Synchronizing object | Front left drilled rotor perforation.017
Fra:1 Mem:176.76M (Peak 176.76M) | Time:00:00.34 | Mem:0.00M, Peak:0.00M | Scene, ViewLayer | Synchronizing object | Front left drilled rotor perforation.018
Fra:1 Mem:176.80M (Peak 176.80M) | Time:00:00.34 | Mem:0.00M, Peak:0.00M | Scene, ViewLayer | Synchronizing object | Front left drilled rotor perforation.019
Fra:1 Mem:176.95M (Peak 176.95M) | Time:00:00.34 | Mem:0.00M, Peak:0.00M | Scene, ViewLayer | Synchronizing object | Front left drilled rotor perforation.020
Fra:1 Mem:176.97M (Peak 176.97M) | Time:00:00.34 | Mem:0.00M, Peak:0.00M | Scene, ViewLayer | Synchronizing object | Front left drilled rotor perforation.021
Fra:1 Mem:177.04M (Peak 177.04M) | Time:00:00.34 | Mem:0.00M, Peak:0.00M | Scene, ViewLayer | Synchronizing object | Front left drilled rotor perforation.022
Fra:1 Mem:177.00M (Peak 177.04M) | Time:00:00.34 | Mem:0.00M, Peak:0.00M | Scene, ViewLayer | Synchronizing object | Front left drilled rotor perforation.024
Fra:1 Mem:177.04M (Peak 177.04M) | Time:00:00.34 | Mem:0.00M, Peak:0.00M | Scene, ViewLayer | Synchronizing object | Front left drilled rotor perforation.025
Fra:1 Mem:177.03M (Peak 177.04M) | Time:00:00.34 | Mem:0.00M, Peak:0.00M | Scene, ViewLayer | Synchronizing object | Front left drilled rotor perforation.026
Fra:1 Mem:177.05M (Peak 177.05M) | Time:00:00.34 | Mem:0.00M, Peak:0.00M | Scene, ViewLayer | Synchronizing object | Front left drilled rotor perforation.027
Fra:1 Mem:177.06M (Peak 177.06M) | Time:00:00.34 | Mem:0.00M, Peak:0.00M | Scene, ViewLayer | Synchronizing object | Front left drilled rotor perforation.028
Fra:1 Mem:177.09M (Peak 177.09M) | Time:00:00.34 | Mem:0.00M, Peak:0.00M | Scene, ViewLayer | Synchronizing object | Front left drilled rotor perforation.029
Fra:1 Mem:177.11M (Peak 177.11M) | Time:00:00.34 | Mem:0.00M, Peak:0.00M | Scene, ViewLayer | Synchronizing object | Front left drilled rotor perforation.030
Fra:1 Mem:177.11M (Peak 177.11M) | Time:00:00.34 | Mem:0.00M, Peak:0.00M | Scene, ViewLayer | Synchronizing object | Front left sidewall lettering.001
Fra:1 Mem:177.12M (Peak 177.12M) | Time:00:00.34 | Mem:0.00M, Peak:0.00M | Scene, ViewLayer | Synchronizing object | Front left drilled rotor perforation.031
Fra:1 Mem:177.15M (Peak 177.15M) | Time:00:00.34 | Mem:0.00M, Peak:0.00M | Scene, ViewLayer | Synchronizing object | Front left drilled rotor perforation.032
Fra:1 Mem:177.17M (Peak 177.17M) | Time:00:00.34 | Mem:0.00M, Peak:0.00M | Scene, ViewLayer | Synchronizing object | Front left drilled rotor perforation.033
Fra:1 Mem:177.19M (Peak 177.19M) | Time:00:00.34 | Mem:0.00M, Peak:0.00M | Scene, ViewLayer | Synchronizing object | Front left sidewall lettering.002
Fra:1 Mem:177.24M (Peak 177.24M) | Time:00:00.34 | Mem:0.00M, Peak:0.00M | Scene, ViewLayer | Synchronizing object | Front left drilled rotor perforation.035
Fra:1 Mem:177.25M (Peak 177.25M) | Time:00:00.34 | Mem:0.00M, Peak:0.00M | Scene, ViewLayer | Synchronizing object | Front left drilled rotor perforation.036
Fra:1 Mem:177.31M (Peak 177.31M) | Time:00:00.34 | Mem:0.00M, Peak:0.00M | Scene, ViewLayer | Synchronizing object | Front left drilled rotor perforation.037
Fra:1 Mem:177.40M (Peak 177.40M) | Time:00:00.34 | Mem:0.00M, Peak:0.00M | Scene, ViewLayer | Synchronizing object | Front left drilled rotor perforation.039
Fra:1 Mem:177.40M (Peak 177.40M) | Time:00:00.34 | Mem:0.00M, Peak:0.00M | Scene, ViewLayer | Synchronizing object | Front left drilled rotor perforation.041
Fra:1 Mem:177.44M (Peak 177.44M) | Time:00:00.34 | Mem:0.00M, Peak:0.00M | Scene, ViewLayer | Synchronizing object | Front left drilled rotor perforation.042
Fra:1 Mem:177.45M (Peak 177.45M) | Time:00:00.34 | Mem:0.00M, Peak:0.00M | Scene, ViewLayer | Synchronizing object | Front left sidewall lettering.003
Fra:1 Mem:177.47M (Peak 177.47M) | Time:00:00.34 | Mem:0.00M, Peak:0.00M | Scene, ViewLayer | Synchronizing object | Front left drilled rotor perforation.045
Fra:1 Mem:177.49M (Peak 177.49M) | Time:00:00.34 | Mem:0.00M, Peak:0.00M | Scene, ViewLayer | Synchronizing object | Front left drilled rotor perforation.046
Fra:1 Mem:177.51M (Peak 177.51M) | Time:00:00.34 | Mem:0.00M, Peak:0.00M | Scene, ViewLayer | Synchronizing object | Front left drilled rotor perforation.047
Fra:1 Mem:177.54M (Peak 177.54M) | Time:00:00.34 | Mem:0.00M, Peak:0.00M | Scene, ViewLayer | Synchronizing object | Front left drilled rotor perforation.049
Fra:1 Mem:177.57M (Peak 177.57M) | Time:00:00.34 | Mem:0.00M, Peak:0.00M | Scene, ViewLayer | Synchronizing object | Front left drilled rotor perforation.050
Fra:1 Mem:177.58M (Peak 177.58M) | Time:00:00.34 | Mem:0.00M, Peak:0.00M | Scene, ViewLayer | Synchronizing object | Front left drilled rotor perforation.051
Fra:1 Mem:177.63M (Peak 177.63M) | Time:00:00.34 | Mem:0.00M, Peak:0.00M | Scene, ViewLayer | Synchronizing object | Front left drilled rotor perforation.052
Fra:1 Mem:177.64M (Peak 177.64M) | Time:00:00.34 | Mem:0.00M, Peak:0.00M | Scene, ViewLayer | Synchronizing object | Front left sidewall lettering.006
Fra:1 Mem:177.65M (Peak 177.65M) | Time:00:00.34 | Mem:0.00M, Peak:0.00M | Scene, ViewLayer | Synchronizing object | Front left drilled rotor perforation.055
Fra:1 Mem:177.67M (Peak 177.67M) | Time:00:00.34 | Mem:0.00M, Peak:0.00M | Scene, ViewLayer | Synchronizing object | Front left sidewall lettering.007
Fra:1 Mem:177.66M (Peak 177.67M) | Time:00:00.34 | Mem:0.00M, Peak:0.00M | Scene, ViewLayer | Synchronizing object | Front left drilled rotor perforation.056
Fra:1 Mem:177.70M (Peak 177.70M) | Time:00:00.34 | Mem:0.00M, Peak:0.00M | Scene, ViewLayer | Synchronizing object | Front left drilled rotor perforation.057
Fra:1 Mem:177.72M (Peak 177.72M) | Time:00:00.34 | Mem:0.00M, Peak:0.00M | Scene, ViewLayer | Synchronizing object | Front left drilled rotor perforation.059
Fra:1 Mem:177.74M (Peak 177.74M) | Time:00:00.34 | Mem:0.00M, Peak:0.00M | Scene, ViewLayer | Synchronizing object | Front left drilled rotor perforation.060
Fra:1 Mem:177.75M (Peak 177.75M) | Time:00:00.34 | Mem:0.00M, Peak:0.00M | Scene, ViewLayer | Synchronizing object | Front left drilled rotor perforation.061
Fra:1 Mem:177.80M (Peak 177.80M) | Time:00:00.34 | Mem:0.00M, Peak:0.00M | Scene, ViewLayer | Synchronizing object | Front left drilled rotor perforation.062
Fra:1 Mem:177.83M (Peak 177.83M) | Time:00:00.34 | Mem:0.00M, Peak:0.00M | Scene, ViewLayer | Synchronizing object | Front left drilled rotor perforation.063
Fra:1 Mem:177.87M (Peak 177.87M) | Time:00:00.34 | Mem:0.00M, Peak:0.00M | Scene, ViewLayer | Synchronizing object | Front left drilled rotor perforation.065
Fra:1 Mem:177.92M (Peak 177.92M) | Time:00:00.34 | Mem:0.00M, Peak:0.00M | Scene, ViewLayer | Synchronizing object | Front left drilled rotor perforation.066
Fra:1 Mem:177.94M (Peak 177.94M) | Time:00:00.34 | Mem:0.00M, Peak:0.00M | Scene, ViewLayer | Synchronizing object | Front left sidewall lettering.009
Fra:1 Mem:177.94M (Peak 177.94M) | Time:00:00.34 | Mem:0.00M, Peak:0.00M | Scene, ViewLayer | Synchronizing object | Front left drilled rotor perforation.069
Fra:1 Mem:177.96M (Peak 177.96M) | Time:00:00.34 | Mem:0.00M, Peak:0.00M | Scene, ViewLayer | Synchronizing object | Front left sidewall lettering.010
Fra:1 Mem:177.98M (Peak 177.98M) | Time:00:00.34 | Mem:0.00M, Peak:0.00M | Scene, ViewLayer | Synchronizing object | Front left drilled rotor perforation.071
Fra:1 Mem:177.99M (Peak 177.99M) | Time:00:00.34 | Mem:0.00M, Peak:0.00M | Scene, ViewLayer | Synchronizing object | Front left sidewall lettering.011
Fra:1 Mem:178.01M (Peak 178.01M) | Time:00:00.34 | Mem:0.00M, Peak:0.00M | Scene, ViewLayer | Synchronizing object | Front left brake disc bell
Fra:1 Mem:178.01M (Peak 178.01M) | Time:00:00.34 | Mem:0.00M, Peak:0.00M | Scene, ViewLayer | Synchronizing object | Front left yellow six-piston caliper
Fra:1 Mem:178.16M (Peak 178.16M) | Time:00:00.34 | Mem:0.00M, Peak:0.00M | Scene, ViewLayer | Synchronizing object | Front left machined split spoke
Fra:1 Mem:178.21M (Peak 178.21M) | Time:00:00.34 | Mem:0.00M, Peak:0.00M | Scene, ViewLayer | Synchronizing object | Front left machined split spoke.001
Fra:1 Mem:178.22M (Peak 178.22M) | Time:00:00.34 | Mem:0.00M, Peak:0.00M | Scene, ViewLayer | Synchronizing object | Front left black spoke pocket.001
Fra:1 Mem:178.25M (Peak 178.25M) | Time:00:00.34 | Mem:0.00M, Peak:0.00M | Scene, ViewLayer | Synchronizing object | Front left machined split spoke.002
Fra:1 Mem:178.27M (Peak 178.27M) | Time:00:00.34 | Mem:0.00M, Peak:0.00M | Scene, ViewLayer | Synchronizing object | Front left sidewall lettering.012
Fra:1 Mem:178.28M (Peak 178.28M) | Time:00:00.34 | Mem:0.00M, Peak:0.00M | Scene, ViewLayer | Synchronizing object | Front left black spoke pocket.002
Fra:1 Mem:178.31M (Peak 178.31M) | Time:00:00.34 | Mem:0.00M, Peak:0.00M | Scene, ViewLayer | Synchronizing object | Front left machined split spoke.003
Fra:1 Mem:178.32M (Peak 178.32M) | Time:00:00.34 | Mem:0.00M, Peak:0.00M | Scene, ViewLayer | Synchronizing object | Front left machined split spoke.004
Fra:1 Mem:178.32M (Peak 178.32M) | Time:00:00.34 | Mem:0.00M, Peak:0.00M | Scene, ViewLayer | Synchronizing object | Front left black spoke pocket.004
Fra:1 Mem:178.34M (Peak 178.34M) | Time:00:00.34 | Mem:0.00M, Peak:0.00M | Scene, ViewLayer | Synchronizing object | Front left machined split spoke.005
Fra:1 Mem:178.35M (Peak 178.35M) | Time:00:00.34 | Mem:0.00M, Peak:0.00M | Scene, ViewLayer | Synchronizing object | Front left black spoke pocket.005
Fra:1 Mem:178.39M (Peak 178.39M) | Time:00:00.34 | Mem:0.00M, Peak:0.00M | Scene, ViewLayer | Synchronizing object | Front left machined split spoke.006
Fra:1 Mem:178.49M (Peak 178.49M) | Time:00:00.34 | Mem:0.00M, Peak:0.00M | Scene, ViewLayer | Synchronizing object | Front left black spoke pocket.006
Fra:1 Mem:178.57M (Peak 178.57M) | Time:00:00.34 | Mem:0.00M, Peak:0.00M | Scene, ViewLayer | Synchronizing object | Front left machined split spoke.007
Fra:1 Mem:178.57M (Peak 178.57M) | Time:00:00.34 | Mem:0.00M, Peak:0.00M | Scene, ViewLayer | Synchronizing object | Front left machined split spoke.008
Fra:1 Mem:178.60M (Peak 178.60M) | Time:00:00.34 | Mem:0.00M, Peak:0.00M | Scene, ViewLayer | Synchronizing object | Front left black spoke pocket.008
Fra:1 Mem:178.63M (Peak 178.63M) | Time:00:00.34 | Mem:0.00M, Peak:0.00M | Scene, ViewLayer | Synchronizing object | Front left machined split spoke.009
Fra:1 Mem:178.65M (Peak 178.65M) | Time:00:00.34 | Mem:0.00M, Peak:0.00M | Scene, ViewLayer | Synchronizing object | Front left sidewall lettering.015
Fra:1 Mem:178.65M (Peak 178.65M) | Time:00:00.34 | Mem:0.00M, Peak:0.00M | Scene, ViewLayer | Synchronizing object | Front left center hub
Fra:1 Mem:178.68M (Peak 178.68M) | Time:00:00.34 | Mem:0.00M, Peak:0.00M | Scene, ViewLayer | Synchronizing object | Front left titanium lug nut
Fra:1 Mem:178.83M (Peak 178.83M) | Time:00:00.34 | Mem:0.00M, Peak:0.00M | Scene, ViewLayer | Synchronizing object | Front left titanium lug nut.001
Fra:1 Mem:178.92M (Peak 178.92M) | Time:00:00.34 | Mem:0.00M, Peak:0.00M | Scene, ViewLayer | Synchronizing object | Front left titanium lug nut.002
Fra:1 Mem:178.95M (Peak 178.95M) | Time:00:00.34 | Mem:0.00M, Peak:0.00M | Scene, ViewLayer | Synchronizing object | Front left titanium lug nut.003
Fra:1 Mem:178.96M (Peak 178.96M) | Time:00:00.34 | Mem:0.00M, Peak:0.00M | Scene, ViewLayer | Synchronizing object | Front left titanium lug nut.004
Fra:1 Mem:179.04M (Peak 179.04M) | Time:00:00.34 | Mem:0.00M, Peak:0.00M | Scene, ViewLayer | Synchronizing object | Front left tire valve
Fra:1 Mem:179.10M (Peak 179.10M) | Time:00:00.34 | Mem:0.00M, Peak:0.00M | Scene, ViewLayer | Synchronizing object | Front left sidewall lettering.017
Fra:1 Mem:179.23M (Peak 179.23M) | Time:00:00.34 | Mem:0.00M, Peak:0.00M | Scene, ViewLayer | Synchronizing object | Front left sidewall lettering.018
Fra:1 Mem:179.24M (Peak 179.24M) | Time:00:00.34 | Mem:0.00M, Peak:0.00M | Scene, ViewLayer | Synchronizing object | Front left sidewall lettering.019
Fra:1 Mem:179.24M (Peak 179.24M) | Time:00:00.34 | Mem:0.00M, Peak:0.00M | Scene, ViewLayer | Synchronizing object | Front left sidewall lettering.020
Fra:1 Mem:179.26M (Peak 179.26M) | Time:00:00.34 | Mem:0.00M, Peak:0.00M | Scene, ViewLayer | Synchronizing object | Front left sidewall lettering.021
Fra:1 Mem:179.27M (Peak 179.27M) | Time:00:00.34 | Mem:0.00M, Peak:0.00M | Scene, ViewLayer | Synchronizing object | Front right | tire carcass
Fra:1 Mem:179.30M (Peak 179.30M) | Time:00:00.34 | Mem:0.00M, Peak:0.00M | Scene, ViewLayer | Synchronizing object | Front right tire molded sidewall ring.001
Fra:1 Mem:179.37M (Peak 179.37M) | Time:00:00.34 | Mem:0.00M, Peak:0.00M | Scene, ViewLayer | Synchronizing object | Front right tire molded sidewall ring.002
Fra:1 Mem:179.69M (Peak 179.69M) | Time:00:00.34 | Mem:0.00M, Peak:0.00M | Scene, ViewLayer | Synchronizing object | Front right tire molded sidewall ring
Fra:1 Mem:179.71M (Peak 179.71M) | Time:00:00.34 | Mem:0.00M, Peak:0.00M | Scene, ViewLayer | Synchronizing object | Front right directional tread | 792 blocks
Fra:1 Mem:179.84M (Peak 179.84M) | Time:00:00.34 | Mem:0.00M, Peak:0.00M | Scene, ViewLayer | Synchronizing object | Front right cast rim barrel
Fra:1 Mem:180.44M (Peak 180.44M) | Time:00:00.34 | Mem:0.00M, Peak:0.00M | Scene, ViewLayer | Synchronizing object | Front right diamond-cut outer flange
Fra:1 Mem:180.47M (Peak 180.47M) | Time:00:00.34 | Mem:0.00M, Peak:0.00M | Scene, ViewLayer | Synchronizing object | Front right inner rim accent
Fra:1 Mem:180.81M (Peak 180.81M) | Time:00:00.34 | Mem:0.00M, Peak:0.00M | Scene, ViewLayer | Synchronizing object | Front right brake rotor
Fra:1 Mem:180.83M (Peak 180.83M) | Time:00:00.34 | Mem:0.00M, Peak:0.00M | Scene, ViewLayer | Synchronizing object | Front right rotor outer scoring
Fra:1 Mem:180.85M (Peak 180.85M) | Time:00:00.34 | Mem:0.00M, Peak:0.00M | Scene, ViewLayer | Synchronizing object | Front right caliper marking
Fra:1 Mem:181.08M (Peak 181.08M) | Time:00:00.34 | Mem:0.00M, Peak:0.00M | Scene, ViewLayer | Synchronizing object | Front right drilled rotor perforation
Fra:1 Mem:181.56M (Peak 181.56M) | Time:00:00.34 | Mem:0.00M, Peak:0.00M | Scene, ViewLayer | Synchronizing object | Front right drilled rotor perforation.001
Fra:1 Mem:181.58M (Peak 181.58M) | Time:00:00.34 | Mem:0.00M, Peak:0.00M | Scene, ViewLayer | Synchronizing object | Front right drilled rotor perforation.002
Fra:1 Mem:181.59M (Peak 181.59M) | Time:00:00.34 | Mem:0.00M, Peak:0.00M | Scene, ViewLayer | Synchronizing object | Front right drilled rotor perforation.004
Fra:1 Mem:181.70M (Peak 181.70M) | Time:00:00.34 | Mem:0.00M, Peak:0.00M | Scene, ViewLayer | Synchronizing object | Front right drilled rotor perforation.005
Fra:1 Mem:181.72M (Peak 181.72M) | Time:00:00.34 | Mem:0.00M, Peak:0.00M | Scene, ViewLayer | Synchronizing object | Front right drilled rotor perforation.006
Fra:1 Mem:181.74M (Peak 181.74M) | Time:00:00.34 | Mem:0.00M, Peak:0.00M | Scene, ViewLayer | Synchronizing object | Front right drilled rotor perforation.007
Fra:1 Mem:181.77M (Peak 181.77M) | Time:00:00.34 | Mem:0.00M, Peak:0.00M | Scene, ViewLayer | Synchronizing object | Front right drilled rotor perforation.008
Fra:1 Mem:181.77M (Peak 181.77M) | Time:00:00.34 | Mem:0.00M, Peak:0.00M | Scene, ViewLayer | Synchronizing object | Front right drilled rotor perforation.010
Fra:1 Mem:181.78M (Peak 181.78M) | Time:00:00.34 | Mem:0.00M, Peak:0.00M | Scene, ViewLayer | Synchronizing object | Front right drilled rotor perforation.011
Fra:1 Mem:181.84M (Peak 181.84M) | Time:00:00.34 | Mem:0.00M, Peak:0.00M | Scene, ViewLayer | Synchronizing object | Front right drilled rotor perforation.012
Fra:1 Mem:181.88M (Peak 181.88M) | Time:00:00.34 | Mem:0.00M, Peak:0.00M | Scene, ViewLayer | Synchronizing object | Front right drilled rotor perforation.013
Fra:1 Mem:181.88M (Peak 181.88M) | Time:00:00.34 | Mem:0.00M, Peak:0.00M | Scene, ViewLayer | Synchronizing object | Front right drilled rotor perforation.015
Fra:1 Mem:182.00M (Peak 182.00M) | Time:00:00.34 | Mem:0.00M, Peak:0.00M | Scene, ViewLayer | Synchronizing object | Front right drilled rotor perforation.016
Fra:1 Mem:181.92M (Peak 182.00M) | Time:00:00.34 | Mem:0.00M, Peak:0.00M | Scene, ViewLayer | Synchronizing object | Front right drilled rotor perforation.017
Fra:1 Mem:181.96M (Peak 182.00M) | Time:00:00.34 | Mem:0.00M, Peak:0.00M | Scene, ViewLayer | Synchronizing object | Front right drilled rotor perforation.018
Fra:1 Mem:181.96M (Peak 182.00M) | Time:00:00.34 | Mem:0.00M, Peak:0.00M | Scene, ViewLayer | Synchronizing object | Front right drilled rotor perforation.019
Fra:1 Mem:181.98M (Peak 182.00M) | Time:00:00.34 | Mem:0.00M, Peak:0.00M | Scene, ViewLayer | Synchronizing object | Front right drilled rotor perforation.020
Fra:1 Mem:181.99M (Peak 182.00M) | Time:00:00.34 | Mem:0.00M, Peak:0.00M | Scene, ViewLayer | Synchronizing object | Front right center mi logo
Fra:1 Mem:182.02M (Peak 182.02M) | Time:00:00.34 | Mem:0.00M, Peak:0.00M | Scene, ViewLayer | Synchronizing object | Front right drilled rotor perforation.024
Fra:1 Mem:182.03M (Peak 182.03M) | Time:00:00.34 | Mem:0.00M, Peak:0.00M | Scene, ViewLayer | Synchronizing object | Front right drilled rotor perforation.025
Fra:1 Mem:182.04M (Peak 182.04M) | Time:00:00.35 | Mem:0.00M, Peak:0.00M | Scene, ViewLayer | Synchronizing object | Front right drilled rotor perforation.026
Fra:1 Mem:182.07M (Peak 182.07M) | Time:00:00.35 | Mem:0.00M, Peak:0.00M | Scene, ViewLayer | Synchronizing object | Front right drilled rotor perforation.027
Fra:1 Mem:182.13M (Peak 182.13M) | Time:00:00.35 | Mem:0.00M, Peak:0.00M | Scene, ViewLayer | Synchronizing object | Front right drilled rotor perforation.028
Fra:1 Mem:182.26M (Peak 182.26M) | Time:00:00.35 | Mem:0.00M, Peak:0.00M | Scene, ViewLayer | Synchronizing object | Front right drilled rotor perforation.029
Fra:1 Mem:182.33M (Peak 182.33M) | Time:00:00.35 | Mem:0.00M, Peak:0.00M | Scene, ViewLayer | Synchronizing object | Front right drilled rotor perforation.031
Fra:1 Mem:182.35M (Peak 182.35M) | Time:00:00.35 | Mem:0.00M, Peak:0.00M | Scene, ViewLayer | Synchronizing object | Front right drilled rotor perforation.032
Fra:1 Mem:182.41M (Peak 182.41M) | Time:00:00.35 | Mem:0.00M, Peak:0.00M | Scene, ViewLayer | Synchronizing object | Front right drilled rotor perforation.034
Fra:1 Mem:182.40M (Peak 182.41M) | Time:00:00.35 | Mem:0.00M, Peak:0.00M | Scene, ViewLayer | Synchronizing object | Front right drilled rotor perforation.035
Fra:1 Mem:182.41M (Peak 182.41M) | Time:00:00.35 | Mem:0.00M, Peak:0.00M | Scene, ViewLayer | Synchronizing object | Front right drilled rotor perforation.036
Fra:1 Mem:182.43M (Peak 182.43M) | Time:00:00.35 | Mem:0.00M, Peak:0.00M | Scene, ViewLayer | Synchronizing object | Front right sidewall lettering
Fra:1 Mem:182.44M (Peak 182.44M) | Time:00:00.35 | Mem:0.00M, Peak:0.00M | Scene, ViewLayer | Synchronizing object | Front right drilled rotor perforation.038
Fra:1 Mem:182.46M (Peak 182.46M) | Time:00:00.35 | Mem:0.00M, Peak:0.00M | Scene, ViewLayer | Synchronizing object | Front right drilled rotor perforation.039
Fra:1 Mem:182.49M (Peak 182.49M) | Time:00:00.35 | Mem:0.00M, Peak:0.00M | Scene, ViewLayer | Synchronizing object | Front right drilled rotor perforation.040
Fra:1 Mem:182.53M (Peak 182.53M) | Time:00:00.35 | Mem:0.00M, Peak:0.00M | Scene, ViewLayer | Synchronizing object | Front right drilled rotor perforation.041
Fra:1 Mem:182.55M (Peak 182.55M) | Time:00:00.35 | Mem:0.00M, Peak:0.00M | Scene, ViewLayer | Synchronizing object | Front right drilled rotor perforation.043
Fra:1 Mem:182.54M (Peak 182.55M) | Time:00:00.35 | Mem:0.00M, Peak:0.00M | Scene, ViewLayer | Synchronizing object | Front right drilled rotor perforation.044
Fra:1 Mem:182.59M (Peak 182.59M) | Time:00:00.35 | Mem:0.00M, Peak:0.00M | Scene, ViewLayer | Synchronizing object | Front right drilled rotor perforation.045
Fra:1 Mem:182.60M (Peak 182.60M) | Time:00:00.35 | Mem:0.00M, Peak:0.00M | Scene, ViewLayer | Synchronizing object | Front right drilled rotor perforation.046
Fra:1 Mem:182.60M (Peak 182.60M) | Time:00:00.35 | Mem:0.00M, Peak:0.00M | Scene, ViewLayer | Synchronizing object | Front right drilled rotor perforation.048
Fra:1 Mem:182.63M (Peak 182.63M) | Time:00:00.35 | Mem:0.00M, Peak:0.00M | Scene, ViewLayer | Synchronizing object | Front right drilled rotor perforation.049
Fra:1 Mem:182.65M (Peak 182.65M) | Time:00:00.35 | Mem:0.00M, Peak:0.00M | Scene, ViewLayer | Synchronizing object | Front right drilled rotor perforation.050
Fra:1 Mem:182.65M (Peak 182.65M) | Time:00:00.35 | Mem:0.00M, Peak:0.00M | Scene, ViewLayer | Synchronizing object | Front right drilled rotor perforation.051
Fra:1 Mem:182.69M (Peak 182.69M) | Time:00:00.35 | Mem:0.00M, Peak:0.00M | Scene, ViewLayer | Synchronizing object | Front right drilled rotor perforation.052
Fra:1 Mem:182.70M (Peak 182.70M) | Time:00:00.35 | Mem:0.00M, Peak:0.00M | Scene, ViewLayer | Synchronizing object | Front right drilled rotor perforation.053
Fra:1 Mem:182.82M (Peak 182.82M) | Time:00:00.35 | Mem:0.00M, Peak:0.00M | Scene, ViewLayer | Synchronizing object | Front right drilled rotor perforation.054
Fra:1 Mem:182.85M (Peak 182.85M) | Time:00:00.35 | Mem:0.00M, Peak:0.00M | Scene, ViewLayer | Synchronizing object | Front right drilled rotor perforation.055
Fra:1 Mem:182.87M (Peak 182.87M) | Time:00:00.35 | Mem:0.00M, Peak:0.00M | Scene, ViewLayer | Synchronizing object | Front right drilled rotor perforation.056
Fra:1 Mem:182.88M (Peak 182.88M) | Time:00:00.35 | Mem:0.00M, Peak:0.00M | Scene, ViewLayer | Synchronizing object | Front right drilled rotor perforation.057
Fra:1 Mem:182.91M (Peak 182.91M) | Time:00:00.35 | Mem:0.00M, Peak:0.00M | Scene, ViewLayer | Synchronizing object | Front right drilled rotor perforation.058
Fra:1 Mem:182.91M (Peak 182.91M) | Time:00:00.35 | Mem:0.00M, Peak:0.00M | Scene, ViewLayer | Synchronizing object | Front right drilled rotor perforation.059
Fra:1 Mem:182.92M (Peak 182.92M) | Time:00:00.35 | Mem:0.00M, Peak:0.00M | Scene, ViewLayer | Synchronizing object | Front right sidewall lettering.003
Fra:1 Mem:182.94M (Peak 182.94M) | Time:00:00.35 | Mem:0.00M, Peak:0.00M | Scene, ViewLayer | Synchronizing object | Front right drilled rotor perforation.060
Fra:1 Mem:182.96M (Peak 182.96M) | Time:00:00.35 | Mem:0.00M, Peak:0.00M | Scene, ViewLayer | Synchronizing object | Front right sidewall lettering.004
Fra:1 Mem:182.99M (Peak 182.99M) | Time:00:00.35 | Mem:0.00M, Peak:0.00M | Scene, ViewLayer | Synchronizing object | Front right drilled rotor perforation.062
Fra:1 Mem:182.99M (Peak 182.99M) | Time:00:00.35 | Mem:0.00M, Peak:0.00M | Scene, ViewLayer | Synchronizing object | Front right sidewall lettering.005
Fra:1 Mem:183.00M (Peak 183.00M) | Time:00:00.35 | Mem:0.00M, Peak:0.00M | Scene, ViewLayer | Synchronizing object | Front right drilled rotor perforation.063
Fra:1 Mem:183.01M (Peak 183.01M) | Time:00:00.35 | Mem:0.00M, Peak:0.00M | Scene, ViewLayer | Synchronizing object | Front right sidewall lettering.006
Fra:1 Mem:183.04M (Peak 183.04M) | Time:00:00.35 | Mem:0.00M, Peak:0.00M | Scene, ViewLayer | Synchronizing object | Front right drilled rotor perforation.064
Fra:1 Mem:183.04M (Peak 183.04M) | Time:00:00.35 | Mem:0.00M, Peak:0.00M | Scene, ViewLayer | Synchronizing object | Front right drilled rotor perforation.065
Fra:1 Mem:183.05M (Peak 183.05M) | Time:00:00.35 | Mem:0.00M, Peak:0.00M | Scene, ViewLayer | Synchronizing object | Front right drilled rotor perforation.066
Fra:1 Mem:183.07M (Peak 183.07M) | Time:00:00.35 | Mem:0.00M, Peak:0.00M | Scene, ViewLayer | Synchronizing object | Front right sidewall lettering.007
Fra:1 Mem:183.07M (Peak 183.07M) | Time:00:00.35 | Mem:0.00M, Peak:0.00M | Scene, ViewLayer | Synchronizing object | Front right drilled rotor perforation.067
Fra:1 Mem:183.11M (Peak 183.11M) | Time:00:00.35 | Mem:0.00M, Peak:0.00M | Scene, ViewLayer | Synchronizing object | Front right sidewall lettering.008
Fra:1 Mem:183.17M (Peak 183.17M) | Time:00:00.35 | Mem:0.00M, Peak:0.00M | Scene, ViewLayer | Synchronizing object | Front right drilled rotor perforation.069
Fra:1 Mem:183.19M (Peak 183.19M) | Time:00:00.35 | Mem:0.00M, Peak:0.00M | Scene, ViewLayer | Synchronizing object | Front right sidewall lettering.009
Fra:1 Mem:183.21M (Peak 183.21M) | Time:00:00.35 | Mem:0.00M, Peak:0.00M | Scene, ViewLayer | Synchronizing object | Front right sidewall lettering.010
Fra:1 Mem:183.22M (Peak 183.22M) | Time:00:00.35 | Mem:0.00M, Peak:0.00M | Scene, ViewLayer | Synchronizing object | Front right drilled rotor perforation.070
Fra:1 Mem:183.22M (Peak 183.22M) | Time:00:00.35 | Mem:0.00M, Peak:0.00M | Scene, ViewLayer | Synchronizing object | Front right sidewall lettering.011
Fra:1 Mem:183.25M (Peak 183.25M) | Time:00:00.35 | Mem:0.00M, Peak:0.00M | Scene, ViewLayer | Synchronizing object | Front right drilled rotor perforation.071
Fra:1 Mem:183.26M (Peak 183.26M) | Time:00:00.35 | Mem:0.00M, Peak:0.00M | Scene, ViewLayer | Synchronizing object | Front right yellow six-piston caliper
Fra:1 Mem:183.28M (Peak 183.28M) | Time:00:00.35 | Mem:0.00M, Peak:0.00M | Scene, ViewLayer | Synchronizing object | Front right machined split spoke
Fra:1 Mem:183.32M (Peak 183.32M) | Time:00:00.35 | Mem:0.00M, Peak:0.00M | Scene, ViewLayer | Synchronizing object | Front right black spoke pocket
Fra:1 Mem:183.34M (Peak 183.34M) | Time:00:00.35 | Mem:0.00M, Peak:0.00M | Scene, ViewLayer | Synchronizing object | Front right machined split spoke.001
Fra:1 Mem:183.35M (Peak 183.35M) | Time:00:00.35 | Mem:0.00M, Peak:0.00M | Scene, ViewLayer | Synchronizing object | Front right black spoke pocket.001
Fra:1 Mem:183.37M (Peak 183.37M) | Time:00:00.35 | Mem:0.00M, Peak:0.00M | Scene, ViewLayer | Synchronizing object | Front right machined split spoke.002
Fra:1 Mem:183.37M (Peak 183.37M) | Time:00:00.35 | Mem:0.00M, Peak:0.00M | Scene, ViewLayer | Synchronizing object | Front right black spoke pocket.002
Fra:1 Mem:183.40M (Peak 183.40M) | Time:00:00.35 | Mem:0.00M, Peak:0.00M | Scene, ViewLayer | Synchronizing object | Front right machined split spoke.003
Fra:1 Mem:183.41M (Peak 183.41M) | Time:00:00.35 | Mem:0.00M, Peak:0.00M | Scene, ViewLayer | Synchronizing object | Front right black spoke pocket.003
Fra:1 Mem:183.42M (Peak 183.42M) | Time:00:00.35 | Mem:0.00M, Peak:0.00M | Scene, ViewLayer | Synchronizing object | Front right machined split spoke.004
Fra:1 Mem:183.44M (Peak 183.44M) | Time:00:00.35 | Mem:0.00M, Peak:0.00M | Scene, ViewLayer | Synchronizing object | Front right black spoke pocket.004
Fra:1 Mem:183.48M (Peak 183.48M) | Time:00:00.35 | Mem:0.00M, Peak:0.00M | Scene, ViewLayer | Synchronizing object | Front right machined split spoke.005
Fra:1 Mem:183.55M (Peak 183.55M) | Time:00:00.35 | Mem:0.00M, Peak:0.00M | Scene, ViewLayer | Synchronizing object | Front right black spoke pocket.005
Fra:1 Mem:183.60M (Peak 183.60M) | Time:00:00.35 | Mem:0.00M, Peak:0.00M | Scene, ViewLayer | Synchronizing object | Front right machined split spoke.006
Fra:1 Mem:183.62M (Peak 183.62M) | Time:00:00.35 | Mem:0.00M, Peak:0.00M | Scene, ViewLayer | Synchronizing object | Front right black spoke pocket.006
Fra:1 Mem:183.64M (Peak 183.64M) | Time:00:00.35 | Mem:0.00M, Peak:0.00M | Scene, ViewLayer | Synchronizing object | Front right sidewall lettering.012
Fra:1 Mem:183.65M (Peak 183.65M) | Time:00:00.35 | Mem:0.00M, Peak:0.00M | Scene, ViewLayer | Synchronizing object | Front right machined split spoke.007
Fra:1 Mem:183.66M (Peak 183.66M) | Time:00:00.35 | Mem:0.00M, Peak:0.00M | Scene, ViewLayer | Synchronizing object | Front right black spoke pocket.007
Fra:1 Mem:183.67M (Peak 183.67M) | Time:00:00.35 | Mem:0.00M, Peak:0.00M | Scene, ViewLayer | Synchronizing object | Front right sidewall lettering.013
Fra:1 Mem:183.68M (Peak 183.68M) | Time:00:00.35 | Mem:0.00M, Peak:0.00M | Scene, ViewLayer | Synchronizing object | Front right sidewall lettering.014
Fra:1 Mem:183.72M (Peak 183.72M) | Time:00:00.35 | Mem:0.00M, Peak:0.00M | Scene, ViewLayer | Synchronizing object | Front right black spoke pocket.008
Fra:1 Mem:183.84M (Peak 183.84M) | Time:00:00.35 | Mem:0.00M, Peak:0.00M | Scene, ViewLayer | Synchronizing object | Front right machined split spoke.009
Fra:1 Mem:183.88M (Peak 183.88M) | Time:00:00.35 | Mem:0.00M, Peak:0.00M | Scene, ViewLayer | Synchronizing object | Front right black spoke pocket.009
Fra:1 Mem:183.90M (Peak 183.90M) | Time:00:00.35 | Mem:0.00M, Peak:0.00M | Scene, ViewLayer | Synchronizing object | Front right center hub
Fra:1 Mem:183.91M (Peak 183.91M) | Time:00:00.35 | Mem:0.00M, Peak:0.00M | Scene, ViewLayer | Synchronizing object | Front right sidewall lettering.015
Fra:1 Mem:184.02M (Peak 184.02M) | Time:00:00.35 | Mem:0.00M, Peak:0.00M | Scene, ViewLayer | Synchronizing object | Front right center cap ring
Fra:1 Mem:184.04M (Peak 184.04M) | Time:00:00.35 | Mem:0.00M, Peak:0.00M | Scene, ViewLayer | Synchronizing object | Front right sidewall lettering.016
Fra:1 Mem:184.28M (Peak 184.28M) | Time:00:00.35 | Mem:0.00M, Peak:0.00M | Scene, ViewLayer | Synchronizing object | Front right titanium lug nut
Fra:1 Mem:184.28M (Peak 184.28M) | Time:00:00.35 | Mem:0.00M, Peak:0.00M | Scene, ViewLayer | Synchronizing object | Front right titanium lug nut.001
Fra:1 Mem:184.29M (Peak 184.29M) | Time:00:00.35 | Mem:0.00M, Peak:0.00M | Scene, ViewLayer | Synchronizing object | Front right titanium lug nut.002
Fra:1 Mem:184.38M (Peak 184.38M) | Time:00:00.35 | Mem:0.00M, Peak:0.00M | Scene, ViewLayer | Synchronizing object | Front right titanium lug nut.003
Fra:1 Mem:184.43M (Peak 184.43M) | Time:00:00.35 | Mem:0.00M, Peak:0.00M | Scene, ViewLayer | Synchronizing object | Front right titanium lug nut.004
Fra:1 Mem:184.44M (Peak 184.44M) | Time:00:00.35 | Mem:0.00M, Peak:0.00M | Scene, ViewLayer | Synchronizing object | Front right tire valve
Fra:1 Mem:184.46M (Peak 184.46M) | Time:00:00.35 | Mem:0.00M, Peak:0.00M | Scene, ViewLayer | Synchronizing object | Front right sidewall lettering.018
Fra:1 Mem:184.47M (Peak 184.47M) | Time:00:00.35 | Mem:0.00M, Peak:0.00M | Scene, ViewLayer | Synchronizing object | Front right sidewall lettering.019
Fra:1 Mem:184.48M (Peak 184.48M) | Time:00:00.35 | Mem:0.00M, Peak:0.00M | Scene, ViewLayer | Synchronizing object | Front right sidewall lettering.020
Fra:1 Mem:184.49M (Peak 184.49M) | Time:00:00.35 | Mem:0.00M, Peak:0.00M | Scene, ViewLayer | Synchronizing object | Front right sidewall lettering.021
Fra:1 Mem:184.50M (Peak 184.50M) | Time:00:00.35 | Mem:0.00M, Peak:0.00M | Scene, ViewLayer | Synchronizing object | Rear left | tire carcass
Fra:1 Mem:184.53M (Peak 184.53M) | Time:00:00.35 | Mem:0.00M, Peak:0.00M | Scene, ViewLayer | Synchronizing object | Rear left tire molded sidewall ring.001
Fra:1 Mem:184.64M (Peak 184.64M) | Time:00:00.35 | Mem:0.00M, Peak:0.00M | Scene, ViewLayer | Synchronizing object | Rear left tire molded sidewall ring.002
Fra:1 Mem:184.92M (Peak 184.92M) | Time:00:00.35 | Mem:0.00M, Peak:0.00M | Scene, ViewLayer | Synchronizing object | Rear left tire molded sidewall ring
Fra:1 Mem:184.92M (Peak 184.92M) | Time:00:00.35 | Mem:0.00M, Peak:0.00M | Scene, ViewLayer | Synchronizing object | Rear left directional tread | 792 blocks
Fra:1 Mem:185.16M (Peak 185.16M) | Time:00:00.35 | Mem:0.00M, Peak:0.00M | Scene, ViewLayer | Synchronizing object | Rear left cast rim barrel
Fra:1 Mem:185.33M (Peak 185.33M) | Time:00:00.36 | Mem:0.00M, Peak:0.00M | Scene, ViewLayer | Synchronizing object | Rear left diamond-cut outer flange
Fra:1 Mem:185.38M (Peak 185.38M) | Time:00:00.36 | Mem:0.00M, Peak:0.00M | Scene, ViewLayer | Synchronizing object | Rear left inner rim accent
Fra:1 Mem:185.87M (Peak 185.87M) | Time:00:00.36 | Mem:0.00M, Peak:0.00M | Scene, ViewLayer | Synchronizing object | Rear left brake rotor
Fra:1 Mem:185.95M (Peak 185.95M) | Time:00:00.36 | Mem:0.00M, Peak:0.00M | Scene, ViewLayer | Synchronizing object | Rear left rotor outer scoring
Fra:1 Mem:186.11M (Peak 186.11M) | Time:00:00.36 | Mem:0.00M, Peak:0.00M | Scene, ViewLayer | Synchronizing object | Rear left drilled rotor perforation
Fra:1 Mem:186.13M (Peak 186.13M) | Time:00:00.36 | Mem:0.00M, Peak:0.00M | Scene, ViewLayer | Synchronizing object | Rear left drilled rotor perforation.001
Fra:1 Mem:186.24M (Peak 186.24M) | Time:00:00.36 | Mem:0.00M, Peak:0.00M | Scene, ViewLayer | Synchronizing object | Rear left drilled rotor perforation.002
Fra:1 Mem:186.25M (Peak 186.25M) | Time:00:00.36 | Mem:0.00M, Peak:0.00M | Scene, ViewLayer | Synchronizing object | Rear left drilled rotor perforation.003
Fra:1 Mem:186.30M (Peak 186.30M) | Time:00:00.36 | Mem:0.00M, Peak:0.00M | Scene, ViewLayer | Synchronizing object | Rear left drilled rotor perforation.004
Fra:1 Mem:186.41M (Peak 186.41M) | Time:00:00.36 | Mem:0.00M, Peak:0.00M | Scene, ViewLayer | Synchronizing object | Rear left drilled rotor perforation.005
Fra:1 Mem:186.34M (Peak 186.41M) | Time:00:00.36 | Mem:0.00M, Peak:0.00M | Scene, ViewLayer | Synchronizing object | Rear left drilled rotor perforation.006
Fra:1 Mem:186.34M (Peak 186.41M) | Time:00:00.36 | Mem:0.00M, Peak:0.00M | Scene, ViewLayer | Synchronizing object | Rear left caliper marking
Fra:1 Mem:186.51M (Peak 186.51M) | Time:00:00.36 | Mem:0.00M, Peak:0.00M | Scene, ViewLayer | Synchronizing object | Rear left drilled rotor perforation.009
Fra:1 Mem:186.53M (Peak 186.53M) | Time:00:00.36 | Mem:0.00M, Peak:0.00M | Scene, ViewLayer | Synchronizing object | Rear left drilled rotor perforation.010
Fra:1 Mem:186.82M (Peak 186.82M) | Time:00:00.36 | Mem:0.00M, Peak:0.00M | Scene, ViewLayer | Synchronizing object | Rear left drilled rotor perforation.011
Fra:1 Mem:186.85M (Peak 186.85M) | Time:00:00.36 | Mem:0.00M, Peak:0.00M | Scene, ViewLayer | Synchronizing object | Rear left drilled rotor perforation.012
Fra:1 Mem:186.96M (Peak 186.96M) | Time:00:00.36 | Mem:0.00M, Peak:0.00M | Scene, ViewLayer | Synchronizing object | Rear left drilled rotor perforation.013
Fra:1 Mem:186.97M (Peak 186.97M) | Time:00:00.36 | Mem:0.00M, Peak:0.00M | Scene, ViewLayer | Synchronizing object | Rear left drilled rotor perforation.014
Fra:1 Mem:186.99M (Peak 186.99M) | Time:00:00.36 | Mem:0.00M, Peak:0.00M | Scene, ViewLayer | Synchronizing object | Rear left drilled rotor perforation.016
Fra:1 Mem:187.12M (Peak 187.12M) | Time:00:00.36 | Mem:0.00M, Peak:0.00M | Scene, ViewLayer | Synchronizing object | Rear left drilled rotor perforation.017
Fra:1 Mem:187.14M (Peak 187.14M) | Time:00:00.36 | Mem:0.00M, Peak:0.00M | Scene, ViewLayer | Synchronizing object | Rear left drilled rotor perforation.018
Fra:1 Mem:187.16M (Peak 187.16M) | Time:00:00.36 | Mem:0.00M, Peak:0.00M | Scene, ViewLayer | Synchronizing object | Rear left drilled rotor perforation.019
Fra:1 Mem:187.16M (Peak 187.16M) | Time:00:00.36 | Mem:0.00M, Peak:0.00M | Scene, ViewLayer | Synchronizing object | Rear left drilled rotor perforation.020
Fra:1 Mem:187.17M (Peak 187.17M) | Time:00:00.36 | Mem:0.00M, Peak:0.00M | Scene, ViewLayer | Synchronizing object | Rear left drilled rotor perforation.021
Fra:1 Mem:187.18M (Peak 187.18M) | Time:00:00.36 | Mem:0.00M, Peak:0.00M | Scene, ViewLayer | Synchronizing object | Rear left drilled rotor perforation.022
Fra:1 Mem:187.19M (Peak 187.19M) | Time:00:00.36 | Mem:0.00M, Peak:0.00M | Scene, ViewLayer | Synchronizing object | Rear left drilled rotor perforation.023
Fra:1 Mem:187.20M (Peak 187.20M) | Time:00:00.36 | Mem:0.00M, Peak:0.00M | Scene, ViewLayer | Synchronizing object | Rear left drilled rotor perforation.024
Fra:1 Mem:187.23M (Peak 187.23M) | Time:00:00.36 | Mem:0.00M, Peak:0.00M | Scene, ViewLayer | Synchronizing object | Rear left drilled rotor perforation.025
Fra:1 Mem:187.23M (Peak 187.23M) | Time:00:00.36 | Mem:0.00M, Peak:0.00M | Scene, ViewLayer | Synchronizing object | Rear left drilled rotor perforation.026
Fra:1 Mem:187.26M (Peak 187.26M) | Time:00:00.36 | Mem:0.00M, Peak:0.00M | Scene, ViewLayer | Synchronizing object | Rear left drilled rotor perforation.027
Fra:1 Mem:187.28M (Peak 187.28M) | Time:00:00.36 | Mem:0.00M, Peak:0.00M | Scene, ViewLayer | Synchronizing object | Rear left drilled rotor perforation.028
Fra:1 Mem:187.28M (Peak 187.28M) | Time:00:00.36 | Mem:0.00M, Peak:0.00M | Scene, ViewLayer | Synchronizing object | Rear left drilled rotor perforation.029
Fra:1 Mem:187.34M (Peak 187.34M) | Time:00:00.36 | Mem:0.00M, Peak:0.00M | Scene, ViewLayer | Synchronizing object | Rear left drilled rotor perforation.030
Fra:1 Mem:187.36M (Peak 187.36M) | Time:00:00.36 | Mem:0.00M, Peak:0.00M | Scene, ViewLayer | Synchronizing object | Rear left drilled rotor perforation.031
Fra:1 Mem:187.37M (Peak 187.37M) | Time:00:00.36 | Mem:0.00M, Peak:0.00M | Scene, ViewLayer | Synchronizing object | Rear left drilled rotor perforation.032
Fra:1 Mem:187.50M (Peak 187.50M) | Time:00:00.36 | Mem:0.00M, Peak:0.00M | Scene, ViewLayer | Synchronizing object | Rear left drilled rotor perforation.033
Fra:1 Mem:187.52M (Peak 187.52M) | Time:00:00.36 | Mem:0.00M, Peak:0.00M | Scene, ViewLayer | Synchronizing object | Rear left drilled rotor perforation.034
Fra:1 Mem:187.54M (Peak 187.54M) | Time:00:00.36 | Mem:0.00M, Peak:0.00M | Scene, ViewLayer | Synchronizing object | Rear left drilled rotor perforation.035
Fra:1 Mem:187.43M (Peak 187.54M) | Time:00:00.36 | Mem:0.00M, Peak:0.00M | Scene, ViewLayer | Synchronizing object | Rear left drilled rotor perforation.036
Fra:1 Mem:187.46M (Peak 187.54M) | Time:00:00.36 | Mem:0.00M, Peak:0.00M | Scene, ViewLayer | Synchronizing object | Rear left drilled rotor perforation.037
Fra:1 Mem:187.47M (Peak 187.54M) | Time:00:00.36 | Mem:0.00M, Peak:0.00M | Scene, ViewLayer | Synchronizing object | Rear left drilled rotor perforation.039
Fra:1 Mem:187.49M (Peak 187.54M) | Time:00:00.36 | Mem:0.00M, Peak:0.00M | Scene, ViewLayer | Synchronizing object | Rear left drilled rotor perforation.040
Fra:1 Mem:187.49M (Peak 187.54M) | Time:00:00.36 | Mem:0.00M, Peak:0.00M | Scene, ViewLayer | Synchronizing object | Rear left drilled rotor perforation.041
Fra:1 Mem:187.52M (Peak 187.54M) | Time:00:00.36 | Mem:0.00M, Peak:0.00M | Scene, ViewLayer | Synchronizing object | Rear left drilled rotor perforation.042
Fra:1 Mem:187.54M (Peak 187.54M) | Time:00:00.36 | Mem:0.00M, Peak:0.00M | Scene, ViewLayer | Synchronizing object | Rear left drilled rotor perforation.043
Fra:1 Mem:187.53M (Peak 187.54M) | Time:00:00.36 | Mem:0.00M, Peak:0.00M | Scene, ViewLayer | Synchronizing object | Rear left drilled rotor perforation.044
Fra:1 Mem:187.56M (Peak 187.56M) | Time:00:00.36 | Mem:0.00M, Peak:0.00M | Scene, ViewLayer | Synchronizing object | Rear left center mi logo
Fra:1 Mem:187.58M (Peak 187.58M) | Time:00:00.36 | Mem:0.00M, Peak:0.00M | Scene, ViewLayer | Synchronizing object | Rear left drilled rotor perforation.045
Fra:1 Mem:187.62M (Peak 187.62M) | Time:00:00.36 | Mem:0.00M, Peak:0.00M | Scene, ViewLayer | Synchronizing object | Rear left drilled rotor perforation.047
Fra:1 Mem:187.65M (Peak 187.65M) | Time:00:00.36 | Mem:0.00M, Peak:0.00M | Scene, ViewLayer | Synchronizing object | Rear left drilled rotor perforation.048
Fra:1 Mem:187.75M (Peak 187.75M) | Time:00:00.36 | Mem:0.00M, Peak:0.00M | Scene, ViewLayer | Synchronizing object | Rear left drilled rotor perforation.049
Fra:1 Mem:187.78M (Peak 187.78M) | Time:00:00.36 | Mem:0.00M, Peak:0.00M | Scene, ViewLayer | Synchronizing object | Rear left drilled rotor perforation.050
Fra:1 Mem:187.87M (Peak 187.87M) | Time:00:00.36 | Mem:0.00M, Peak:0.00M | Scene, ViewLayer | Synchronizing object | Rear left drilled rotor perforation.052
Fra:1 Mem:187.87M (Peak 187.87M) | Time:00:00.36 | Mem:0.00M, Peak:0.00M | Scene, ViewLayer | Synchronizing object | Rear left drilled rotor perforation.053
Fra:1 Mem:187.88M (Peak 187.88M) | Time:00:00.36 | Mem:0.00M, Peak:0.00M | Scene, ViewLayer | Synchronizing object | Rear left drilled rotor perforation.054
Fra:1 Mem:187.92M (Peak 187.92M) | Time:00:00.36 | Mem:0.00M, Peak:0.00M | Scene, ViewLayer | Synchronizing object | Rear left drilled rotor perforation.055
Fra:1 Mem:187.95M (Peak 187.95M) | Time:00:00.36 | Mem:0.00M, Peak:0.00M | Scene, ViewLayer | Synchronizing object | Rear left drilled rotor perforation.057
Fra:1 Mem:187.99M (Peak 187.99M) | Time:00:00.36 | Mem:0.00M, Peak:0.00M | Scene, ViewLayer | Synchronizing object | Rear left drilled rotor perforation.058
Fra:1 Mem:187.98M (Peak 187.99M) | Time:00:00.36 | Mem:0.00M, Peak:0.00M | Scene, ViewLayer | Synchronizing object | Rear left drilled rotor perforation.059
Fra:1 Mem:188.02M (Peak 188.02M) | Time:00:00.36 | Mem:0.00M, Peak:0.00M | Scene, ViewLayer | Synchronizing object | Rear left drilled rotor perforation.060
Fra:1 Mem:188.01M (Peak 188.02M) | Time:00:00.36 | Mem:0.00M, Peak:0.00M | Scene, ViewLayer | Synchronizing object | Rear left drilled rotor perforation.061
Fra:1 Mem:188.03M (Peak 188.03M) | Time:00:00.36 | Mem:0.00M, Peak:0.00M | Scene, ViewLayer | Synchronizing object | Rear left drilled rotor perforation.063
Fra:1 Mem:188.05M (Peak 188.05M) | Time:00:00.36 | Mem:0.00M, Peak:0.00M | Scene, ViewLayer | Synchronizing object | Rear left drilled rotor perforation.064
Fra:1 Mem:188.06M (Peak 188.06M) | Time:00:00.36 | Mem:0.00M, Peak:0.00M | Scene, ViewLayer | Synchronizing object | Rear left drilled rotor perforation.065
Fra:1 Mem:188.07M (Peak 188.07M) | Time:00:00.36 | Mem:0.00M, Peak:0.00M | Scene, ViewLayer | Synchronizing object | Rear left sidewall lettering.001
Fra:1 Mem:188.09M (Peak 188.09M) | Time:00:00.36 | Mem:0.00M, Peak:0.00M | Scene, ViewLayer | Synchronizing object | Rear left sidewall lettering.002
Fra:1 Mem:188.15M (Peak 188.15M) | Time:00:00.36 | Mem:0.00M, Peak:0.00M | Scene, ViewLayer | Synchronizing object | Rear left drilled rotor perforation.066
Fra:1 Mem:188.25M (Peak 188.25M) | Time:00:00.36 | Mem:0.00M, Peak:0.00M | Scene, ViewLayer | Synchronizing object | Rear left drilled rotor perforation.068
Fra:1 Mem:188.28M (Peak 188.28M) | Time:00:00.36 | Mem:0.00M, Peak:0.00M | Scene, ViewLayer | Synchronizing object | Rear left drilled rotor perforation.069
Fra:1 Mem:188.30M (Peak 188.30M) | Time:00:00.36 | Mem:0.00M, Peak:0.00M | Scene, ViewLayer | Synchronizing object | Rear left drilled rotor perforation.071
Fra:1 Mem:188.35M (Peak 188.35M) | Time:00:00.36 | Mem:0.00M, Peak:0.00M | Scene, ViewLayer | Synchronizing object | Rear left brake disc bell
Fra:1 Mem:188.38M (Peak 188.38M) | Time:00:00.36 | Mem:0.00M, Peak:0.00M | Scene, ViewLayer | Synchronizing object | Rear left machined split spoke
Fra:1 Mem:188.40M (Peak 188.40M) | Time:00:00.36 | Mem:0.00M, Peak:0.00M | Scene, ViewLayer | Synchronizing object | Rear left sidewall lettering.004
Fra:1 Mem:188.42M (Peak 188.42M) | Time:00:00.36 | Mem:0.00M, Peak:0.00M | Scene, ViewLayer | Synchronizing object | Rear left machined split spoke.001
Fra:1 Mem:188.44M (Peak 188.44M) | Time:00:00.36 | Mem:0.00M, Peak:0.00M | Scene, ViewLayer | Synchronizing object | Rear left black spoke pocket.001
Fra:1 Mem:188.48M (Peak 188.48M) | Time:00:00.36 | Mem:0.00M, Peak:0.00M | Scene, ViewLayer | Synchronizing object | Rear left sidewall lettering.005
Fra:1 Mem:188.49M (Peak 188.49M) | Time:00:00.36 | Mem:0.00M, Peak:0.00M | Scene, ViewLayer | Synchronizing object | Rear left machined split spoke.003
Fra:1 Mem:188.52M (Peak 188.52M) | Time:00:00.36 | Mem:0.00M, Peak:0.00M | Scene, ViewLayer | Synchronizing object | Rear left sidewall lettering.006
Fra:1 Mem:188.53M (Peak 188.53M) | Time:00:00.36 | Mem:0.00M, Peak:0.00M | Scene, ViewLayer | Synchronizing object | Rear left black spoke pocket.003
Fra:1 Mem:188.55M (Peak 188.55M) | Time:00:00.36 | Mem:0.00M, Peak:0.00M | Scene, ViewLayer | Synchronizing object | Rear left black spoke pocket.004
Fra:1 Mem:188.57M (Peak 188.57M) | Time:00:00.36 | Mem:0.00M, Peak:0.00M | Scene, ViewLayer | Synchronizing object | Rear left sidewall lettering.007
Fra:1 Mem:188.58M (Peak 188.58M) | Time:00:00.36 | Mem:0.00M, Peak:0.00M | Scene, ViewLayer | Synchronizing object | Rear left machined split spoke.006
Fra:1 Mem:188.61M (Peak 188.61M) | Time:00:00.36 | Mem:0.00M, Peak:0.00M | Scene, ViewLayer | Synchronizing object | Rear left black spoke pocket.006
Fra:1 Mem:188.61M (Peak 188.61M) | Time:00:00.36 | Mem:0.00M, Peak:0.00M | Scene, ViewLayer | Synchronizing object | Rear left machined split spoke.007
Fra:1 Mem:188.63M (Peak 188.63M) | Time:00:00.36 | Mem:0.00M, Peak:0.00M | Scene, ViewLayer | Synchronizing object | Rear left black spoke pocket.007
Fra:1 Mem:188.63M (Peak 188.63M) | Time:00:00.36 | Mem:0.00M, Peak:0.00M | Scene, ViewLayer | Synchronizing object | Rear left machined split spoke.008
Fra:1 Mem:188.66M (Peak 188.66M) | Time:00:00.36 | Mem:0.00M, Peak:0.00M | Scene, ViewLayer | Synchronizing object | Rear left black spoke pocket.008
Fra:1 Mem:188.68M (Peak 188.68M) | Time:00:00.36 | Mem:0.00M, Peak:0.00M | Scene, ViewLayer | Synchronizing object | Rear left machined split spoke.009
Fra:1 Mem:188.69M (Peak 188.69M) | Time:00:00.36 | Mem:0.00M, Peak:0.00M | Scene, ViewLayer | Synchronizing object | Rear left black spoke pocket.009
Fra:1 Mem:188.71M (Peak 188.71M) | Time:00:00.36 | Mem:0.00M, Peak:0.00M | Scene, ViewLayer | Synchronizing object | Rear left center hub
Fra:1 Mem:188.71M (Peak 188.71M) | Time:00:00.36 | Mem:0.00M, Peak:0.00M | Scene, ViewLayer | Synchronizing object | Rear left center cap ring
Fra:1 Mem:188.76M (Peak 188.76M) | Time:00:00.36 | Mem:0.00M, Peak:0.00M | Scene, ViewLayer | Synchronizing object | Rear left sidewall lettering.008
Fra:1 Mem:188.93M (Peak 188.93M) | Time:00:00.36 | Mem:0.00M, Peak:0.00M | Scene, ViewLayer | Synchronizing object | Rear left titanium lug nut
Fra:1 Mem:188.94M (Peak 188.94M) | Time:00:00.36 | Mem:0.00M, Peak:0.00M | Scene, ViewLayer | Synchronizing object | Rear left titanium lug nut.001
Fra:1 Mem:188.94M (Peak 188.94M) | Time:00:00.36 | Mem:0.00M, Peak:0.00M | Scene, ViewLayer | Synchronizing object | Rear left titanium lug nut.002
Fra:1 Mem:188.97M (Peak 188.97M) | Time:00:00.36 | Mem:0.00M, Peak:0.00M | Scene, ViewLayer | Synchronizing object | Rear left titanium lug nut.003
Fra:1 Mem:188.96M (Peak 188.97M) | Time:00:00.36 | Mem:0.00M, Peak:0.00M | Scene, ViewLayer | Synchronizing object | Rear left titanium lug nut.004
Fra:1 Mem:189.02M (Peak 189.02M) | Time:00:00.36 | Mem:0.00M, Peak:0.00M | Scene, ViewLayer | Synchronizing object | Rear left tire valve
Fra:1 Mem:189.03M (Peak 189.03M) | Time:00:00.36 | Mem:0.00M, Peak:0.00M | Scene, ViewLayer | Synchronizing object | Rear left sidewall lettering.009
Fra:1 Mem:189.03M (Peak 189.03M) | Time:00:00.36 | Mem:0.00M, Peak:0.00M | Scene, ViewLayer | Synchronizing object | Rear left sidewall lettering.010
Fra:1 Mem:189.04M (Peak 189.04M) | Time:00:00.36 | Mem:0.00M, Peak:0.00M | Scene, ViewLayer | Synchronizing object | Rear left sidewall lettering.011
Fra:1 Mem:189.17M (Peak 189.17M) | Time:00:00.36 | Mem:0.00M, Peak:0.00M | Scene, ViewLayer | Synchronizing object | Rear left sidewall lettering.012
Fra:1 Mem:189.19M (Peak 189.19M) | Time:00:00.36 | Mem:0.00M, Peak:0.00M | Scene, ViewLayer | Synchronizing object | Rear left sidewall lettering.013
Fra:1 Mem:189.19M (Peak 189.19M) | Time:00:00.36 | Mem:0.00M, Peak:0.00M | Scene, ViewLayer | Synchronizing object | Rear left sidewall lettering.014
Fra:1 Mem:189.36M (Peak 189.36M) | Time:00:00.36 | Mem:0.00M, Peak:0.00M | Scene, ViewLayer | Synchronizing object | Rear left sidewall lettering.015
Fra:1 Mem:189.44M (Peak 189.44M) | Time:00:00.36 | Mem:0.00M, Peak:0.00M | Scene, ViewLayer | Synchronizing object | Rear left sidewall lettering.016
Fra:1 Mem:189.57M (Peak 189.57M) | Time:00:00.36 | Mem:0.00M, Peak:0.00M | Scene, ViewLayer | Synchronizing object | Rear left sidewall lettering.017
Fra:1 Mem:189.70M (Peak 189.70M) | Time:00:00.36 | Mem:0.00M, Peak:0.00M | Scene, ViewLayer | Synchronizing object | Rear left sidewall lettering.018
Fra:1 Mem:189.71M (Peak 189.71M) | Time:00:00.36 | Mem:0.00M, Peak:0.00M | Scene, ViewLayer | Synchronizing object | Rear left sidewall lettering.019
Fra:1 Mem:189.71M (Peak 189.71M) | Time:00:00.36 | Mem:0.00M, Peak:0.00M | Scene, ViewLayer | Synchronizing object | Rear left sidewall lettering.020
Fra:1 Mem:189.73M (Peak 189.73M) | Time:00:00.36 | Mem:0.00M, Peak:0.00M | Scene, ViewLayer | Synchronizing object | Rear left sidewall lettering.021
Fra:1 Mem:189.74M (Peak 189.74M) | Time:00:00.36 | Mem:0.00M, Peak:0.00M | Scene, ViewLayer | Synchronizing object | Rear right | tire carcass
Fra:1 Mem:189.74M (Peak 189.74M) | Time:00:00.36 | Mem:0.00M, Peak:0.00M | Scene, ViewLayer | Synchronizing object | Rear right tire molded sidewall ring.001
Fra:1 Mem:189.93M (Peak 189.93M) | Time:00:00.37 | Mem:0.00M, Peak:0.00M | Scene, ViewLayer | Synchronizing object | Rear right tire molded sidewall ring.002
Fra:1 Mem:190.14M (Peak 190.14M) | Time:00:00.37 | Mem:0.00M, Peak:0.00M | Scene, ViewLayer | Synchronizing object | Rear right tire molded sidewall ring
Fra:1 Mem:190.19M (Peak 190.19M) | Time:00:00.37 | Mem:0.00M, Peak:0.00M | Scene, ViewLayer | Synchronizing object | Rear right directional tread | 792 blocks
Fra:1 Mem:190.39M (Peak 190.39M) | Time:00:00.37 | Mem:0.00M, Peak:0.00M | Scene, ViewLayer | Synchronizing object | Rear right cast rim barrel
Fra:1 Mem:190.81M (Peak 190.81M) | Time:00:00.37 | Mem:0.00M, Peak:0.00M | Scene, ViewLayer | Synchronizing object | Rear right diamond-cut outer flange
Fra:1 Mem:190.95M (Peak 190.95M) | Time:00:00.37 | Mem:0.00M, Peak:0.00M | Scene, ViewLayer | Synchronizing object | Rear right inner rim accent
Fra:1 Mem:191.27M (Peak 191.27M) | Time:00:00.37 | Mem:0.00M, Peak:0.00M | Scene, ViewLayer | Synchronizing object | Rear right brake rotor
Fra:1 Mem:191.28M (Peak 191.28M) | Time:00:00.37 | Mem:0.00M, Peak:0.00M | Scene, ViewLayer | Synchronizing object | Rear right rotor outer scoring
Fra:1 Mem:191.40M (Peak 191.40M) | Time:00:00.37 | Mem:0.00M, Peak:0.00M | Scene, ViewLayer | Synchronizing object | Rear right drilled rotor perforation
Fra:1 Mem:191.59M (Peak 191.59M) | Time:00:00.37 | Mem:0.00M, Peak:0.00M | Scene, ViewLayer | Synchronizing object | Rear right drilled rotor perforation.001
Fra:1 Mem:191.50M (Peak 191.59M) | Time:00:00.37 | Mem:0.00M, Peak:0.00M | Scene, ViewLayer | Synchronizing object | Rear right drilled rotor perforation.002
Fra:1 Mem:191.52M (Peak 191.59M) | Time:00:00.37 | Mem:0.00M, Peak:0.00M | Scene, ViewLayer | Synchronizing object | Rear right drilled rotor perforation.003
Fra:1 Mem:191.52M (Peak 191.59M) | Time:00:00.37 | Mem:0.00M, Peak:0.00M | Scene, ViewLayer | Synchronizing object | Rear right drilled rotor perforation.004
Fra:1 Mem:191.55M (Peak 191.59M) | Time:00:00.37 | Mem:0.00M, Peak:0.00M | Scene, ViewLayer | Synchronizing object | Rear right drilled rotor perforation.005
Fra:1 Mem:191.55M (Peak 191.59M) | Time:00:00.37 | Mem:0.00M, Peak:0.00M | Scene, ViewLayer | Synchronizing object | Rear right drilled rotor perforation.006
Fra:1 Mem:191.58M (Peak 191.59M) | Time:00:00.37 | Mem:0.00M, Peak:0.00M | Scene, ViewLayer | Synchronizing object | Rear right drilled rotor perforation.007
Fra:1 Mem:191.59M (Peak 191.59M) | Time:00:00.37 | Mem:0.00M, Peak:0.00M | Scene, ViewLayer | Synchronizing object | Rear right drilled rotor perforation.008
Fra:1 Mem:191.61M (Peak 191.61M) | Time:00:00.37 | Mem:0.00M, Peak:0.00M | Scene, ViewLayer | Synchronizing object | Rear right drilled rotor perforation.009
Fra:1 Mem:191.62M (Peak 191.62M) | Time:00:00.37 | Mem:0.00M, Peak:0.00M | Scene, ViewLayer | Synchronizing object | Rear right drilled rotor perforation.010
Fra:1 Mem:191.64M (Peak 191.64M) | Time:00:00.37 | Mem:0.00M, Peak:0.00M | Scene, ViewLayer | Synchronizing object | Rear right drilled rotor perforation.011
Fra:1 Mem:191.65M (Peak 191.65M) | Time:00:00.37 | Mem:0.00M, Peak:0.00M | Scene, ViewLayer | Synchronizing object | Rear right drilled rotor perforation.013
Fra:1 Mem:191.65M (Peak 191.65M) | Time:00:00.37 | Mem:0.00M, Peak:0.00M | Scene, ViewLayer | Synchronizing object | Rear right drilled rotor perforation.014
Fra:1 Mem:191.68M (Peak 191.68M) | Time:00:00.37 | Mem:0.00M, Peak:0.00M | Scene, ViewLayer | Synchronizing object | Rear right drilled rotor perforation.015
Fra:1 Mem:191.70M (Peak 191.70M) | Time:00:00.37 | Mem:0.00M, Peak:0.00M | Scene, ViewLayer | Synchronizing object | Rear right drilled rotor perforation.016
Fra:1 Mem:191.71M (Peak 191.71M) | Time:00:00.37 | Mem:0.00M, Peak:0.00M | Scene, ViewLayer | Synchronizing object | Rear right drilled rotor perforation.017
Fra:1 Mem:191.85M (Peak 191.85M) | Time:00:00.37 | Mem:0.00M, Peak:0.00M | Scene, ViewLayer | Synchronizing object | Rear right drilled rotor perforation.018
Fra:1 Mem:191.86M (Peak 191.86M) | Time:00:00.37 | Mem:0.00M, Peak:0.00M | Scene, ViewLayer | Synchronizing object | Rear right drilled rotor perforation.019
Fra:1 Mem:191.88M (Peak 191.88M) | Time:00:00.37 | Mem:0.00M, Peak:0.00M | Scene, ViewLayer | Synchronizing object | Rear right drilled rotor perforation.020
Fra:1 Mem:192.20M (Peak 192.20M) | Time:00:00.37 | Mem:0.00M, Peak:0.00M | Scene, ViewLayer | Synchronizing object | Rear right drilled rotor perforation.021
Fra:1 Mem:192.20M (Peak 192.20M) | Time:00:00.37 | Mem:0.00M, Peak:0.00M | Scene, ViewLayer | Synchronizing object | Rear right drilled rotor perforation.022
Fra:1 Mem:192.34M (Peak 192.34M) | Time:00:00.37 | Mem:0.00M, Peak:0.00M | Scene, ViewLayer | Synchronizing object | Rear right drilled rotor perforation.023
Fra:1 Mem:192.44M (Peak 192.44M) | Time:00:00.37 | Mem:0.00M, Peak:0.00M | Scene, ViewLayer | Synchronizing object | Rear right drilled rotor perforation.024
Fra:1 Mem:192.45M (Peak 192.45M) | Time:00:00.37 | Mem:0.00M, Peak:0.00M | Scene, ViewLayer | Synchronizing object | Rear right drilled rotor perforation.025
Fra:1 Mem:192.48M (Peak 192.48M) | Time:00:00.37 | Mem:0.00M, Peak:0.00M | Scene, ViewLayer | Synchronizing object | Rear right drilled rotor perforation.026
Fra:1 Mem:192.48M (Peak 192.48M) | Time:00:00.37 | Mem:0.00M, Peak:0.00M | Scene, ViewLayer | Synchronizing object | Rear right drilled rotor perforation.027
Fra:1 Mem:192.51M (Peak 192.51M) | Time:00:00.37 | Mem:0.00M, Peak:0.00M | Scene, ViewLayer | Synchronizing object | Rear right drilled rotor perforation.028
Fra:1 Mem:192.52M (Peak 192.52M) | Time:00:00.37 | Mem:0.00M, Peak:0.00M | Scene, ViewLayer | Synchronizing object | Rear right drilled rotor perforation.029
Fra:1 Mem:192.53M (Peak 192.53M) | Time:00:00.37 | Mem:0.00M, Peak:0.00M | Scene, ViewLayer | Synchronizing object | Rear right drilled rotor perforation.030
Fra:1 Mem:192.55M (Peak 192.55M) | Time:00:00.37 | Mem:0.00M, Peak:0.00M | Scene, ViewLayer | Synchronizing object | Rear right drilled rotor perforation.031
Fra:1 Mem:192.55M (Peak 192.55M) | Time:00:00.37 | Mem:0.00M, Peak:0.00M | Scene, ViewLayer | Synchronizing object | Rear right drilled rotor perforation.032
Fra:1 Mem:192.62M (Peak 192.62M) | Time:00:00.37 | Mem:0.00M, Peak:0.00M | Scene, ViewLayer | Synchronizing object | Rear right drilled rotor perforation.033
Fra:1 Mem:192.63M (Peak 192.63M) | Time:00:00.37 | Mem:0.00M, Peak:0.00M | Scene, ViewLayer | Synchronizing object | Rear right drilled rotor perforation.034
Fra:1 Mem:192.65M (Peak 192.65M) | Time:00:00.37 | Mem:0.00M, Peak:0.00M | Scene, ViewLayer | Synchronizing object | Rear right drilled rotor perforation.035
Fra:1 Mem:192.66M (Peak 192.66M) | Time:00:00.37 | Mem:0.00M, Peak:0.00M | Scene, ViewLayer | Synchronizing object | Rear right drilled rotor perforation.036
Fra:1 Mem:192.68M (Peak 192.68M) | Time:00:00.37 | Mem:0.00M, Peak:0.00M | Scene, ViewLayer | Synchronizing object | Rear right drilled rotor perforation.037
Fra:1 Mem:192.69M (Peak 192.69M) | Time:00:00.37 | Mem:0.00M, Peak:0.00M | Scene, ViewLayer | Synchronizing object | Rear right drilled rotor perforation.038
Fra:1 Mem:192.71M (Peak 192.71M) | Time:00:00.37 | Mem:0.00M, Peak:0.00M | Scene, ViewLayer | Synchronizing object | Rear right drilled rotor perforation.039
Fra:1 Mem:192.72M (Peak 192.72M) | Time:00:00.37 | Mem:0.00M, Peak:0.00M | Scene, ViewLayer | Synchronizing object | Rear right drilled rotor perforation.040
Fra:1 Mem:192.75M (Peak 192.75M) | Time:00:00.37 | Mem:0.00M, Peak:0.00M | Scene, ViewLayer | Synchronizing object | Rear right drilled rotor perforation.041
Fra:1 Mem:192.76M (Peak 192.76M) | Time:00:00.37 | Mem:0.00M, Peak:0.00M | Scene, ViewLayer | Synchronizing object | Rear right center mi logo
Fra:1 Mem:192.77M (Peak 192.77M) | Time:00:00.37 | Mem:0.00M, Peak:0.00M | Scene, ViewLayer | Synchronizing object | Rear right drilled rotor perforation.042
Fra:1 Mem:192.83M (Peak 192.83M) | Time:00:00.37 | Mem:0.00M, Peak:0.00M | Scene, ViewLayer | Synchronizing object | Rear right drilled rotor perforation.043
Fra:1 Mem:192.93M (Peak 192.93M) | Time:00:00.37 | Mem:0.00M, Peak:0.00M | Scene, ViewLayer | Synchronizing object | Rear right drilled rotor perforation.044
Fra:1 Mem:192.95M (Peak 192.95M) | Time:00:00.37 | Mem:0.00M, Peak:0.00M | Scene, ViewLayer | Synchronizing object | Rear right drilled rotor perforation.045
Fra:1 Mem:192.95M (Peak 192.95M) | Time:00:00.37 | Mem:0.00M, Peak:0.00M | Scene, ViewLayer | Synchronizing object | Rear right drilled rotor perforation.046
Fra:1 Mem:193.05M (Peak 193.05M) | Time:00:00.37 | Mem:0.00M, Peak:0.00M | Scene, ViewLayer | Synchronizing object | Rear right drilled rotor perforation.047
Fra:1 Mem:193.06M (Peak 193.06M) | Time:00:00.37 | Mem:0.00M, Peak:0.00M | Scene, ViewLayer | Synchronizing object | Rear right drilled rotor perforation.048
Fra:1 Mem:193.08M (Peak 193.08M) | Time:00:00.37 | Mem:0.00M, Peak:0.00M | Scene, ViewLayer | Synchronizing object | Rear right drilled rotor perforation.049
Fra:1 Mem:193.09M (Peak 193.09M) | Time:00:00.37 | Mem:0.00M, Peak:0.00M | Scene, ViewLayer | Synchronizing object | Rear right drilled rotor perforation.050
Fra:1 Mem:193.12M (Peak 193.12M) | Time:00:00.37 | Mem:0.00M, Peak:0.00M | Scene, ViewLayer | Synchronizing object | Rear right drilled rotor perforation.051
Fra:1 Mem:193.12M (Peak 193.12M) | Time:00:00.37 | Mem:0.00M, Peak:0.00M | Scene, ViewLayer | Synchronizing object | Rear right drilled rotor perforation.052
Fra:1 Mem:193.15M (Peak 193.15M) | Time:00:00.37 | Mem:0.00M, Peak:0.00M | Scene, ViewLayer | Synchronizing object | Rear right sidewall lettering
Fra:1 Mem:193.15M (Peak 193.15M) | Time:00:00.37 | Mem:0.00M, Peak:0.00M | Scene, ViewLayer | Synchronizing object | Rear right drilled rotor perforation.053
Fra:1 Mem:193.18M (Peak 193.18M) | Time:00:00.37 | Mem:0.00M, Peak:0.00M | Scene, ViewLayer | Synchronizing object | Rear right drilled rotor perforation.054
Fra:1 Mem:193.18M (Peak 193.18M) | Time:00:00.37 | Mem:0.00M, Peak:0.00M | Scene, ViewLayer | Synchronizing object | Rear right drilled rotor perforation.055
Fra:1 Mem:193.21M (Peak 193.21M) | Time:00:00.37 | Mem:0.00M, Peak:0.00M | Scene, ViewLayer | Synchronizing object | Rear right sidewall lettering.001
Fra:1 Mem:193.21M (Peak 193.21M) | Time:00:00.37 | Mem:0.00M, Peak:0.00M | Scene, ViewLayer | Synchronizing object | Rear right drilled rotor perforation.056
Fra:1 Mem:193.23M (Peak 193.23M) | Time:00:00.37 | Mem:0.00M, Peak:0.00M | Scene, ViewLayer | Synchronizing object | Rear right sidewall lettering.002
Fra:1 Mem:193.23M (Peak 193.23M) | Time:00:00.37 | Mem:0.00M, Peak:0.00M | Scene, ViewLayer | Synchronizing object | Rear right drilled rotor perforation.057
Fra:1 Mem:193.27M (Peak 193.27M) | Time:00:00.37 | Mem:0.00M, Peak:0.00M | Scene, ViewLayer | Synchronizing object | Rear right drilled rotor perforation.058
Fra:1 Mem:193.33M (Peak 193.33M) | Time:00:00.37 | Mem:0.00M, Peak:0.00M | Scene, ViewLayer | Synchronizing object | Rear right drilled rotor perforation.059
Fra:1 Mem:193.40M (Peak 193.40M) | Time:00:00.37 | Mem:0.00M, Peak:0.00M | Scene, ViewLayer | Synchronizing object | Rear right sidewall lettering.003
Fra:1 Mem:193.41M (Peak 193.41M) | Time:00:00.37 | Mem:0.00M, Peak:0.00M | Scene, ViewLayer | Synchronizing object | Rear right drilled rotor perforation.062
Fra:1 Mem:193.44M (Peak 193.44M) | Time:00:00.37 | Mem:0.00M, Peak:0.00M | Scene, ViewLayer | Synchronizing object | Rear right drilled rotor perforation.063
Fra:1 Mem:193.45M (Peak 193.45M) | Time:00:00.37 | Mem:0.00M, Peak:0.00M | Scene, ViewLayer | Synchronizing object | Rear right drilled rotor perforation.064
Fra:1 Mem:193.50M (Peak 193.50M) | Time:00:00.37 | Mem:0.00M, Peak:0.00M | Scene, ViewLayer | Synchronizing object | Rear right drilled rotor perforation.065
Fra:1 Mem:193.50M (Peak 193.50M) | Time:00:00.37 | Mem:0.00M, Peak:0.00M | Scene, ViewLayer | Synchronizing object | Rear right drilled rotor perforation.067
Fra:1 Mem:193.51M (Peak 193.51M) | Time:00:00.37 | Mem:0.00M, Peak:0.00M | Scene, ViewLayer | Synchronizing object | Rear right drilled rotor perforation.068
Fra:1 Mem:193.57M (Peak 193.57M) | Time:00:00.37 | Mem:0.00M, Peak:0.00M | Scene, ViewLayer | Synchronizing object | Rear right drilled rotor perforation.069
Fra:1 Mem:193.56M (Peak 193.57M) | Time:00:00.37 | Mem:0.00M, Peak:0.00M | Scene, ViewLayer | Synchronizing object | Rear right drilled rotor perforation.070
Fra:1 Mem:193.59M (Peak 193.59M) | Time:00:00.37 | Mem:0.00M, Peak:0.00M | Scene, ViewLayer | Synchronizing object | Rear right drilled rotor perforation.071
Fra:1 Mem:193.60M (Peak 193.60M) | Time:00:00.37 | Mem:0.00M, Peak:0.00M | Scene, ViewLayer | Synchronizing object | Rear right brake disc bell
Fra:1 Mem:193.61M (Peak 193.61M) | Time:00:00.37 | Mem:0.00M, Peak:0.00M | Scene, ViewLayer | Synchronizing object | Rear right yellow six-piston caliper
Fra:1 Mem:193.62M (Peak 193.62M) | Time:00:00.37 | Mem:0.00M, Peak:0.00M | Scene, ViewLayer | Synchronizing object | Rear right machined split spoke
Fra:1 Mem:193.65M (Peak 193.65M) | Time:00:00.37 | Mem:0.00M, Peak:0.00M | Scene, ViewLayer | Synchronizing object | Rear right black spoke pocket
Fra:1 Mem:193.69M (Peak 193.69M) | Time:00:00.37 | Mem:0.00M, Peak:0.00M | Scene, ViewLayer | Synchronizing object | Rear right machined split spoke.001
Fra:1 Mem:193.70M (Peak 193.70M) | Time:00:00.37 | Mem:0.00M, Peak:0.00M | Scene, ViewLayer | Synchronizing object | Rear right black spoke pocket.001
Fra:1 Mem:193.71M (Peak 193.71M) | Time:00:00.37 | Mem:0.00M, Peak:0.00M | Scene, ViewLayer | Synchronizing object | Rear right machined split spoke.002
Fra:1 Mem:193.72M (Peak 193.72M) | Time:00:00.37 | Mem:0.00M, Peak:0.00M | Scene, ViewLayer | Synchronizing object | Rear right black spoke pocket.002
Fra:1 Mem:193.76M (Peak 193.76M) | Time:00:00.37 | Mem:0.00M, Peak:0.00M | Scene, ViewLayer | Synchronizing object | Rear right machined split spoke.003
Fra:1 Mem:193.78M (Peak 193.78M) | Time:00:00.37 | Mem:0.00M, Peak:0.00M | Scene, ViewLayer | Synchronizing object | Rear right black spoke pocket.003
Fra:1 Mem:193.78M (Peak 193.78M) | Time:00:00.37 | Mem:0.00M, Peak:0.00M | Scene, ViewLayer | Synchronizing object | Rear right machined split spoke.004
Fra:1 Mem:193.82M (Peak 193.82M) | Time:00:00.37 | Mem:0.00M, Peak:0.00M | Scene, ViewLayer | Synchronizing object | Rear right black spoke pocket.004
Fra:1 Mem:193.90M (Peak 193.90M) | Time:00:00.37 | Mem:0.00M, Peak:0.00M | Scene, ViewLayer | Synchronizing object | Rear right machined split spoke.005
Fra:1 Mem:193.91M (Peak 193.91M) | Time:00:00.37 | Mem:0.00M, Peak:0.00M | Scene, ViewLayer | Synchronizing object | Rear right black spoke pocket.005
Fra:1 Mem:193.94M (Peak 193.94M) | Time:00:00.37 | Mem:0.00M, Peak:0.00M | Scene, ViewLayer | Synchronizing object | Rear right machined split spoke.006
Fra:1 Mem:193.95M (Peak 193.95M) | Time:00:00.37 | Mem:0.00M, Peak:0.00M | Scene, ViewLayer | Synchronizing object | Rear right black spoke pocket.006
Fra:1 Mem:193.97M (Peak 193.97M) | Time:00:00.37 | Mem:0.00M, Peak:0.00M | Scene, ViewLayer | Synchronizing object | Rear right sidewall lettering.009
Fra:1 Mem:193.96M (Peak 193.97M) | Time:00:00.37 | Mem:0.00M, Peak:0.00M | Scene, ViewLayer | Synchronizing object | Rear right machined split spoke.008
Fra:1 Mem:194.00M (Peak 194.00M) | Time:00:00.37 | Mem:0.00M, Peak:0.00M | Scene, ViewLayer | Synchronizing object | Rear right sidewall lettering.010
Fra:1 Mem:194.01M (Peak 194.01M) | Time:00:00.37 | Mem:0.00M, Peak:0.00M | Scene, ViewLayer | Synchronizing object | Rear right black spoke pocket.009
Fra:1 Mem:194.02M (Peak 194.02M) | Time:00:00.37 | Mem:0.00M, Peak:0.00M | Scene, ViewLayer | Synchronizing object | Rear right sidewall lettering.011
Fra:1 Mem:194.08M (Peak 194.08M) | Time:00:00.37 | Mem:0.00M, Peak:0.00M | Scene, ViewLayer | Synchronizing object | Rear right center hub
Fra:1 Mem:194.14M (Peak 194.14M) | Time:00:00.37 | Mem:0.00M, Peak:0.00M | Scene, ViewLayer | Synchronizing object | Rear right titanium lug nut
Fra:1 Mem:194.23M (Peak 194.23M) | Time:00:00.37 | Mem:0.00M, Peak:0.00M | Scene, ViewLayer | Synchronizing object | Rear right titanium lug nut.001
Fra:1 Mem:194.24M (Peak 194.24M) | Time:00:00.37 | Mem:0.00M, Peak:0.00M | Scene, ViewLayer | Synchronizing object | Rear right titanium lug nut.002
Fra:1 Mem:194.37M (Peak 194.37M) | Time:00:00.37 | Mem:0.00M, Peak:0.00M | Scene, ViewLayer | Synchronizing object | Rear right titanium lug nut.003
Fra:1 Mem:194.41M (Peak 194.41M) | Time:00:00.37 | Mem:0.00M, Peak:0.00M | Scene, ViewLayer | Synchronizing object | Rear right titanium lug nut.004
Fra:1 Mem:194.40M (Peak 194.41M) | Time:00:00.37 | Mem:0.00M, Peak:0.00M | Scene, ViewLayer | Synchronizing object | Rear right tire valve
Fra:1 Mem:194.40M (Peak 194.41M) | Time:00:00.37 | Mem:0.00M, Peak:0.00M | Scene, ViewLayer | Synchronizing object | Rear right sidewall lettering.012
Fra:1 Mem:194.42M (Peak 194.42M) | Time:00:00.37 | Mem:0.00M, Peak:0.00M | Scene, ViewLayer | Synchronizing object | Rear right sidewall lettering.013
Fra:1 Mem:194.42M (Peak 194.42M) | Time:00:00.37 | Mem:0.00M, Peak:0.00M | Scene, ViewLayer | Synchronizing object | Rear right sidewall lettering.014
Fra:1 Mem:194.59M (Peak 194.59M) | Time:00:00.38 | Mem:0.00M, Peak:0.00M | Scene, ViewLayer | Synchronizing object | Rear right sidewall lettering.015
Fra:1 Mem:194.67M (Peak 194.67M) | Time:00:00.38 | Mem:0.00M, Peak:0.00M | Scene, ViewLayer | Synchronizing object | Rear right sidewall lettering.016
Fra:1 Mem:194.80M (Peak 194.80M) | Time:00:00.38 | Mem:0.00M, Peak:0.00M | Scene, ViewLayer | Synchronizing object | Rear right sidewall lettering.017
Fra:1 Mem:194.94M (Peak 194.94M) | Time:00:00.38 | Mem:0.00M, Peak:0.00M | Scene, ViewLayer | Synchronizing object | Rear right sidewall lettering.018
Fra:1 Mem:194.95M (Peak 194.95M) | Time:00:00.38 | Mem:0.00M, Peak:0.00M | Scene, ViewLayer | Synchronizing object | Rear right sidewall lettering.019
Fra:1 Mem:194.95M (Peak 194.95M) | Time:00:00.38 | Mem:0.00M, Peak:0.00M | Scene, ViewLayer | Synchronizing object | Rear right sidewall lettering.020
Fra:1 Mem:194.97M (Peak 194.97M) | Time:00:00.38 | Mem:0.00M, Peak:0.00M | Scene, ViewLayer | Synchronizing object | Rear right sidewall lettering.021
Fra:1 Mem:194.98M (Peak 194.98M) | Time:00:00.38 | Mem:0.00M, Peak:0.00M | Scene, ViewLayer | Synchronizing object | Dark cabin tub
Fra:1 Mem:194.98M (Peak 194.98M) | Time:00:00.38 | Mem:0.00M, Peak:0.00M | Scene, ViewLayer | Synchronizing object | Contoured seat back.001
Fra:1 Mem:195.01M (Peak 195.01M) | Time:00:00.38 | Mem:0.00M, Peak:0.00M | Scene, ViewLayer | Synchronizing object | Integrated head restraint
Fra:1 Mem:195.05M (Peak 195.05M) | Time:00:00.38 | Mem:0.00M, Peak:0.00M | Scene, ViewLayer | Synchronizing object | Seat piping.001
Fra:1 Mem:195.05M (Peak 195.05M) | Time:00:00.38 | Mem:0.00M, Peak:0.00M | Scene, ViewLayer | Synchronizing object | Seat cushion.001
Fra:1 Mem:195.05M (Peak 195.05M) | Time:00:00.38 | Mem:0.00M, Peak:0.00M | Scene, ViewLayer | Synchronizing object | Integrated head restraint.001
Fra:1 Mem:195.10M (Peak 195.10M) | Time:00:00.38 | Mem:0.00M, Peak:0.00M | Scene, ViewLayer | Synchronizing object | Seat piping.003
Fra:1 Mem:195.11M (Peak 195.11M) | Time:00:00.38 | Mem:0.00M, Peak:0.00M | Scene, ViewLayer | Synchronizing object | Seat cushion.002
Fra:1 Mem:195.11M (Peak 195.11M) | Time:00:00.38 | Mem:0.00M, Peak:0.00M | Scene, ViewLayer | Synchronizing object | Seat piping.004
Fra:1 Mem:195.13M (Peak 195.13M) | Time:00:00.38 | Mem:0.00M, Peak:0.00M | Scene, ViewLayer | Synchronizing object | Seat piping.005
Fra:1 Mem:195.13M (Peak 195.13M) | Time:00:00.38 | Mem:0.00M, Peak:0.00M | Scene, ViewLayer | Synchronizing object | Seat piping.006
Fra:1 Mem:195.13M (Peak 195.13M) | Time:00:00.38 | Mem:0.00M, Peak:0.00M | Scene, ViewLayer | Synchronizing object | Seat piping.007
Fra:1 Mem:195.14M (Peak 195.14M) | Time:00:00.38 | Mem:0.00M, Peak:0.00M | Scene, ViewLayer | Synchronizing object | Steering wheel spokes
Fra:1 Mem:195.14M (Peak 195.14M) | Time:00:00.38 | Mem:0.00M, Peak:0.00M | Scene, ViewLayer | Synchronizing object | Contoured seat back.003
Fra:1 Mem:195.14M (Peak 195.14M) | Time:00:00.38 | Mem:0.00M, Peak:0.00M | Scene, ViewLayer | Synchronizing object | Windshield wiper arm
Fra:1 Mem:195.14M (Peak 195.14M) | Time:00:00.38 | Mem:0.00M, Peak:0.00M | Scene, ViewLayer | Synchronizing object | Wiper rubber blade
Fra:1 Mem:195.15M (Peak 195.15M) | Time:00:00.38 | Mem:0.00M, Peak:0.00M | Scene, ViewLayer | Synchronizing object | Windshield wiper arm.001
Fra:1 Mem:195.15M (Peak 195.15M) | Time:00:00.38 | Mem:0.00M, Peak:0.00M | Scene, ViewLayer | Synchronizing object | Wiper rubber blade.001
Fra:1 Mem:195.16M (Peak 195.16M) | Time:00:00.38 | Mem:0.00M, Peak:0.00M | Scene, ViewLayer | Synchronizing object | Integrated head restraint.002
Fra:1 Mem:195.19M (Peak 195.19M) | Time:00:00.38 | Mem:0.00M, Peak:0.00M | Scene, ViewLayer | Synchronizing object | Seat cushion.003
Fra:1 Mem:195.21M (Peak 195.21M) | Time:00:00.38 | Mem:0.00M, Peak:0.00M | Scene, ViewLayer | Synchronizing object | Dashboard
Fra:1 Mem:195.23M (Peak 195.23M) | Time:00:00.38 | Mem:0.00M, Peak:0.00M | Scene, ViewLayer | Synchronizing object | Dashboard center screen
Fra:1 Mem:195.24M (Peak 195.24M) | Time:00:00.38 | Mem:0.00M, Peak:0.00M | Scene, ViewLayer | Synchronizing object | Screen glass
Fra:1 Mem:195.26M (Peak 195.26M) | Time:00:00.38 | Mem:0.00M, Peak:0.00M | Scene, ViewLayer | Synchronizing object | Steering wheel
Fra:1 Mem:195.30M (Peak 195.30M) | Time:00:00.38 | Mem:0.00M, Peak:0.00M | Scene, ViewLayer | Synchronizing object | Steering center
Fra:1 Mem:195.31M (Peak 195.31M) | Time:00:00.38 | Mem:0.00M, Peak:0.00M | Scene, ViewLayer | Synchronizing object | Infinite studio floor
Fra:1 Mem:195.42M (Peak 195.42M) | Time:00:00.38 | Mem:0.00M, Peak:0.00M | Scene, ViewLayer | Synchronizing object | Center tunnel
Fra:1 Mem:195.44M (Peak 195.44M) | Time:00:00.38 | Mem:0.00M, Peak:0.00M | Scene, ViewLayer | Synchronizing object | Flat aerodynamic underfloor
Fra:1 Mem:195.48M (Peak 195.48M) | Time:00:00.38 | Mem:0.00M, Peak:0.00M | Scene, ViewLayer | Synchronizing object | Cup holder.001
Fra:1 Mem:195.51M (Peak 195.51M) | Time:00:00.38 | Mem:0.00M, Peak:0.00M | Scene, ViewLayer | Synchronizing object | Roof rear camera blister
Fra:1 Mem:195.54M (Peak 195.54M) | Time:00:00.38 | Mem:0.00M, Peak:0.00M | Scene, ViewLayer | Synchronizing object | Roof lidar painted pod
Fra:1 Mem:195.71M (Peak 195.71M) | Time:00:00.38 | Mem:0.00M, Peak:0.00M | Scene, ViewLayer | Synchronizing object | Lidar forward optical aperture
Fra:1 Mem:195.82M (Peak 195.82M) | Time:00:00.38 | Mem:0.00M, Peak:0.00M | Scene, ViewLayer | Initializing
Fra:1 Mem:125.19M (Peak 195.82M) | Time:00:00.43 | Mem:0.00M, Peak:0.00M | Scene, ViewLayer | Waiting for render to start
Fra:1 Mem:125.19M (Peak 195.82M) | Time:00:00.43 | Mem:0.00M, Peak:0.00M | Scene, ViewLayer | Loading render kernels (may take a few minutes the first time)
Fra:1 Mem:125.19M (Peak 195.82M) | Time:00:00.43 | Mem:0.00M, Peak:0.00M | Scene, ViewLayer | Updating Scene
Fra:1 Mem:125.19M (Peak 195.82M) | Time:00:00.43 | Mem:0.00M, Peak:0.00M | Scene, ViewLayer | Updating Shaders
Fra:1 Mem:125.20M (Peak 195.82M) | Time:00:00.43 | Mem:0.01M, Peak:0.01M | Scene, ViewLayer | Updating Procedurals
Fra:1 Mem:125.20M (Peak 195.82M) | Time:00:00.43 | Mem:0.01M, Peak:0.01M | Scene, ViewLayer | Updating Background
Fra:1 Mem:125.20M (Peak 195.82M) | Time:00:00.43 | Mem:0.01M, Peak:0.01M | Scene, ViewLayer | Updating Camera
Fra:1 Mem:125.20M (Peak 195.82M) | Time:00:00.43 | Mem:0.01M, Peak:0.01M | Scene, ViewLayer | Updating Meshes Flags
Fra:1 Mem:125.20M (Peak 195.82M) | Time:00:00.44 | Mem:0.01M, Peak:0.01M | Scene, ViewLayer | Updating Objects
Fra:1 Mem:125.20M (Peak 195.82M) | Time:00:00.44 | Mem:0.01M, Peak:0.01M | Scene, ViewLayer | Updating Objects | Copying Transformations to device
Fra:1 Mem:125.36M (Peak 195.82M) | Time:00:00.44 | Mem:0.16M, Peak:0.16M | Scene, ViewLayer | Updating Objects | Applying Static Transformations
Fra:1 Mem:125.36M (Peak 195.82M) | Time:00:00.44 | Mem:0.16M, Peak:0.16M | Scene, ViewLayer | Updating Particle Systems
Fra:1 Mem:125.36M (Peak 195.82M) | Time:00:00.44 | Mem:0.16M, Peak:0.16M | Scene, ViewLayer | Updating Particle Systems | Copying Particles to device
Fra:1 Mem:125.36M (Peak 195.82M) | Time:00:00.44 | Mem:0.16M, Peak:0.16M | Scene, ViewLayer | Updating Meshes
Fra:1 Mem:136.92M (Peak 195.82M) | Time:00:00.47 | Mem:0.16M, Peak:0.16M | Scene, ViewLayer | Updating Mesh | Computing attributes
Fra:1 Mem:141.71M (Peak 195.82M) | Time:00:00.47 | Mem:0.21M, Peak:0.21M | Scene, ViewLayer | Updating Mesh | Copying Attributes to device
Fra:1 Mem:141.60M (Peak 195.82M) | Time:00:00.47 | Mem:4.84M, Peak:4.84M | Scene, ViewLayer | Updating Scene BVH | Building
Fra:1 Mem:141.61M (Peak 195.82M) | Time:00:00.47 | Mem:4.84M, Peak:4.84M | Scene, ViewLayer | Updating Scene BVH | Building BVH
Fra:1 Mem:141.61M (Peak 195.82M) | Time:00:00.48 | Mem:27.97M, Peak:27.97M | Scene, ViewLayer | Updating Scene BVH | Building BVH 0%
Fra:1 Mem:141.61M (Peak 195.82M) | Time:00:00.64 | Mem:52.84M, Peak:75.97M | Scene, ViewLayer | Updating Scene BVH | Copying BVH to device
Fra:1 Mem:141.61M (Peak 195.82M) | Time:00:00.64 | Mem:52.84M, Peak:75.97M | Scene, ViewLayer | Updating Mesh | Computing normals
Fra:1 Mem:168.42M (Peak 195.82M) | Time:00:00.67 | Mem:52.84M, Peak:75.97M | Scene, ViewLayer | Updating Mesh | Copying Mesh to device
Fra:1 Mem:168.42M (Peak 195.82M) | Time:00:00.67 | Mem:79.65M, Peak:79.65M | Scene, ViewLayer | Updating Objects Flags
Fra:1 Mem:168.42M (Peak 195.82M) | Time:00:00.67 | Mem:79.65M, Peak:79.65M | Scene, ViewLayer | Updating Primitive Offsets
Fra:1 Mem:168.42M (Peak 195.82M) | Time:00:00.67 | Mem:79.66M, Peak:79.66M | Scene, ViewLayer | Updating Images
Fra:1 Mem:168.42M (Peak 195.82M) | Time:00:00.67 | Mem:79.66M, Peak:79.66M | Scene, ViewLayer | Updating Camera Volume
Fra:1 Mem:168.42M (Peak 195.82M) | Time:00:00.67 | Mem:79.66M, Peak:79.66M | Scene, ViewLayer | Updating Lookup Tables
Fra:1 Mem:168.42M (Peak 195.82M) | Time:00:00.67 | Mem:79.66M, Peak:79.66M | Scene, ViewLayer | Updating Lights
Fra:1 Mem:168.42M (Peak 195.82M) | Time:00:00.67 | Mem:79.66M, Peak:79.66M | Scene, ViewLayer | Updating Lights | Computing distribution
Fra:1 Mem:168.42M (Peak 195.82M) | Time:00:00.67 | Mem:79.66M, Peak:79.66M | Scene, ViewLayer | Updating Lights | Computing tree
Fra:1 Mem:169.87M (Peak 195.82M) | Time:00:00.70 | Mem:81.10M, Peak:81.10M | Scene, ViewLayer | Updating Integrator
Fra:1 Mem:170.87M (Peak 195.82M) | Time:00:00.70 | Mem:82.10M, Peak:82.10M | Scene, ViewLayer | Updating Film
Fra:1 Mem:170.87M (Peak 195.82M) | Time:00:00.70 | Mem:82.10M, Peak:82.10M | Scene, ViewLayer | Updating Lookup Tables
Fra:1 Mem:170.87M (Peak 195.82M) | Time:00:00.70 | Mem:82.11M, Peak:82.11M | Scene, ViewLayer | Updating Baking
Fra:1 Mem:170.87M (Peak 195.82M) | Time:00:00.70 | Mem:82.11M, Peak:82.11M | Scene, ViewLayer | Updating Device | Writing constant memory
Fra:1 Mem:170.88M (Peak 195.82M) | Time:00:00.70 | Mem:82.11M, Peak:82.11M | Scene, ViewLayer | Sample 0/24
Fra:1 Mem:227.74M (Peak 227.74M) | Time:00:02.34 | Remaining:00:37.63 | Mem:138.93M, Peak:138.93M | Scene, ViewLayer | Sample 1/24
Fra:1 Mem:227.74M (Peak 227.74M) | Time:00:26.58 | Remaining:00:10.65 | Mem:138.93M, Peak:138.93M | Scene, ViewLayer | Sample 17/24
Fra:1 Mem:251.66M (Peak 287.55M) | Time:00:41.89 | Mem:138.93M, Peak:138.93M | Scene, ViewLayer | Sample 24/24
Fra:1 Mem:251.66M (Peak 287.55M) | Time:00:41.89 | Mem:138.93M, Peak:138.93M | Scene, ViewLayer | Finished
Saved: 'C:\MyProjects\TempProject (OpenAI)\su7\renders\draft_01_front_hero.png'
 Time: 00:42.62 (Saving: 00:00.68)

ERROR (bke.modifier): C:\Users\blender\git\blender-v360\blender.git\source\blender\blenkernel\intern\modifier.cc:460 BKE_modifier_set_error: Object: "Rear right black spoke pocket.001", Modifier: "Weighted corner normals", Enable 'Auto Smooth' in Object Data Properties
ERROR (bke.modifier): C:\Users\blender\git\blender-v360\blender.git\source\blender\blenkernel\intern\modifier.cc:460 BKE_modifier_set_error: Object: "Rear right black spoke pocket.002", Modifier: "Weighted corner normals", Enable 'Auto Smooth' in Object Data Properties
ERROR (bke.modifier): C:\Users\blender\git\blender-v360\blender.git\source\blender\blenkernel\intern\modifier.cc:460 BKE_modifier_set_error: Object: "Rear right machined split spoke.003", Modifier: "Weighted corner normals", Enable 'Auto Smooth' in Object Data Properties
ERROR (bke.modifier): C:\Users\blender\git\blender-v360\blender.git\source\blender\blenkernel\intern\modifier.cc:460 BKE_modifier_set_error: Object: "Rear right black spoke pocket.003", Modifier: "Weighted corner normals", Enable 'Auto Smooth' in Object Data Properties
ERROR (bke.modifier): C:\Users\blender\git\blender-v360\blender.git\source\blender\blenkernel\intern\modifier.cc:460 BKE_modifier_set_error: Object: "Rear right machined split spoke.004", Modifier: "Weighted corner normals", Enable 'Auto Smooth' in Object Data Properties
ERROR (bke.modifier): C:\Users\blender\git\blender-v360\blender.git\source\blender\blenkernel\intern\modifier.cc:460 BKE_modifier_set_error: Object: "Rear right machined split spoke.002", Modifier: "Weighted corner normals", Enable 'Auto Smooth' in Object Data Properties
ERROR (bke.modifier): C:\Users\blender\git\blender-v360\blender.git\source\blender\blenkernel\intern\modifier.cc:460 BKE_modifier_set_error: Object: "Rear right black spoke pocket", Modifier: "Weighted corner normals", Enable 'Auto Smooth' in Object Data Properties
ERROR (bke.modifier): C:\Users\blender\git\blender-v360\blender.git\source\blender\blenkernel\intern\modifier.cc:460 BKE_modifier_set_error: Object: "Rear right black spoke pocket.004", Modifier: "Weighted corner normals", Enable 'Auto Smooth' in Object Data Properties
ERROR (bke.modifier): C:\Users\blender\git\blender-v360\blender.git\source\blender\blenkernel\intern\modifier.cc:460 BKE_modifier_set_error: Object: "Rear right black spoke pocket.005", Modifier: "Weighted corner normals", Enable 'Auto Smooth' in Object Data Properties
ERROR (bke.modifier): C:\Users\blender\git\blender-v360\blender.git\source\blender\blenkernel\intern\modifier.cc:460 BKE_modifier_set_error: Object: "Rear right machined split spoke", Modifier: "Weighted corner normals", Enable 'Auto Smooth' in Object Data Properties
ERROR (bke.modifier): C:\Users\blender\git\blender-v360\blender.git\source\blender\blenkernel\intern\modifier.cc:460 BKE_modifier_set_error: Object: "Rear right machined split spoke.001", Modifier: "Weighted corner normals", Enable 'Auto Smooth' in Object Data Properties
ERROR (bke.modifier): C:\Users\blender\git\blender-v360\blender.git\source\blender\blenkernel\intern\modifier.cc:460 BKE_modifier_set_error: Object: "Rear right machined split spoke.005", Modifier: "Weighted corner normals", Enable 'Auto Smooth' in Object Data Properties
ERROR (bke.modifier): C:\Users\blender\git\blender-v360\blender.git\source\blender\blenkernel\intern\modifier.cc:460 BKE_modifier_set_error: Object: "Rear right machined split spoke.006", Modifier: "Weighted corner normals", Enable 'Auto Smooth' in Object Data Properties
ERROR (bke.modifier): C:\Users\blender\git\blender-v360\blender.git\source\blender\blenkernel\intern\modifier.cc:460 BKE_modifier_set_error: Object: "Rear right black spoke pocket.006", Modifier: "Weighted corner normals", Enable 'Auto Smooth' in Object Data Properties
ERROR (bke.modifier): C:\Users\blender\git\blender-v360\blender.git\source\blender\blenkernel\intern\modifier.cc:460 BKE_modifier_set_error: Object: "Rear right machined split spoke.007", Modifier: "Weighted corner normals", Enable 'Auto Smooth' in Object Data Properties
ERROR (bke.modifier): C:\Users\blender\git\blender-v360\blender.git\source\blender\blenkernel\intern\modifier.cc:460 BKE_modifier_set_error: Object: "Rear right black spoke pocket.007", Modifier: "Weighted corner normals", Enable 'Auto Smooth' in Object Data Properties
ERROR (bke.modifier): C:\Users\blender\git\blender-v360\blender.git\source\blender\blenkernel\intern\modifier.cc:460 BKE_modifier_set_error: Object: "Rear right black spoke pocket.008", Modifier: "Weighted corner normals", Enable 'Auto Smooth' in Object Data Properties
ERROR (bke.modifier): C:\Users\blender\git\blender-v360\blender.git\source\blender\blenkernel\intern\modifier.cc:460 BKE_modifier_set_error: Object: "Rear right machined split spoke.008", Modifier: "Weighted corner normals", Enable 'Auto Smooth' in Object Data Properties
ERROR (bke.modifier): C:\Users\blender\git\blender-v360\blender.git\source\blender\blenkernel\intern\modifier.cc:460 BKE_modifier_set_error: Object: "Rear right machined split spoke.009", Modifier: "Weighted corner normals", Enable 'Auto Smooth' in Object Data Properties
ERROR (bke.modifier): C:\Users\blender\git\blender-v360\blender.git\source\blender\blenkernel\intern\modifier.cc:460 BKE_modifier_set_error: Object: "Rear right black spoke pocket.009", Modifier: "Weighted corner normals", Enable 'Auto Smooth' in Object Data Properties
ERROR (bke.modifier): C:\Users\blender\git\blender-v360\blender.git\source\blender\blenkernel\intern\modifier.cc:460 BKE_modifier_set_error: Object: "Rear right center hub", Modifier: "Weighted corner normals", Enable 'Auto Smooth' in Object Data Properties
ERROR (bke.modifier): C:\Users\blender\git\blender-v360\blender.git\source\blender\blenkernel\intern\modifier.cc:460 BKE_modifier_set_error: Object: "Rear right titanium lug nut", Modifier: "Weighted corner normals", Enable 'Auto Smooth' in Object Data Properties
ERROR (bke.modifier): C:\Users\blender\git\blender-v360\blender.git\source\blender\blenkernel\intern\modifier.cc:460 BKE_modifier_set_error: Object: "Rear right titanium lug nut.001", Modifier: "Weighted corner normals", Enable 'Auto Smooth' in Object Data Properties
ERROR (bke.modifier): C:\Users\blender\git\blender-v360\blender.git\source\blender\blenkernel\intern\modifier.cc:460 BKE_modifier_set_error: Object: "Rear right yellow six-piston caliper", Modifier: "Weighted corner normals", Enable 'Auto Smooth' in Object Data Properties
ERROR (bke.modifier): C:\Users\blender\git\blender-v360\blender.git\source\blender\blenkernel\intern\modifier.cc:460 BKE_modifier_set_error: Object: "Rear right titanium lug nut.002", Modifier: "Weighted corner normals", Enable 'Auto Smooth' in Object Data Properties
ERROR (bke.modifier): C:\Users\blender\git\blender-v360\blender.git\source\blender\blenkernel\intern\modifier.cc:460 BKE_modifier_set_error: Object: "Rear right titanium lug nut.003", Modifier: "Weighted corner normals", Enable 'Auto Smooth' in Object Data Properties
ERROR (bke.modifier): C:\Users\blender\git\blender-v360\blender.git\source\blender\blenkernel\intern\modifier.cc:460 BKE_modifier_set_error: Object: "Rear right titanium lug nut.004", Modifier: "Weighted corner normals", Enable 'Auto Smooth' in Object Data Properties
ERROR (bke.modifier): C:\Users\blender\git\blender-v360\blender.git\source\blender\blenkernel\intern\modifier.cc:460 BKE_modifier_set_error: Object: "Rear right tire valve", Modifier: "Weighted corner normals", Enable 'Auto Smooth' in Object Data Properties
ERROR (bke.modifier): C:\Users\blender\git\blender-v360\blender.git\source\blender\blenkernel\intern\modifier.cc:460 BKE_modifier_set_error: Object: "Rear right brake disc bell", Modifier: "Weighted corner normals", Enable 'Auto Smooth' in Object Data Properties
ERROR (bke.modifier): C:\Users\blender\git\blender-v360\blender.git\source\blender\blenkernel\intern\modifier.cc:460 BKE_modifier_set_error: Object: "Rear right drilled rotor perforation.071", Modifier: "Weighted corner normals", Enable 'Auto Smooth' in Object Data Properties
ERROR (bke.modifier): C:\Users\blender\git\blender-v360\blender.git\source\blender\blenkernel\intern\modifier.cc:460 BKE_modifier_set_error: Object: "Rear right drilled rotor perforation.070", Modifier: "Weighted corner normals", Enable 'Auto Smooth' in Object Data Properties
ERROR (bke.modifier): C:\Users\blender\git\blender-v360\blender.git\source\blender\blenkernel\intern\modifier.cc:460 BKE_modifier_set_error: Object: "Dark cabin tub", Modifier: "Weighted corner normals", Enable 'Auto Smooth' in Object Data Properties
ERROR (bke.modifier): C:\Users\blender\git\blender-v360\blender.git\source\blender\blenkernel\intern\modifier.cc:460 BKE_modifier_set_error: Object: "Seat cushion", Modifier: "Weighted corner normals", Enable 'Auto Smooth' in Object Data Properties
ERROR (bke.modifier): C:\Users\blender\git\blender-v360\blender.git\source\blender\blenkernel\intern\modifier.cc:460 BKE_modifier_set_error: Object: "Contoured seat back.001", Modifier: "Weighted corner normals", Enable 'Auto Smooth' in Object Data Properties
ERROR (bke.modifier): C:\Users\blender\git\blender-v360\blender.git\source\blender\blenkernel\intern\modifier.cc:460 BKE_modifier_set_error: Object: "Seat cushion.001", Modifier: "Weighted corner normals", Enable 'Auto Smooth' in Object Data Properties
ERROR (bke.modifier): C:\Users\blender\git\blender-v360\blender.git\source\blender\blenkernel\intern\modifier.cc:460 BKE_modifier_set_error: Object: "Integrated head restraint", Modifier: "Weighted corner normals", Enable 'Auto Smooth' in Object Data Properties
ERROR (bke.modifier): C:\Users\blender\git\blender-v360\blender.git\source\blender\blenkernel\intern\modifier.cc:460 BKE_modifier_set_error: Object: "Contoured seat back.002", Modifier: "Weighted corner normals", Enable 'Auto Smooth' in Object Data Properties
ERROR (bke.modifier): C:\Users\blender\git\blender-v360\blender.git\source\blender\blenkernel\intern\modifier.cc:460 BKE_modifier_set_error: Object: "Integrated head restraint.001", Modifier: "Weighted corner normals", Enable 'Auto Smooth' in Object Data Properties
ERROR (bke.modifier): C:\Users\blender\git\blender-v360\blender.git\source\blender\blenkernel\intern\modifier.cc:460 BKE_modifier_set_error: Object: "Rear right drilled rotor perforation.069", Modifier: "Weighted corner normals", Enable 'Auto Smooth' in Object Data Properties
ERROR (bke.modifier): C:\Users\blender\git\blender-v360\blender.git\source\blender\blenkernel\intern\modifier.cc:460 BKE_modifier_set_error: Object: "Contoured seat back.003", Modifier: "Weighted corner normals", Enable 'Auto Smooth' in Object Data Properties
ERROR (bke.modifier): C:\Users\blender\git\blender-v360\blender.git\source\blender\blenkernel\intern\modifier.cc:460 BKE_modifier_set_error: Object: "Integrated head restraint.002", Modifier: "Weighted corner normals", Enable 'Auto Smooth' in Object Data Properties
ERROR (bke.modifier): C:\Users\blender\git\blender-v360\blender.git\source\blender\blenkernel\intern\modifier.cc:460 BKE_modifier_set_error: Object: "Seat cushion.002", Modifier: "Weighted corner normals", Enable 'Auto Smooth' in Object Data Properties
ERROR (bke.modifier): C:\Users\blender\git\blender-v360\blender.git\source\blender\blenkernel\intern\modifier.cc:460 BKE_modifier_set_error: Object: "Rear right drilled rotor perforation.068", Modifier: "Weighted corner normals", Enable 'Auto Smooth' in Object Data Properties
ERROR (bke.modifier): C:\Users\blender\git\blender-v360\blender.git\source\blender\blenkernel\intern\modifier.cc:460 BKE_modifier_set_error: Object: "Integrated head restraint.003", Modifier: "Weighted corner normals", Enable 'Auto Smooth' in Object Data Properties
ERROR (bke.modifier): C:\Users\blender\git\blender-v360\blender.git\source\blender\blenkernel\intern\modifier.cc:460 BKE_modifier_set_error: Object: "Contoured seat back", Modifier: "Weighted corner normals", Enable 'Auto Smooth' in Object Data Properties
ERROR (bke.modifier): C:\Users\blender\git\blender-v360\blender.git\source\blender\blenkernel\intern\modifier.cc:460 BKE_modifier_set_error: Object: "Rear right drilled rotor perforation.067", Modifier: "Weighted corner normals", Enable 'Auto Smooth' in Object Data Properties
ERROR (bke.modifier): C:\Users\blender\git\blender-v360\blender.git\source\blender\blenkernel\intern\modifier.cc:460 BKE_modifier_set_error: Object: "Dashboard center screen", Modifier: "Weighted corner normals", Enable 'Auto Smooth' in Object Data Properties
ERROR (bke.modifier): C:\Users\blender\git\blender-v360\blender.git\source\blender\blenkernel\intern\modifier.cc:460 BKE_modifier_set_error: Object: "Rear right drilled rotor perforation.066", Modifier: "Weighted corner normals", Enable 'Auto Smooth' in Object Data Properties
ERROR (bke.modifier): C:\Users\blender\git\blender-v360\blender.git\source\blender\blenkernel\intern\modifier.cc:460 BKE_modifier_set_error: Object: "Screen glass", Modifier: "Weighted corner normals", Enable 'Auto Smooth' in Object Data Properties
ERROR (bke.modifier): C:\Users\blender\git\blender-v360\blender.git\source\blender\blenkernel\intern\modifier.cc:460 BKE_modifier_set_error: Object: "Rear right drilled rotor perforation.065", Modifier: "Weighted corner normals", Enable 'Auto Smooth' in Object Data Properties
ERROR (bke.modifier): C:\Users\blender\git\blender-v360\blender.git\source\blender\blenkernel\intern\modifier.cc:460 BKE_modifier_set_error: Object: "Rear right drilled rotor perforation.064", Modifier: "Weighted corner normals", Enable 'Auto Smooth' in Object Data Properties
ERROR (bke.modifier): C:\Users\blender\git\blender-v360\blender.git\source\blender\blenkernel\intern\modifier.cc:460 BKE_modifier_set_error: Object: "Dashboard", Modifier: "Weighted corner normals", Enable 'Auto Smooth' in Object Data Properties
ERROR (bke.modifier): C:\Users\blender\git\blender-v360\blender.git\source\blender\blenkernel\intern\modifier.cc:460 BKE_modifier_set_error: Object: "Rear right drilled rotor perforation.063", Modifier: "Weighted corner normals", Enable 'Auto Smooth' in Object Data Properties
ERROR (bke.modifier): C:\Users\blender\git\blender-v360\blender.git\source\blender\blenkernel\intern\modifier.cc:460 BKE_modifier_set_error: Object: "Steering center", Modifier: "Weighted corner normals", Enable 'Auto Smooth' in Object Data Properties
ERROR (bke.modifier): C:\Users\blender\git\blender-v360\blender.git\source\blender\blenkernel\intern\modifier.cc:460 BKE_modifier_set_error: Object: "Seat cushion.003", Modifier: "Weighted corner normals", Enable 'Auto Smooth' in Object Data Properties
ERROR (bke.modifier): C:\Users\blender\git\blender-v360\blender.git\source\blender\blenkernel\intern\modifier.cc:460 BKE_modifier_set_error: Object: "Rear right drilled rotor perforation.062", Modifier: "Weighted corner normals", Enable 'Auto Smooth' in Object Data Properties
ERROR (bke.modifier): C:\Users\blender\git\blender-v360\blender.git\source\blender\blenkernel\intern\modifier.cc:460 BKE_modifier_set_error: Object: "Center tunnel", Modifier: "Weighted corner normals", Enable 'Auto Smooth' in Object Data Properties
ERROR (bke.modifier): C:\Users\blender\git\blender-v360\blender.git\source\blender\blenkernel\intern\modifier.cc:460 BKE_modifier_set_error: Object: "Rear right drilled rotor perforation.061", Modifier: "Weighted corner normals", Enable 'Auto Smooth' in Object Data Properties
ERROR (bke.modifier): C:\Users\blender\git\blender-v360\blender.git\source\blender\blenkernel\intern\modifier.cc:460 BKE_modifier_set_error: Object: "Rear right drilled rotor perforation.060", Modifier: "Weighted corner normals", Enable 'Auto Smooth' in Object Data Properties
ERROR (bke.modifier): C:\Users\blender\git\blender-v360\blender.git\source\blender\blenkernel\intern\modifier.cc:460 BKE_modifier_set_error: Object: "Rear right drilled rotor perforation.059", Modifier: "Weighted corner normals", Enable 'Auto Smooth' in Object Data Properties
ERROR (bke.modifier): C:\Users\blender\git\blender-v360\blender.git\source\blender\blenkernel\intern\modifier.cc:460 BKE_modifier_set_error: Object: "Flat aerodynamic underfloor", Modifier: "Weighted corner normals", Enable 'Auto Smooth' in Object Data Properties
ERROR (bke.modifier): C:\Users\blender\git\blender-v360\blender.git\source\blender\blenkernel\intern\modifier.cc:460 BKE_modifier_set_error: Object: "Cup holder.001", Modifier: "Weighted corner normals", Enable 'Auto Smooth' in Object Data Properties
ERROR (bke.modifier): C:\Users\blender\git\blender-v360\blender.git\source\blender\blenkernel\intern\modifier.cc:460 BKE_modifier_set_error: Object: "Rear right drilled rotor perforation.058", Modifier: "Weighted corner normals", Enable 'Auto Smooth' in Object Data Properties
ERROR (bke.modifier): C:\Users\blender\git\blender-v360\blender.git\source\blender\blenkernel\intern\modifier.cc:460 BKE_modifier_set_error: Object: "Infinite studio floor", Modifier: "Weighted corner normals", Enable 'Auto Smooth' in Object Data Properties
ERROR (bke.modifier): C:\Users\blender\git\blender-v360\blender.git\source\blender\blenkernel\intern\modifier.cc:460 BKE_modifier_set_error: Object: "Rear right drilled rotor perforation.057", Modifier: "Weighted corner normals", Enable 'Auto Smooth' in Object Data Properties
ERROR (bke.modifier): C:\Users\blender\git\blender-v360\blender.git\source\blender\blenkernel\intern\modifier.cc:460 BKE_modifier_set_error: Object: "Cup holder", Modifier: "Weighted corner normals", Enable 'Auto Smooth' in Object Data Properties
ERROR (bke.modifier): C:\Users\blender\git\blender-v360\blender.git\source\blender\blenkernel\intern\modifier.cc:460 BKE_modifier_set_error: Object: "Rear right drilled rotor perforation.056", Modifier: "Weighted corner normals", Enable 'Auto Smooth' in Object Data Properties
ERROR (bke.modifier): C:\Users\blender\git\blender-v360\blender.git\source\blender\blenkernel\intern\modifier.cc:460 BKE_modifier_set_error: Object: "Rear right drilled rotor perforation.055", Modifier: "Weighted corner normals", Enable 'Auto Smooth' in Object Data Properties
ERROR (bke.modifier): C:\Users\blender\git\blender-v360\blender.git\source\blender\blenkernel\intern\modifier.cc:460 BKE_modifier_set_error: Object: "Rear right drilled rotor perforation.054", Modifier: "Weighted corner normals", Enable 'Auto Smooth' in Object Data Properties
ERROR (bke.modifier): C:\Users\blender\git\blender-v360\blender.git\source\blender\blenkernel\intern\modifier.cc:460 BKE_modifier_set_error: Object: "Rear right drilled rotor perforation.053", Modifier: "Weighted corner normals", Enable 'Auto Smooth' in Object Data Properties
ERROR (bke.modifier): C:\Users\blender\git\blender-v360\blender.git\source\blender\blenkernel\intern\modifier.cc:460 BKE_modifier_set_error: Object: "Rear right drilled rotor perforation.052", Modifier: "Weighted corner normals", Enable 'Auto Smooth' in Object Data Properties
ERROR (bke.modifier): C:\Users\blender\git\blender-v360\blender.git\source\blender\blenkernel\intern\modifier.cc:460 BKE_modifier_set_error: Object: "Rear right drilled rotor perforation.051", Modifier: "Weighted corner normals", Enable 'Auto Smooth' in Object Data Properties
ERROR (bke.modifier): C:\Users\blender\git\blender-v360\blender.git\source\blender\blenkernel\intern\modifier.cc:460 BKE_modifier_set_error: Object: "Rear right drilled rotor perforation.050", Modifier: "Weighted corner normals", Enable 'Auto Smooth' in Object Data Properties
ERROR (bke.modifier): C:\Users\blender\git\blender-v360\blender.git\source\blender\blenkernel\intern\modifier.cc:460 BKE_modifier_set_error: Object: "Rear right drilled rotor perforation.049", Modifier: "Weighted corner normals", Enable 'Auto Smooth' in Object Data Properties
ERROR (bke.modifier): C:\Users\blender\git\blender-v360\blender.git\source\blender\blenkernel\intern\modifier.cc:460 BKE_modifier_set_error: Object: "Flush door handle | Aqua Blue", Modifier: "Weighted corner normals", Enable 'Auto Smooth' in Object Data Properties
ERROR (bke.modifier): C:\Users\blender\git\blender-v360\blender.git\source\blender\blenkernel\intern\modifier.cc:460 BKE_modifier_set_error: Object: "Flush door handle recess", Modifier: "Weighted corner normals", Enable 'Auto Smooth' in Object Data Properties
ERROR (bke.modifier): C:\Users\blender\git\blender-v360\blender.git\source\blender\blenkernel\intern\modifier.cc:460 BKE_modifier_set_error: Object: "Rear right drilled rotor perforation.048", Modifier: "Weighted corner normals", Enable 'Auto Smooth' in Object Data Properties
ERROR (bke.modifier): C:\Users\blender\git\blender-v360\blender.git\source\blender\blenkernel\intern\modifier.cc:460 BKE_modifier_set_error: Object: "Flush door handle recess.001", Modifier: "Weighted corner normals", Enable 'Auto Smooth' in Object Data Properties
ERROR (bke.modifier): C:\Users\blender\git\blender-v360\blender.git\source\blender\blenkernel\intern\modifier.cc:460 BKE_modifier_set_error: Object: "Rear right drilled rotor perforation.047", Modifier: "Weighted corner normals", Enable 'Auto Smooth' in Object Data Properties
ERROR (bke.modifier): C:\Users\blender\git\blender-v360\blender.git\source\blender\blenkernel\intern\modifier.cc:460 BKE_modifier_set_error: Object: "Flush door handle | Aqua Blue.001", Modifier: "Weighted corner normals", Enable 'Auto Smooth' in Object Data Properties
ERROR (bke.modifier): C:\Users\blender\git\blender-v360\blender.git\source\blender\blenkernel\intern\modifier.cc:460 BKE_modifier_set_error: Object: "Rear right drilled rotor perforation.046", Modifier: "Weighted corner normals", Enable 'Auto Smooth' in Object Data Properties
ERROR (bke.modifier): C:\Users\blender\git\blender-v360\blender.git\source\blender\blenkernel\intern\modifier.cc:460 BKE_modifier_set_error: Object: "Rear right drilled rotor perforation.045", Modifier: "Weighted corner normals", Enable 'Auto Smooth' in Object Data Properties
ERROR (bke.modifier): C:\Users\blender\git\blender-v360\blender.git\source\blender\blenkernel\intern\modifier.cc:460 BKE_modifier_set_error: Object: "Rear right drilled rotor perforation.044", Modifier: "Weighted corner normals", Enable 'Auto Smooth' in Object Data Properties
ERROR (bke.modifier): C:\Users\blender\git\blender-v360\blender.git\source\blender\blenkernel\intern\modifier.cc:460 BKE_modifier_set_error: Object: "Flush door handle recess.003", Modifier: "Weighted corner normals", Enable 'Auto Smooth' in Object Data Properties
ERROR (bke.modifier): C:\Users\blender\git\blender-v360\blender.git\source\blender\blenkernel\intern\modifier.cc:460 BKE_modifier_set_error: Object: "Rear right drilled rotor perforation.043", Modifier: "Weighted corner normals", Enable 'Auto Smooth' in Object Data Properties
ERROR (bke.modifier): C:\Users\blender\git\blender-v360\blender.git\source\blender\blenkernel\intern\modifier.cc:460 BKE_modifier_set_error: Object: "Flush door handle recess.002", Modifier: "Weighted corner normals", Enable 'Auto Smooth' in Object Data Properties
ERROR (bke.modifier): C:\Users\blender\git\blender-v360\blender.git\source\blender\blenkernel\intern\modifier.cc:460 BKE_modifier_set_error: Object: "Flush door handle | Aqua Blue.002", Modifier: "Weighted corner normals", Enable 'Auto Smooth' in Object Data Properties
ERROR (bke.modifier): C:\Users\blender\git\blender-v360\blender.git\source\blender\blenkernel\intern\modifier.cc:460 BKE_modifier_set_error: Object: "Rear right drilled rotor perforation.042", Modifier: "Weighted corner normals", Enable 'Auto Smooth' in Object Data Properties
ERROR (bke.modifier): C:\Users\blender\git\blender-v360\blender.git\source\blender\blenkernel\intern\modifier.cc:460 BKE_modifier_set_error: Object: "Flush door handle | Aqua Blue.003", Modifier: "Weighted corner normals", Enable 'Auto Smooth' in Object Data Properties
ERROR (bke.modifier): C:\Users\blender\git\blender-v360\blender.git\source\blender\blenkernel\intern\modifier.cc:460 BKE_modifier_set_error: Object: "Rear right drilled rotor perforation.041", Modifier: "Weighted corner normals", Enable 'Auto Smooth' in Object Data Properties
ERROR (bke.modifier): C:\Users\blender\git\blender-v360\blender.git\source\blender\blenkernel\intern\modifier.cc:460 BKE_modifier_set_error: Object: "Rear right drilled rotor perforation.040", Modifier: "Weighted corner normals", Enable 'Auto Smooth' in Object Data Properties
ERROR (bke.modifier): C:\Users\blender\git\blender-v360\blender.git\source\blender\blenkernel\intern\modifier.cc:460 BKE_modifier_set_error: Object: "Rear right drilled rotor perforation.039", Modifier: "Weighted corner normals", Enable 'Auto Smooth' in Object Data Properties
ERROR (bke.modifier): C:\Users\blender\git\blender-v360\blender.git\source\blender\blenkernel\intern\modifier.cc:460 BKE_modifier_set_error: Object: "Rear right drilled rotor perforation.038", Modifier: "Weighted corner normals", Enable 'Auto Smooth' in Object Data Properties
ERROR (bke.modifier): C:\Users\blender\git\blender-v360\blender.git\source\blender\blenkernel\intern\modifier.cc:460 BKE_modifier_set_error: Object: "Rear right drilled rotor perforation.037", Modifier: "Weighted corner normals", Enable 'Auto Smooth' in Object Data Properties
ERROR (bke.modifier): C:\Users\blender\git\blender-v360\blender.git\source\blender\blenkernel\intern\modifier.cc:460 BKE_modifier_set_error: Object: "Rear right drilled rotor perforation.036", Modifier: "Weighted corner normals", Enable 'Auto Smooth' in Object Data Properties
ERROR (bke.modifier): C:\Users\blender\git\blender-v360\blender.git\source\blender\blenkernel\intern\modifier.cc:460 BKE_modifier_set_error: Object: "Rear right drilled rotor perforation.035", Modifier: "Weighted corner normals", Enable 'Auto Smooth' in Object Data Properties
ERROR (bke.modifier): C:\Users\blender\git\blender-v360\blender.git\source\blender\blenkernel\intern\modifier.cc:460 BKE_modifier_set_error: Object: "Rear right drilled rotor perforation.034", Modifier: "Weighted corner normals", Enable 'Auto Smooth' in Object Data Properties
ERROR (bke.modifier): C:\Users\blender\git\blender-v360\blender.git\source\blender\blenkernel\intern\modifier.cc:460 BKE_modifier_set_error: Object: "Rear right drilled rotor perforation.033", Modifier: "Weighted corner normals", Enable 'Auto Smooth' in Object Data Properties
ERROR (bke.modifier): C:\Users\blender\git\blender-v360\blender.git\source\blender\blenkernel\intern\modifier.cc:460 BKE_modifier_set_error: Object: "Front license plate", Modifier: "Weighted corner normals", Enable 'Auto Smooth' in Object Data Properties
ERROR (bke.modifier): C:\Users\blender\git\blender-v360\blender.git\source\blender\blenkernel\intern\modifier.cc:460 BKE_modifier_set_error: Object: "Rear right drilled rotor perforation.032", Modifier: "Weighted corner normals", Enable 'Auto Smooth' in Object Data Properties
ERROR (bke.modifier): C:\Users\blender\git\blender-v360\blender.git\source\blender\blenkernel\intern\modifier.cc:460 BKE_modifier_set_error: Object: "Front license plate bracket", Modifier: "Weighted corner normals", Enable 'Auto Smooth' in Object Data Properties
ERROR (bke.modifier): C:\Users\blender\git\blender-v360\blender.git\source\blender\blenkernel\intern\modifier.cc:460 BKE_modifier_set_error: Object: "Ultrasonic parking sensor", Modifier: "Weighted corner normals", Enable 'Auto Smooth' in Object Data Properties
ERROR (bke.modifier): C:\Users\blender\git\blender-v360\blender.git\source\blender\blenkernel\intern\modifier.cc:460 BKE_modifier_set_error: Object: "License plate screw", Modifier: "Weighted corner normals", Enable 'Auto Smooth' in Object Data Properties
ERROR (bke.modifier): C:\Users\blender\git\blender-v360\blender.git\source\blender\blenkernel\intern\modifier.cc:460 BKE_modifier_set_error: Object: "License plate screw.001", Modifier: "Weighted corner normals", Enable 'Auto Smooth' in Object Data Properties
ERROR (bke.modifier): C:\Users\blender\git\blender-v360\blender.git\source\blender\blenkernel\intern\modifier.cc:460 BKE_modifier_set_error: Object: "Ultrasonic parking sensor.001", Modifier: "Weighted corner normals", Enable 'Auto Smooth' in Object Data Properties
ERROR (bke.modifier): C:\Users\blender\git\blender-v360\blender.git\source\blender\blenkernel\intern\modifier.cc:460 BKE_modifier_set_error: Object: "Rear right drilled rotor perforation.031", Modifier: "Weighted corner normals", Enable 'Auto Smooth' in Object Data Properties
ERROR (bke.modifier): C:\Users\blender\git\blender-v360\blender.git\source\blender\blenkernel\intern\modifier.cc:460 BKE_modifier_set_error: Object: "Rear right drilled rotor perforation.030", Modifier: "Weighted corner normals", Enable 'Auto Smooth' in Object Data Properties
ERROR (bke.modifier): C:\Users\blender\git\blender-v360\blender.git\source\blender\blenkernel\intern\modifier.cc:460 BKE_modifier_set_error: Object: "Rear right drilled rotor perforation.029", Modifier: "Weighted corner normals", Enable 'Auto Smooth' in Object Data Properties
ERROR (bke.modifier): C:\Users\blender\git\blender-v360\blender.git\source\blender\blenkernel\intern\modifier.cc:460 BKE_modifier_set_error: Object: "Rear lower reflector", Modifier: "Weighted corner normals", Enable 'Auto Smooth' in Object Data Properties
ERROR (bke.modifier): C:\Users\blender\git\blender-v360\blender.git\source\blender\blenkernel\intern\modifier.cc:460 BKE_modifier_set_error: Object: "Rear lower reflector.001", Modifier: "Weighted corner normals", Enable 'Auto Smooth' in Object Data Properties
ERROR (bke.modifier): C:\Users\blender\git\blender-v360\blender.git\source\blender\blenkernel\intern\modifier.cc:460 BKE_modifier_set_error: Object: "Rear right drilled rotor perforation.028", Modifier: "Weighted corner normals", Enable 'Auto Smooth' in Object Data Properties
ERROR (bke.modifier): C:\Users\blender\git\blender-v360\blender.git\source\blender\blenkernel\intern\modifier.cc:460 BKE_modifier_set_error: Object: "Underfloor diffuser strake", Modifier: "Weighted corner normals", Enable 'Auto Smooth' in Object Data Properties
ERROR (bke.modifier): C:\Users\blender\git\blender-v360\blender.git\source\blender\blenkernel\intern\modifier.cc:460 BKE_modifier_set_error: Object: "Underfloor diffuser strake.001", Modifier: "Weighted corner normals", Enable 'Auto Smooth' in Object Data Properties
ERROR (bke.modifier): C:\Users\blender\git\blender-v360\blender.git\source\blender\blenkernel\intern\modifier.cc:460 BKE_modifier_set_error: Object: "Underfloor diffuser strake.002", Modifier: "Weighted corner normals", Enable 'Auto Smooth' in Object Data Properties
ERROR (bke.modifier): C:\Users\blender\git\blender-v360\blender.git\source\blender\blenkernel\intern\modifier.cc:460 BKE_modifier_set_error: Object: "Underfloor diffuser strake.003", Modifier: "Weighted corner normals", Enable 'Auto Smooth' in Object Data Properties
ERROR (bke.modifier): C:\Users\blender\git\blender-v360\blender.git\source\blender\blenkernel\intern\modifier.cc:460 BKE_modifier_set_error: Object: "Rear right drilled rotor perforation.027", Modifier: "Weighted corner normals", Enable 'Auto Smooth' in Object Data Properties
ERROR (bke.modifier): C:\Users\blender\git\blender-v360\blender.git\source\blender\blenkernel\intern\modifier.cc:460 BKE_modifier_set_error: Object: "Rear license plate", Modifier: "Weighted corner normals", Enable 'Auto Smooth' in Object Data Properties
ERROR (bke.modifier): C:\Users\blender\git\blender-v360\blender.git\source\blender\blenkernel\intern\modifier.cc:460 BKE_modifier_set_error: Object: "Underfloor diffuser strake.004", Modifier: "Weighted corner normals", Enable 'Auto Smooth' in Object Data Properties
ERROR (bke.modifier): C:\Users\blender\git\blender-v360\blender.git\source\blender\blenkernel\intern\modifier.cc:460 BKE_modifier_set_error: Object: "Rear plate bracket", Modifier: "Weighted corner normals", Enable 'Auto Smooth' in Object Data Properties
ERROR (bke.modifier): C:\Users\blender\git\blender-v360\blender.git\source\blender\blenkernel\intern\modifier.cc:460 BKE_modifier_set_error: Object: "Rear right drilled rotor perforation.026", Modifier: "Weighted corner normals", Enable 'Auto Smooth' in Object Data Properties
ERROR (bke.modifier): C:\Users\blender\git\blender-v360\blender.git\source\blender\blenkernel\intern\modifier.cc:460 BKE_modifier_set_error: Object: "Rear right drilled rotor perforation.025", Modifier: "Weighted corner normals", Enable 'Auto Smooth' in Object Data Properties
ERROR (bke.modifier): C:\Users\blender\git\blender-v360\blender.git\source\blender\blenkernel\intern\modifier.cc:460 BKE_modifier_set_error: Object: "Rear right drilled rotor perforation.024", Modifier: "Weighted corner normals", Enable 'Auto Smooth' in Object Data Properties
ERROR (bke.modifier): C:\Users\blender\git\blender-v360\blender.git\source\blender\blenkernel\intern\modifier.cc:460 BKE_modifier_set_error: Object: "Rear right drilled rotor perforation.023", Modifier: "Weighted corner normals", Enable 'Auto Smooth' in Object Data Properties
ERROR (bke.modifier): C:\Users\blender\git\blender-v360\blender.git\source\blender\blenkernel\intern\modifier.cc:460 BKE_modifier_set_error: Object: "Rear right drilled rotor perforation.022", Modifier: "Weighted corner normals", Enable 'Auto Smooth' in Object Data Properties
ERROR (bke.modifier): C:\Users\blender\git\blender-v360\blender.git\source\blender\blenkernel\intern\modifier.cc:460 BKE_modifier_set_error: Object: "Rear right drilled rotor perforation.021", Modifier: "Weighted corner normals", Enable 'Auto Smooth' in Object Data Properties
ERROR (bke.modifier): C:\Users\blender\git\blender-v360\blender.git\source\blender\blenkernel\intern\modifier.cc:460 BKE_modifier_set_error: Object: "Rear right drilled rotor perforation.020", Modifier: "Weighted corner normals", Enable 'Auto Smooth' in Object Data Properties
ERROR (bke.modifier): C:\Users\blender\git\blender-v360\blender.git\source\blender\blenkernel\intern\modifier.cc:460 BKE_modifier_set_error: Object: "Rear right drilled rotor perforation.019", Modifier: "Weighted corner normals", Enable 'Auto Smooth' in Object Data Properties
ERROR (bke.modifier): C:\Users\blender\git\blender-v360\blender.git\source\blender\blenkernel\intern\modifier.cc:460 BKE_modifier_set_error: Object: "Rear right drilled rotor perforation.018", Modifier: "Weighted corner normals", Enable 'Auto Smooth' in Object Data Properties
ERROR (bke.modifier): C:\Users\blender\git\blender-v360\blender.git\source\blender\blenkernel\intern\modifier.cc:460 BKE_modifier_set_error: Object: "Rear right drilled rotor perforation.017", Modifier: "Weighted corner normals", Enable 'Auto Smooth' in Object Data Properties
ERROR (bke.modifier): C:\Users\blender\git\blender-v360\blender.git\source\blender\blenkernel\intern\modifier.cc:460 BKE_modifier_set_error: Object: "Rear right drilled rotor perforation.016", Modifier: "Weighted corner normals", Enable 'Auto Smooth' in Object Data Properties
ERROR (bke.modifier): C:\Users\blender\git\blender-v360\blender.git\source\blender\blenkernel\intern\modifier.cc:460 BKE_modifier_set_error: Object: "Rear right drilled rotor perforation.015", Modifier: "Weighted corner normals", Enable 'Auto Smooth' in Object Data Properties
ERROR (bke.modifier): C:\Users\blender\git\blender-v360\blender.git\source\blender\blenkernel\intern\modifier.cc:460 BKE_modifier_set_error: Object: "Rear right drilled rotor perforation.014", Modifier: "Weighted corner normals", Enable 'Auto Smooth' in Object Data Properties
ERROR (bke.modifier): C:\Users\blender\git\blender-v360\blender.git\source\blender\blenkernel\intern\modifier.cc:460 BKE_modifier_set_error: Object: "Front left drilled rotor perforation", Modifier: "Weighted corner normals", Enable 'Auto Smooth' in Object Data Properties
ERROR (bke.modifier): C:\Users\blender\git\blender-v360\blender.git\source\blender\blenkernel\intern\modifier.cc:460 BKE_modifier_set_error: Object: "Rear right drilled rotor perforation.013", Modifier: "Weighted corner normals", Enable 'Auto Smooth' in Object Data Properties
ERROR (bke.modifier): C:\Users\blender\git\blender-v360\blender.git\source\blender\blenkernel\intern\modifier.cc:460 BKE_modifier_set_error: Object: "Front left drilled rotor perforation.001", Modifier: "Weighted corner normals", Enable 'Auto Smooth' in Object Data Properties
ERROR (bke.modifier): C:\Users\blender\git\blender-v360\blender.git\source\blender\blenkernel\intern\modifier.cc:460 BKE_modifier_set_error: Object: "Rear right drilled rotor perforation.012", Modifier: "Weighted corner normals", Enable 'Auto Smooth' in Object Data Properties
ERROR (bke.modifier): C:\Users\blender\git\blender-v360\blender.git\source\blender\blenkernel\intern\modifier.cc:460 BKE_modifier_set_error: Object: "Front left drilled rotor perforation.002", Modifier: "Weighted corner normals", Enable 'Auto Smooth' in Object Data Properties
ERROR (bke.modifier): C:\Users\blender\git\blender-v360\blender.git\source\blender\blenkernel\intern\modifier.cc:460 BKE_modifier_set_error: Object: "Rear right drilled rotor perforation.011", Modifier: "Weighted corner normals", Enable 'Auto Smooth' in Object Data Properties
ERROR (bke.modifier): C:\Users\blender\git\blender-v360\blender.git\source\blender\blenkernel\intern\modifier.cc:460 BKE_modifier_set_error: Object: "Front left drilled rotor perforation.003", Modifier: "Weighted corner normals", Enable 'Auto Smooth' in Object Data Properties
ERROR (bke.modifier): C:\Users\blender\git\blender-v360\blender.git\source\blender\blenkernel\intern\modifier.cc:460 BKE_modifier_set_error: Object: "Rear right drilled rotor perforation.010", Modifier: "Weighted corner normals", Enable 'Auto Smooth' in Object Data Properties
ERROR (bke.modifier): C:\Users\blender\git\blender-v360\blender.git\source\blender\blenkernel\intern\modifier.cc:460 BKE_modifier_set_error: Object: "Front left drilled rotor perforation.004", Modifier: "Weighted corner normals", Enable 'Auto Smooth' in Object Data Properties
ERROR (bke.modifier): C:\Users\blender\git\blender-v360\blender.git\source\blender\blenkernel\intern\modifier.cc:460 BKE_modifier_set_error: Object: "Front left brake rotor", Modifier: "Weighted corner normals", Enable 'Auto Smooth' in Object Data Properties
ERROR (bke.modifier): C:\Users\blender\git\blender-v360\blender.git\source\blender\blenkernel\intern\modifier.cc:460 BKE_modifier_set_error: Object: "Rear right drilled rotor perforation.009", Modifier: "Weighted corner normals", Enable 'Auto Smooth' in Object Data Properties
ERROR (bke.modifier): C:\Users\blender\git\blender-v360\blender.git\source\blender\blenkernel\intern\modifier.cc:460 BKE_modifier_set_error: Object: "Front left drilled rotor perforation.005", Modifier: "Weighted corner normals", Enable 'Auto Smooth' in Object Data Properties
ERROR (bke.modifier): C:\Users\blender\git\blender-v360\blender.git\source\blender\blenkernel\intern\modifier.cc:460 BKE_modifier_set_error: Object: "Rear right drilled rotor perforation.008", Modifier: "Weighted corner normals", Enable 'Auto Smooth' in Object Data Properties
ERROR (bke.modifier): C:\Users\blender\git\blender-v360\blender.git\source\blender\blenkernel\intern\modifier.cc:460 BKE_modifier_set_error: Object: "Front left drilled rotor perforation.006", Modifier: "Weighted corner normals", Enable 'Auto Smooth' in Object Data Properties
ERROR (bke.modifier): C:\Users\blender\git\blender-v360\blender.git\source\blender\blenkernel\intern\modifier.cc:460 BKE_modifier_set_error: Object: "Front left drilled rotor perforation.007", Modifier: "Weighted corner normals", Enable 'Auto Smooth' in Object Data Properties
ERROR (bke.modifier): C:\Users\blender\git\blender-v360\blender.git\source\blender\blenkernel\intern\modifier.cc:460 BKE_modifier_set_error: Object: "Rear right drilled rotor perforation.007", Modifier: "Weighted corner normals", Enable 'Auto Smooth' in Object Data Properties
ERROR (bke.modifier): C:\Users\blender\git\blender-v360\blender.git\source\blender\blenkernel\intern\modifier.cc:460 BKE_modifier_set_error: Object: "Front left drilled rotor perforation.008", Modifier: "Weighted corner normals", Enable 'Auto Smooth' in Object Data Properties
ERROR (bke.modifier): C:\Users\blender\git\blender-v360\blender.git\source\blender\blenkernel\intern\modifier.cc:460 BKE_modifier_set_error: Object: "Rear right drilled rotor perforation.006", Modifier: "Weighted corner normals", Enable 'Auto Smooth' in Object Data Properties
ERROR (bke.modifier): C:\Users\blender\git\blender-v360\blender.git\source\blender\blenkernel\intern\modifier.cc:460 BKE_modifier_set_error: Object: "Front left drilled rotor perforation.010", Modifier: "Weighted corner normals", Enable 'Auto Smooth' in Object Data Properties
ERROR (bke.modifier): C:\Users\blender\git\blender-v360\blender.git\source\blender\blenkernel\intern\modifier.cc:460 BKE_modifier_set_error: Object: "Front left drilled rotor perforation.009", Modifier: "Weighted corner normals", Enable 'Auto Smooth' in Object Data Properties
ERROR (bke.modifier): C:\Users\blender\git\blender-v360\blender.git\source\blender\blenkernel\intern\modifier.cc:460 BKE_modifier_set_error: Object: "Front left drilled rotor perforation.011", Modifier: "Weighted corner normals", Enable 'Auto Smooth' in Object Data Properties
ERROR (bke.modifier): C:\Users\blender\git\blender-v360\blender.git\source\blender\blenkernel\intern\modifier.cc:460 BKE_modifier_set_error: Object: "Front left drilled rotor perforation.012", Modifier: "Weighted corner normals", Enable 'Auto Smooth' in Object Data Properties
ERROR (bke.modifier): C:\Users\blender\git\blender-v360\blender.git\source\blender\blenkernel\intern\modifier.cc:460 BKE_modifier_set_error: Object: "Rear right drilled rotor perforation.005", Modifier: "Weighted corner normals", Enable 'Auto Smooth' in Object Data Properties
ERROR (bke.modifier): C:\Users\blender\git\blender-v360\blender.git\source\blender\blenkernel\intern\modifier.cc:460 BKE_modifier_set_error: Object: "Front left drilled rotor perforation.013", Modifier: "Weighted corner normals", Enable 'Auto Smooth' in Object Data Properties
ERROR (bke.modifier): C:\Users\blender\git\blender-v360\blender.git\source\blender\blenkernel\intern\modifier.cc:460 BKE_modifier_set_error: Object: "Front left drilled rotor perforation.014", Modifier: "Weighted corner normals", Enable 'Auto Smooth' in Object Data Properties
ERROR (bke.modifier): C:\Users\blender\git\blender-v360\blender.git\source\blender\blenkernel\intern\modifier.cc:460 BKE_modifier_set_error: Object: "Front left drilled rotor perforation.016", Modifier: "Weighted corner normals", Enable 'Auto Smooth' in Object Data Properties
ERROR (bke.modifier): C:\Users\blender\git\blender-v360\blender.git\source\blender\blenkernel\intern\modifier.cc:460 BKE_modifier_set_error: Object: "Front left drilled rotor perforation.015", Modifier: "Weighted corner normals", Enable 'Auto Smooth' in Object Data Properties
ERROR (bke.modifier): C:\Users\blender\git\blender-v360\blender.git\source\blender\blenkernel\intern\modifier.cc:460 BKE_modifier_set_error: Object: "Rear right drilled rotor perforation.004", Modifier: "Weighted corner normals", Enable 'Auto Smooth' in Object Data Properties
ERROR (bke.modifier): C:\Users\blender\git\blender-v360\blender.git\source\blender\blenkernel\intern\modifier.cc:460 BKE_modifier_set_error: Object: "Front left drilled rotor perforation.017", Modifier: "Weighted corner normals", Enable 'Auto Smooth' in Object Data Properties
ERROR (bke.modifier): C:\Users\blender\git\blender-v360\blender.git\source\blender\blenkernel\intern\modifier.cc:460 BKE_modifier_set_error: Object: "Front left drilled rotor perforation.018", Modifier: "Weighted corner normals", Enable 'Auto Smooth' in Object Data Properties
ERROR (bke.modifier): C:\Users\blender\git\blender-v360\blender.git\source\blender\blenkernel\intern\modifier.cc:460 BKE_modifier_set_error: Object: "Front left drilled rotor perforation.019", Modifier: "Weighted corner normals", Enable 'Auto Smooth' in Object Data Properties
ERROR (bke.modifier): C:\Users\blender\git\blender-v360\blender.git\source\blender\blenkernel\intern\modifier.cc:460 BKE_modifier_set_error: Object: "Front left drilled rotor perforation.021", Modifier: "Weighted corner normals", Enable 'Auto Smooth' in Object Data Properties
ERROR (bke.modifier): C:\Users\blender\git\blender-v360\blender.git\source\blender\blenkernel\intern\modifier.cc:460 BKE_modifier_set_error: Object: "Front left drilled rotor perforation.020", Modifier: "Weighted corner normals", Enable 'Auto Smooth' in Object Data Properties
ERROR (bke.modifier): C:\Users\blender\git\blender-v360\blender.git\source\blender\blenkernel\intern\modifier.cc:460 BKE_modifier_set_error: Object: "Rear right drilled rotor perforation.003", Modifier: "Weighted corner normals", Enable 'Auto Smooth' in Object Data Properties
ERROR (bke.modifier): C:\Users\blender\git\blender-v360\blender.git\source\blender\blenkernel\intern\modifier.cc:460 BKE_modifier_set_error: Object: "Front left drilled rotor perforation.023", Modifier: "Weighted corner normals", Enable 'Auto Smooth' in Object Data Properties
ERROR (bke.modifier): C:\Users\blender\git\blender-v360\blender.git\source\blender\blenkernel\intern\modifier.cc:460 BKE_modifier_set_error: Object: "Front left drilled rotor perforation.024", Modifier: "Weighted corner normals", Enable 'Auto Smooth' in Object Data Properties
ERROR (bke.modifier): C:\Users\blender\git\blender-v360\blender.git\source\blender\blenkernel\intern\modifier.cc:460 BKE_modifier_set_error: Object: "Front left drilled rotor perforation.022", Modifier: "Weighted corner normals", Enable 'Auto Smooth' in Object Data Properties
ERROR (bke.modifier): C:\Users\blender\git\blender-v360\blender.git\source\blender\blenkernel\intern\modifier.cc:460 BKE_modifier_set_error: Object: "Rear right drilled rotor perforation.002", Modifier: "Weighted corner normals", Enable 'Auto Smooth' in Object Data Properties
ERROR (bke.modifier): C:\Users\blender\git\blender-v360\blender.git\source\blender\blenkernel\intern\modifier.cc:460 BKE_modifier_set_error: Object: "Front left drilled rotor perforation.025", Modifier: "Weighted corner normals", Enable 'Auto Smooth' in Object Data Properties
ERROR (bke.modifier): C:\Users\blender\git\blender-v360\blender.git\source\blender\blenkernel\intern\modifier.cc:460 BKE_modifier_set_error: Object: "Front left drilled rotor perforation.027", Modifier: "Weighted corner normals", Enable 'Auto Smooth' in Object Data Properties
ERROR (bke.modifier): C:\Users\blender\git\blender-v360\blender.git\source\blender\blenkernel\intern\modifier.cc:460 BKE_modifier_set_error: Object: "Front left drilled rotor perforation.026", Modifier: "Weighted corner normals", Enable 'Auto Smooth' in Object Data Properties
ERROR (bke.modifier): C:\Users\blender\git\blender-v360\blender.git\source\blender\blenkernel\intern\modifier.cc:460 BKE_modifier_set_error: Object: "Front left drilled rotor perforation.029", Modifier: "Weighted corner normals", Enable 'Auto Smooth' in Object Data Properties
ERROR (bke.modifier): C:\Users\blender\git\blender-v360\blender.git\source\blender\blenkernel\intern\modifier.cc:460 BKE_modifier_set_error: Object: "Front left drilled rotor perforation.030", Modifier: "Weighted corner normals", Enable 'Auto Smooth' in Object Data Properties
ERROR (bke.modifier): C:\Users\blender\git\blender-v360\blender.git\source\blender\blenkernel\intern\modifier.cc:460 BKE_modifier_set_error: Object: "Front left drilled rotor perforation.031", Modifier: "Weighted corner normals", Enable 'Auto Smooth' in Object Data Properties
ERROR (bke.modifier): C:\Users\blender\git\blender-v360\blender.git\source\blender\blenkernel\intern\modifier.cc:460 BKE_modifier_set_error: Object: "Rear right drilled rotor perforation.001", Modifier: "Weighted corner normals", Enable 'Auto Smooth' in Object Data Properties
ERROR (bke.modifier): C:\Users\blender\git\blender-v360\blender.git\source\blender\blenkernel\intern\modifier.cc:460 BKE_modifier_set_error: Object: "Front left drilled rotor perforation.032", Modifier: "Weighted corner normals", Enable 'Auto Smooth' in Object Data Properties
ERROR (bke.modifier): C:\Users\blender\git\blender-v360\blender.git\source\blender\blenkernel\intern\modifier.cc:460 BKE_modifier_set_error: Object: "Front left drilled rotor perforation.033", Modifier: "Weighted corner normals", Enable 'Auto Smooth' in Object Data Properties
ERROR (bke.modifier): C:\Users\blender\git\blender-v360\blender.git\source\blender\blenkernel\intern\modifier.cc:460 BKE_modifier_set_error: Object: "Rear right drilled rotor perforation", Modifier: "Weighted corner normals", Enable 'Auto Smooth' in Object Data Properties
ERROR (bke.modifier): C:\Users\blender\git\blender-v360\blender.git\source\blender\blenkernel\intern\modifier.cc:460 BKE_modifier_set_error: Object: "Front left drilled rotor perforation.035", Modifier: "Weighted corner normals", Enable 'Auto Smooth' in Object Data Properties
ERROR (bke.modifier): C:\Users\blender\git\blender-v360\blender.git\source\blender\blenkernel\intern\modifier.cc:460 BKE_modifier_set_error: Object: "Front left drilled rotor perforation.028", Modifier: "Weighted corner normals", Enable 'Auto Smooth' in Object Data Properties
ERROR (bke.modifier): C:\Users\blender\git\blender-v360\blender.git\source\blender\blenkernel\intern\modifier.cc:460 BKE_modifier_set_error: Object: "Front left drilled rotor perforation.036", Modifier: "Weighted corner normals", Enable 'Auto Smooth' in Object Data Properties
ERROR (bke.modifier): C:\Users\blender\git\blender-v360\blender.git\source\blender\blenkernel\intern\modifier.cc:460 BKE_modifier_set_error: Object: "Front left drilled rotor perforation.034", Modifier: "Weighted corner normals", Enable 'Auto Smooth' in Object Data Properties
ERROR (bke.modifier): C:\Users\blender\git\blender-v360\blender.git\source\blender\blenkernel\intern\modifier.cc:460 BKE_modifier_set_error: Object: "Front left drilled rotor perforation.037", Modifier: "Weighted corner normals", Enable 'Auto Smooth' in Object Data Properties
ERROR (bke.modifier): C:\Users\blender\git\blender-v360\blender.git\source\blender\blenkernel\intern\modifier.cc:460 BKE_modifier_set_error: Object: "Front left drilled rotor perforation.038", Modifier: "Weighted corner normals", Enable 'Auto Smooth' in Object Data Properties
ERROR (bke.modifier): C:\Users\blender\git\blender-v360\blender.git\source\blender\blenkernel\intern\modifier.cc:460 BKE_modifier_set_error: Object: "Front left drilled rotor perforation.039", Modifier: "Weighted corner normals", Enable 'Auto Smooth' in Object Data Properties
ERROR (bke.modifier): C:\Users\blender\git\blender-v360\blender.git\source\blender\blenkernel\intern\modifier.cc:460 BKE_modifier_set_error: Object: "Front left drilled rotor perforation.041", Modifier: "Weighted corner normals", Enable 'Auto Smooth' in Object Data Properties
ERROR (bke.modifier): C:\Users\blender\git\blender-v360\blender.git\source\blender\blenkernel\intern\modifier.cc:460 BKE_modifier_set_error: Object: "Front left drilled rotor perforation.040", Modifier: "Weighted corner normals", Enable 'Auto Smooth' in Object Data Properties
ERROR (bke.modifier): C:\Users\blender\git\blender-v360\blender.git\source\blender\blenkernel\intern\modifier.cc:460 BKE_modifier_set_error: Object: "Front left drilled rotor perforation.043", Modifier: "Weighted corner normals", Enable 'Auto Smooth' in Object Data Properties
ERROR (bke.modifier): C:\Users\blender\git\blender-v360\blender.git\source\blender\blenkernel\intern\modifier.cc:460 BKE_modifier_set_error: Object: "Front left drilled rotor perforation.042", Modifier: "Weighted corner normals", Enable 'Auto Smooth' in Object Data Properties
ERROR (bke.modifier): C:\Users\blender\git\blender-v360\blender.git\source\blender\blenkernel\intern\modifier.cc:460 BKE_modifier_set_error: Object: "Front left drilled rotor perforation.044", Modifier: "Weighted corner normals", Enable 'Auto Smooth' in Object Data Properties
ERROR (bke.modifier): C:\Users\blender\git\blender-v360\blender.git\source\blender\blenkernel\intern\modifier.cc:460 BKE_modifier_set_error: Object: "Front left drilled rotor perforation.046", Modifier: "Weighted corner normals", Enable 'Auto Smooth' in Object Data Properties
ERROR (bke.modifier): C:\Users\blender\git\blender-v360\blender.git\source\blender\blenkernel\intern\modifier.cc:460 BKE_modifier_set_error: Object: "Front left drilled rotor perforation.045", Modifier: "Weighted corner normals", Enable 'Auto Smooth' in Object Data Properties
ERROR (bke.modifier): C:\Users\blender\git\blender-v360\blender.git\source\blender\blenkernel\intern\modifier.cc:460 BKE_modifier_set_error: Object: "Front left drilled rotor perforation.047", Modifier: "Weighted corner normals", Enable 'Auto Smooth' in Object Data Properties
ERROR (bke.modifier): C:\Users\blender\git\blender-v360\blender.git\source\blender\blenkernel\intern\modifier.cc:460 BKE_modifier_set_error: Object: "Front left drilled rotor perforation.048", Modifier: "Weighted corner normals", Enable 'Auto Smooth' in Object Data Properties
ERROR (bke.modifier): C:\Users\blender\git\blender-v360\blender.git\source\blender\blenkernel\intern\modifier.cc:460 BKE_modifier_set_error: Object: "Rear right brake rotor", Modifier: "Weighted corner normals", Enable 'Auto Smooth' in Object Data Properties
ERROR (bke.modifier): C:\Users\blender\git\blender-v360\blender.git\source\blender\blenkernel\intern\modifier.cc:460 BKE_modifier_set_error: Object: "Front left drilled rotor perforation.049", Modifier: "Weighted corner normals", Enable 'Auto Smooth' in Object Data Properties
ERROR (bke.modifier): C:\Users\blender\git\blender-v360\blender.git\source\blender\blenkernel\intern\modifier.cc:460 BKE_modifier_set_error: Object: "Front left drilled rotor perforation.051", Modifier: "Weighted corner normals", Enable 'Auto Smooth' in Object Data Properties
ERROR (bke.modifier): C:\Users\blender\git\blender-v360\blender.git\source\blender\blenkernel\intern\modifier.cc:460 BKE_modifier_set_error: Object: "Front left drilled rotor perforation.050", Modifier: "Weighted corner normals", Enable 'Auto Smooth' in Object Data Properties
ERROR (bke.modifier): C:\Users\blender\git\blender-v360\blender.git\source\blender\blenkernel\intern\modifier.cc:460 BKE_modifier_set_error: Object: "Front left drilled rotor perforation.053", Modifier: "Weighted corner normals", Enable 'Auto Smooth' in Object Data Properties
ERROR (bke.modifier): C:\Users\blender\git\blender-v360\blender.git\source\blender\blenkernel\intern\modifier.cc:460 BKE_modifier_set_error: Object: "Front left drilled rotor perforation.052", Modifier: "Weighted corner normals", Enable 'Auto Smooth' in Object Data Properties
ERROR (bke.modifier): C:\Users\blender\git\blender-v360\blender.git\source\blender\blenkernel\intern\modifier.cc:460 BKE_modifier_set_error: Object: "Front left drilled rotor perforation.054", Modifier: "Weighted corner normals", Enable 'Auto Smooth' in Object Data Properties
ERROR (bke.modifier): C:\Users\blender\git\blender-v360\blender.git\source\blender\blenkernel\intern\modifier.cc:460 BKE_modifier_set_error: Object: "Front left drilled rotor perforation.055", Modifier: "Weighted corner normals", Enable 'Auto Smooth' in Object Data Properties
ERROR (bke.modifier): C:\Users\blender\git\blender-v360\blender.git\source\blender\blenkernel\intern\modifier.cc:460 BKE_modifier_set_error: Object: "Front left drilled rotor perforation.057", Modifier: "Weighted corner normals", Enable 'Auto Smooth' in Object Data Properties
ERROR (bke.modifier): C:\Users\blender\git\blender-v360\blender.git\source\blender\blenkernel\intern\modifier.cc:460 BKE_modifier_set_error: Object: "Front left drilled rotor perforation.056", Modifier: "Weighted corner normals", Enable 'Auto Smooth' in Object Data Properties
ERROR (bke.modifier): C:\Users\blender\git\blender-v360\blender.git\source\blender\blenkernel\intern\modifier.cc:460 BKE_modifier_set_error: Object: "Front left drilled rotor perforation.059", Modifier: "Weighted corner normals", Enable 'Auto Smooth' in Object Data Properties
ERROR (bke.modifier): C:\Users\blender\git\blender-v360\blender.git\source\blender\blenkernel\intern\modifier.cc:460 BKE_modifier_set_error: Object: "Front left drilled rotor perforation.060", Modifier: "Weighted corner normals", Enable 'Auto Smooth' in Object Data Properties
ERROR (bke.modifier): C:\Users\blender\git\blender-v360\blender.git\source\blender\blenkernel\intern\modifier.cc:460 BKE_modifier_set_error: Object: "Front left drilled rotor perforation.058", Modifier: "Weighted corner normals", Enable 'Auto Smooth' in Object Data Properties
ERROR (bke.modifier): C:\Users\blender\git\blender-v360\blender.git\source\blender\blenkernel\intern\modifier.cc:460 BKE_modifier_set_error: Object: "Front left drilled rotor perforation.061", Modifier: "Weighted corner normals", Enable 'Auto Smooth' in Object Data Properties
ERROR (bke.modifier): C:\Users\blender\git\blender-v360\blender.git\source\blender\blenkernel\intern\modifier.cc:460 BKE_modifier_set_error: Object: "Front left drilled rotor perforation.063", Modifier: "Weighted corner normals", Enable 'Auto Smooth' in Object Data Properties
ERROR (bke.modifier): C:\Users\blender\git\blender-v360\blender.git\source\blender\blenkernel\intern\modifier.cc:460 BKE_modifier_set_error: Object: "Front left drilled rotor perforation.062", Modifier: "Weighted corner normals", Enable 'Auto Smooth' in Object Data Properties
ERROR (bke.modifier): C:\Users\blender\git\blender-v360\blender.git\source\blender\blenkernel\intern\modifier.cc:460 BKE_modifier_set_error: Object: "Front left drilled rotor perforation.064", Modifier: "Weighted corner normals", Enable 'Auto Smooth' in Object Data Properties
ERROR (bke.modifier): C:\Users\blender\git\blender-v360\blender.git\source\blender\blenkernel\intern\modifier.cc:460 BKE_modifier_set_error: Object: "Front left drilled rotor perforation.065", Modifier: "Weighted corner normals", Enable 'Auto Smooth' in Object Data Properties
ERROR (bke.modifier): C:\Users\blender\git\blender-v360\blender.git\source\blender\blenkernel\intern\modifier.cc:460 BKE_modifier_set_error: Object: "Front left drilled rotor perforation.066", Modifier: "Weighted corner normals", Enable 'Auto Smooth' in Object Data Properties
ERROR (bke.modifier): C:\Users\blender\git\blender-v360\blender.git\source\blender\blenkernel\intern\modifier.cc:460 BKE_modifier_set_error: Object: "Front left drilled rotor perforation.067", Modifier: "Weighted corner normals", Enable 'Auto Smooth' in Object Data Properties
ERROR (bke.modifier): C:\Users\blender\git\blender-v360\blender.git\source\blender\blenkernel\intern\modifier.cc:460 BKE_modifier_set_error: Object: "Front left drilled rotor perforation.068", Modifier: "Weighted corner normals", Enable 'Auto Smooth' in Object Data Properties
ERROR (bke.modifier): C:\Users\blender\git\blender-v360\blender.git\source\blender\blenkernel\intern\modifier.cc:460 BKE_modifier_set_error: Object: "Front left drilled rotor perforation.069", Modifier: "Weighted corner normals", Enable 'Auto Smooth' in Object Data Properties
ERROR (bke.modifier): C:\Users\blender\git\blender-v360\blender.git\source\blender\blenkernel\intern\modifier.cc:460 BKE_modifier_set_error: Object: "Front left drilled rotor perforation.070", Modifier: "Weighted corner normals", Enable 'Auto Smooth' in Object Data Properties
ERROR (bke.modifier): C:\Users\blender\git\blender-v360\blender.git\source\blender\blenkernel\intern\modifier.cc:460 BKE_modifier_set_error: Object: "Front left drilled rotor perforation.071", Modifier: "Weighted corner normals", Enable 'Auto Smooth' in Object Data Properties
ERROR (bke.modifier): C:\Users\blender\git\blender-v360\blender.git\source\blender\blenkernel\intern\modifier.cc:460 BKE_modifier_set_error: Object: "Front left yellow six-piston caliper", Modifier: "Weighted corner normals", Enable 'Auto Smooth' in Object Data Properties
ERROR (bke.modifier): C:\Users\blender\git\blender-v360\blender.git\source\blender\blenkernel\intern\modifier.cc:460 BKE_modifier_set_error: Object: "Front left brake disc bell", Modifier: "Weighted corner normals", Enable 'Auto Smooth' in Object Data Properties
ERROR (bke.modifier): C:\Users\blender\git\blender-v360\blender.git\source\blender\blenkernel\intern\modifier.cc:460 BKE_modifier_set_error: Object: "Front left black spoke pocket", Modifier: "Weighted corner normals", Enable 'Auto Smooth' in Object Data Properties
ERROR (bke.modifier): C:\Users\blender\git\blender-v360\blender.git\source\blender\blenkernel\intern\modifier.cc:460 BKE_modifier_set_error: Object: "Front left machined split spoke.001", Modifier: "Weighted corner normals", Enable 'Auto Smooth' in Object Data Properties
ERROR (bke.modifier): C:\Users\blender\git\blender-v360\blender.git\source\blender\blenkernel\intern\modifier.cc:460 BKE_modifier_set_error: Object: "Front left machined split spoke", Modifier: "Weighted corner normals", Enable 'Auto Smooth' in Object Data Properties
ERROR (bke.modifier): C:\Users\blender\git\blender-v360\blender.git\source\blender\blenkernel\intern\modifier.cc:460 BKE_modifier_set_error: Object: "Front left black spoke pocket.001", Modifier: "Weighted corner normals", Enable 'Auto Smooth' in Object Data Properties
ERROR (bke.modifier): C:\Users\blender\git\blender-v360\blender.git\source\blender\blenkernel\intern\modifier.cc:460 BKE_modifier_set_error: Object: "Front left machined split spoke.002", Modifier: "Weighted corner normals", Enable 'Auto Smooth' in Object Data Properties
ERROR (bke.modifier): C:\Users\blender\git\blender-v360\blender.git\source\blender\blenkernel\intern\modifier.cc:460 BKE_modifier_set_error: Object: "Front left black spoke pocket.002", Modifier: "Weighted corner normals", Enable 'Auto Smooth' in Object Data Properties
ERROR (bke.modifier): C:\Users\blender\git\blender-v360\blender.git\source\blender\blenkernel\intern\modifier.cc:460 BKE_modifier_set_error: Object: "Front left machined split spoke.003", Modifier: "Weighted corner normals", Enable 'Auto Smooth' in Object Data Properties
ERROR (bke.modifier): C:\Users\blender\git\blender-v360\blender.git\source\blender\blenkernel\intern\modifier.cc:460 BKE_modifier_set_error: Object: "Front left machined split spoke.004", Modifier: "Weighted corner normals", Enable 'Auto Smooth' in Object Data Properties
ERROR (bke.modifier): C:\Users\blender\git\blender-v360\blender.git\source\blender\blenkernel\intern\modifier.cc:460 BKE_modifier_set_error: Object: "Front left black spoke pocket.003", Modifier: "Weighted corner normals", Enable 'Auto Smooth' in Object Data Properties
ERROR (bke.modifier): C:\Users\blender\git\blender-v360\blender.git\source\blender\blenkernel\intern\modifier.cc:460 BKE_modifier_set_error: Object: "Front left black spoke pocket.004", Modifier: "Weighted corner normals", Enable 'Auto Smooth' in Object Data Properties
ERROR (bke.modifier): C:\Users\blender\git\blender-v360\blender.git\source\blender\blenkernel\intern\modifier.cc:460 BKE_modifier_set_error: Object: "Front left machined split spoke.005", Modifier: "Weighted corner normals", Enable 'Auto Smooth' in Object Data Properties
ERROR (bke.modifier): C:\Users\blender\git\blender-v360\blender.git\source\blender\blenkernel\intern\modifier.cc:460 BKE_modifier_set_error: Object: "Front left black spoke pocket.005", Modifier: "Weighted corner normals", Enable 'Auto Smooth' in Object Data Properties
ERROR (bke.modifier): C:\Users\blender\git\blender-v360\blender.git\source\blender\blenkernel\intern\modifier.cc:460 BKE_modifier_set_error: Object: "Front left black spoke pocket.006", Modifier: "Weighted corner normals", Enable 'Auto Smooth' in Object Data Properties
ERROR (bke.modifier): C:\Users\blender\git\blender-v360\blender.git\source\blender\blenkernel\intern\modifier.cc:460 BKE_modifier_set_error: Object: "Front left machined split spoke.006", Modifier: "Weighted corner normals", Enable 'Auto Smooth' in Object Data Properties
ERROR (bke.modifier): C:\Users\blender\git\blender-v360\blender.git\source\blender\blenkernel\intern\modifier.cc:460 BKE_modifier_set_error: Object: "Front left machined split spoke.007", Modifier: "Weighted corner normals", Enable 'Auto Smooth' in Object Data Properties
ERROR (bke.modifier): C:\Users\blender\git\blender-v360\blender.git\source\blender\blenkernel\intern\modifier.cc:460 BKE_modifier_set_error: Object: "Front left black spoke pocket.007", Modifier: "Weighted corner normals", Enable 'Auto Smooth' in Object Data Properties
ERROR (bke.modifier): C:\Users\blender\git\blender-v360\blender.git\source\blender\blenkernel\intern\modifier.cc:460 BKE_modifier_set_error: Object: "Front left machined split spoke.008", Modifier: "Weighted corner normals", Enable 'Auto Smooth' in Object Data Properties
ERROR (bke.modifier): C:\Users\blender\git\blender-v360\blender.git\source\blender\blenkernel\intern\modifier.cc:460 BKE_modifier_set_error: Object: "Front left black spoke pocket.008", Modifier: "Weighted corner normals", Enable 'Auto Smooth' in Object Data Properties
ERROR (bke.modifier): C:\Users\blender\git\blender-v360\blender.git\source\blender\blenkernel\intern\modifier.cc:460 BKE_modifier_set_error: Object: "Front left machined split spoke.009", Modifier: "Weighted corner normals", Enable 'Auto Smooth' in Object Data Properties
ERROR (bke.modifier): C:\Users\blender\git\blender-v360\blender.git\source\blender\blenkernel\intern\modifier.cc:460 BKE_modifier_set_error: Object: "Front left black spoke pocket.009", Modifier: "Weighted corner normals", Enable 'Auto Smooth' in Object Data Properties
ERROR (bke.modifier): C:\Users\blender\git\blender-v360\blender.git\source\blender\blenkernel\intern\modifier.cc:460 BKE_modifier_set_error: Object: "Front left titanium lug nut", Modifier: "Weighted corner normals", Enable 'Auto Smooth' in Object Data Properties
ERROR (bke.modifier): C:\Users\blender\git\blender-v360\blender.git\source\blender\blenkernel\intern\modifier.cc:460 BKE_modifier_set_error: Object: "Front left titanium lug nut.001", Modifier: "Weighted corner normals", Enable 'Auto Smooth' in Object Data Properties
ERROR (bke.modifier): C:\Users\blender\git\blender-v360\blender.git\source\blender\blenkernel\intern\modifier.cc:460 BKE_modifier_set_error: Object: "Front left center hub", Modifier: "Weighted corner normals", Enable 'Auto Smooth' in Object Data Properties
ERROR (bke.modifier): C:\Users\blender\git\blender-v360\blender.git\source\blender\blenkernel\intern\modifier.cc:460 BKE_modifier_set_error: Object: "Front left titanium lug nut.002", Modifier: "Weighted corner normals", Enable 'Auto Smooth' in Object Data Properties
ERROR (bke.modifier): C:\Users\blender\git\blender-v360\blender.git\source\blender\blenkernel\intern\modifier.cc:460 BKE_modifier_set_error: Object: "Front left titanium lug nut.003", Modifier: "Weighted corner normals", Enable 'Auto Smooth' in Object Data Properties
ERROR (bke.modifier): C:\Users\blender\git\blender-v360\blender.git\source\blender\blenkernel\intern\modifier.cc:460 BKE_modifier_set_error: Object: "Front left titanium lug nut.004", Modifier: "Weighted corner normals", Enable 'Auto Smooth' in Object Data Properties
ERROR (bke.modifier): C:\Users\blender\git\blender-v360\blender.git\source\blender\blenkernel\intern\modifier.cc:460 BKE_modifier_set_error: Object: "Front left tire valve", Modifier: "Weighted corner normals", Enable 'Auto Smooth' in Object Data Properties
ERROR (bke.modifier): C:\Users\blender\git\blender-v360\blender.git\source\blender\blenkernel\intern\modifier.cc:460 BKE_modifier_set_error: Object: "Rear left tire valve", Modifier: "Weighted corner normals", Enable 'Auto Smooth' in Object Data Properties
ERROR (bke.modifier): C:\Users\blender\git\blender-v360\blender.git\source\blender\blenkernel\intern\modifier.cc:460 BKE_modifier_set_error: Object: "Rear left titanium lug nut.004", Modifier: "Weighted corner normals", Enable 'Auto Smooth' in Object Data Properties
ERROR (bke.modifier): C:\Users\blender\git\blender-v360\blender.git\source\blender\blenkernel\intern\modifier.cc:460 BKE_modifier_set_error: Object: "Front right drilled rotor perforation", Modifier: "Weighted corner normals", Enable 'Auto Smooth' in Object Data Properties
ERROR (bke.modifier): C:\Users\blender\git\blender-v360\blender.git\source\blender\blenkernel\intern\modifier.cc:460 BKE_modifier_set_error: Object: "Front right drilled rotor perforation.001", Modifier: "Weighted corner normals", Enable 'Auto Smooth' in Object Data Properties
ERROR (bke.modifier): C:\Users\blender\git\blender-v360\blender.git\source\blender\blenkernel\intern\modifier.cc:460 BKE_modifier_set_error: Object: "Rear left titanium lug nut.003", Modifier: "Weighted corner normals", Enable 'Auto Smooth' in Object Data Properties
ERROR (bke.modifier): C:\Users\blender\git\blender-v360\blender.git\source\blender\blenkernel\intern\modifier.cc:460 BKE_modifier_set_error: Object: "Rear left titanium lug nut.002", Modifier: "Weighted corner normals", Enable 'Auto Smooth' in Object Data Properties
ERROR (bke.modifier): C:\Users\blender\git\blender-v360\blender.git\source\blender\blenkernel\intern\modifier.cc:460 BKE_modifier_set_error: Object: "Front right drilled rotor perforation.002", Modifier: "Weighted corner normals", Enable 'Auto Smooth' in Object Data Properties
ERROR (bke.modifier): C:\Users\blender\git\blender-v360\blender.git\source\blender\blenkernel\intern\modifier.cc:460 BKE_modifier_set_error: Object: "Rear left titanium lug nut.001", Modifier: "Weighted corner normals", Enable 'Auto Smooth' in Object Data Properties
ERROR (bke.modifier): C:\Users\blender\git\blender-v360\blender.git\source\blender\blenkernel\intern\modifier.cc:460 BKE_modifier_set_error: Object: "Front right drilled rotor perforation.003", Modifier: "Weighted corner normals", Enable 'Auto Smooth' in Object Data Properties
ERROR (bke.modifier): C:\Users\blender\git\blender-v360\blender.git\source\blender\blenkernel\intern\modifier.cc:460 BKE_modifier_set_error: Object: "Front right drilled rotor perforation.004", Modifier: "Weighted corner normals", Enable 'Auto Smooth' in Object Data Properties
ERROR (bke.modifier): C:\Users\blender\git\blender-v360\blender.git\source\blender\blenkernel\intern\modifier.cc:460 BKE_modifier_set_error: Object: "Rear left titanium lug nut", Modifier: "Weighted corner normals", Enable 'Auto Smooth' in Object Data Properties
ERROR (bke.modifier): C:\Users\blender\git\blender-v360\blender.git\source\blender\blenkernel\intern\modifier.cc:460 BKE_modifier_set_error: Object: "Front right drilled rotor perforation.006", Modifier: "Weighted corner normals", Enable 'Auto Smooth' in Object Data Properties
ERROR (bke.modifier): C:\Users\blender\git\blender-v360\blender.git\source\blender\blenkernel\intern\modifier.cc:460 BKE_modifier_set_error: Object: "Front right drilled rotor perforation.007", Modifier: "Weighted corner normals", Enable 'Auto Smooth' in Object Data Properties
ERROR (bke.modifier): C:\Users\blender\git\blender-v360\blender.git\source\blender\blenkernel\intern\modifier.cc:460 BKE_modifier_set_error: Object: "Front right drilled rotor perforation.008", Modifier: "Weighted corner normals", Enable 'Auto Smooth' in Object Data Properties
ERROR (bke.modifier): C:\Users\blender\git\blender-v360\blender.git\source\blender\blenkernel\intern\modifier.cc:460 BKE_modifier_set_error: Object: "Front right drilled rotor perforation.005", Modifier: "Weighted corner normals", Enable 'Auto Smooth' in Object Data Properties
ERROR (bke.modifier): C:\Users\blender\git\blender-v360\blender.git\source\blender\blenkernel\intern\modifier.cc:460 BKE_modifier_set_error: Object: "Front right drilled rotor perforation.009", Modifier: "Weighted corner normals", Enable 'Auto Smooth' in Object Data Properties
ERROR (bke.modifier): C:\Users\blender\git\blender-v360\blender.git\source\blender\blenkernel\intern\modifier.cc:460 BKE_modifier_set_error: Object: "Front right drilled rotor perforation.010", Modifier: "Weighted corner normals", Enable 'Auto Smooth' in Object Data Properties
ERROR (bke.modifier): C:\Users\blender\git\blender-v360\blender.git\source\blender\blenkernel\intern\modifier.cc:460 BKE_modifier_set_error: Object: "Front right drilled rotor perforation.011", Modifier: "Weighted corner normals", Enable 'Auto Smooth' in Object Data Properties
ERROR (bke.modifier): C:\Users\blender\git\blender-v360\blender.git\source\blender\blenkernel\intern\modifier.cc:460 BKE_modifier_set_error: Object: "Front right drilled rotor perforation.012", Modifier: "Weighted corner normals", Enable 'Auto Smooth' in Object Data Properties
ERROR (bke.modifier): C:\Users\blender\git\blender-v360\blender.git\source\blender\blenkernel\intern\modifier.cc:460 BKE_modifier_set_error: Object: "Front right drilled rotor perforation.013", Modifier: "Weighted corner normals", Enable 'Auto Smooth' in Object Data Properties
ERROR (bke.modifier): C:\Users\blender\git\blender-v360\blender.git\source\blender\blenkernel\intern\modifier.cc:460 BKE_modifier_set_error: Object: "Front right drilled rotor perforation.014", Modifier: "Weighted corner normals", Enable 'Auto Smooth' in Object Data Properties
ERROR (bke.modifier): C:\Users\blender\git\blender-v360\blender.git\source\blender\blenkernel\intern\modifier.cc:460 BKE_modifier_set_error: Object: "Front right drilled rotor perforation.016", Modifier: "Weighted corner normals", Enable 'Auto Smooth' in Object Data Properties
ERROR (bke.modifier): C:\Users\blender\git\blender-v360\blender.git\source\blender\blenkernel\intern\modifier.cc:460 BKE_modifier_set_error: Object: "Front right drilled rotor perforation.015", Modifier: "Weighted corner normals", Enable 'Auto Smooth' in Object Data Properties
ERROR (bke.modifier): C:\Users\blender\git\blender-v360\blender.git\source\blender\blenkernel\intern\modifier.cc:460 BKE_modifier_set_error: Object: "Front right brake rotor", Modifier: "Weighted corner normals", Enable 'Auto Smooth' in Object Data Properties
ERROR (bke.modifier): C:\Users\blender\git\blender-v360\blender.git\source\blender\blenkernel\intern\modifier.cc:460 BKE_modifier_set_error: Object: "Front right drilled rotor perforation.017", Modifier: "Weighted corner normals", Enable 'Auto Smooth' in Object Data Properties
ERROR (bke.modifier): C:\Users\blender\git\blender-v360\blender.git\source\blender\blenkernel\intern\modifier.cc:460 BKE_modifier_set_error: Object: "Front right drilled rotor perforation.018", Modifier: "Weighted corner normals", Enable 'Auto Smooth' in Object Data Properties
ERROR (bke.modifier): C:\Users\blender\git\blender-v360\blender.git\source\blender\blenkernel\intern\modifier.cc:460 BKE_modifier_set_error: Object: "Front right drilled rotor perforation.019", Modifier: "Weighted corner normals", Enable 'Auto Smooth' in Object Data Properties
ERROR (bke.modifier): C:\Users\blender\git\blender-v360\blender.git\source\blender\blenkernel\intern\modifier.cc:460 BKE_modifier_set_error: Object: "Front right drilled rotor perforation.020", Modifier: "Weighted corner normals", Enable 'Auto Smooth' in Object Data Properties
ERROR (bke.modifier): C:\Users\blender\git\blender-v360\blender.git\source\blender\blenkernel\intern\modifier.cc:460 BKE_modifier_set_error: Object: "Front right drilled rotor perforation.021", Modifier: "Weighted corner normals", Enable 'Auto Smooth' in Object Data Properties
ERROR (bke.modifier): C:\Users\blender\git\blender-v360\blender.git\source\blender\blenkernel\intern\modifier.cc:460 BKE_modifier_set_error: Object: "Front right drilled rotor perforation.022", Modifier: "Weighted corner normals", Enable 'Auto Smooth' in Object Data Properties
ERROR (bke.modifier): C:\Users\blender\git\blender-v360\blender.git\source\blender\blenkernel\intern\modifier.cc:460 BKE_modifier_set_error: Object: "Front right drilled rotor perforation.023", Modifier: "Weighted corner normals", Enable 'Auto Smooth' in Object Data Properties
ERROR (bke.modifier): C:\Users\blender\git\blender-v360\blender.git\source\blender\blenkernel\intern\modifier.cc:460 BKE_modifier_set_error: Object: "Front right drilled rotor perforation.024", Modifier: "Weighted corner normals", Enable 'Auto Smooth' in Object Data Properties
ERROR (bke.modifier): C:\Users\blender\git\blender-v360\blender.git\source\blender\blenkernel\intern\modifier.cc:460 BKE_modifier_set_error: Object: "Rear left center hub", Modifier: "Weighted corner normals", Enable 'Auto Smooth' in Object Data Properties
ERROR (bke.modifier): C:\Users\blender\git\blender-v360\blender.git\source\blender\blenkernel\intern\modifier.cc:460 BKE_modifier_set_error: Object: "Front right drilled rotor perforation.025", Modifier: "Weighted corner normals", Enable 'Auto Smooth' in Object Data Properties
ERROR (bke.modifier): C:\Users\blender\git\blender-v360\blender.git\source\blender\blenkernel\intern\modifier.cc:460 BKE_modifier_set_error: Object: "Rear left black spoke pocket.009", Modifier: "Weighted corner normals", Enable 'Auto Smooth' in Object Data Properties
ERROR (bke.modifier): C:\Users\blender\git\blender-v360\blender.git\source\blender\blenkernel\intern\modifier.cc:460 BKE_modifier_set_error: Object: "Front right drilled rotor perforation.026", Modifier: "Weighted corner normals", Enable 'Auto Smooth' in Object Data Properties
ERROR (bke.modifier): C:\Users\blender\git\blender-v360\blender.git\source\blender\blenkernel\intern\modifier.cc:460 BKE_modifier_set_error: Object: "Front right drilled rotor perforation.027", Modifier: "Weighted corner normals", Enable 'Auto Smooth' in Object Data Properties
ERROR (bke.modifier): C:\Users\blender\git\blender-v360\blender.git\source\blender\blenkernel\intern\modifier.cc:460 BKE_modifier_set_error: Object: "Front right drilled rotor perforation.028", Modifier: "Weighted corner normals", Enable 'Auto Smooth' in Object Data Properties
ERROR (bke.modifier): C:\Users\blender\git\blender-v360\blender.git\source\blender\blenkernel\intern\modifier.cc:460 BKE_modifier_set_error: Object: "Rear left machined split spoke.009", Modifier: "Weighted corner normals", Enable 'Auto Smooth' in Object Data Properties
ERROR (bke.modifier): C:\Users\blender\git\blender-v360\blender.git\source\blender\blenkernel\intern\modifier.cc:460 BKE_modifier_set_error: Object: "Front right drilled rotor perforation.029", Modifier: "Weighted corner normals", Enable 'Auto Smooth' in Object Data Properties
ERROR (bke.modifier): C:\Users\blender\git\blender-v360\blender.git\source\blender\blenkernel\intern\modifier.cc:460 BKE_modifier_set_error: Object: "Rear left black spoke pocket.008", Modifier: "Weighted corner normals", Enable 'Auto Smooth' in Object Data Properties
ERROR (bke.modifier): C:\Users\blender\git\blender-v360\blender.git\source\blender\blenkernel\intern\modifier.cc:460 BKE_modifier_set_error: Object: "Front right drilled rotor perforation.031", Modifier: "Weighted corner normals", Enable 'Auto Smooth' in Object Data Properties
ERROR (bke.modifier): C:\Users\blender\git\blender-v360\blender.git\source\blender\blenkernel\intern\modifier.cc:460 BKE_modifier_set_error: Object: "Front right drilled rotor perforation.032", Modifier: "Weighted corner normals", Enable 'Auto Smooth' in Object Data Properties
ERROR (bke.modifier): C:\Users\blender\git\blender-v360\blender.git\source\blender\blenkernel\intern\modifier.cc:460 BKE_modifier_set_error: Object: "Rear left machined split spoke.008", Modifier: "Weighted corner normals", Enable 'Auto Smooth' in Object Data Properties
ERROR (bke.modifier): C:\Users\blender\git\blender-v360\blender.git\source\blender\blenkernel\intern\modifier.cc:460 BKE_modifier_set_error: Object: "Front right drilled rotor perforation.033", Modifier: "Weighted corner normals", Enable 'Auto Smooth' in Object Data Properties
ERROR (bke.modifier): C:\Users\blender\git\blender-v360\blender.git\source\blender\blenkernel\intern\modifier.cc:460 BKE_modifier_set_error: Object: "Rear left black spoke pocket.007", Modifier: "Weighted corner normals", Enable 'Auto Smooth' in Object Data Properties
ERROR (bke.modifier): C:\Users\blender\git\blender-v360\blender.git\source\blender\blenkernel\intern\modifier.cc:460 BKE_modifier_set_error: Object: "Rear left machined split spoke.007", Modifier: "Weighted corner normals", Enable 'Auto Smooth' in Object Data Properties
ERROR (bke.modifier): C:\Users\blender\git\blender-v360\blender.git\source\blender\blenkernel\intern\modifier.cc:460 BKE_modifier_set_error: Object: "Front right drilled rotor perforation.034", Modifier: "Weighted corner normals", Enable 'Auto Smooth' in Object Data Properties
ERROR (bke.modifier): C:\Users\blender\git\blender-v360\blender.git\source\blender\blenkernel\intern\modifier.cc:460 BKE_modifier_set_error: Object: "Rear left black spoke pocket.006", Modifier: "Weighted corner normals", Enable 'Auto Smooth' in Object Data Properties
ERROR (bke.modifier): C:\Users\blender\git\blender-v360\blender.git\source\blender\blenkernel\intern\modifier.cc:460 BKE_modifier_set_error: Object: "Front right drilled rotor perforation.035", Modifier: "Weighted corner normals", Enable 'Auto Smooth' in Object Data Properties
ERROR (bke.modifier): C:\Users\blender\git\blender-v360\blender.git\source\blender\blenkernel\intern\modifier.cc:460 BKE_modifier_set_error: Object: "Rear left machined split spoke.006", Modifier: "Weighted corner normals", Enable 'Auto Smooth' in Object Data Properties
ERROR (bke.modifier): C:\Users\blender\git\blender-v360\blender.git\source\blender\blenkernel\intern\modifier.cc:460 BKE_modifier_set_error: Object: "Front right drilled rotor perforation.030", Modifier: "Weighted corner normals", Enable 'Auto Smooth' in Object Data Properties
ERROR (bke.modifier): C:\Users\blender\git\blender-v360\blender.git\source\blender\blenkernel\intern\modifier.cc:460 BKE_modifier_set_error: Object: "Front right drilled rotor perforation.036", Modifier: "Weighted corner normals", Enable 'Auto Smooth' in Object Data Properties
ERROR (bke.modifier): C:\Users\blender\git\blender-v360\blender.git\source\blender\blenkernel\intern\modifier.cc:460 BKE_modifier_set_error: Object: "Rear left black spoke pocket.005", Modifier: "Weighted corner normals", Enable 'Auto Smooth' in Object Data Properties
ERROR (bke.modifier): C:\Users\blender\git\blender-v360\blender.git\source\blender\blenkernel\intern\modifier.cc:460 BKE_modifier_set_error: Object: "Front right drilled rotor perforation.038", Modifier: "Weighted corner normals", Enable 'Auto Smooth' in Object Data Properties
ERROR (bke.modifier): C:\Users\blender\git\blender-v360\blender.git\source\blender\blenkernel\intern\modifier.cc:460 BKE_modifier_set_error: Object: "Rear left machined split spoke.005", Modifier: "Weighted corner normals", Enable 'Auto Smooth' in Object Data Properties
ERROR (bke.modifier): C:\Users\blender\git\blender-v360\blender.git\source\blender\blenkernel\intern\modifier.cc:460 BKE_modifier_set_error: Object: "Front right drilled rotor perforation.037", Modifier: "Weighted corner normals", Enable 'Auto Smooth' in Object Data Properties
ERROR (bke.modifier): C:\Users\blender\git\blender-v360\blender.git\source\blender\blenkernel\intern\modifier.cc:460 BKE_modifier_set_error: Object: "Front right drilled rotor perforation.040", Modifier: "Weighted corner normals", Enable 'Auto Smooth' in Object Data Properties
ERROR (bke.modifier): C:\Users\blender\git\blender-v360\blender.git\source\blender\blenkernel\intern\modifier.cc:460 BKE_modifier_set_error: Object: "Rear left black spoke pocket.004", Modifier: "Weighted corner normals", Enable 'Auto Smooth' in Object Data Properties
ERROR (bke.modifier): C:\Users\blender\git\blender-v360\blender.git\source\blender\blenkernel\intern\modifier.cc:460 BKE_modifier_set_error: Object: "Front right drilled rotor perforation.039", Modifier: "Weighted corner normals", Enable 'Auto Smooth' in Object Data Properties
ERROR (bke.modifier): C:\Users\blender\git\blender-v360\blender.git\source\blender\blenkernel\intern\modifier.cc:460 BKE_modifier_set_error: Object: "Rear left machined split spoke.004", Modifier: "Weighted corner normals", Enable 'Auto Smooth' in Object Data Properties
ERROR (bke.modifier): C:\Users\blender\git\blender-v360\blender.git\source\blender\blenkernel\intern\modifier.cc:460 BKE_modifier_set_error: Object: "Front right drilled rotor perforation.042", Modifier: "Weighted corner normals", Enable 'Auto Smooth' in Object Data Properties
ERROR (bke.modifier): C:\Users\blender\git\blender-v360\blender.git\source\blender\blenkernel\intern\modifier.cc:460 BKE_modifier_set_error: Object: "Front right drilled rotor perforation.041", Modifier: "Weighted corner normals", Enable 'Auto Smooth' in Object Data Properties
ERROR (bke.modifier): C:\Users\blender\git\blender-v360\blender.git\source\blender\blenkernel\intern\modifier.cc:460 BKE_modifier_set_error: Object: "Rear left black spoke pocket.003", Modifier: "Weighted corner normals", Enable 'Auto Smooth' in Object Data Properties
ERROR (bke.modifier): C:\Users\blender\git\blender-v360\blender.git\source\blender\blenkernel\intern\modifier.cc:460 BKE_modifier_set_error: Object: "Front right drilled rotor perforation.044", Modifier: "Weighted corner normals", Enable 'Auto Smooth' in Object Data Properties
ERROR (bke.modifier): C:\Users\blender\git\blender-v360\blender.git\source\blender\blenkernel\intern\modifier.cc:460 BKE_modifier_set_error: Object: "Front right drilled rotor perforation.043", Modifier: "Weighted corner normals", Enable 'Auto Smooth' in Object Data Properties
ERROR (bke.modifier): C:\Users\blender\git\blender-v360\blender.git\source\blender\blenkernel\intern\modifier.cc:460 BKE_modifier_set_error: Object: "Rear left machined split spoke.003", Modifier: "Weighted corner normals", Enable 'Auto Smooth' in Object Data Properties
ERROR (bke.modifier): C:\Users\blender\git\blender-v360\blender.git\source\blender\blenkernel\intern\modifier.cc:460 BKE_modifier_set_error: Object: "Front right drilled rotor perforation.045", Modifier: "Weighted corner normals", Enable 'Auto Smooth' in Object Data Properties
ERROR (bke.modifier): C:\Users\blender\git\blender-v360\blender.git\source\blender\blenkernel\intern\modifier.cc:460 BKE_modifier_set_error: Object: "Front right drilled rotor perforation.046", Modifier: "Weighted corner normals", Enable 'Auto Smooth' in Object Data Properties
ERROR (bke.modifier): C:\Users\blender\git\blender-v360\blender.git\source\blender\blenkernel\intern\modifier.cc:460 BKE_modifier_set_error: Object: "Rear left black spoke pocket.002", Modifier: "Weighted corner normals", Enable 'Auto Smooth' in Object Data Properties
ERROR (bke.modifier): C:\Users\blender\git\blender-v360\blender.git\source\blender\blenkernel\intern\modifier.cc:460 BKE_modifier_set_error: Object: "Front right drilled rotor perforation.049", Modifier: "Weighted corner normals", Enable 'Auto Smooth' in Object Data Properties
ERROR (bke.modifier): C:\Users\blender\git\blender-v360\blender.git\source\blender\blenkernel\intern\modifier.cc:460 BKE_modifier_set_error: Object: "Front right drilled rotor perforation.047", Modifier: "Weighted corner normals", Enable 'Auto Smooth' in Object Data Properties
ERROR (bke.modifier): C:\Users\blender\git\blender-v360\blender.git\source\blender\blenkernel\intern\modifier.cc:460 BKE_modifier_set_error: Object: "Rear left machined split spoke.002", Modifier: "Weighted corner normals", Enable 'Auto Smooth' in Object Data Properties
ERROR (bke.modifier): C:\Users\blender\git\blender-v360\blender.git\source\blender\blenkernel\intern\modifier.cc:460 BKE_modifier_set_error: Object: "Front right drilled rotor perforation.050", Modifier: "Weighted corner normals", Enable 'Auto Smooth' in Object Data Properties
ERROR (bke.modifier): C:\Users\blender\git\blender-v360\blender.git\source\blender\blenkernel\intern\modifier.cc:460 BKE_modifier_set_error: Object: "Front right drilled rotor perforation.048", Modifier: "Weighted corner normals", Enable 'Auto Smooth' in Object Data Properties
ERROR (bke.modifier): C:\Users\blender\git\blender-v360\blender.git\source\blender\blenkernel\intern\modifier.cc:460 BKE_modifier_set_error: Object: "Front right drilled rotor perforation.052", Modifier: "Weighted corner normals", Enable 'Auto Smooth' in Object Data Properties
ERROR (bke.modifier): C:\Users\blender\git\blender-v360\blender.git\source\blender\blenkernel\intern\modifier.cc:460 BKE_modifier_set_error: Object: "Front right drilled rotor perforation.051", Modifier: "Weighted corner normals", Enable 'Auto Smooth' in Object Data Properties
ERROR (bke.modifier): C:\Users\blender\git\blender-v360\blender.git\source\blender\blenkernel\intern\modifier.cc:460 BKE_modifier_set_error: Object: "Rear left black spoke pocket.001", Modifier: "Weighted corner normals", Enable 'Auto Smooth' in Object Data Properties
ERROR (bke.modifier): C:\Users\blender\git\blender-v360\blender.git\source\blender\blenkernel\intern\modifier.cc:460 BKE_modifier_set_error: Object: "Front right drilled rotor perforation.053", Modifier: "Weighted corner normals", Enable 'Auto Smooth' in Object Data Properties
ERROR (bke.modifier): C:\Users\blender\git\blender-v360\blender.git\source\blender\blenkernel\intern\modifier.cc:460 BKE_modifier_set_error: Object: "Front right drilled rotor perforation.054", Modifier: "Weighted corner normals", Enable 'Auto Smooth' in Object Data Properties
ERROR (bke.modifier): C:\Users\blender\git\blender-v360\blender.git\source\blender\blenkernel\intern\modifier.cc:460 BKE_modifier_set_error: Object: "Front right drilled rotor perforation.055", Modifier: "Weighted corner normals", Enable 'Auto Smooth' in Object Data Properties
ERROR (bke.modifier): C:\Users\blender\git\blender-v360\blender.git\source\blender\blenkernel\intern\modifier.cc:460 BKE_modifier_set_error: Object: "Rear left machined split spoke.001", Modifier: "Weighted corner normals", Enable 'Auto Smooth' in Object Data Properties
ERROR (bke.modifier): C:\Users\blender\git\blender-v360\blender.git\source\blender\blenkernel\intern\modifier.cc:460 BKE_modifier_set_error: Object: "Front right drilled rotor perforation.056", Modifier: "Weighted corner normals", Enable 'Auto Smooth' in Object Data Properties
ERROR (bke.modifier): C:\Users\blender\git\blender-v360\blender.git\source\blender\blenkernel\intern\modifier.cc:460 BKE_modifier_set_error: Object: "Front right drilled rotor perforation.058", Modifier: "Weighted corner normals", Enable 'Auto Smooth' in Object Data Properties
ERROR (bke.modifier): C:\Users\blender\git\blender-v360\blender.git\source\blender\blenkernel\intern\modifier.cc:460 BKE_modifier_set_error: Object: "Front right drilled rotor perforation.057", Modifier: "Weighted corner normals", Enable 'Auto Smooth' in Object Data Properties
ERROR (bke.modifier): C:\Users\blender\git\blender-v360\blender.git\source\blender\blenkernel\intern\modifier.cc:460 BKE_modifier_set_error: Object: "Front right drilled rotor perforation.059", Modifier: "Weighted corner normals", Enable 'Auto Smooth' in Object Data Properties
ERROR (bke.modifier): C:\Users\blender\git\blender-v360\blender.git\source\blender\blenkernel\intern\modifier.cc:460 BKE_modifier_set_error: Object: "Rear left black spoke pocket", Modifier: "Weighted corner normals", Enable 'Auto Smooth' in Object Data Properties
ERROR (bke.modifier): C:\Users\blender\git\blender-v360\blender.git\source\blender\blenkernel\intern\modifier.cc:460 BKE_modifier_set_error: Object: "Front right drilled rotor perforation.062", Modifier: "Weighted corner normals", Enable 'Auto Smooth' in Object Data Properties
ERROR (bke.modifier): C:\Users\blender\git\blender-v360\blender.git\source\blender\blenkernel\intern\modifier.cc:460 BKE_modifier_set_error: Object: "Front right drilled rotor perforation.060", Modifier: "Weighted corner normals", Enable 'Auto Smooth' in Object Data Properties
ERROR (bke.modifier): C:\Users\blender\git\blender-v360\blender.git\source\blender\blenkernel\intern\modifier.cc:460 BKE_modifier_set_error: Object: "Front right drilled rotor perforation.061", Modifier: "Weighted corner normals", Enable 'Auto Smooth' in Object Data Properties
ERROR (bke.modifier): C:\Users\blender\git\blender-v360\blender.git\source\blender\blenkernel\intern\modifier.cc:460 BKE_modifier_set_error: Object: "Front right drilled rotor perforation.063", Modifier: "Weighted corner normals", Enable 'Auto Smooth' in Object Data Properties
ERROR (bke.modifier): C:\Users\blender\git\blender-v360\blender.git\source\blender\blenkernel\intern\modifier.cc:460 BKE_modifier_set_error: Object: "Rear left machined split spoke", Modifier: "Weighted corner normals", Enable 'Auto Smooth' in Object Data Properties
ERROR (bke.modifier): C:\Users\blender\git\blender-v360\blender.git\source\blender\blenkernel\intern\modifier.cc:460 BKE_modifier_set_error: Object: "Front right drilled rotor perforation.064", Modifier: "Weighted corner normals", Enable 'Auto Smooth' in Object Data Properties
ERROR (bke.modifier): C:\Users\blender\git\blender-v360\blender.git\source\blender\blenkernel\intern\modifier.cc:460 BKE_modifier_set_error: Object: "Front right drilled rotor perforation.065", Modifier: "Weighted corner normals", Enable 'Auto Smooth' in Object Data Properties
ERROR (bke.modifier): C:\Users\blender\git\blender-v360\blender.git\source\blender\blenkernel\intern\modifier.cc:460 BKE_modifier_set_error: Object: "Front right drilled rotor perforation.066", Modifier: "Weighted corner normals", Enable 'Auto Smooth' in Object Data Properties
ERROR (bke.modifier): C:\Users\blender\git\blender-v360\blender.git\source\blender\blenkernel\intern\modifier.cc:460 BKE_modifier_set_error: Object: "Front right drilled rotor perforation.067", Modifier: "Weighted corner normals", Enable 'Auto Smooth' in Object Data Properties
ERROR (bke.modifier): C:\Users\blender\git\blender-v360\blender.git\source\blender\blenkernel\intern\modifier.cc:460 BKE_modifier_set_error: Object: "Front right drilled rotor perforation.068", Modifier: "Weighted corner normals", Enable 'Auto Smooth' in Object Data Properties
ERROR (bke.modifier): C:\Users\blender\git\blender-v360\blender.git\source\blender\blenkernel\intern\modifier.cc:460 BKE_modifier_set_error: Object: "Front right drilled rotor perforation.069", Modifier: "Weighted corner normals", Enable 'Auto Smooth' in Object Data Properties
ERROR (bke.modifier): C:\Users\blender\git\blender-v360\blender.git\source\blender\blenkernel\intern\modifier.cc:460 BKE_modifier_set_error: Object: "Front right drilled rotor perforation.071", Modifier: "Weighted corner normals", Enable 'Auto Smooth' in Object Data Properties
ERROR (bke.modifier): C:\Users\blender\git\blender-v360\blender.git\source\blender\blenkernel\intern\modifier.cc:460 BKE_modifier_set_error: Object: "Front right drilled rotor perforation.070", Modifier: "Weighted corner normals", Enable 'Auto Smooth' in Object Data Properties
ERROR (bke.modifier): C:\Users\blender\git\blender-v360\blender.git\source\blender\blenkernel\intern\modifier.cc:460 BKE_modifier_set_error: Object: "Front right yellow six-piston caliper", Modifier: "Weighted corner normals", Enable 'Auto Smooth' in Object Data Properties
ERROR (bke.modifier): C:\Users\blender\git\blender-v360\blender.git\source\blender\blenkernel\intern\modifier.cc:460 BKE_modifier_set_error: Object: "Front right machined split spoke", Modifier: "Weighted corner normals", Enable 'Auto Smooth' in Object Data Properties
ERROR (bke.modifier): C:\Users\blender\git\blender-v360\blender.git\source\blender\blenkernel\intern\modifier.cc:460 BKE_modifier_set_error: Object: "Front right black spoke pocket", Modifier: "Weighted corner normals", Enable 'Auto Smooth' in Object Data Properties
ERROR (bke.modifier): C:\Users\blender\git\blender-v360\blender.git\source\blender\blenkernel\intern\modifier.cc:460 BKE_modifier_set_error: Object: "Front right brake disc bell", Modifier: "Weighted corner normals", Enable 'Auto Smooth' in Object Data Properties
ERROR (bke.modifier): C:\Users\blender\git\blender-v360\blender.git\source\blender\blenkernel\intern\modifier.cc:460 BKE_modifier_set_error: Object: "Front right machined split spoke.001", Modifier: "Weighted corner normals", Enable 'Auto Smooth' in Object Data Properties
ERROR (bke.modifier): C:\Users\blender\git\blender-v360\blender.git\source\blender\blenkernel\intern\modifier.cc:460 BKE_modifier_set_error: Object: "Front right black spoke pocket.001", Modifier: "Weighted corner normals", Enable 'Auto Smooth' in Object Data Properties
ERROR (bke.modifier): C:\Users\blender\git\blender-v360\blender.git\source\blender\blenkernel\intern\modifier.cc:460 BKE_modifier_set_error: Object: "Front right black spoke pocket.002", Modifier: "Weighted corner normals", Enable 'Auto Smooth' in Object Data Properties
ERROR (bke.modifier): C:\Users\blender\git\blender-v360\blender.git\source\blender\blenkernel\intern\modifier.cc:460 BKE_modifier_set_error: Object: "Front right machined split spoke.002", Modifier: "Weighted corner normals", Enable 'Auto Smooth' in Object Data Properties
ERROR (bke.modifier): C:\Users\blender\git\blender-v360\blender.git\source\blender\blenkernel\intern\modifier.cc:460 BKE_modifier_set_error: Object: "Front right machined split spoke.003", Modifier: "Weighted corner normals", Enable 'Auto Smooth' in Object Data Properties
ERROR (bke.modifier): C:\Users\blender\git\blender-v360\blender.git\source\blender\blenkernel\intern\modifier.cc:460 BKE_modifier_set_error: Object: "Front right black spoke pocket.003", Modifier: "Weighted corner normals", Enable 'Auto Smooth' in Object Data Properties
ERROR (bke.modifier): C:\Users\blender\git\blender-v360\blender.git\source\blender\blenkernel\intern\modifier.cc:460 BKE_modifier_set_error: Object: "Front right black spoke pocket.004", Modifier: "Weighted corner normals", Enable 'Auto Smooth' in Object Data Properties
ERROR (bke.modifier): C:\Users\blender\git\blender-v360\blender.git\source\blender\blenkernel\intern\modifier.cc:460 BKE_modifier_set_error: Object: "Front right machined split spoke.004", Modifier: "Weighted corner normals", Enable 'Auto Smooth' in Object Data Properties
ERROR (bke.modifier): C:\Users\blender\git\blender-v360\blender.git\source\blender\blenkernel\intern\modifier.cc:460 BKE_modifier_set_error: Object: "Rear left yellow six-piston caliper", Modifier: "Weighted corner normals", Enable 'Auto Smooth' in Object Data Properties
ERROR (bke.modifier): C:\Users\blender\git\blender-v360\blender.git\source\blender\blenkernel\intern\modifier.cc:460 BKE_modifier_set_error: Object: "Front right black spoke pocket.005", Modifier: "Weighted corner normals", Enable 'Auto Smooth' in Object Data Properties
ERROR (bke.modifier): C:\Users\blender\git\blender-v360\blender.git\source\blender\blenkernel\intern\modifier.cc:460 BKE_modifier_set_error: Object: "Front right machined split spoke.005", Modifier: "Weighted corner normals", Enable 'Auto Smooth' in Object Data Properties
ERROR (bke.modifier): C:\Users\blender\git\blender-v360\blender.git\source\blender\blenkernel\intern\modifier.cc:460 BKE_modifier_set_error: Object: "Front right machined split spoke.006", Modifier: "Weighted corner normals", Enable 'Auto Smooth' in Object Data Properties
ERROR (bke.modifier): C:\Users\blender\git\blender-v360\blender.git\source\blender\blenkernel\intern\modifier.cc:460 BKE_modifier_set_error: Object: "Front right machined split spoke.007", Modifier: "Weighted corner normals", Enable 'Auto Smooth' in Object Data Properties
ERROR (bke.modifier): C:\Users\blender\git\blender-v360\blender.git\source\blender\blenkernel\intern\modifier.cc:460 BKE_modifier_set_error: Object: "Front right black spoke pocket.007", Modifier: "Weighted corner normals", Enable 'Auto Smooth' in Object Data Properties
ERROR (bke.modifier): C:\Users\blender\git\blender-v360\blender.git\source\blender\blenkernel\intern\modifier.cc:460 BKE_modifier_set_error: Object: "Front right black spoke pocket.008", Modifier: "Weighted corner normals", Enable 'Auto Smooth' in Object Data Properties
ERROR (bke.modifier): C:\Users\blender\git\blender-v360\blender.git\source\blender\blenkernel\intern\modifier.cc:460 BKE_modifier_set_error: Object: "Front right machined split spoke.008", Modifier: "Weighted corner normals", Enable 'Auto Smooth' in Object Data Properties
ERROR (bke.modifier): C:\Users\blender\git\blender-v360\blender.git\source\blender\blenkernel\intern\modifier.cc:460 BKE_modifier_set_error: Object: "Front right machined split spoke.009", Modifier: "Weighted corner normals", Enable 'Auto Smooth' in Object Data Properties
ERROR (bke.modifier): C:\Users\blender\git\blender-v360\blender.git\source\blender\blenkernel\intern\modifier.cc:460 BKE_modifier_set_error: Object: "Front right black spoke pocket.009", Modifier: "Weighted corner normals", Enable 'Auto Smooth' in Object Data Properties
ERROR (bke.modifier): C:\Users\blender\git\blender-v360\blender.git\source\blender\blenkernel\intern\modifier.cc:460 BKE_modifier_set_error: Object: "Rear left brake disc bell", Modifier: "Weighted corner normals", Enable 'Auto Smooth' in Object Data Properties
ERROR (bke.modifier): C:\Users\blender\git\blender-v360\blender.git\source\blender\blenkernel\intern\modifier.cc:460 BKE_modifier_set_error: Object: "Front right black spoke pocket.006", Modifier: "Weighted corner normals", Enable 'Auto Smooth' in Object Data Properties
ERROR (bke.modifier): C:\Users\blender\git\blender-v360\blender.git\source\blender\blenkernel\intern\modifier.cc:460 BKE_modifier_set_error: Object: "Rear left drilled rotor perforation.071", Modifier: "Weighted corner normals", Enable 'Auto Smooth' in Object Data Properties
ERROR (bke.modifier): C:\Users\blender\git\blender-v360\blender.git\source\blender\blenkernel\intern\modifier.cc:460 BKE_modifier_set_error: Object: "Front right center hub", Modifier: "Weighted corner normals", Enable 'Auto Smooth' in Object Data Properties
ERROR (bke.modifier): C:\Users\blender\git\blender-v360\blender.git\source\blender\blenkernel\intern\modifier.cc:460 BKE_modifier_set_error: Object: "Front right titanium lug nut", Modifier: "Weighted corner normals", Enable 'Auto Smooth' in Object Data Properties
ERROR (bke.modifier): C:\Users\blender\git\blender-v360\blender.git\source\blender\blenkernel\intern\modifier.cc:460 BKE_modifier_set_error: Object: "Front right titanium lug nut.001", Modifier: "Weighted corner normals", Enable 'Auto Smooth' in Object Data Properties
ERROR (bke.modifier): C:\Users\blender\git\blender-v360\blender.git\source\blender\blenkernel\intern\modifier.cc:460 BKE_modifier_set_error: Object: "Rear left drilled rotor perforation.070", Modifier: "Weighted corner normals", Enable 'Auto Smooth' in Object Data Properties
ERROR (bke.modifier): C:\Users\blender\git\blender-v360\blender.git\source\blender\blenkernel\intern\modifier.cc:460 BKE_modifier_set_error: Object: "Front right titanium lug nut.002", Modifier: "Weighted corner normals", Enable 'Auto Smooth' in Object Data Properties
ERROR (bke.modifier): C:\Users\blender\git\blender-v360\blender.git\source\blender\blenkernel\intern\modifier.cc:460 BKE_modifier_set_error: Object: "Front right titanium lug nut.004", Modifier: "Weighted corner normals", Enable 'Auto Smooth' in Object Data Properties
ERROR (bke.modifier): C:\Users\blender\git\blender-v360\blender.git\source\blender\blenkernel\intern\modifier.cc:460 BKE_modifier_set_error: Object: "Front right titanium lug nut.003", Modifier: "Weighted corner normals", Enable 'Auto Smooth' in Object Data Properties
ERROR (bke.modifier): C:\Users\blender\git\blender-v360\blender.git\source\blender\blenkernel\intern\modifier.cc:460 BKE_modifier_set_error: Object: "Front right tire valve", Modifier: "Weighted corner normals", Enable 'Auto Smooth' in Object Data Properties
ERROR (bke.modifier): C:\Users\blender\git\blender-v360\blender.git\source\blender\blenkernel\intern\modifier.cc:460 BKE_modifier_set_error: Object: "Rear left drilled rotor perforation.069", Modifier: "Weighted corner normals", Enable 'Auto Smooth' in Object Data Properties
ERROR (bke.modifier): C:\Users\blender\git\blender-v360\blender.git\source\blender\blenkernel\intern\modifier.cc:460 BKE_modifier_set_error: Object: "Rear left drilled rotor perforation.068", Modifier: "Weighted corner normals", Enable 'Auto Smooth' in Object Data Properties
ERROR (bke.modifier): C:\Users\blender\git\blender-v360\blender.git\source\blender\blenkernel\intern\modifier.cc:460 BKE_modifier_set_error: Object: "Rear left drilled rotor perforation.067", Modifier: "Weighted corner normals", Enable 'Auto Smooth' in Object Data Properties
ERROR (bke.modifier): C:\Users\blender\git\blender-v360\blender.git\source\blender\blenkernel\intern\modifier.cc:460 BKE_modifier_set_error: Object: "Rear left drilled rotor perforation.066", Modifier: "Weighted corner normals", Enable 'Auto Smooth' in Object Data Properties
ERROR (bke.modifier): C:\Users\blender\git\blender-v360\blender.git\source\blender\blenkernel\intern\modifier.cc:460 BKE_modifier_set_error: Object: "Rear left drilled rotor perforation.065", Modifier: "Weighted corner normals", Enable 'Auto Smooth' in Object Data Properties
ERROR (bke.modifier): C:\Users\blender\git\blender-v360\blender.git\source\blender\blenkernel\intern\modifier.cc:460 BKE_modifier_set_error: Object: "Rear left drilled rotor perforation.064", Modifier: "Weighted corner normals", Enable 'Auto Smooth' in Object Data Properties
ERROR (bke.modifier): C:\Users\blender\git\blender-v360\blender.git\source\blender\blenkernel\intern\modifier.cc:460 BKE_modifier_set_error: Object: "Rear left drilled rotor perforation.063", Modifier: "Weighted corner normals", Enable 'Auto Smooth' in Object Data Properties
ERROR (bke.modifier): C:\Users\blender\git\blender-v360\blender.git\source\blender\blenkernel\intern\modifier.cc:460 BKE_modifier_set_error: Object: "Rear left drilled rotor perforation", Modifier: "Weighted corner normals", Enable 'Auto Smooth' in Object Data Properties
ERROR (bke.modifier): C:\Users\blender\git\blender-v360\blender.git\source\blender\blenkernel\intern\modifier.cc:460 BKE_modifier_set_error: Object: "Rear left drilled rotor perforation.062", Modifier: "Weighted corner normals", Enable 'Auto Smooth' in Object Data Properties
ERROR (bke.modifier): C:\Users\blender\git\blender-v360\blender.git\source\blender\blenkernel\intern\modifier.cc:460 BKE_modifier_set_error: Object: "Rear left drilled rotor perforation.002", Modifier: "Weighted corner normals", Enable 'Auto Smooth' in Object Data Properties
ERROR (bke.modifier): C:\Users\blender\git\blender-v360\blender.git\source\blender\blenkernel\intern\modifier.cc:460 BKE_modifier_set_error: Object: "Rear left drilled rotor perforation.061", Modifier: "Weighted corner normals", Enable 'Auto Smooth' in Object Data Properties
ERROR (bke.modifier): C:\Users\blender\git\blender-v360\blender.git\source\blender\blenkernel\intern\modifier.cc:460 BKE_modifier_set_error: Object: "Rear left drilled rotor perforation.003", Modifier: "Weighted corner normals", Enable 'Auto Smooth' in Object Data Properties
ERROR (bke.modifier): C:\Users\blender\git\blender-v360\blender.git\source\blender\blenkernel\intern\modifier.cc:460 BKE_modifier_set_error: Object: "Rear left drilled rotor perforation.060", Modifier: "Weighted corner normals", Enable 'Auto Smooth' in Object Data Properties
ERROR (bke.modifier): C:\Users\blender\git\blender-v360\blender.git\source\blender\blenkernel\intern\modifier.cc:460 BKE_modifier_set_error: Object: "Rear left drilled rotor perforation.059", Modifier: "Weighted corner normals", Enable 'Auto Smooth' in Object Data Properties
ERROR (bke.modifier): C:\Users\blender\git\blender-v360\blender.git\source\blender\blenkernel\intern\modifier.cc:460 BKE_modifier_set_error: Object: "Rear left drilled rotor perforation.004", Modifier: "Weighted corner normals", Enable 'Auto Smooth' in Object Data Properties
ERROR (bke.modifier): C:\Users\blender\git\blender-v360\blender.git\source\blender\blenkernel\intern\modifier.cc:460 BKE_modifier_set_error: Object: "Rear left drilled rotor perforation.058", Modifier: "Weighted corner normals", Enable 'Auto Smooth' in Object Data Properties
ERROR (bke.modifier): C:\Users\blender\git\blender-v360\blender.git\source\blender\blenkernel\intern\modifier.cc:460 BKE_modifier_set_error: Object: "Rear left drilled rotor perforation.005", Modifier: "Weighted corner normals", Enable 'Auto Smooth' in Object Data Properties
ERROR (bke.modifier): C:\Users\blender\git\blender-v360\blender.git\source\blender\blenkernel\intern\modifier.cc:460 BKE_modifier_set_error: Object: "Rear left drilled rotor perforation.006", Modifier: "Weighted corner normals", Enable 'Auto Smooth' in Object Data Properties
ERROR (bke.modifier): C:\Users\blender\git\blender-v360\blender.git\source\blender\blenkernel\intern\modifier.cc:460 BKE_modifier_set_error: Object: "Rear left drilled rotor perforation.057", Modifier: "Weighted corner normals", Enable 'Auto Smooth' in Object Data Properties
ERROR (bke.modifier): C:\Users\blender\git\blender-v360\blender.git\source\blender\blenkernel\intern\modifier.cc:460 BKE_modifier_set_error: Object: "Rear left drilled rotor perforation.007", Modifier: "Weighted corner normals", Enable 'Auto Smooth' in Object Data Properties
ERROR (bke.modifier): C:\Users\blender\git\blender-v360\blender.git\source\blender\blenkernel\intern\modifier.cc:460 BKE_modifier_set_error: Object: "Rear left brake rotor", Modifier: "Weighted corner normals", Enable 'Auto Smooth' in Object Data Properties
ERROR (bke.modifier): C:\Users\blender\git\blender-v360\blender.git\source\blender\blenkernel\intern\modifier.cc:460 BKE_modifier_set_error: Object: "Rear left drilled rotor perforation.001", Modifier: "Weighted corner normals", Enable 'Auto Smooth' in Object Data Properties
ERROR (bke.modifier): C:\Users\blender\git\blender-v360\blender.git\source\blender\blenkernel\intern\modifier.cc:460 BKE_modifier_set_error: Object: "Rear left drilled rotor perforation.008", Modifier: "Weighted corner normals", Enable 'Auto Smooth' in Object Data Properties
ERROR (bke.modifier): C:\Users\blender\git\blender-v360\blender.git\source\blender\blenkernel\intern\modifier.cc:460 BKE_modifier_set_error: Object: "Rear left drilled rotor perforation.056", Modifier: "Weighted corner normals", Enable 'Auto Smooth' in Object Data Properties
ERROR (bke.modifier): C:\Users\blender\git\blender-v360\blender.git\source\blender\blenkernel\intern\modifier.cc:460 BKE_modifier_set_error: Object: "Rear left drilled rotor perforation.009", Modifier: "Weighted corner normals", Enable 'Auto Smooth' in Object Data Properties
ERROR (bke.modifier): C:\Users\blender\git\blender-v360\blender.git\source\blender\blenkernel\intern\modifier.cc:460 BKE_modifier_set_error: Object: "Rear left drilled rotor perforation.010", Modifier: "Weighted corner normals", Enable 'Auto Smooth' in Object Data Properties
ERROR (bke.modifier): C:\Users\blender\git\blender-v360\blender.git\source\blender\blenkernel\intern\modifier.cc:460 BKE_modifier_set_error: Object: "Rear left drilled rotor perforation.012", Modifier: "Weighted corner normals", Enable 'Auto Smooth' in Object Data Properties
ERROR (bke.modifier): C:\Users\blender\git\blender-v360\blender.git\source\blender\blenkernel\intern\modifier.cc:460 BKE_modifier_set_error: Object: "Rear left drilled rotor perforation.055", Modifier: "Weighted corner normals", Enable 'Auto Smooth' in Object Data Properties
ERROR (bke.modifier): C:\Users\blender\git\blender-v360\blender.git\source\blender\blenkernel\intern\modifier.cc:460 BKE_modifier_set_error: Object: "Rear left drilled rotor perforation.013", Modifier: "Weighted corner normals", Enable 'Auto Smooth' in Object Data Properties
ERROR (bke.modifier): C:\Users\blender\git\blender-v360\blender.git\source\blender\blenkernel\intern\modifier.cc:460 BKE_modifier_set_error: Object: "Rear left drilled rotor perforation.011", Modifier: "Weighted corner normals", Enable 'Auto Smooth' in Object Data Properties
ERROR (bke.modifier): C:\Users\blender\git\blender-v360\blender.git\source\blender\blenkernel\intern\modifier.cc:460 BKE_modifier_set_error: Object: "Rear left drilled rotor perforation.014", Modifier: "Weighted corner normals", Enable 'Auto Smooth' in Object Data Properties
ERROR (bke.modifier): C:\Users\blender\git\blender-v360\blender.git\source\blender\blenkernel\intern\modifier.cc:460 BKE_modifier_set_error: Object: "Rear left drilled rotor perforation.015", Modifier: "Weighted corner normals", Enable 'Auto Smooth' in Object Data Properties
ERROR (bke.modifier): C:\Users\blender\git\blender-v360\blender.git\source\blender\blenkernel\intern\modifier.cc:460 BKE_modifier_set_error: Object: "Rear left drilled rotor perforation.054", Modifier: "Weighted corner normals", Enable 'Auto Smooth' in Object Data Properties
ERROR (bke.modifier): C:\Users\blender\git\blender-v360\blender.git\source\blender\blenkernel\intern\modifier.cc:460 BKE_modifier_set_error: Object: "Rear left drilled rotor perforation.018", Modifier: "Weighted corner normals", Enable 'Auto Smooth' in Object Data Properties
ERROR (bke.modifier): C:\Users\blender\git\blender-v360\blender.git\source\blender\blenkernel\intern\modifier.cc:460 BKE_modifier_set_error: Object: "Rear left drilled rotor perforation.017", Modifier: "Weighted corner normals", Enable 'Auto Smooth' in Object Data Properties
ERROR (bke.modifier): C:\Users\blender\git\blender-v360\blender.git\source\blender\blenkernel\intern\modifier.cc:460 BKE_modifier_set_error: Object: "Rear left drilled rotor perforation.016", Modifier: "Weighted corner normals", Enable 'Auto Smooth' in Object Data Properties
ERROR (bke.modifier): C:\Users\blender\git\blender-v360\blender.git\source\blender\blenkernel\intern\modifier.cc:460 BKE_modifier_set_error: Object: "Rear left drilled rotor perforation.019", Modifier: "Weighted corner normals", Enable 'Auto Smooth' in Object Data Properties
ERROR (bke.modifier): C:\Users\blender\git\blender-v360\blender.git\source\blender\blenkernel\intern\modifier.cc:460 BKE_modifier_set_error: Object: "Rear left drilled rotor perforation.020", Modifier: "Weighted corner normals", Enable 'Auto Smooth' in Object Data Properties
ERROR (bke.modifier): C:\Users\blender\git\blender-v360\blender.git\source\blender\blenkernel\intern\modifier.cc:460 BKE_modifier_set_error: Object: "Rear left drilled rotor perforation.053", Modifier: "Weighted corner normals", Enable 'Auto Smooth' in Object Data Properties
ERROR (bke.modifier): C:\Users\blender\git\blender-v360\blender.git\source\blender\blenkernel\intern\modifier.cc:460 BKE_modifier_set_error: Object: "Rear left drilled rotor perforation.022", Modifier: "Weighted corner normals", Enable 'Auto Smooth' in Object Data Properties
ERROR (bke.modifier): C:\Users\blender\git\blender-v360\blender.git\source\blender\blenkernel\intern\modifier.cc:460 BKE_modifier_set_error: Object: "Rear left drilled rotor perforation.023", Modifier: "Weighted corner normals", Enable 'Auto Smooth' in Object Data Properties
ERROR (bke.modifier): C:\Users\blender\git\blender-v360\blender.git\source\blender\blenkernel\intern\modifier.cc:460 BKE_modifier_set_error: Object: "Rear left drilled rotor perforation.052", Modifier: "Weighted corner normals", Enable 'Auto Smooth' in Object Data Properties
ERROR (bke.modifier): C:\Users\blender\git\blender-v360\blender.git\source\blender\blenkernel\intern\modifier.cc:460 BKE_modifier_set_error: Object: "Rear left drilled rotor perforation.024", Modifier: "Weighted corner normals", Enable 'Auto Smooth' in Object Data Properties
ERROR (bke.modifier): C:\Users\blender\git\blender-v360\blender.git\source\blender\blenkernel\intern\modifier.cc:460 BKE_modifier_set_error: Object: "Rear left drilled rotor perforation.026", Modifier: "Weighted corner normals", Enable 'Auto Smooth' in Object Data Properties
ERROR (bke.modifier): C:\Users\blender\git\blender-v360\blender.git\source\blender\blenkernel\intern\modifier.cc:460 BKE_modifier_set_error: Object: "Rear left drilled rotor perforation.051", Modifier: "Weighted corner normals", Enable 'Auto Smooth' in Object Data Properties
ERROR (bke.modifier): C:\Users\blender\git\blender-v360\blender.git\source\blender\blenkernel\intern\modifier.cc:460 BKE_modifier_set_error: Object: "Rear left drilled rotor perforation.025", Modifier: "Weighted corner normals", Enable 'Auto Smooth' in Object Data Properties
ERROR (bke.modifier): C:\Users\blender\git\blender-v360\blender.git\source\blender\blenkernel\intern\modifier.cc:460 BKE_modifier_set_error: Object: "Rear left drilled rotor perforation.027", Modifier: "Weighted corner normals", Enable 'Auto Smooth' in Object Data Properties
ERROR (bke.modifier): C:\Users\blender\git\blender-v360\blender.git\source\blender\blenkernel\intern\modifier.cc:460 BKE_modifier_set_error: Object: "Rear left drilled rotor perforation.050", Modifier: "Weighted corner normals", Enable 'Auto Smooth' in Object Data Properties
ERROR (bke.modifier): C:\Users\blender\git\blender-v360\blender.git\source\blender\blenkernel\intern\modifier.cc:460 BKE_modifier_set_error: Object: "Rear left drilled rotor perforation.028", Modifier: "Weighted corner normals", Enable 'Auto Smooth' in Object Data Properties
ERROR (bke.modifier): C:\Users\blender\git\blender-v360\blender.git\source\blender\blenkernel\intern\modifier.cc:460 BKE_modifier_set_error: Object: "Rear left drilled rotor perforation.029", Modifier: "Weighted corner normals", Enable 'Auto Smooth' in Object Data Properties
ERROR (bke.modifier): C:\Users\blender\git\blender-v360\blender.git\source\blender\blenkernel\intern\modifier.cc:460 BKE_modifier_set_error: Object: "Rear left drilled rotor perforation.030", Modifier: "Weighted corner normals", Enable 'Auto Smooth' in Object Data Properties
ERROR (bke.modifier): C:\Users\blender\git\blender-v360\blender.git\source\blender\blenkernel\intern\modifier.cc:460 BKE_modifier_set_error: Object: "Rear left drilled rotor perforation.049", Modifier: "Weighted corner normals", Enable 'Auto Smooth' in Object Data Properties
ERROR (bke.modifier): C:\Users\blender\git\blender-v360\blender.git\source\blender\blenkernel\intern\modifier.cc:460 BKE_modifier_set_error: Object: "Rear left drilled rotor perforation.031", Modifier: "Weighted corner normals", Enable 'Auto Smooth' in Object Data Properties
ERROR (bke.modifier): C:\Users\blender\git\blender-v360\blender.git\source\blender\blenkernel\intern\modifier.cc:460 BKE_modifier_set_error: Object: "Rear left drilled rotor perforation.032", Modifier: "Weighted corner normals", Enable 'Auto Smooth' in Object Data Properties
ERROR (bke.modifier): C:\Users\blender\git\blender-v360\blender.git\source\blender\blenkernel\intern\modifier.cc:460 BKE_modifier_set_error: Object: "Rear left drilled rotor perforation.048", Modifier: "Weighted corner normals", Enable 'Auto Smooth' in Object Data Properties
ERROR (bke.modifier): C:\Users\blender\git\blender-v360\blender.git\source\blender\blenkernel\intern\modifier.cc:460 BKE_modifier_set_error: Object: "Rear left drilled rotor perforation.034", Modifier: "Weighted corner normals", Enable 'Auto Smooth' in Object Data Properties
ERROR (bke.modifier): C:\Users\blender\git\blender-v360\blender.git\source\blender\blenkernel\intern\modifier.cc:460 BKE_modifier_set_error: Object: "Rear left drilled rotor perforation.033", Modifier: "Weighted corner normals", Enable 'Auto Smooth' in Object Data Properties
ERROR (bke.modifier): C:\Users\blender\git\blender-v360\blender.git\source\blender\blenkernel\intern\modifier.cc:460 BKE_modifier_set_error: Object: "Rear left drilled rotor perforation.047", Modifier: "Weighted corner normals", Enable 'Auto Smooth' in Object Data Properties
ERROR (bke.modifier): C:\Users\blender\git\blender-v360\blender.git\source\blender\blenkernel\intern\modifier.cc:460 BKE_modifier_set_error: Object: "Rear left drilled rotor perforation.021", Modifier: "Weighted corner normals", Enable 'Auto Smooth' in Object Data Properties
ERROR (bke.modifier): C:\Users\blender\git\blender-v360\blender.git\source\blender\blenkernel\intern\modifier.cc:460 BKE_modifier_set_error: Object: "Rear left drilled rotor perforation.036", Modifier: "Weighted corner normals", Enable 'Auto Smooth' in Object Data Properties
ERROR (bke.modifier): C:\Users\blender\git\blender-v360\blender.git\source\blender\blenkernel\intern\modifier.cc:460 BKE_modifier_set_error: Object: "Rear left drilled rotor perforation.035", Modifier: "Weighted corner normals", Enable 'Auto Smooth' in Object Data Properties
ERROR (bke.modifier): C:\Users\blender\git\blender-v360\blender.git\source\blender\blenkernel\intern\modifier.cc:460 BKE_modifier_set_error: Object: "Rear left drilled rotor perforation.037", Modifier: "Weighted corner normals", Enable 'Auto Smooth' in Object Data Properties
ERROR (bke.modifier): C:\Users\blender\git\blender-v360\blender.git\source\blender\blenkernel\intern\modifier.cc:460 BKE_modifier_set_error: Object: "Rear left drilled rotor perforation.046", Modifier: "Weighted corner normals", Enable 'Auto Smooth' in Object Data Properties
ERROR (bke.modifier): C:\Users\blender\git\blender-v360\blender.git\source\blender\blenkernel\intern\modifier.cc:460 BKE_modifier_set_error: Object: "Rear left drilled rotor perforation.038", Modifier: "Weighted corner normals", Enable 'Auto Smooth' in Object Data Properties
ERROR (bke.modifier): C:\Users\blender\git\blender-v360\blender.git\source\blender\blenkernel\intern\modifier.cc:460 BKE_modifier_set_error: Object: "Rear left drilled rotor perforation.039", Modifier: "Weighted corner normals", Enable 'Auto Smooth' in Object Data Properties
ERROR (bke.modifier): C:\Users\blender\git\blender-v360\blender.git\source\blender\blenkernel\intern\modifier.cc:460 BKE_modifier_set_error: Object: "Rear left drilled rotor perforation.045", Modifier: "Weighted corner normals", Enable 'Auto Smooth' in Object Data Properties
ERROR (bke.modifier): C:\Users\blender\git\blender-v360\blender.git\source\blender\blenkernel\intern\modifier.cc:460 BKE_modifier_set_error: Object: "Rear left drilled rotor perforation.040", Modifier: "Weighted corner normals", Enable 'Auto Smooth' in Object Data Properties
ERROR (bke.modifier): C:\Users\blender\git\blender-v360\blender.git\source\blender\blenkernel\intern\modifier.cc:460 BKE_modifier_set_error: Object: "Rear left drilled rotor perforation.042", Modifier: "Weighted corner normals", Enable 'Auto Smooth' in Object Data Properties
ERROR (bke.modifier): C:\Users\blender\git\blender-v360\blender.git\source\blender\blenkernel\intern\modifier.cc:460 BKE_modifier_set_error: Object: "Rear left drilled rotor perforation.041", Modifier: "Weighted corner normals", Enable 'Auto Smooth' in Object Data Properties
ERROR (bke.modifier): C:\Users\blender\git\blender-v360\blender.git\source\blender\blenkernel\intern\modifier.cc:460 BKE_modifier_set_error: Object: "Rear left drilled rotor perforation.044", Modifier: "Weighted corner normals", Enable 'Auto Smooth' in Object Data Properties
ERROR (bke.modifier): C:\Users\blender\git\blender-v360\blender.git\source\blender\blenkernel\intern\modifier.cc:460 BKE_modifier_set_error: Object: "Rear left drilled rotor perforation.043", Modifier: "Weighted corner normals", Enable 'Auto Smooth' in Object Data Properties
Fra:1 Mem:155.65M (Peak 157.25M) | Time:00:00.24 | Mem:0.00M, Peak:0.00M | Scene, ViewLayer | Synchronizing object | Window perimeter | satin black surround
Fra:1 Mem:155.79M (Peak 157.25M) | Time:00:00.24 | Mem:0.00M, Peak:0.00M | Scene, ViewLayer | Synchronizing object | B pillar black trim
Fra:1 Mem:155.83M (Peak 157.25M) | Time:00:00.24 | Mem:0.00M, Peak:0.00M | Scene, ViewLayer | Synchronizing object | Continuous sculpted body | -1
Fra:1 Mem:155.83M (Peak 157.25M) | Time:00:00.24 | Mem:0.00M, Peak:0.00M | Scene, ViewLayer | Synchronizing object | B pillar black trim.001
Fra:1 Mem:156.68M (Peak 157.25M) | Time:00:00.24 | Mem:0.00M, Peak:0.00M | Scene, ViewLayer | Synchronizing object | B pillar black trim.002
Fra:1 Mem:156.72M (Peak 157.25M) | Time:00:00.24 | Mem:0.00M, Peak:0.00M | Scene, ViewLayer | Synchronizing object | Rear quarter glass division
Fra:1 Mem:156.75M (Peak 157.25M) | Time:00:00.24 | Mem:0.00M, Peak:0.00M | Scene, ViewLayer | Synchronizing object | Roof drip molding
Fra:1 Mem:156.86M (Peak 157.25M) | Time:00:00.24 | Mem:0.00M, Peak:0.00M | Scene, ViewLayer | Synchronizing object | Window perimeter | satin black surround.001
Fra:1 Mem:157.01M (Peak 157.25M) | Time:00:00.24 | Mem:0.00M, Peak:0.00M | Scene, ViewLayer | Synchronizing object | B pillar black trim.003
Fra:1 Mem:157.05M (Peak 157.25M) | Time:00:00.24 | Mem:0.00M, Peak:0.00M | Scene, ViewLayer | Synchronizing object | B pillar black trim.004
Fra:1 Mem:157.05M (Peak 157.25M) | Time:00:00.24 | Mem:0.00M, Peak:0.00M | Scene, ViewLayer | Synchronizing object | Continuous sculpted body | 1
Fra:1 Mem:157.89M (Peak 157.89M) | Time:00:00.24 | Mem:0.00M, Peak:0.00M | Scene, ViewLayer | Synchronizing object | B pillar black trim.005
Fra:1 Mem:159.62M (Peak 159.62M) | Time:00:00.24 | Mem:0.00M, Peak:0.00M | Scene, ViewLayer | Synchronizing object | Rear quarter glass division.001
Fra:1 Mem:160.19M (Peak 160.19M) | Time:00:00.24 | Mem:0.00M, Peak:0.00M | Scene, ViewLayer | Synchronizing object | Roof drip molding.001
Fra:1 Mem:160.30M (Peak 160.30M) | Time:00:00.24 | Mem:0.00M, Peak:0.00M | Scene, ViewLayer | Synchronizing object | Front sculpted bumper
Fra:1 Mem:162.59M (Peak 162.59M) | Time:00:00.24 | Mem:0.00M, Peak:0.00M | Scene, ViewLayer | Synchronizing object | Panoramic roof transverse joint
Fra:1 Mem:163.04M (Peak 163.04M) | Time:00:00.24 | Mem:0.00M, Peak:0.00M | Scene, ViewLayer | Synchronizing object | Panoramic roof transverse joint.001
Fra:1 Mem:163.64M (Peak 163.64M) | Time:00:00.24 | Mem:0.00M, Peak:0.00M | Scene, ViewLayer | Synchronizing object | Rear sculpted bumper
Fra:1 Mem:163.77M (Peak 163.77M) | Time:00:00.24 | Mem:0.00M, Peak:0.00M | Scene, ViewLayer | Synchronizing object | Hood precision shut line
Fra:1 Mem:164.71M (Peak 164.71M) | Time:00:00.24 | Mem:0.00M, Peak:0.00M | Scene, ViewLayer | Synchronizing object | Front door leading gap
Fra:1 Mem:164.76M (Peak 164.76M) | Time:00:00.25 | Mem:0.00M, Peak:0.00M | Scene, ViewLayer | Synchronizing object | B pillar door gap
Fra:1 Mem:164.82M (Peak 164.82M) | Time:00:00.25 | Mem:0.00M, Peak:0.00M | Scene, ViewLayer | Synchronizing object | Compound curved greenhouse | panoramic glazing
Fra:1 Mem:165.02M (Peak 165.02M) | Time:00:00.25 | Mem:0.00M, Peak:0.00M | Scene, ViewLayer | Synchronizing object | Rear door trailing gap
Fra:1 Mem:165.90M (Peak 165.90M) | Time:00:00.25 | Mem:0.00M, Peak:0.00M | Scene, ViewLayer | Synchronizing object | Rocker sill
Fra:1 Mem:166.23M (Peak 166.23M) | Time:00:00.25 | Mem:0.00M, Peak:0.00M | Scene, ViewLayer | Synchronizing object | Rocker silver edge
Fra:1 Mem:166.57M (Peak 166.57M) | Time:00:00.25 | Mem:0.00M, Peak:0.00M | Scene, ViewLayer | Synchronizing object | Handle finger undercut
Fra:1 Mem:166.57M (Peak 166.57M) | Time:00:00.25 | Mem:0.00M, Peak:0.00M | Scene, ViewLayer | Synchronizing object | Handle finger undercut.001
Fra:1 Mem:166.57M (Peak 166.57M) | Time:00:00.25 | Mem:0.00M, Peak:0.00M | Scene, ViewLayer | Synchronizing object | Charging door
Fra:1 Mem:166.67M (Peak 166.67M) | Time:00:00.25 | Mem:0.00M, Peak:0.00M | Scene, ViewLayer | Synchronizing object | Fender blade polished edge
Fra:1 Mem:166.68M (Peak 166.68M) | Time:00:00.25 | Mem:0.00M, Peak:0.00M | Scene, ViewLayer | Synchronizing object | Mirror stalk
Fra:1 Mem:166.95M (Peak 166.95M) | Time:00:00.25 | Mem:0.00M, Peak:0.00M | Scene, ViewLayer | Synchronizing object | Mirror LED indicator
Fra:1 Mem:166.99M (Peak 166.99M) | Time:00:00.25 | Mem:0.00M, Peak:0.00M | Scene, ViewLayer | Synchronizing object | Rolled painted wheel arch lip
Fra:1 Mem:167.09M (Peak 167.09M) | Time:00:00.25 | Mem:0.00M, Peak:0.00M | Scene, ViewLayer | Synchronizing object | Wheelhouse dark reveal
Fra:1 Mem:167.20M (Peak 167.20M) | Time:00:00.25 | Mem:0.00M, Peak:0.00M | Scene, ViewLayer | Synchronizing object | Rolled painted wheel arch lip.001
Fra:1 Mem:167.57M (Peak 167.57M) | Time:00:00.25 | Mem:0.00M, Peak:0.00M | Scene, ViewLayer | Synchronizing object | Wheelhouse dark reveal.001
Fra:1 Mem:168.48M (Peak 168.48M) | Time:00:00.25 | Mem:0.00M, Peak:0.00M | Scene, ViewLayer | Synchronizing object | Hood precision shut line.001
Fra:1 Mem:168.30M (Peak 168.48M) | Time:00:00.25 | Mem:0.00M, Peak:0.00M | Scene, ViewLayer | Synchronizing object | Flush door handle recess
Fra:1 Mem:167.76M (Peak 168.48M) | Time:00:00.25 | Mem:0.00M, Peak:0.00M | Scene, ViewLayer | Synchronizing object | Flush door handle | Aqua Blue
Fra:1 Mem:167.78M (Peak 168.48M) | Time:00:00.25 | Mem:0.00M, Peak:0.00M | Scene, ViewLayer | Synchronizing object | Flush door handle recess.001
Fra:1 Mem:167.85M (Peak 168.48M) | Time:00:00.25 | Mem:0.00M, Peak:0.00M | Scene, ViewLayer | Synchronizing object | Front fender black air blade
Fra:1 Mem:167.85M (Peak 168.48M) | Time:00:00.25 | Mem:0.00M, Peak:0.00M | Scene, ViewLayer | Synchronizing object | Side camera lens.001
Fra:1 Mem:167.93M (Peak 168.48M) | Time:00:00.25 | Mem:0.00M, Peak:0.00M | Scene, ViewLayer | Synchronizing object | Mirror black lower housing.001
Fra:1 Mem:167.96M (Peak 168.48M) | Time:00:00.25 | Mem:0.00M, Peak:0.00M | Scene, ViewLayer | Synchronizing object | Mirror painted upper cap.001
Fra:1 Mem:168.02M (Peak 168.48M) | Time:00:00.25 | Mem:0.00M, Peak:0.00M | Scene, ViewLayer | Synchronizing object | Mirror reflective glass.001
Fra:1 Mem:168.21M (Peak 168.48M) | Time:00:00.25 | Mem:0.00M, Peak:0.00M | Scene, ViewLayer | Synchronizing object | Wheelhouse liner
Fra:1 Mem:168.21M (Peak 168.48M) | Time:00:00.25 | Mem:0.00M, Peak:0.00M | Scene, ViewLayer | Synchronizing object | Wheelhouse liner.001
Fra:1 Mem:168.29M (Peak 168.48M) | Time:00:00.25 | Mem:0.00M, Peak:0.00M | Scene, ViewLayer | Synchronizing object | Rocker sill.001
Fra:1 Mem:168.36M (Peak 168.48M) | Time:00:00.25 | Mem:0.00M, Peak:0.00M | Scene, ViewLayer | Synchronizing object | Rocker silver edge.001
Fra:1 Mem:168.42M (Peak 168.48M) | Time:00:00.25 | Mem:0.00M, Peak:0.00M | Scene, ViewLayer | Synchronizing object | Flush door handle recess.002
Fra:1 Mem:168.43M (Peak 168.48M) | Time:00:00.25 | Mem:0.00M, Peak:0.00M | Scene, ViewLayer | Synchronizing object | Flush door handle | Aqua Blue.002
Fra:1 Mem:168.46M (Peak 168.48M) | Time:00:00.25 | Mem:0.00M, Peak:0.00M | Scene, ViewLayer | Synchronizing object | Flush door handle recess.003
Fra:1 Mem:168.47M (Peak 168.48M) | Time:00:00.25 | Mem:0.00M, Peak:0.00M | Scene, ViewLayer | Synchronizing object | Handle finger undercut.003
Fra:1 Mem:168.48M (Peak 168.48M) | Time:00:00.25 | Mem:0.00M, Peak:0.00M | Scene, ViewLayer | Synchronizing object | Flush door handle | Aqua Blue.003
Fra:1 Mem:168.49M (Peak 168.49M) | Time:00:00.25 | Mem:0.00M, Peak:0.00M | Scene, ViewLayer | Synchronizing object | Front fender black air blade.001
Fra:1 Mem:168.49M (Peak 168.49M) | Time:00:00.25 | Mem:0.00M, Peak:0.00M | Scene, ViewLayer | Synchronizing object | Fender blade polished edge.001
Fra:1 Mem:168.50M (Peak 168.50M) | Time:00:00.25 | Mem:0.00M, Peak:0.00M | Scene, ViewLayer | Synchronizing object | Mirror stalk.001
Fra:1 Mem:168.50M (Peak 168.50M) | Time:00:00.25 | Mem:0.00M, Peak:0.00M | Scene, ViewLayer | Synchronizing object | Side camera lens
Fra:1 Mem:168.57M (Peak 168.57M) | Time:00:00.25 | Mem:0.00M, Peak:0.00M | Scene, ViewLayer | Synchronizing object | Mirror LED indicator.001
Fra:1 Mem:168.60M (Peak 168.60M) | Time:00:00.25 | Mem:0.00M, Peak:0.00M | Scene, ViewLayer | Synchronizing object | Mirror black lower housing
Fra:1 Mem:168.61M (Peak 168.61M) | Time:00:00.25 | Mem:0.00M, Peak:0.00M | Scene, ViewLayer | Synchronizing object | Rolled painted wheel arch lip.002
Fra:1 Mem:168.77M (Peak 168.77M) | Time:00:00.25 | Mem:0.00M, Peak:0.00M | Scene, ViewLayer | Synchronizing object | Mirror painted upper cap
Fra:1 Mem:168.82M (Peak 168.82M) | Time:00:00.25 | Mem:0.00M, Peak:0.00M | Scene, ViewLayer | Synchronizing object | Mirror reflective glass
Fra:1 Mem:168.85M (Peak 168.85M) | Time:00:00.25 | Mem:0.00M, Peak:0.00M | Scene, ViewLayer | Synchronizing object | Wheelhouse dark reveal.002
Fra:1 Mem:169.02M (Peak 169.02M) | Time:00:00.25 | Mem:0.00M, Peak:0.00M | Scene, ViewLayer | Synchronizing object | Rolled painted wheel arch lip.003
Fra:1 Mem:169.02M (Peak 169.02M) | Time:00:00.25 | Mem:0.00M, Peak:0.00M | Scene, ViewLayer | Synchronizing object | Wheelhouse liner.002
Fra:1 Mem:169.14M (Peak 169.14M) | Time:00:00.25 | Mem:0.00M, Peak:0.00M | Scene, ViewLayer | Synchronizing object | Wheelhouse dark reveal.003
Fra:1 Mem:169.25M (Peak 169.25M) | Time:00:00.25 | Mem:0.00M, Peak:0.00M | Scene, ViewLayer | Synchronizing object | Wheelhouse liner.003
Fra:1 Mem:169.25M (Peak 169.25M) | Time:00:00.25 | Mem:0.00M, Peak:0.00M | Scene, ViewLayer | Synchronizing object | Waterdrop headlight | smoked lens
Fra:1 Mem:169.32M (Peak 169.32M) | Time:00:00.25 | Mem:0.00M, Peak:0.00M | Scene, ViewLayer | Synchronizing object | Headlight thin polished housing
Fra:1 Mem:169.35M (Peak 169.35M) | Time:00:00.25 | Mem:0.00M, Peak:0.00M | Scene, ViewLayer | Synchronizing object | Signature diagonal DRL
Fra:1 Mem:169.41M (Peak 169.41M) | Time:00:00.25 | Mem:0.00M, Peak:0.00M | Scene, ViewLayer | Synchronizing object | Lower optical return guide
Fra:1 Mem:169.46M (Peak 169.46M) | Time:00:00.25 | Mem:0.00M, Peak:0.00M | Scene, ViewLayer | Synchronizing object | Individual LED projector.001
Fra:1 Mem:169.53M (Peak 169.53M) | Time:00:00.25 | Mem:0.00M, Peak:0.00M | Scene, ViewLayer | Synchronizing object | Individual LED projector.002
Fra:1 Mem:169.60M (Peak 169.60M) | Time:00:00.25 | Mem:0.00M, Peak:0.00M | Scene, ViewLayer | Synchronizing object | Corner intake rim
Fra:1 Mem:169.60M (Peak 169.60M) | Time:00:00.25 | Mem:0.00M, Peak:0.00M | Scene, ViewLayer | Synchronizing object | Projector optic.002
Fra:1 Mem:169.63M (Peak 169.63M) | Time:00:00.25 | Mem:0.00M, Peak:0.00M | Scene, ViewLayer | Synchronizing object | Individual LED projector.003
Fra:1 Mem:169.69M (Peak 169.69M) | Time:00:00.25 | Mem:0.00M, Peak:0.00M | Scene, ViewLayer | Synchronizing object | Air curtain inner fin
Fra:1 Mem:169.76M (Peak 169.76M) | Time:00:00.25 | Mem:0.00M, Peak:0.00M | Scene, ViewLayer | Synchronizing object | Projector optic.003
Fra:1 Mem:169.77M (Peak 169.77M) | Time:00:00.25 | Mem:0.00M, Peak:0.00M | Scene, ViewLayer | Synchronizing object | Individual LED projector.004
Fra:1 Mem:169.96M (Peak 169.96M) | Time:00:00.25 | Mem:0.00M, Peak:0.00M | Scene, ViewLayer | Synchronizing object | Projector optic.004
Fra:1 Mem:169.96M (Peak 169.96M) | Time:00:00.25 | Mem:0.00M, Peak:0.00M | Scene, ViewLayer | Synchronizing object | Waterdrop headlight | smoked lens.001
Fra:1 Mem:170.10M (Peak 170.10M) | Time:00:00.25 | Mem:0.00M, Peak:0.00M | Scene, ViewLayer | Synchronizing object | Headlight thin polished housing.001
Fra:1 Mem:170.14M (Peak 170.14M) | Time:00:00.25 | Mem:0.00M, Peak:0.00M | Scene, ViewLayer | Synchronizing object | Signature diagonal DRL.001
Fra:1 Mem:170.19M (Peak 170.19M) | Time:00:00.25 | Mem:0.00M, Peak:0.00M | Scene, ViewLayer | Synchronizing object | Lower optical return guide.001
Fra:1 Mem:170.25M (Peak 170.25M) | Time:00:00.25 | Mem:0.00M, Peak:0.00M | Scene, ViewLayer | Synchronizing object | Individual LED projector.005
Fra:1 Mem:170.25M (Peak 170.25M) | Time:00:00.25 | Mem:0.00M, Peak:0.00M | Scene, ViewLayer | Synchronizing object | Projector optic.005
Fra:1 Mem:170.35M (Peak 170.35M) | Time:00:00.25 | Mem:0.00M, Peak:0.00M | Scene, ViewLayer | Synchronizing object | Individual LED projector.006
Fra:1 Mem:170.44M (Peak 170.44M) | Time:00:00.25 | Mem:0.00M, Peak:0.00M | Scene, ViewLayer | Synchronizing object | Projector optic.006
Fra:1 Mem:170.50M (Peak 170.50M) | Time:00:00.25 | Mem:0.00M, Peak:0.00M | Scene, ViewLayer | Synchronizing object | Corner intake rim.001
Fra:1 Mem:170.61M (Peak 170.61M) | Time:00:00.25 | Mem:0.00M, Peak:0.00M | Scene, ViewLayer | Synchronizing object | Projector optic.007
Fra:1 Mem:170.65M (Peak 170.65M) | Time:00:00.25 | Mem:0.00M, Peak:0.00M | Scene, ViewLayer | Synchronizing object | Air curtain inner fin.001
Fra:1 Mem:170.69M (Peak 170.69M) | Time:00:00.25 | Mem:0.00M, Peak:0.00M | Scene, ViewLayer | Synchronizing object | Individual LED projector
Fra:1 Mem:170.75M (Peak 170.75M) | Time:00:00.25 | Mem:0.00M, Peak:0.00M | Scene, ViewLayer | Synchronizing object | Projector optic
Fra:1 Mem:170.82M (Peak 170.82M) | Time:00:00.25 | Mem:0.00M, Peak:0.00M | Scene, ViewLayer | Synchronizing object | Wide trapezoidal front lower intake
Fra:1 Mem:170.88M (Peak 170.88M) | Time:00:00.25 | Mem:0.00M, Peak:0.00M | Scene, ViewLayer | Synchronizing object | Sculpted Aqua Blue intake side surround
Fra:1 Mem:170.88M (Peak 170.88M) | Time:00:00.25 | Mem:0.00M, Peak:0.00M | Scene, ViewLayer | Synchronizing object | Painted intake ring
Fra:1 Mem:170.90M (Peak 170.90M) | Time:00:00.25 | Mem:0.00M, Peak:0.00M | Scene, ViewLayer | Synchronizing object | Sculpted Aqua Blue intake side surround.001
Fra:1 Mem:170.92M (Peak 170.92M) | Time:00:00.25 | Mem:0.00M, Peak:0.00M | Scene, ViewLayer | Synchronizing object | Painted intake ring.001
Fra:1 Mem:170.93M (Peak 170.93M) | Time:00:00.25 | Mem:0.00M, Peak:0.00M | Scene, ViewLayer | Synchronizing object | Horizontal grille louver
Fra:1 Mem:170.97M (Peak 170.97M) | Time:00:00.25 | Mem:0.00M, Peak:0.00M | Scene, ViewLayer | Synchronizing object | Horizontal grille louver.001
Fra:1 Mem:171.00M (Peak 171.00M) | Time:00:00.25 | Mem:0.00M, Peak:0.00M | Scene, ViewLayer | Synchronizing object | Horizontal grille louver.002
Fra:1 Mem:171.03M (Peak 171.03M) | Time:00:00.25 | Mem:0.00M, Peak:0.00M | Scene, ViewLayer | Synchronizing object | Horizontal grille louver.003
Fra:1 Mem:171.07M (Peak 171.07M) | Time:00:00.25 | Mem:0.00M, Peak:0.00M | Scene, ViewLayer | Synchronizing object | Grille vertical reinforcement
Fra:1 Mem:171.07M (Peak 171.07M) | Time:00:00.25 | Mem:0.00M, Peak:0.00M | Scene, ViewLayer | Synchronizing object | Grille vertical reinforcement.001
Fra:1 Mem:171.07M (Peak 171.07M) | Time:00:00.25 | Mem:0.00M, Peak:0.00M | Scene, ViewLayer | Synchronizing object | Grille vertical reinforcement.002
Fra:1 Mem:171.07M (Peak 171.07M) | Time:00:00.25 | Mem:0.00M, Peak:0.00M | Scene, ViewLayer | Synchronizing object | Grille vertical reinforcement.003
Fra:1 Mem:171.07M (Peak 171.07M) | Time:00:00.26 | Mem:0.00M, Peak:0.00M | Scene, ViewLayer | Synchronizing object | Grille vertical reinforcement.004
Fra:1 Mem:171.08M (Peak 171.08M) | Time:00:00.26 | Mem:0.00M, Peak:0.00M | Scene, ViewLayer | Synchronizing object | Grille vertical reinforcement.005
Fra:1 Mem:171.08M (Peak 171.08M) | Time:00:00.26 | Mem:0.00M, Peak:0.00M | Scene, ViewLayer | Synchronizing object | Grille vertical reinforcement.006
Fra:1 Mem:171.08M (Peak 171.08M) | Time:00:00.26 | Mem:0.00M, Peak:0.00M | Scene, ViewLayer | Synchronizing object | Grille vertical reinforcement.007
Fra:1 Mem:171.08M (Peak 171.08M) | Time:00:00.26 | Mem:0.00M, Peak:0.00M | Scene, ViewLayer | Synchronizing object | Grille vertical reinforcement.008
Fra:1 Mem:171.08M (Peak 171.08M) | Time:00:00.26 | Mem:0.00M, Peak:0.00M | Scene, ViewLayer | Synchronizing object | Grille vertical reinforcement.009
Fra:1 Mem:171.09M (Peak 171.09M) | Time:00:00.26 | Mem:0.00M, Peak:0.00M | Scene, ViewLayer | Synchronizing object | Grille vertical reinforcement.010
Fra:1 Mem:171.09M (Peak 171.09M) | Time:00:00.26 | Mem:0.00M, Peak:0.00M | Scene, ViewLayer | Synchronizing object | Front splitter blade
Fra:1 Mem:171.20M (Peak 171.20M) | Time:00:00.26 | Mem:0.00M, Peak:0.00M | Scene, ViewLayer | Synchronizing object | Front license plate bracket
Fra:1 Mem:171.21M (Peak 171.21M) | Time:00:00.26 | Mem:0.00M, Peak:0.00M | Scene, ViewLayer | Synchronizing object | Front license plate
Fra:1 Mem:172.21M (Peak 172.35M) | Time:00:00.26 | Mem:0.00M, Peak:0.00M | Scene, ViewLayer | Synchronizing object | Ultrasonic parking sensor
Fra:1 Mem:172.21M (Peak 172.35M) | Time:00:00.26 | Mem:0.00M, Peak:0.00M | Scene, ViewLayer | Synchronizing object | Ultrasonic parking sensor.001
Fra:1 Mem:172.23M (Peak 172.35M) | Time:00:00.26 | Mem:0.00M, Peak:0.00M | Scene, ViewLayer | Synchronizing object | License plate screw.001
Fra:1 Mem:172.24M (Peak 172.35M) | Time:00:00.26 | Mem:0.00M, Peak:0.00M | Scene, ViewLayer | Synchronizing object | Xiaomi hood emblem
Fra:1 Mem:172.26M (Peak 172.35M) | Time:00:00.26 | Mem:0.00M, Peak:0.00M | Scene, ViewLayer | Synchronizing object | Hood mi insignia
Fra:1 Mem:172.55M (Peak 172.55M) | Time:00:00.26 | Mem:0.00M, Peak:0.00M | Scene, ViewLayer | Synchronizing object | Front perception camera
Fra:1 Mem:172.56M (Peak 172.56M) | Time:00:00.26 | Mem:0.00M, Peak:0.00M | Scene, ViewLayer | Synchronizing object | Full-width smoked rear lamp housing
Fra:1 Mem:172.64M (Peak 172.64M) | Time:00:00.26 | Mem:0.00M, Peak:0.00M | Scene, ViewLayer | Synchronizing object | Rear lamp outer seal
Fra:1 Mem:172.70M (Peak 172.70M) | Time:00:00.26 | Mem:0.00M, Peak:0.00M | Scene, ViewLayer | Synchronizing object | Continuous halo rear LED
Fra:1 Mem:172.70M (Peak 172.70M) | Time:00:00.26 | Mem:0.00M, Peak:0.00M | Scene, ViewLayer | Synchronizing object | Halo rear red optical bed
Fra:1 Mem:172.77M (Peak 172.77M) | Time:00:00.26 | Mem:0.00M, Peak:0.00M | Scene, ViewLayer | Synchronizing object | Lower full-width LED filament
Fra:1 Mem:172.94M (Peak 172.94M) | Time:00:00.26 | Mem:0.00M, Peak:0.00M | Scene, ViewLayer | Synchronizing object | Inner taillight return
Fra:1 Mem:172.95M (Peak 172.95M) | Time:00:00.26 | Mem:0.00M, Peak:0.00M | Scene, ViewLayer | Synchronizing object | Rear vent rim
Fra:1 Mem:172.97M (Peak 172.97M) | Time:00:00.26 | Mem:0.00M, Peak:0.00M | Scene, ViewLayer | Synchronizing object | Rear bumper side air outlet
Fra:1 Mem:172.97M (Peak 172.97M) | Time:00:00.26 | Mem:0.00M, Peak:0.00M | Scene, ViewLayer | Synchronizing object | Trunk panel shut line
Fra:1 Mem:173.05M (Peak 173.05M) | Time:00:00.26 | Mem:0.00M, Peak:0.00M | Scene, ViewLayer | Synchronizing object | Inner taillight return.001
Fra:1 Mem:173.06M (Peak 173.06M) | Time:00:00.26 | Mem:0.00M, Peak:0.00M | Scene, ViewLayer | Synchronizing object | Rear vent rim.001
Fra:1 Mem:173.08M (Peak 173.08M) | Time:00:00.26 | Mem:0.00M, Peak:0.00M | Scene, ViewLayer | Synchronizing object | Trunk panel shut line.001
Fra:1 Mem:173.12M (Peak 173.12M) | Time:00:00.26 | Mem:0.00M, Peak:0.00M | Scene, ViewLayer | Synchronizing object | Rear lower reflector
Fra:1 Mem:173.16M (Peak 173.16M) | Time:00:00.26 | Mem:0.00M, Peak:0.00M | Scene, ViewLayer | Synchronizing object | Rear bumper side air outlet.001
Fra:1 Mem:173.18M (Peak 173.18M) | Time:00:00.26 | Mem:0.00M, Peak:0.00M | Scene, ViewLayer | Synchronizing object | Rear lower reflector.001
Fra:1 Mem:173.19M (Peak 173.19M) | Time:00:00.26 | Mem:0.00M, Peak:0.00M | Scene, ViewLayer | Synchronizing object | Rear diffuser painted buttress
Fra:1 Mem:173.21M (Peak 173.21M) | Time:00:00.26 | Mem:0.00M, Peak:0.00M | Scene, ViewLayer | Synchronizing object | Rear diffuser black valance
Fra:1 Mem:173.29M (Peak 173.29M) | Time:00:00.26 | Mem:0.00M, Peak:0.00M | Scene, ViewLayer | Synchronizing object | Rear diffuser painted buttress.001
Fra:1 Mem:173.36M (Peak 173.36M) | Time:00:00.26 | Mem:0.00M, Peak:0.00M | Scene, ViewLayer | Synchronizing object | Rear diffuser lower lip
Fra:1 Mem:173.47M (Peak 173.47M) | Time:00:00.26 | Mem:0.00M, Peak:0.00M | Scene, ViewLayer | Synchronizing object | Rear plate SU7
Fra:1 Mem:173.74M (Peak 173.74M) | Time:00:00.26 | Mem:0.00M, Peak:0.00M | Scene, ViewLayer | Synchronizing object | Underfloor diffuser strake
Fra:1 Mem:173.74M (Peak 173.74M) | Time:00:00.26 | Mem:0.00M, Peak:0.00M | Scene, ViewLayer | Synchronizing object | Underfloor diffuser strake.002
Fra:1 Mem:173.77M (Peak 173.77M) | Time:00:00.26 | Mem:0.00M, Peak:0.00M | Scene, ViewLayer | Synchronizing object | Underfloor diffuser strake.003
Fra:1 Mem:173.80M (Peak 173.80M) | Time:00:00.26 | Mem:0.00M, Peak:0.00M | Scene, ViewLayer | Synchronizing object | Underfloor diffuser strake.004
Fra:1 Mem:173.82M (Peak 173.82M) | Time:00:00.26 | Mem:0.00M, Peak:0.00M | Scene, ViewLayer | Synchronizing object | Rear plate bracket
Fra:1 Mem:173.85M (Peak 173.85M) | Time:00:00.26 | Mem:0.00M, Peak:0.00M | Scene, ViewLayer | Synchronizing object | Rear spaced Xiaomi lettering
Fra:1 Mem:173.86M (Peak 173.86M) | Time:00:00.26 | Mem:0.00M, Peak:0.00M | Scene, ViewLayer | Synchronizing object | Rear license plate
Fra:1 Mem:174.56M (Peak 174.56M) | Time:00:00.26 | Mem:0.00M, Peak:0.00M | Scene, ViewLayer | Synchronizing object | Rear model badge
Fra:1 Mem:174.85M (Peak 174.85M) | Time:00:00.26 | Mem:0.00M, Peak:0.00M | Scene, ViewLayer | Synchronizing object | Rear Max badge
Fra:1 Mem:175.13M (Peak 175.13M) | Time:00:00.26 | Mem:0.00M, Peak:0.00M | Scene, ViewLayer | Synchronizing object | Rear manufacturer badge
Fra:1 Mem:175.33M (Peak 175.33M) | Time:00:00.26 | Mem:0.00M, Peak:0.00M | Scene, ViewLayer | Synchronizing object | Integrated rear deck ducktail
Fra:1 Mem:175.46M (Peak 175.46M) | Time:00:00.27 | Mem:0.00M, Peak:0.00M | Scene, ViewLayer | Synchronizing object | Retractable spoiler shut line
Fra:1 Mem:175.55M (Peak 175.55M) | Time:00:00.27 | Mem:0.00M, Peak:0.00M | Scene, ViewLayer | Synchronizing object | Rear parking camera
Fra:1 Mem:175.57M (Peak 175.57M) | Time:00:00.27 | Mem:0.00M, Peak:0.00M | Scene, ViewLayer | Synchronizing object | Front left | tire carcass
Fra:1 Mem:175.74M (Peak 175.74M) | Time:00:00.27 | Mem:0.00M, Peak:0.00M | Scene, ViewLayer | Synchronizing object | Front left tire molded sidewall ring.001
Fra:1 Mem:175.83M (Peak 175.83M) | Time:00:00.27 | Mem:0.00M, Peak:0.00M | Scene, ViewLayer | Synchronizing object | Front left tire molded sidewall ring.002
Fra:1 Mem:175.95M (Peak 175.95M) | Time:00:00.27 | Mem:0.00M, Peak:0.00M | Scene, ViewLayer | Synchronizing object | Front left tire molded sidewall ring
Fra:1 Mem:176.05M (Peak 176.05M) | Time:00:00.27 | Mem:0.00M, Peak:0.00M | Scene, ViewLayer | Synchronizing object | Front left directional tread | 792 blocks
Fra:1 Mem:176.06M (Peak 176.06M) | Time:00:00.27 | Mem:0.00M, Peak:0.00M | Scene, ViewLayer | Synchronizing object | Front left cast rim barrel
Fra:1 Mem:176.55M (Peak 176.55M) | Time:00:00.27 | Mem:0.00M, Peak:0.00M | Scene, ViewLayer | Synchronizing object | Front left diamond-cut outer flange
Fra:1 Mem:176.74M (Peak 176.74M) | Time:00:00.27 | Mem:0.00M, Peak:0.00M | Scene, ViewLayer | Synchronizing object | Front left inner rim accent
Fra:1 Mem:176.86M (Peak 176.86M) | Time:00:00.27 | Mem:0.00M, Peak:0.00M | Scene, ViewLayer | Synchronizing object | Front left brake rotor
Fra:1 Mem:176.89M (Peak 176.89M) | Time:00:00.27 | Mem:0.00M, Peak:0.00M | Scene, ViewLayer | Synchronizing object | Front left rotor outer scoring
Fra:1 Mem:177.01M (Peak 177.01M) | Time:00:00.27 | Mem:0.00M, Peak:0.00M | Scene, ViewLayer | Synchronizing object | Front left drilled rotor perforation
Fra:1 Mem:177.01M (Peak 177.01M) | Time:00:00.27 | Mem:0.00M, Peak:0.00M | Scene, ViewLayer | Synchronizing object | Front left drilled rotor perforation.002
Fra:1 Mem:177.04M (Peak 177.04M) | Time:00:00.27 | Mem:0.00M, Peak:0.00M | Scene, ViewLayer | Synchronizing object | Front left drilled rotor perforation.003
Fra:1 Mem:177.05M (Peak 177.05M) | Time:00:00.27 | Mem:0.00M, Peak:0.00M | Scene, ViewLayer | Synchronizing object | Front left drilled rotor perforation.004
Fra:1 Mem:177.05M (Peak 177.05M) | Time:00:00.27 | Mem:0.00M, Peak:0.00M | Scene, ViewLayer | Synchronizing object | Front left caliper marking
Fra:1 Mem:177.07M (Peak 177.07M) | Time:00:00.27 | Mem:0.00M, Peak:0.00M | Scene, ViewLayer | Synchronizing object | Front left drilled rotor perforation.006
Fra:1 Mem:177.22M (Peak 177.22M) | Time:00:00.27 | Mem:0.00M, Peak:0.00M | Scene, ViewLayer | Synchronizing object | Front left drilled rotor perforation.007
Fra:1 Mem:177.25M (Peak 177.25M) | Time:00:00.27 | Mem:0.00M, Peak:0.00M | Scene, ViewLayer | Synchronizing object | Front left drilled rotor perforation.008
Fra:1 Mem:177.27M (Peak 177.27M) | Time:00:00.27 | Mem:0.00M, Peak:0.00M | Scene, ViewLayer | Synchronizing object | Front left drilled rotor perforation.009
Fra:1 Mem:177.27M (Peak 177.27M) | Time:00:00.27 | Mem:0.00M, Peak:0.00M | Scene, ViewLayer | Synchronizing object | Front left drilled rotor perforation.010
Fra:1 Mem:177.29M (Peak 177.29M) | Time:00:00.27 | Mem:0.00M, Peak:0.00M | Scene, ViewLayer | Synchronizing object | Front left drilled rotor perforation.012
Fra:1 Mem:177.63M (Peak 177.63M) | Time:00:00.27 | Mem:0.00M, Peak:0.00M | Scene, ViewLayer | Synchronizing object | Front left drilled rotor perforation.013
Fra:1 Mem:177.63M (Peak 177.63M) | Time:00:00.27 | Mem:0.00M, Peak:0.00M | Scene, ViewLayer | Synchronizing object | Front left drilled rotor perforation.015
Fra:1 Mem:177.65M (Peak 177.65M) | Time:00:00.27 | Mem:0.00M, Peak:0.00M | Scene, ViewLayer | Synchronizing object | Front left drilled rotor perforation.014
Fra:1 Mem:177.77M (Peak 177.77M) | Time:00:00.27 | Mem:0.00M, Peak:0.00M | Scene, ViewLayer | Synchronizing object | Front left drilled rotor perforation.017
Fra:1 Mem:177.79M (Peak 177.79M) | Time:00:00.27 | Mem:0.00M, Peak:0.00M | Scene, ViewLayer | Synchronizing object | Front left drilled rotor perforation.018
Fra:1 Mem:177.91M (Peak 177.91M) | Time:00:00.27 | Mem:0.00M, Peak:0.00M | Scene, ViewLayer | Synchronizing object | Front left drilled rotor perforation.020
Fra:1 Mem:177.94M (Peak 177.94M) | Time:00:00.27 | Mem:0.00M, Peak:0.00M | Scene, ViewLayer | Synchronizing object | Front left drilled rotor perforation.021
Fra:1 Mem:177.95M (Peak 177.95M) | Time:00:00.27 | Mem:0.00M, Peak:0.00M | Scene, ViewLayer | Synchronizing object | Front left drilled rotor perforation.022
Fra:1 Mem:177.98M (Peak 177.98M) | Time:00:00.27 | Mem:0.00M, Peak:0.00M | Scene, ViewLayer | Synchronizing object | Front left drilled rotor perforation.023
Fra:1 Mem:178.00M (Peak 178.00M) | Time:00:00.27 | Mem:0.00M, Peak:0.00M | Scene, ViewLayer | Synchronizing object | Front left drilled rotor perforation.024
Fra:1 Mem:177.99M (Peak 178.00M) | Time:00:00.27 | Mem:0.00M, Peak:0.00M | Scene, ViewLayer | Synchronizing object | Front left drilled rotor perforation.025
Fra:1 Mem:178.00M (Peak 178.00M) | Time:00:00.27 | Mem:0.00M, Peak:0.00M | Scene, ViewLayer | Synchronizing object | Front left drilled rotor perforation.026
Fra:1 Mem:178.02M (Peak 178.02M) | Time:00:00.27 | Mem:0.00M, Peak:0.00M | Scene, ViewLayer | Synchronizing object | Front left drilled rotor perforation.027
Fra:1 Mem:178.04M (Peak 178.04M) | Time:00:00.27 | Mem:0.00M, Peak:0.00M | Scene, ViewLayer | Synchronizing object | Front left drilled rotor perforation.028
Fra:1 Mem:178.05M (Peak 178.05M) | Time:00:00.27 | Mem:0.00M, Peak:0.00M | Scene, ViewLayer | Synchronizing object | Front left drilled rotor perforation.029
Fra:1 Mem:178.10M (Peak 178.10M) | Time:00:00.27 | Mem:0.00M, Peak:0.00M | Scene, ViewLayer | Synchronizing object | Front left drilled rotor perforation.030
Fra:1 Mem:178.14M (Peak 178.14M) | Time:00:00.27 | Mem:0.00M, Peak:0.00M | Scene, ViewLayer | Synchronizing object | Front left drilled rotor perforation.031
Fra:1 Mem:178.15M (Peak 178.15M) | Time:00:00.27 | Mem:0.00M, Peak:0.00M | Scene, ViewLayer | Synchronizing object | Front left drilled rotor perforation.032
Fra:1 Mem:178.16M (Peak 178.16M) | Time:00:00.27 | Mem:0.00M, Peak:0.00M | Scene, ViewLayer | Synchronizing object | Front left drilled rotor perforation.034
Fra:1 Mem:178.18M (Peak 178.18M) | Time:00:00.27 | Mem:0.00M, Peak:0.00M | Scene, ViewLayer | Synchronizing object | Front left drilled rotor perforation.035
Fra:1 Mem:178.18M (Peak 178.18M) | Time:00:00.27 | Mem:0.00M, Peak:0.00M | Scene, ViewLayer | Synchronizing object | Front left drilled rotor perforation.036
Fra:1 Mem:178.20M (Peak 178.20M) | Time:00:00.27 | Mem:0.00M, Peak:0.00M | Scene, ViewLayer | Synchronizing object | Front left drilled rotor perforation.037
Fra:1 Mem:178.22M (Peak 178.22M) | Time:00:00.27 | Mem:0.00M, Peak:0.00M | Scene, ViewLayer | Synchronizing object | Front left drilled rotor perforation.038
Fra:1 Mem:178.24M (Peak 178.24M) | Time:00:00.27 | Mem:0.00M, Peak:0.00M | Scene, ViewLayer | Synchronizing object | Front left drilled rotor perforation.039
Fra:1 Mem:178.25M (Peak 178.25M) | Time:00:00.27 | Mem:0.00M, Peak:0.00M | Scene, ViewLayer | Synchronizing object | Front left drilled rotor perforation.040
Fra:1 Mem:178.27M (Peak 178.27M) | Time:00:00.27 | Mem:0.00M, Peak:0.00M | Scene, ViewLayer | Synchronizing object | Front left center mi logo
Fra:1 Mem:178.28M (Peak 178.28M) | Time:00:00.27 | Mem:0.00M, Peak:0.00M | Scene, ViewLayer | Synchronizing object | Front left drilled rotor perforation.042
Fra:1 Mem:178.35M (Peak 178.35M) | Time:00:00.27 | Mem:0.00M, Peak:0.00M | Scene, ViewLayer | Synchronizing object | Front left drilled rotor perforation.043
Fra:1 Mem:178.52M (Peak 178.52M) | Time:00:00.27 | Mem:0.00M, Peak:0.00M | Scene, ViewLayer | Synchronizing object | Front left drilled rotor perforation.044
Fra:1 Mem:178.53M (Peak 178.53M) | Time:00:00.27 | Mem:0.00M, Peak:0.00M | Scene, ViewLayer | Synchronizing object | Front left drilled rotor perforation.046
Fra:1 Mem:178.59M (Peak 178.59M) | Time:00:00.27 | Mem:0.00M, Peak:0.00M | Scene, ViewLayer | Synchronizing object | Front left drilled rotor perforation.047
Fra:1 Mem:178.59M (Peak 178.59M) | Time:00:00.27 | Mem:0.00M, Peak:0.00M | Scene, ViewLayer | Synchronizing object | Front left drilled rotor perforation.049
Fra:1 Mem:178.65M (Peak 178.65M) | Time:00:00.27 | Mem:0.00M, Peak:0.00M | Scene, ViewLayer | Synchronizing object | Front left drilled rotor perforation.050
Fra:1 Mem:178.66M (Peak 178.66M) | Time:00:00.27 | Mem:0.00M, Peak:0.00M | Scene, ViewLayer | Synchronizing object | Front left drilled rotor perforation.052
Fra:1 Mem:178.66M (Peak 178.66M) | Time:00:00.27 | Mem:0.00M, Peak:0.00M | Scene, ViewLayer | Synchronizing object | Front left drilled rotor perforation.053
Fra:1 Mem:178.66M (Peak 178.66M) | Time:00:00.27 | Mem:0.00M, Peak:0.00M | Scene, ViewLayer | Synchronizing object | Front left drilled rotor perforation.054
Fra:1 Mem:178.68M (Peak 178.68M) | Time:00:00.27 | Mem:0.00M, Peak:0.00M | Scene, ViewLayer | Synchronizing object | Front left drilled rotor perforation.055
Fra:1 Mem:178.71M (Peak 178.71M) | Time:00:00.27 | Mem:0.00M, Peak:0.00M | Scene, ViewLayer | Synchronizing object | Front left drilled rotor perforation.056
Fra:1 Mem:178.72M (Peak 178.72M) | Time:00:00.27 | Mem:0.00M, Peak:0.00M | Scene, ViewLayer | Synchronizing object | Front left drilled rotor perforation.057
Fra:1 Mem:178.73M (Peak 178.73M) | Time:00:00.27 | Mem:0.00M, Peak:0.00M | Scene, ViewLayer | Synchronizing object | Front left drilled rotor perforation.058
Fra:1 Mem:178.78M (Peak 178.78M) | Time:00:00.27 | Mem:0.00M, Peak:0.00M | Scene, ViewLayer | Synchronizing object | Front left drilled rotor perforation.059
Fra:1 Mem:178.78M (Peak 178.78M) | Time:00:00.27 | Mem:0.00M, Peak:0.00M | Scene, ViewLayer | Synchronizing object | Front left sidewall lettering.001
Fra:1 Mem:178.81M (Peak 178.81M) | Time:00:00.27 | Mem:0.00M, Peak:0.00M | Scene, ViewLayer | Synchronizing object | Front left drilled rotor perforation.062
Fra:1 Mem:178.83M (Peak 178.83M) | Time:00:00.27 | Mem:0.00M, Peak:0.00M | Scene, ViewLayer | Synchronizing object | Front left drilled rotor perforation.064
Fra:1 Mem:178.84M (Peak 178.84M) | Time:00:00.27 | Mem:0.00M, Peak:0.00M | Scene, ViewLayer | Synchronizing object | Front left drilled rotor perforation.065
Fra:1 Mem:178.98M (Peak 178.98M) | Time:00:00.27 | Mem:0.00M, Peak:0.00M | Scene, ViewLayer | Synchronizing object | Front left drilled rotor perforation.066
Fra:1 Mem:179.03M (Peak 179.03M) | Time:00:00.27 | Mem:0.00M, Peak:0.00M | Scene, ViewLayer | Synchronizing object | Front left drilled rotor perforation.067
Fra:1 Mem:179.02M (Peak 179.03M) | Time:00:00.27 | Mem:0.00M, Peak:0.00M | Scene, ViewLayer | Synchronizing object | Front left drilled rotor perforation.068
Fra:1 Mem:179.05M (Peak 179.05M) | Time:00:00.27 | Mem:0.00M, Peak:0.00M | Scene, ViewLayer | Synchronizing object | Front left drilled rotor perforation.069
Fra:1 Mem:179.06M (Peak 179.06M) | Time:00:00.27 | Mem:0.00M, Peak:0.00M | Scene, ViewLayer | Synchronizing object | Front left drilled rotor perforation.070
Fra:1 Mem:179.09M (Peak 179.09M) | Time:00:00.27 | Mem:0.00M, Peak:0.00M | Scene, ViewLayer | Synchronizing object | Front left drilled rotor perforation.071
Fra:1 Mem:179.10M (Peak 179.10M) | Time:00:00.27 | Mem:0.00M, Peak:0.00M | Scene, ViewLayer | Synchronizing object | Front left yellow six-piston caliper
Fra:1 Mem:179.11M (Peak 179.11M) | Time:00:00.27 | Mem:0.00M, Peak:0.00M | Scene, ViewLayer | Synchronizing object | Front left machined split spoke
Fra:1 Mem:179.14M (Peak 179.14M) | Time:00:00.27 | Mem:0.00M, Peak:0.00M | Scene, ViewLayer | Synchronizing object | Front left black spoke pocket
Fra:1 Mem:179.20M (Peak 179.20M) | Time:00:00.27 | Mem:0.00M, Peak:0.00M | Scene, ViewLayer | Synchronizing object | Front left sidewall lettering.004
Fra:1 Mem:179.22M (Peak 179.22M) | Time:00:00.27 | Mem:0.00M, Peak:0.00M | Scene, ViewLayer | Synchronizing object | Front left machined split spoke.002
Fra:1 Mem:179.23M (Peak 179.23M) | Time:00:00.27 | Mem:0.00M, Peak:0.00M | Scene, ViewLayer | Synchronizing object | Front left black spoke pocket.002
Fra:1 Mem:179.26M (Peak 179.26M) | Time:00:00.27 | Mem:0.00M, Peak:0.00M | Scene, ViewLayer | Synchronizing object | Front left machined split spoke.003
Fra:1 Mem:179.26M (Peak 179.26M) | Time:00:00.27 | Mem:0.00M, Peak:0.00M | Scene, ViewLayer | Synchronizing object | Front left black spoke pocket.003
Fra:1 Mem:179.31M (Peak 179.31M) | Time:00:00.27 | Mem:0.00M, Peak:0.00M | Scene, ViewLayer | Synchronizing object | Front left machined split spoke.004
Fra:1 Mem:179.31M (Peak 179.31M) | Time:00:00.27 | Mem:0.00M, Peak:0.00M | Scene, ViewLayer | Synchronizing object | Front left black spoke pocket.004
Fra:1 Mem:179.33M (Peak 179.33M) | Time:00:00.27 | Mem:0.00M, Peak:0.00M | Scene, ViewLayer | Synchronizing object | Front left sidewall lettering.007
Fra:1 Mem:179.34M (Peak 179.34M) | Time:00:00.27 | Mem:0.00M, Peak:0.00M | Scene, ViewLayer | Synchronizing object | Front left black spoke pocket.005
Fra:1 Mem:179.34M (Peak 179.34M) | Time:00:00.27 | Mem:0.00M, Peak:0.00M | Scene, ViewLayer | Synchronizing object | Front left machined split spoke.006
Fra:1 Mem:179.36M (Peak 179.36M) | Time:00:00.27 | Mem:0.00M, Peak:0.00M | Scene, ViewLayer | Synchronizing object | Front left sidewall lettering.008
Fra:1 Mem:179.44M (Peak 179.44M) | Time:00:00.27 | Mem:0.00M, Peak:0.00M | Scene, ViewLayer | Synchronizing object | Front left black spoke pocket.006
Fra:1 Mem:179.46M (Peak 179.46M) | Time:00:00.27 | Mem:0.00M, Peak:0.00M | Scene, ViewLayer | Synchronizing object | Front left machined split spoke.007
Fra:1 Mem:179.47M (Peak 179.47M) | Time:00:00.27 | Mem:0.00M, Peak:0.00M | Scene, ViewLayer | Synchronizing object | Front left black spoke pocket.007
Fra:1 Mem:179.49M (Peak 179.49M) | Time:00:00.27 | Mem:0.00M, Peak:0.00M | Scene, ViewLayer | Synchronizing object | Front left machined split spoke.008
Fra:1 Mem:179.50M (Peak 179.50M) | Time:00:00.27 | Mem:0.00M, Peak:0.00M | Scene, ViewLayer | Synchronizing object | Front left black spoke pocket.008
Fra:1 Mem:179.52M (Peak 179.52M) | Time:00:00.28 | Mem:0.00M, Peak:0.00M | Scene, ViewLayer | Synchronizing object | Front left machined split spoke.009
Fra:1 Mem:179.53M (Peak 179.53M) | Time:00:00.28 | Mem:0.00M, Peak:0.00M | Scene, ViewLayer | Synchronizing object | Front left black spoke pocket.009
Fra:1 Mem:179.54M (Peak 179.54M) | Time:00:00.28 | Mem:0.00M, Peak:0.00M | Scene, ViewLayer | Synchronizing object | Front left center hub
Fra:1 Mem:179.58M (Peak 179.58M) | Time:00:00.28 | Mem:0.00M, Peak:0.00M | Scene, ViewLayer | Synchronizing object | Front left center cap ring
Fra:1 Mem:179.66M (Peak 179.66M) | Time:00:00.28 | Mem:0.00M, Peak:0.00M | Scene, ViewLayer | Synchronizing object | Front left titanium lug nut
Fra:1 Mem:179.72M (Peak 179.72M) | Time:00:00.28 | Mem:0.00M, Peak:0.00M | Scene, ViewLayer | Synchronizing object | Front left titanium lug nut.002
Fra:1 Mem:179.73M (Peak 179.73M) | Time:00:00.28 | Mem:0.00M, Peak:0.00M | Scene, ViewLayer | Synchronizing object | Front left titanium lug nut.003
Fra:1 Mem:179.75M (Peak 179.75M) | Time:00:00.28 | Mem:0.00M, Peak:0.00M | Scene, ViewLayer | Synchronizing object | Front left titanium lug nut.004
Fra:1 Mem:179.74M (Peak 179.75M) | Time:00:00.28 | Mem:0.00M, Peak:0.00M | Scene, ViewLayer | Synchronizing object | Front left tire valve
Fra:1 Mem:179.77M (Peak 179.77M) | Time:00:00.28 | Mem:0.00M, Peak:0.00M | Scene, ViewLayer | Synchronizing object | Front left sidewall lettering.010
Fra:1 Mem:179.77M (Peak 179.77M) | Time:00:00.28 | Mem:0.00M, Peak:0.00M | Scene, ViewLayer | Synchronizing object | Front left sidewall lettering.011
Fra:1 Mem:179.91M (Peak 179.91M) | Time:00:00.28 | Mem:0.00M, Peak:0.00M | Scene, ViewLayer | Synchronizing object | Front left sidewall lettering.012
Fra:1 Mem:179.92M (Peak 179.92M) | Time:00:00.28 | Mem:0.00M, Peak:0.00M | Scene, ViewLayer | Synchronizing object | Front left sidewall lettering.013
Fra:1 Mem:179.92M (Peak 179.92M) | Time:00:00.28 | Mem:0.00M, Peak:0.00M | Scene, ViewLayer | Synchronizing object | Front left sidewall lettering.014
Fra:1 Mem:180.09M (Peak 180.09M) | Time:00:00.28 | Mem:0.00M, Peak:0.00M | Scene, ViewLayer | Synchronizing object | Front left sidewall lettering.015
Fra:1 Mem:180.17M (Peak 180.17M) | Time:00:00.28 | Mem:0.00M, Peak:0.00M | Scene, ViewLayer | Synchronizing object | Front left sidewall lettering.016
Fra:1 Mem:180.30M (Peak 180.30M) | Time:00:00.28 | Mem:0.00M, Peak:0.00M | Scene, ViewLayer | Synchronizing object | Front left sidewall lettering.017
Fra:1 Mem:180.44M (Peak 180.44M) | Time:00:00.28 | Mem:0.00M, Peak:0.00M | Scene, ViewLayer | Synchronizing object | Front left sidewall lettering.018
Fra:1 Mem:180.45M (Peak 180.45M) | Time:00:00.28 | Mem:0.00M, Peak:0.00M | Scene, ViewLayer | Synchronizing object | Front left sidewall lettering.019
Fra:1 Mem:180.45M (Peak 180.45M) | Time:00:00.28 | Mem:0.00M, Peak:0.00M | Scene, ViewLayer | Synchronizing object | Front left sidewall lettering.020
Fra:1 Mem:180.46M (Peak 180.46M) | Time:00:00.28 | Mem:0.00M, Peak:0.00M | Scene, ViewLayer | Synchronizing object | Front left sidewall lettering.021
Fra:1 Mem:180.47M (Peak 180.47M) | Time:00:00.28 | Mem:0.00M, Peak:0.00M | Scene, ViewLayer | Synchronizing object | Front right | tire carcass
Fra:1 Mem:180.60M (Peak 180.60M) | Time:00:00.28 | Mem:0.00M, Peak:0.00M | Scene, ViewLayer | Synchronizing object | Front right tire molded sidewall ring.001
Fra:1 Mem:180.69M (Peak 180.69M) | Time:00:00.28 | Mem:0.00M, Peak:0.00M | Scene, ViewLayer | Synchronizing object | Front right tire molded sidewall ring.002
Fra:1 Mem:180.81M (Peak 180.81M) | Time:00:00.28 | Mem:0.00M, Peak:0.00M | Scene, ViewLayer | Synchronizing object | Front right tire molded sidewall ring
Fra:1 Mem:180.81M (Peak 180.81M) | Time:00:00.28 | Mem:0.00M, Peak:0.00M | Scene, ViewLayer | Synchronizing object | Front right directional tread | 792 blocks
Fra:1 Mem:180.88M (Peak 180.88M) | Time:00:00.28 | Mem:0.00M, Peak:0.00M | Scene, ViewLayer | Synchronizing object | Front right cast rim barrel
Fra:1 Mem:181.41M (Peak 181.41M) | Time:00:00.28 | Mem:0.00M, Peak:0.00M | Scene, ViewLayer | Synchronizing object | Front right diamond-cut outer flange
Fra:1 Mem:181.51M (Peak 181.51M) | Time:00:00.28 | Mem:0.00M, Peak:0.00M | Scene, ViewLayer | Synchronizing object | Front right inner rim accent
Fra:1 Mem:181.62M (Peak 181.62M) | Time:00:00.28 | Mem:0.00M, Peak:0.00M | Scene, ViewLayer | Synchronizing object | Front right brake rotor
Fra:1 Mem:181.75M (Peak 181.75M) | Time:00:00.28 | Mem:0.00M, Peak:0.00M | Scene, ViewLayer | Synchronizing object | Front right rotor outer scoring
Fra:1 Mem:181.67M (Peak 181.75M) | Time:00:00.28 | Mem:0.00M, Peak:0.00M | Scene, ViewLayer | Synchronizing object | Front right drilled rotor perforation
Fra:1 Mem:181.78M (Peak 181.78M) | Time:00:00.28 | Mem:0.00M, Peak:0.00M | Scene, ViewLayer | Synchronizing object | Front right drilled rotor perforation.001
Fra:1 Mem:181.79M (Peak 181.79M) | Time:00:00.28 | Mem:0.00M, Peak:0.00M | Scene, ViewLayer | Synchronizing object | Front right drilled rotor perforation.002
Fra:1 Mem:181.82M (Peak 181.82M) | Time:00:00.28 | Mem:0.00M, Peak:0.00M | Scene, ViewLayer | Synchronizing object | Front right drilled rotor perforation.003
Fra:1 Mem:181.89M (Peak 181.89M) | Time:00:00.28 | Mem:0.00M, Peak:0.00M | Scene, ViewLayer | Synchronizing object | Front right drilled rotor perforation.004
Fra:1 Mem:181.94M (Peak 181.94M) | Time:00:00.28 | Mem:0.00M, Peak:0.00M | Scene, ViewLayer | Synchronizing object | Front right drilled rotor perforation.005
Fra:1 Mem:181.95M (Peak 181.95M) | Time:00:00.28 | Mem:0.00M, Peak:0.00M | Scene, ViewLayer | Synchronizing object | Front right drilled rotor perforation.006
Fra:1 Mem:181.96M (Peak 181.96M) | Time:00:00.28 | Mem:0.00M, Peak:0.00M | Scene, ViewLayer | Synchronizing object | Front right drilled rotor perforation.008
Fra:1 Mem:181.97M (Peak 181.97M) | Time:00:00.28 | Mem:0.00M, Peak:0.00M | Scene, ViewLayer | Synchronizing object | Front right drilled rotor perforation.009
Fra:1 Mem:181.98M (Peak 181.98M) | Time:00:00.28 | Mem:0.00M, Peak:0.00M | Scene, ViewLayer | Synchronizing object | Front right drilled rotor perforation.010
Fra:1 Mem:182.02M (Peak 182.02M) | Time:00:00.28 | Mem:0.00M, Peak:0.00M | Scene, ViewLayer | Synchronizing object | Front right drilled rotor perforation.011
Fra:1 Mem:182.02M (Peak 182.02M) | Time:00:00.28 | Mem:0.00M, Peak:0.00M | Scene, ViewLayer | Synchronizing object | Front right drilled rotor perforation.013
Fra:1 Mem:182.04M (Peak 182.04M) | Time:00:00.28 | Mem:0.00M, Peak:0.00M | Scene, ViewLayer | Synchronizing object | Front right drilled rotor perforation.014
Fra:1 Mem:182.05M (Peak 182.05M) | Time:00:00.28 | Mem:0.00M, Peak:0.00M | Scene, ViewLayer | Synchronizing object | Front right drilled rotor perforation.015
Fra:1 Mem:182.09M (Peak 182.09M) | Time:00:00.28 | Mem:0.00M, Peak:0.00M | Scene, ViewLayer | Synchronizing object | Front right drilled rotor perforation.016
Fra:1 Mem:182.09M (Peak 182.09M) | Time:00:00.28 | Mem:0.00M, Peak:0.00M | Scene, ViewLayer | Synchronizing object | Front right drilled rotor perforation.017
Fra:1 Mem:182.11M (Peak 182.11M) | Time:00:00.28 | Mem:0.00M, Peak:0.00M | Scene, ViewLayer | Synchronizing object | Front right drilled rotor perforation.018
Fra:1 Mem:182.12M (Peak 182.12M) | Time:00:00.28 | Mem:0.00M, Peak:0.00M | Scene, ViewLayer | Synchronizing object | Front right drilled rotor perforation.019
Fra:1 Mem:182.15M (Peak 182.15M) | Time:00:00.28 | Mem:0.00M, Peak:0.00M | Scene, ViewLayer | Synchronizing object | Front right drilled rotor perforation.020
Fra:1 Mem:182.16M (Peak 182.16M) | Time:00:00.28 | Mem:0.00M, Peak:0.00M | Scene, ViewLayer | Synchronizing object | Front right drilled rotor perforation.021
Fra:1 Mem:182.17M (Peak 182.17M) | Time:00:00.28 | Mem:0.00M, Peak:0.00M | Scene, ViewLayer | Synchronizing object | Front right drilled rotor perforation.022
Fra:1 Mem:182.20M (Peak 182.20M) | Time:00:00.28 | Mem:0.00M, Peak:0.00M | Scene, ViewLayer | Synchronizing object | Front right drilled rotor perforation.023
Fra:1 Mem:182.20M (Peak 182.20M) | Time:00:00.28 | Mem:0.00M, Peak:0.00M | Scene, ViewLayer | Synchronizing object | Front right drilled rotor perforation.024
Fra:1 Mem:182.21M (Peak 182.21M) | Time:00:00.28 | Mem:0.00M, Peak:0.00M | Scene, ViewLayer | Synchronizing object | Front right drilled rotor perforation.025
Fra:1 Mem:182.23M (Peak 182.23M) | Time:00:00.28 | Mem:0.00M, Peak:0.00M | Scene, ViewLayer | Synchronizing object | Front right drilled rotor perforation.026
Fra:1 Mem:182.25M (Peak 182.25M) | Time:00:00.28 | Mem:0.00M, Peak:0.00M | Scene, ViewLayer | Synchronizing object | Front right drilled rotor perforation.027
Fra:1 Mem:182.25M (Peak 182.25M) | Time:00:00.28 | Mem:0.00M, Peak:0.00M | Scene, ViewLayer | Synchronizing object | Front right drilled rotor perforation.028
Fra:1 Mem:182.26M (Peak 182.26M) | Time:00:00.28 | Mem:0.00M, Peak:0.00M | Scene, ViewLayer | Synchronizing object | Front right drilled rotor perforation.029
Fra:1 Mem:182.29M (Peak 182.29M) | Time:00:00.28 | Mem:0.00M, Peak:0.00M | Scene, ViewLayer | Synchronizing object | Front right drilled rotor perforation.030
Fra:1 Mem:182.30M (Peak 182.30M) | Time:00:00.28 | Mem:0.00M, Peak:0.00M | Scene, ViewLayer | Synchronizing object | Front right drilled rotor perforation.031
Fra:1 Mem:182.32M (Peak 182.32M) | Time:00:00.28 | Mem:0.00M, Peak:0.00M | Scene, ViewLayer | Synchronizing object | Front right drilled rotor perforation.032
Fra:1 Mem:182.32M (Peak 182.32M) | Time:00:00.28 | Mem:0.00M, Peak:0.00M | Scene, ViewLayer | Synchronizing object | Front right drilled rotor perforation.033
Fra:1 Mem:182.34M (Peak 182.34M) | Time:00:00.28 | Mem:0.00M, Peak:0.00M | Scene, ViewLayer | Synchronizing object | Front right drilled rotor perforation.034
Fra:1 Mem:182.36M (Peak 182.36M) | Time:00:00.28 | Mem:0.00M, Peak:0.00M | Scene, ViewLayer | Synchronizing object | Front right drilled rotor perforation.035
Fra:1 Mem:182.36M (Peak 182.36M) | Time:00:00.28 | Mem:0.00M, Peak:0.00M | Scene, ViewLayer | Synchronizing object | Front right drilled rotor perforation.036
Fra:1 Mem:182.39M (Peak 182.39M) | Time:00:00.28 | Mem:0.00M, Peak:0.00M | Scene, ViewLayer | Synchronizing object | Front right drilled rotor perforation.037
Fra:1 Mem:182.40M (Peak 182.40M) | Time:00:00.28 | Mem:0.00M, Peak:0.00M | Scene, ViewLayer | Synchronizing object | Front right drilled rotor perforation.038
Fra:1 Mem:182.42M (Peak 182.42M) | Time:00:00.28 | Mem:0.00M, Peak:0.00M | Scene, ViewLayer | Synchronizing object | Front right caliper marking
Fra:1 Mem:182.42M (Peak 182.42M) | Time:00:00.28 | Mem:0.00M, Peak:0.00M | Scene, ViewLayer | Synchronizing object | Front right drilled rotor perforation.041
Fra:1 Mem:182.57M (Peak 182.57M) | Time:00:00.28 | Mem:0.00M, Peak:0.00M | Scene, ViewLayer | Synchronizing object | Front right drilled rotor perforation.042
Fra:1 Mem:182.61M (Peak 182.61M) | Time:00:00.28 | Mem:0.00M, Peak:0.00M | Scene, ViewLayer | Synchronizing object | Front right drilled rotor perforation.043
Fra:1 Mem:182.63M (Peak 182.63M) | Time:00:00.28 | Mem:0.00M, Peak:0.00M | Scene, ViewLayer | Synchronizing object | Front right drilled rotor perforation.045
Fra:1 Mem:182.64M (Peak 182.64M) | Time:00:00.28 | Mem:0.00M, Peak:0.00M | Scene, ViewLayer | Synchronizing object | Front right drilled rotor perforation.046
Fra:1 Mem:182.96M (Peak 182.96M) | Time:00:00.28 | Mem:0.00M, Peak:0.00M | Scene, ViewLayer | Synchronizing object | Front right drilled rotor perforation.048
Fra:1 Mem:183.07M (Peak 183.07M) | Time:00:00.28 | Mem:0.00M, Peak:0.00M | Scene, ViewLayer | Synchronizing object | Front right drilled rotor perforation.049
Fra:1 Mem:183.09M (Peak 183.09M) | Time:00:00.28 | Mem:0.00M, Peak:0.00M | Scene, ViewLayer | Synchronizing object | Front right drilled rotor perforation.050
Fra:1 Mem:183.20M (Peak 183.20M) | Time:00:00.28 | Mem:0.00M, Peak:0.00M | Scene, ViewLayer | Synchronizing object | Front right drilled rotor perforation.051
Fra:1 Mem:183.23M (Peak 183.23M) | Time:00:00.28 | Mem:0.00M, Peak:0.00M | Scene, ViewLayer | Synchronizing object | Front right drilled rotor perforation.052
Fra:1 Mem:183.26M (Peak 183.26M) | Time:00:00.28 | Mem:0.00M, Peak:0.00M | Scene, ViewLayer | Synchronizing object | Front right drilled rotor perforation.053
Fra:1 Mem:183.26M (Peak 183.26M) | Time:00:00.28 | Mem:0.00M, Peak:0.00M | Scene, ViewLayer | Synchronizing object | Front right drilled rotor perforation.055
Fra:1 Mem:183.29M (Peak 183.29M) | Time:00:00.28 | Mem:0.00M, Peak:0.00M | Scene, ViewLayer | Synchronizing object | Front right drilled rotor perforation.056
Fra:1 Mem:183.32M (Peak 183.32M) | Time:00:00.28 | Mem:0.00M, Peak:0.00M | Scene, ViewLayer | Synchronizing object | Front right drilled rotor perforation.057
Fra:1 Mem:183.33M (Peak 183.33M) | Time:00:00.28 | Mem:0.00M, Peak:0.00M | Scene, ViewLayer | Synchronizing object | Front right drilled rotor perforation.058
Fra:1 Mem:183.35M (Peak 183.35M) | Time:00:00.28 | Mem:0.00M, Peak:0.00M | Scene, ViewLayer | Synchronizing object | Front right drilled rotor perforation.060
Fra:1 Mem:183.40M (Peak 183.40M) | Time:00:00.28 | Mem:0.00M, Peak:0.00M | Scene, ViewLayer | Synchronizing object | Front right drilled rotor perforation.061
Fra:1 Mem:183.43M (Peak 183.43M) | Time:00:00.28 | Mem:0.00M, Peak:0.00M | Scene, ViewLayer | Synchronizing object | Front right drilled rotor perforation.063
Fra:1 Mem:183.54M (Peak 183.54M) | Time:00:00.28 | Mem:0.00M, Peak:0.00M | Scene, ViewLayer | Synchronizing object | Front right drilled rotor perforation.064
Fra:1 Mem:183.44M (Peak 183.54M) | Time:00:00.28 | Mem:0.00M, Peak:0.00M | Scene, ViewLayer | Synchronizing object | Front right drilled rotor perforation.065
Fra:1 Mem:183.46M (Peak 183.54M) | Time:00:00.28 | Mem:0.00M, Peak:0.00M | Scene, ViewLayer | Synchronizing object | Front right drilled rotor perforation.066
Fra:1 Mem:183.49M (Peak 183.54M) | Time:00:00.28 | Mem:0.00M, Peak:0.00M | Scene, ViewLayer | Synchronizing object | Front right drilled rotor perforation.067
Fra:1 Mem:183.49M (Peak 183.54M) | Time:00:00.28 | Mem:0.00M, Peak:0.00M | Scene, ViewLayer | Synchronizing object | Front right drilled rotor perforation.068
Fra:1 Mem:183.50M (Peak 183.54M) | Time:00:00.28 | Mem:0.00M, Peak:0.00M | Scene, ViewLayer | Synchronizing object | Front right drilled rotor perforation.069
Fra:1 Mem:183.53M (Peak 183.54M) | Time:00:00.28 | Mem:0.00M, Peak:0.00M | Scene, ViewLayer | Synchronizing object | Front right drilled rotor perforation.070
Fra:1 Mem:183.55M (Peak 183.55M) | Time:00:00.28 | Mem:0.00M, Peak:0.00M | Scene, ViewLayer | Synchronizing object | Front right center mi logo
Fra:1 Mem:183.61M (Peak 183.61M) | Time:00:00.28 | Mem:0.00M, Peak:0.00M | Scene, ViewLayer | Synchronizing object | Front right yellow six-piston caliper
Fra:1 Mem:183.77M (Peak 183.77M) | Time:00:00.28 | Mem:0.00M, Peak:0.00M | Scene, ViewLayer | Synchronizing object | Front right machined split spoke
Fra:1 Mem:183.84M (Peak 183.84M) | Time:00:00.28 | Mem:0.00M, Peak:0.00M | Scene, ViewLayer | Synchronizing object | Front right black spoke pocket
Fra:1 Mem:183.86M (Peak 183.86M) | Time:00:00.28 | Mem:0.00M, Peak:0.00M | Scene, ViewLayer | Synchronizing object | Front right machined split spoke.001
Fra:1 Mem:183.89M (Peak 183.89M) | Time:00:00.28 | Mem:0.00M, Peak:0.00M | Scene, ViewLayer | Synchronizing object | Front right black spoke pocket.001
Fra:1 Mem:183.90M (Peak 183.90M) | Time:00:00.28 | Mem:0.00M, Peak:0.00M | Scene, ViewLayer | Synchronizing object | Front right black spoke pocket.002
Fra:1 Mem:183.93M (Peak 183.93M) | Time:00:00.28 | Mem:0.00M, Peak:0.00M | Scene, ViewLayer | Synchronizing object | Front right machined split spoke.003
Fra:1 Mem:183.94M (Peak 183.94M) | Time:00:00.28 | Mem:0.00M, Peak:0.00M | Scene, ViewLayer | Synchronizing object | Front right black spoke pocket.003
Fra:1 Mem:183.94M (Peak 183.94M) | Time:00:00.28 | Mem:0.00M, Peak:0.00M | Scene, ViewLayer | Synchronizing object | Front right machined split spoke.004
Fra:1 Mem:183.95M (Peak 183.95M) | Time:00:00.29 | Mem:0.00M, Peak:0.00M | Scene, ViewLayer | Synchronizing object | Front right black spoke pocket.004
Fra:1 Mem:183.97M (Peak 183.97M) | Time:00:00.29 | Mem:0.00M, Peak:0.00M | Scene, ViewLayer | Synchronizing object | Front right sidewall lettering.001
Fra:1 Mem:183.98M (Peak 183.98M) | Time:00:00.29 | Mem:0.00M, Peak:0.00M | Scene, ViewLayer | Synchronizing object | Front right sidewall lettering.002
Fra:1 Mem:184.02M (Peak 184.02M) | Time:00:00.29 | Mem:0.00M, Peak:0.00M | Scene, ViewLayer | Synchronizing object | Front right machined split spoke.005
Fra:1 Mem:184.12M (Peak 184.12M) | Time:00:00.29 | Mem:0.00M, Peak:0.00M | Scene, ViewLayer | Synchronizing object | Front right black spoke pocket.005
Fra:1 Mem:184.16M (Peak 184.16M) | Time:00:00.29 | Mem:0.00M, Peak:0.00M | Scene, ViewLayer | Synchronizing object | Front right machined split spoke.006
Fra:1 Mem:184.19M (Peak 184.19M) | Time:00:00.29 | Mem:0.00M, Peak:0.00M | Scene, ViewLayer | Synchronizing object | Front right black spoke pocket.006
Fra:1 Mem:184.20M (Peak 184.20M) | Time:00:00.29 | Mem:0.00M, Peak:0.00M | Scene, ViewLayer | Synchronizing object | Front right machined split spoke.007
Fra:1 Mem:184.21M (Peak 184.21M) | Time:00:00.29 | Mem:0.00M, Peak:0.00M | Scene, ViewLayer | Synchronizing object | Front right machined split spoke.008
Fra:1 Mem:184.25M (Peak 184.25M) | Time:00:00.29 | Mem:0.00M, Peak:0.00M | Scene, ViewLayer | Synchronizing object | Front right sidewall lettering.003
Fra:1 Mem:184.26M (Peak 184.26M) | Time:00:00.29 | Mem:0.00M, Peak:0.00M | Scene, ViewLayer | Synchronizing object | Front right black spoke pocket.009
Fra:1 Mem:184.26M (Peak 184.26M) | Time:00:00.29 | Mem:0.00M, Peak:0.00M | Scene, ViewLayer | Synchronizing object | Front right sidewall lettering.004
Fra:1 Mem:184.30M (Peak 184.30M) | Time:00:00.29 | Mem:0.00M, Peak:0.00M | Scene, ViewLayer | Synchronizing object | Front right sidewall lettering.005
Fra:1 Mem:184.32M (Peak 184.32M) | Time:00:00.29 | Mem:0.00M, Peak:0.00M | Scene, ViewLayer | Synchronizing object | Front right center cap ring
Fra:1 Mem:184.33M (Peak 184.33M) | Time:00:00.29 | Mem:0.00M, Peak:0.00M | Scene, ViewLayer | Synchronizing object | Front right titanium lug nut
Fra:1 Mem:184.40M (Peak 184.40M) | Time:00:00.29 | Mem:0.00M, Peak:0.00M | Scene, ViewLayer | Synchronizing object | Front right sidewall lettering.006
Fra:1 Mem:184.47M (Peak 184.47M) | Time:00:00.29 | Mem:0.00M, Peak:0.00M | Scene, ViewLayer | Synchronizing object | Front right titanium lug nut.001
Fra:1 Mem:184.49M (Peak 184.49M) | Time:00:00.29 | Mem:0.00M, Peak:0.00M | Scene, ViewLayer | Synchronizing object | Front right sidewall lettering.007
Fra:1 Mem:184.50M (Peak 184.50M) | Time:00:00.29 | Mem:0.00M, Peak:0.00M | Scene, ViewLayer | Synchronizing object | Front right titanium lug nut.003
Fra:1 Mem:184.52M (Peak 184.52M) | Time:00:00.29 | Mem:0.00M, Peak:0.00M | Scene, ViewLayer | Synchronizing object | Front right titanium lug nut.004
Fra:1 Mem:184.52M (Peak 184.52M) | Time:00:00.29 | Mem:0.00M, Peak:0.00M | Scene, ViewLayer | Synchronizing object | Front right sidewall lettering.008
Fra:1 Mem:184.62M (Peak 184.62M) | Time:00:00.29 | Mem:0.00M, Peak:0.00M | Scene, ViewLayer | Synchronizing object | Front right sidewall lettering.009
Fra:1 Mem:184.63M (Peak 184.63M) | Time:00:00.29 | Mem:0.00M, Peak:0.00M | Scene, ViewLayer | Synchronizing object | Front right sidewall lettering.010
Fra:1 Mem:184.63M (Peak 184.63M) | Time:00:00.29 | Mem:0.00M, Peak:0.00M | Scene, ViewLayer | Synchronizing object | Front right sidewall lettering.011
Fra:1 Mem:184.77M (Peak 184.77M) | Time:00:00.29 | Mem:0.00M, Peak:0.00M | Scene, ViewLayer | Synchronizing object | Front right sidewall lettering.012
Fra:1 Mem:184.78M (Peak 184.78M) | Time:00:00.29 | Mem:0.00M, Peak:0.00M | Scene, ViewLayer | Synchronizing object | Front right sidewall lettering.013
Fra:1 Mem:184.78M (Peak 184.78M) | Time:00:00.29 | Mem:0.00M, Peak:0.00M | Scene, ViewLayer | Synchronizing object | Front right sidewall lettering.014
Fra:1 Mem:184.95M (Peak 184.95M) | Time:00:00.29 | Mem:0.00M, Peak:0.00M | Scene, ViewLayer | Synchronizing object | Front right sidewall lettering.015
Fra:1 Mem:185.03M (Peak 185.03M) | Time:00:00.29 | Mem:0.00M, Peak:0.00M | Scene, ViewLayer | Synchronizing object | Front right sidewall lettering.016
Fra:1 Mem:185.16M (Peak 185.16M) | Time:00:00.29 | Mem:0.00M, Peak:0.00M | Scene, ViewLayer | Synchronizing object | Front right sidewall lettering.017
Fra:1 Mem:185.30M (Peak 185.30M) | Time:00:00.29 | Mem:0.00M, Peak:0.00M | Scene, ViewLayer | Synchronizing object | Front right sidewall lettering.018
Fra:1 Mem:185.31M (Peak 185.31M) | Time:00:00.29 | Mem:0.00M, Peak:0.00M | Scene, ViewLayer | Synchronizing object | Front right sidewall lettering.019
Fra:1 Mem:185.31M (Peak 185.31M) | Time:00:00.29 | Mem:0.00M, Peak:0.00M | Scene, ViewLayer | Synchronizing object | Front right sidewall lettering.020
Fra:1 Mem:185.32M (Peak 185.32M) | Time:00:00.29 | Mem:0.00M, Peak:0.00M | Scene, ViewLayer | Synchronizing object | Front right sidewall lettering.021
Fra:1 Mem:185.33M (Peak 185.33M) | Time:00:00.29 | Mem:0.00M, Peak:0.00M | Scene, ViewLayer | Synchronizing object | Rear left | tire carcass
Fra:1 Mem:185.35M (Peak 185.35M) | Time:00:00.29 | Mem:0.00M, Peak:0.00M | Scene, ViewLayer | Synchronizing object | Rear left tire molded sidewall ring.001
Fra:1 Mem:185.45M (Peak 185.45M) | Time:00:00.29 | Mem:0.00M, Peak:0.00M | Scene, ViewLayer | Synchronizing object | Rear left tire molded sidewall ring.002
Fra:1 Mem:185.67M (Peak 185.67M) | Time:00:00.29 | Mem:0.00M, Peak:0.00M | Scene, ViewLayer | Synchronizing object | Rear left tire molded sidewall ring
Fra:1 Mem:185.67M (Peak 185.67M) | Time:00:00.29 | Mem:0.00M, Peak:0.00M | Scene, ViewLayer | Synchronizing object | Rear left cast rim barrel
Fra:1 Mem:186.18M (Peak 186.18M) | Time:00:00.29 | Mem:0.00M, Peak:0.00M | Scene, ViewLayer | Synchronizing object | Rear left diamond-cut outer flange
Fra:1 Mem:186.35M (Peak 186.35M) | Time:00:00.29 | Mem:0.00M, Peak:0.00M | Scene, ViewLayer | Synchronizing object | Rear left inner rim accent
Fra:1 Mem:186.59M (Peak 186.59M) | Time:00:00.29 | Mem:0.00M, Peak:0.00M | Scene, ViewLayer | Synchronizing object | Rear left brake rotor
Fra:1 Mem:186.61M (Peak 186.61M) | Time:00:00.29 | Mem:0.00M, Peak:0.00M | Scene, ViewLayer | Synchronizing object | Rear left rotor outer scoring
Fra:1 Mem:186.64M (Peak 186.64M) | Time:00:00.29 | Mem:0.00M, Peak:0.00M | Scene, ViewLayer | Synchronizing object | Rear left drilled rotor perforation
Fra:1 Mem:186.84M (Peak 186.84M) | Time:00:00.29 | Mem:0.00M, Peak:0.00M | Scene, ViewLayer | Synchronizing object | Rear left drilled rotor perforation.001
Fra:1 Mem:186.76M (Peak 186.84M) | Time:00:00.29 | Mem:0.00M, Peak:0.00M | Scene, ViewLayer | Synchronizing object | Rear left drilled rotor perforation.002
Fra:1 Mem:186.77M (Peak 186.84M) | Time:00:00.29 | Mem:0.00M, Peak:0.00M | Scene, ViewLayer | Synchronizing object | Rear left drilled rotor perforation.003
Fra:1 Mem:186.78M (Peak 186.84M) | Time:00:00.29 | Mem:0.00M, Peak:0.00M | Scene, ViewLayer | Synchronizing object | Rear left drilled rotor perforation.005
Fra:1 Mem:186.79M (Peak 186.84M) | Time:00:00.29 | Mem:0.00M, Peak:0.00M | Scene, ViewLayer | Synchronizing object | Rear left drilled rotor perforation.006
Fra:1 Mem:186.82M (Peak 186.84M) | Time:00:00.29 | Mem:0.00M, Peak:0.00M | Scene, ViewLayer | Synchronizing object | Rear left drilled rotor perforation.007
Fra:1 Mem:186.82M (Peak 186.84M) | Time:00:00.29 | Mem:0.00M, Peak:0.00M | Scene, ViewLayer | Synchronizing object | Rear left drilled rotor perforation.008
Fra:1 Mem:186.86M (Peak 186.86M) | Time:00:00.29 | Mem:0.00M, Peak:0.00M | Scene, ViewLayer | Synchronizing object | Rear left caliper marking
Fra:1 Mem:186.86M (Peak 186.86M) | Time:00:00.29 | Mem:0.00M, Peak:0.00M | Scene, ViewLayer | Synchronizing object | Rear left drilled rotor perforation.011
Fra:1 Mem:187.02M (Peak 187.02M) | Time:00:00.29 | Mem:0.00M, Peak:0.00M | Scene, ViewLayer | Synchronizing object | Rear left drilled rotor perforation.012
Fra:1 Mem:187.04M (Peak 187.04M) | Time:00:00.29 | Mem:0.00M, Peak:0.00M | Scene, ViewLayer | Synchronizing object | Rear left drilled rotor perforation.013
Fra:1 Mem:187.06M (Peak 187.06M) | Time:00:00.29 | Mem:0.00M, Peak:0.00M | Scene, ViewLayer | Synchronizing object | Rear left drilled rotor perforation.015
Fra:1 Mem:187.07M (Peak 187.07M) | Time:00:00.29 | Mem:0.00M, Peak:0.00M | Scene, ViewLayer | Synchronizing object | Rear left drilled rotor perforation.016
Fra:1 Mem:187.39M (Peak 187.39M) | Time:00:00.29 | Mem:0.00M, Peak:0.00M | Scene, ViewLayer | Synchronizing object | Rear left drilled rotor perforation.017
Fra:1 Mem:187.40M (Peak 187.41M) | Time:00:00.29 | Mem:0.00M, Peak:0.00M | Scene, ViewLayer | Synchronizing object | Rear left drilled rotor perforation.019
Fra:1 Mem:187.55M (Peak 187.55M) | Time:00:00.29 | Mem:0.00M, Peak:0.00M | Scene, ViewLayer | Synchronizing object | Rear left drilled rotor perforation.021
Fra:1 Mem:187.57M (Peak 187.55M) | Time:00:00.29 | Mem:0.00M, Peak:0.00M | Scene, ViewLayer | Synchronizing object | Rear left drilled rotor perforation.020
Fra:1 Mem:187.57M (Peak 187.57M) | Time:00:00.29 | Mem:0.00M, Peak:0.00M | Scene, ViewLayer | Synchronizing object | Rear left drilled rotor perforation.023
Fra:1 Mem:187.59M (Peak 187.59M) | Time:00:00.29 | Mem:0.00M, Peak:0.00M | Scene, ViewLayer | Synchronizing object | Rear left drilled rotor perforation.024
Fra:1 Mem:187.61M (Peak 187.61M) | Time:00:00.29 | Mem:0.00M, Peak:0.00M | Scene, ViewLayer | Synchronizing object | Rear left drilled rotor perforation.025
Fra:1 Mem:187.62M (Peak 187.62M) | Time:00:00.29 | Mem:0.00M, Peak:0.00M | Scene, ViewLayer | Synchronizing object | Rear left drilled rotor perforation.026
Fra:1 Mem:187.64M (Peak 187.64M) | Time:00:00.29 | Mem:0.00M, Peak:0.00M | Scene, ViewLayer | Synchronizing object | Rear left drilled rotor perforation.028
Fra:1 Mem:187.65M (Peak 187.65M) | Time:00:00.29 | Mem:0.00M, Peak:0.00M | Scene, ViewLayer | Synchronizing object | Rear left drilled rotor perforation.029
Fra:1 Mem:187.68M (Peak 187.68M) | Time:00:00.29 | Mem:0.00M, Peak:0.00M | Scene, ViewLayer | Synchronizing object | Rear left drilled rotor perforation.030
Fra:1 Mem:187.70M (Peak 187.70M) | Time:00:00.29 | Mem:0.00M, Peak:0.00M | Scene, ViewLayer | Synchronizing object | Rear left drilled rotor perforation.031
Fra:1 Mem:187.69M (Peak 187.70M) | Time:00:00.29 | Mem:0.00M, Peak:0.00M | Scene, ViewLayer | Synchronizing object | Rear left drilled rotor perforation.032
Fra:1 Mem:187.71M (Peak 187.71M) | Time:00:00.29 | Mem:0.00M, Peak:0.00M | Scene, ViewLayer | Synchronizing object | Rear left drilled rotor perforation.033
Fra:1 Mem:187.72M (Peak 187.72M) | Time:00:00.29 | Mem:0.00M, Peak:0.00M | Scene, ViewLayer | Synchronizing object | Rear left drilled rotor perforation.034
Fra:1 Mem:187.73M (Peak 187.73M) | Time:00:00.29 | Mem:0.00M, Peak:0.00M | Scene, ViewLayer | Synchronizing object | Rear left drilled rotor perforation.035
Fra:1 Mem:187.76M (Peak 187.76M) | Time:00:00.29 | Mem:0.00M, Peak:0.00M | Scene, ViewLayer | Synchronizing object | Rear left drilled rotor perforation.036
Fra:1 Mem:187.78M (Peak 187.78M) | Time:00:00.29 | Mem:0.00M, Peak:0.00M | Scene, ViewLayer | Synchronizing object | Rear left drilled rotor perforation.037
Fra:1 Mem:187.79M (Peak 187.79M) | Time:00:00.29 | Mem:0.00M, Peak:0.00M | Scene, ViewLayer | Synchronizing object | Rear left drilled rotor perforation.038
Fra:1 Mem:187.80M (Peak 187.80M) | Time:00:00.29 | Mem:0.00M, Peak:0.00M | Scene, ViewLayer | Synchronizing object | Rear left drilled rotor perforation.039
Fra:1 Mem:187.82M (Peak 187.82M) | Time:00:00.29 | Mem:0.00M, Peak:0.00M | Scene, ViewLayer | Synchronizing object | Rear left drilled rotor perforation.040
Fra:1 Mem:187.83M (Peak 187.83M) | Time:00:00.29 | Mem:0.00M, Peak:0.00M | Scene, ViewLayer | Synchronizing object | Rear left drilled rotor perforation.041
Fra:1 Mem:187.94M (Peak 187.94M) | Time:00:00.29 | Mem:0.00M, Peak:0.00M | Scene, ViewLayer | Synchronizing object | Rear left drilled rotor perforation.042
Fra:1 Mem:187.95M (Peak 187.95M) | Time:00:00.29 | Mem:0.00M, Peak:0.00M | Scene, ViewLayer | Synchronizing object | Rear left drilled rotor perforation.043
Fra:1 Mem:187.98M (Peak 187.98M) | Time:00:00.29 | Mem:0.00M, Peak:0.00M | Scene, ViewLayer | Synchronizing object | Rear left drilled rotor perforation.044
Fra:1 Mem:187.98M (Peak 187.98M) | Time:00:00.29 | Mem:0.00M, Peak:0.00M | Scene, ViewLayer | Synchronizing object | Rear left drilled rotor perforation.045
Fra:1 Mem:188.00M (Peak 188.00M) | Time:00:00.29 | Mem:0.00M, Peak:0.00M | Scene, ViewLayer | Synchronizing object | Rear left drilled rotor perforation.046
Fra:1 Mem:188.02M (Peak 188.02M) | Time:00:00.29 | Mem:0.00M, Peak:0.00M | Scene, ViewLayer | Synchronizing object | Rear left drilled rotor perforation.047
Fra:1 Mem:188.04M (Peak 188.04M) | Time:00:00.29 | Mem:0.00M, Peak:0.00M | Scene, ViewLayer | Synchronizing object | Rear left drilled rotor perforation.048
Fra:1 Mem:188.05M (Peak 188.05M) | Time:00:00.29 | Mem:0.00M, Peak:0.00M | Scene, ViewLayer | Synchronizing object | Rear left drilled rotor perforation.049
Fra:1 Mem:188.06M (Peak 188.06M) | Time:00:00.29 | Mem:0.00M, Peak:0.00M | Scene, ViewLayer | Synchronizing object | Rear left drilled rotor perforation.050
Fra:1 Mem:188.07M (Peak 188.07M) | Time:00:00.29 | Mem:0.00M, Peak:0.00M | Scene, ViewLayer | Synchronizing object | Rear left drilled rotor perforation.051
Fra:1 Mem:188.08M (Peak 188.08M) | Time:00:00.29 | Mem:0.00M, Peak:0.00M | Scene, ViewLayer | Synchronizing object | Rear left drilled rotor perforation.052
Fra:1 Mem:188.09M (Peak 188.09M) | Time:00:00.29 | Mem:0.00M, Peak:0.00M | Scene, ViewLayer | Synchronizing object | Rear left drilled rotor perforation.053
Fra:1 Mem:188.11M (Peak 188.11M) | Time:00:00.29 | Mem:0.00M, Peak:0.00M | Scene, ViewLayer | Synchronizing object | Rear left drilled rotor perforation.054
Fra:1 Mem:188.12M (Peak 188.12M) | Time:00:00.29 | Mem:0.00M, Peak:0.00M | Scene, ViewLayer | Synchronizing object | Rear left drilled rotor perforation.055
Fra:1 Mem:188.15M (Peak 188.15M) | Time:00:00.29 | Mem:0.00M, Peak:0.00M | Scene, ViewLayer | Synchronizing object | Rear left drilled rotor perforation.056
Fra:1 Mem:188.16M (Peak 188.16M) | Time:00:00.29 | Mem:0.00M, Peak:0.00M | Scene, ViewLayer | Synchronizing object | Rear left drilled rotor perforation.058
Fra:1 Mem:188.18M (Peak 188.18M) | Time:00:00.29 | Mem:0.00M, Peak:0.00M | Scene, ViewLayer | Synchronizing object | Rear left drilled rotor perforation.059
Fra:1 Mem:188.22M (Peak 188.22M) | Time:00:00.29 | Mem:0.00M, Peak:0.00M | Scene, ViewLayer | Synchronizing object | Rear left drilled rotor perforation.060
Fra:1 Mem:188.22M (Peak 188.22M) | Time:00:00.29 | Mem:0.00M, Peak:0.00M | Scene, ViewLayer | Synchronizing object | Rear left drilled rotor perforation.062
Fra:1 Mem:188.25M (Peak 188.25M) | Time:00:00.29 | Mem:0.00M, Peak:0.00M | Scene, ViewLayer | Synchronizing object | Rear left drilled rotor perforation.063
Fra:1 Mem:188.25M (Peak 188.25M) | Time:00:00.29 | Mem:0.00M, Peak:0.00M | Scene, ViewLayer | Synchronizing object | Rear left drilled rotor perforation.064
Fra:1 Mem:188.27M (Peak 188.27M) | Time:00:00.29 | Mem:0.00M, Peak:0.00M | Scene, ViewLayer | Synchronizing object | Rear left drilled rotor perforation.066
Fra:1 Mem:188.31M (Peak 188.31M) | Time:00:00.29 | Mem:0.00M, Peak:0.00M | Scene, ViewLayer | Synchronizing object | Rear left drilled rotor perforation.067
Fra:1 Mem:188.31M (Peak 188.31M) | Time:00:00.29 | Mem:0.00M, Peak:0.00M | Scene, ViewLayer | Synchronizing object | Rear left drilled rotor perforation.068
Fra:1 Mem:188.33M (Peak 188.33M) | Time:00:00.30 | Mem:0.00M, Peak:0.00M | Scene, ViewLayer | Synchronizing object | Rear left drilled rotor perforation.069
Fra:1 Mem:188.35M (Peak 188.35M) | Time:00:00.30 | Mem:0.00M, Peak:0.00M | Scene, ViewLayer | Synchronizing object | Rear left drilled rotor perforation.070
Fra:1 Mem:188.37M (Peak 188.37M) | Time:00:00.30 | Mem:0.00M, Peak:0.00M | Scene, ViewLayer | Synchronizing object | Rear left brake disc bell
Fra:1 Mem:188.37M (Peak 188.37M) | Time:00:00.30 | Mem:0.00M, Peak:0.00M | Scene, ViewLayer | Synchronizing object | Rear left yellow six-piston caliper
Fra:1 Mem:188.49M (Peak 188.49M) | Time:00:00.30 | Mem:0.00M, Peak:0.00M | Scene, ViewLayer | Synchronizing object | Rear left center mi logo
Fra:1 Mem:188.72M (Peak 188.72M) | Time:00:00.30 | Mem:0.00M, Peak:0.00M | Scene, ViewLayer | Synchronizing object | Rear left sidewall lettering
Fra:1 Mem:188.74M (Peak 188.74M) | Time:00:00.30 | Mem:0.00M, Peak:0.00M | Scene, ViewLayer | Synchronizing object | Rear left sidewall lettering.001
Fra:1 Mem:188.74M (Peak 188.74M) | Time:00:00.30 | Mem:0.00M, Peak:0.00M | Scene, ViewLayer | Synchronizing object | Rear left machined split spoke
Fra:1 Mem:188.76M (Peak 188.76M) | Time:00:00.30 | Mem:0.00M, Peak:0.00M | Scene, ViewLayer | Synchronizing object | Rear left sidewall lettering.002
Fra:1 Mem:188.76M (Peak 188.76M) | Time:00:00.30 | Mem:0.00M, Peak:0.00M | Scene, ViewLayer | Synchronizing object | Rear left black spoke pocket
Fra:1 Mem:188.80M (Peak 188.80M) | Time:00:00.30 | Mem:0.00M, Peak:0.00M | Scene, ViewLayer | Synchronizing object | Rear left machined split spoke.001
Fra:1 Mem:188.81M (Peak 188.81M) | Time:00:00.30 | Mem:0.00M, Peak:0.00M | Scene, ViewLayer | Synchronizing object | Rear left black spoke pocket.001
Fra:1 Mem:188.82M (Peak 188.82M) | Time:00:00.30 | Mem:0.00M, Peak:0.00M | Scene, ViewLayer | Synchronizing object | Rear left machined split spoke.002
Fra:1 Mem:188.94M (Peak 188.94M) | Time:00:00.30 | Mem:0.00M, Peak:0.00M | Scene, ViewLayer | Synchronizing object | Rear left black spoke pocket.002
Fra:1 Mem:188.95M (Peak 188.95M) | Time:00:00.30 | Mem:0.00M, Peak:0.00M | Scene, ViewLayer | Synchronizing object | Rear left machined split spoke.003
Fra:1 Mem:188.97M (Peak 188.97M) | Time:00:00.30 | Mem:0.00M, Peak:0.00M | Scene, ViewLayer | Synchronizing object | Rear left black spoke pocket.003
Fra:1 Mem:188.99M (Peak 188.99M) | Time:00:00.30 | Mem:0.00M, Peak:0.00M | Scene, ViewLayer | Synchronizing object | Rear left machined split spoke.005
Fra:1 Mem:189.00M (Peak 189.00M) | Time:00:00.30 | Mem:0.00M, Peak:0.00M | Scene, ViewLayer | Synchronizing object | Rear left black spoke pocket.005
Fra:1 Mem:189.03M (Peak 189.03M) | Time:00:00.30 | Mem:0.00M, Peak:0.00M | Scene, ViewLayer | Synchronizing object | Rear left machined split spoke.006
Fra:1 Mem:189.05M (Peak 189.05M) | Time:00:00.30 | Mem:0.00M, Peak:0.00M | Scene, ViewLayer | Synchronizing object | Rear left sidewall lettering.004
Fra:1 Mem:189.06M (Peak 189.06M) | Time:00:00.30 | Mem:0.00M, Peak:0.00M | Scene, ViewLayer | Synchronizing object | Rear left machined split spoke.007
Fra:1 Mem:189.09M (Peak 189.09M) | Time:00:00.30 | Mem:0.00M, Peak:0.00M | Scene, ViewLayer | Synchronizing object | Rear left black spoke pocket.007
Fra:1 Mem:189.09M (Peak 189.09M) | Time:00:00.30 | Mem:0.00M, Peak:0.00M | Scene, ViewLayer | Synchronizing object | Rear left machined split spoke.008
Fra:1 Mem:189.10M (Peak 189.10M) | Time:00:00.30 | Mem:0.00M, Peak:0.00M | Scene, ViewLayer | Synchronizing object | Rear left black spoke pocket.008
Fra:1 Mem:189.13M (Peak 189.13M) | Time:00:00.30 | Mem:0.00M, Peak:0.00M | Scene, ViewLayer | Synchronizing object | Rear left sidewall lettering.005
Fra:1 Mem:189.14M (Peak 189.14M) | Time:00:00.30 | Mem:0.00M, Peak:0.00M | Scene, ViewLayer | Synchronizing object | Rear left machined split spoke.009
Fra:1 Mem:189.15M (Peak 189.15M) | Time:00:00.30 | Mem:0.00M, Peak:0.00M | Scene, ViewLayer | Synchronizing object | Rear left sidewall lettering.006
Fra:1 Mem:189.17M (Peak 189.17M) | Time:00:00.30 | Mem:0.00M, Peak:0.00M | Scene, ViewLayer | Synchronizing object | Rear left center hub
Fra:1 Mem:189.17M (Peak 189.17M) | Time:00:00.30 | Mem:0.00M, Peak:0.00M | Scene, ViewLayer | Synchronizing object | Rear left sidewall lettering.007
Fra:1 Mem:189.22M (Peak 189.22M) | Time:00:00.30 | Mem:0.00M, Peak:0.00M | Scene, ViewLayer | Synchronizing object | Rear left center cap ring
Fra:1 Mem:189.34M (Peak 189.34M) | Time:00:00.30 | Mem:0.00M, Peak:0.00M | Scene, ViewLayer | Synchronizing object | Rear left titanium lug nut
Fra:1 Mem:189.36M (Peak 189.36M) | Time:00:00.30 | Mem:0.00M, Peak:0.00M | Scene, ViewLayer | Synchronizing object | Rear left titanium lug nut.001
Fra:1 Mem:189.36M (Peak 189.36M) | Time:00:00.30 | Mem:0.00M, Peak:0.00M | Scene, ViewLayer | Synchronizing object | Rear left titanium lug nut.002
Fra:1 Mem:189.37M (Peak 189.37M) | Time:00:00.30 | Mem:0.00M, Peak:0.00M | Scene, ViewLayer | Synchronizing object | Rear left titanium lug nut.004
Fra:1 Mem:189.38M (Peak 189.38M) | Time:00:00.30 | Mem:0.00M, Peak:0.00M | Scene, ViewLayer | Synchronizing object | Rear left tire valve
Fra:1 Mem:189.48M (Peak 189.48M) | Time:00:00.30 | Mem:0.00M, Peak:0.00M | Scene, ViewLayer | Synchronizing object | Rear left sidewall lettering.009
Fra:1 Mem:189.49M (Peak 189.49M) | Time:00:00.30 | Mem:0.00M, Peak:0.00M | Scene, ViewLayer | Synchronizing object | Rear left sidewall lettering.010
Fra:1 Mem:189.50M (Peak 189.50M) | Time:00:00.30 | Mem:0.00M, Peak:0.00M | Scene, ViewLayer | Synchronizing object | Rear left sidewall lettering.011
Fra:1 Mem:189.63M (Peak 189.63M) | Time:00:00.30 | Mem:0.00M, Peak:0.00M | Scene, ViewLayer | Synchronizing object | Rear left sidewall lettering.012
Fra:1 Mem:189.64M (Peak 189.64M) | Time:00:00.30 | Mem:0.00M, Peak:0.00M | Scene, ViewLayer | Synchronizing object | Rear left sidewall lettering.013
Fra:1 Mem:189.64M (Peak 189.64M) | Time:00:00.30 | Mem:0.00M, Peak:0.00M | Scene, ViewLayer | Synchronizing object | Rear left sidewall lettering.014
Fra:1 Mem:189.81M (Peak 189.81M) | Time:00:00.30 | Mem:0.00M, Peak:0.00M | Scene, ViewLayer | Synchronizing object | Rear left sidewall lettering.015
Fra:1 Mem:189.89M (Peak 189.89M) | Time:00:00.30 | Mem:0.00M, Peak:0.00M | Scene, ViewLayer | Synchronizing object | Rear left sidewall lettering.016
Fra:1 Mem:190.02M (Peak 190.02M) | Time:00:00.30 | Mem:0.00M, Peak:0.00M | Scene, ViewLayer | Synchronizing object | Rear left sidewall lettering.017
Fra:1 Mem:190.16M (Peak 190.16M) | Time:00:00.30 | Mem:0.00M, Peak:0.00M | Scene, ViewLayer | Synchronizing object | Rear left sidewall lettering.018
Fra:1 Mem:190.17M (Peak 190.17M) | Time:00:00.30 | Mem:0.00M, Peak:0.00M | Scene, ViewLayer | Synchronizing object | Rear left sidewall lettering.019
Fra:1 Mem:190.17M (Peak 190.17M) | Time:00:00.30 | Mem:0.00M, Peak:0.00M | Scene, ViewLayer | Synchronizing object | Rear left sidewall lettering.020
Fra:1 Mem:190.18M (Peak 190.18M) | Time:00:00.30 | Mem:0.00M, Peak:0.00M | Scene, ViewLayer | Synchronizing object | Rear left sidewall lettering.021
Fra:1 Mem:190.19M (Peak 190.19M) | Time:00:00.30 | Mem:0.00M, Peak:0.00M | Scene, ViewLayer | Synchronizing object | Rear right | tire carcass
Fra:1 Mem:190.19M (Peak 190.19M) | Time:00:00.30 | Mem:0.00M, Peak:0.00M | Scene, ViewLayer | Synchronizing object | Rear right tire molded sidewall ring.001
Fra:1 Mem:190.33M (Peak 190.33M) | Time:00:00.30 | Mem:0.00M, Peak:0.00M | Scene, ViewLayer | Synchronizing object | Rear right tire molded sidewall ring.002
Fra:1 Mem:190.53M (Peak 190.53M) | Time:00:00.30 | Mem:0.00M, Peak:0.00M | Scene, ViewLayer | Synchronizing object | Rear right tire molded sidewall ring
Fra:1 Mem:190.54M (Peak 190.54M) | Time:00:00.30 | Mem:0.00M, Peak:0.00M | Scene, ViewLayer | Synchronizing object | Rear right directional tread | 792 blocks
Fra:1 Mem:190.63M (Peak 190.63M) | Time:00:00.30 | Mem:0.00M, Peak:0.00M | Scene, ViewLayer | Synchronizing object | Rear right cast rim barrel
Fra:1 Mem:191.05M (Peak 191.05M) | Time:00:00.30 | Mem:0.00M, Peak:0.00M | Scene, ViewLayer | Synchronizing object | Rear right diamond-cut outer flange
Fra:1 Mem:191.05M (Peak 191.05M) | Time:00:00.30 | Mem:0.00M, Peak:0.00M | Scene, ViewLayer | Synchronizing object | Rear right inner rim accent
Fra:1 Mem:191.44M (Peak 191.44M) | Time:00:00.30 | Mem:0.00M, Peak:0.00M | Scene, ViewLayer | Synchronizing object | Rear right brake rotor
Fra:1 Mem:191.47M (Peak 191.47M) | Time:00:00.30 | Mem:0.00M, Peak:0.00M | Scene, ViewLayer | Synchronizing object | Rear right rotor outer scoring
Fra:1 Mem:191.49M (Peak 191.49M) | Time:00:00.30 | Mem:0.00M, Peak:0.00M | Scene, ViewLayer | Synchronizing object | Rear right drilled rotor perforation
Fra:1 Mem:191.59M (Peak 191.59M) | Time:00:00.30 | Mem:0.00M, Peak:0.00M | Scene, ViewLayer | Synchronizing object | Rear right drilled rotor perforation.001
Fra:1 Mem:191.61M (Peak 191.61M) | Time:00:00.30 | Mem:0.00M, Peak:0.00M | Scene, ViewLayer | Synchronizing object | Rear right drilled rotor perforation.002
Fra:1 Mem:191.62M (Peak 191.62M) | Time:00:00.30 | Mem:0.00M, Peak:0.00M | Scene, ViewLayer | Synchronizing object | Rear right drilled rotor perforation.003
Fra:1 Mem:191.64M (Peak 191.64M) | Time:00:00.30 | Mem:0.00M, Peak:0.00M | Scene, ViewLayer | Synchronizing object | Rear right drilled rotor perforation.004
Fra:1 Mem:191.66M (Peak 191.66M) | Time:00:00.30 | Mem:0.00M, Peak:0.00M | Scene, ViewLayer | Synchronizing object | Rear right drilled rotor perforation.005
Fra:1 Mem:191.67M (Peak 191.67M) | Time:00:00.30 | Mem:0.00M, Peak:0.00M | Scene, ViewLayer | Synchronizing object | Rear right drilled rotor perforation.006
Fra:1 Mem:191.76M (Peak 191.76M) | Time:00:00.30 | Mem:0.00M, Peak:0.00M | Scene, ViewLayer | Synchronizing object | Rear right drilled rotor perforation.007
Fra:1 Mem:191.68M (Peak 191.76M) | Time:00:00.30 | Mem:0.00M, Peak:0.00M | Scene, ViewLayer | Synchronizing object | Rear right drilled rotor perforation.008
Fra:1 Mem:191.70M (Peak 191.76M) | Time:00:00.30 | Mem:0.00M, Peak:0.00M | Scene, ViewLayer | Synchronizing object | Rear right drilled rotor perforation.009
Fra:1 Mem:191.71M (Peak 191.76M) | Time:00:00.30 | Mem:0.00M, Peak:0.00M | Scene, ViewLayer | Synchronizing object | Rear right drilled rotor perforation.011
Fra:1 Mem:191.74M (Peak 191.76M) | Time:00:00.31 | Mem:0.00M, Peak:0.00M | Scene, ViewLayer | Synchronizing object | Rear right drilled rotor perforation.012
Fra:1 Mem:191.75M (Peak 191.76M) | Time:00:00.31 | Mem:0.00M, Peak:0.00M | Scene, ViewLayer | Synchronizing object | Rear right drilled rotor perforation.013
Fra:1 Mem:191.76M (Peak 191.76M) | Time:00:00.31 | Mem:0.00M, Peak:0.00M | Scene, ViewLayer | Synchronizing object | Rear right drilled rotor perforation.014
Fra:1 Mem:191.78M (Peak 191.78M) | Time:00:00.31 | Mem:0.00M, Peak:0.00M | Scene, ViewLayer | Synchronizing object | Rear right drilled rotor perforation.015
Fra:1 Mem:191.79M (Peak 191.79M) | Time:00:00.31 | Mem:0.00M, Peak:0.00M | Scene, ViewLayer | Synchronizing object | Rear right drilled rotor perforation.016
Fra:1 Mem:191.80M (Peak 191.80M) | Time:00:00.31 | Mem:0.00M, Peak:0.00M | Scene, ViewLayer | Synchronizing object | Rear right caliper marking
Fra:1 Mem:191.95M (Peak 191.95M) | Time:00:00.31 | Mem:0.00M, Peak:0.00M | Scene, ViewLayer | Synchronizing object | Rear right drilled rotor perforation.018
Fra:1 Mem:191.98M (Peak 191.98M) | Time:00:00.31 | Mem:0.00M, Peak:0.00M | Scene, ViewLayer | Synchronizing object | Rear right drilled rotor perforation.019
Fra:1 Mem:192.02M (Peak 192.02M) | Time:00:00.31 | Mem:0.00M, Peak:0.00M | Scene, ViewLayer | Synchronizing object | Rear right drilled rotor perforation.021
Fra:1 Mem:192.02M (Peak 192.02M) | Time:00:00.31 | Mem:0.00M, Peak:0.00M | Scene, ViewLayer | Synchronizing object | Rear right drilled rotor perforation.022
Fra:1 Mem:192.33M (Peak 192.33M) | Time:00:00.31 | Mem:0.00M, Peak:0.00M | Scene, ViewLayer | Synchronizing object | Rear right drilled rotor perforation.024
Fra:1 Mem:192.48M (Peak 192.48M) | Time:00:00.31 | Mem:0.00M, Peak:0.00M | Scene, ViewLayer | Synchronizing object | Rear right drilled rotor perforation.025
Fra:1 Mem:192.48M (Peak 192.48M) | Time:00:00.31 | Mem:0.00M, Peak:0.00M | Scene, ViewLayer | Synchronizing object | Rear right drilled rotor perforation.027
Fra:1 Mem:192.60M (Peak 192.60M) | Time:00:00.31 | Mem:0.00M, Peak:0.00M | Scene, ViewLayer | Synchronizing object | Rear right drilled rotor perforation.028
Fra:1 Mem:192.63M (Peak 192.63M) | Time:00:00.31 | Mem:0.00M, Peak:0.00M | Scene, ViewLayer | Synchronizing object | Rear right drilled rotor perforation.030
Fra:1 Mem:192.65M (Peak 192.65M) | Time:00:00.31 | Mem:0.00M, Peak:0.00M | Scene, ViewLayer | Synchronizing object | Rear right drilled rotor perforation.031
Fra:1 Mem:192.67M (Peak 192.67M) | Time:00:00.31 | Mem:0.00M, Peak:0.00M | Scene, ViewLayer | Synchronizing object | Rear right drilled rotor perforation.032
Fra:1 Mem:192.70M (Peak 192.70M) | Time:00:00.31 | Mem:0.00M, Peak:0.00M | Scene, ViewLayer | Synchronizing object | Rear right drilled rotor perforation.034
Fra:1 Mem:192.71M (Peak 192.71M) | Time:00:00.31 | Mem:0.00M, Peak:0.00M | Scene, ViewLayer | Synchronizing object | Rear right drilled rotor perforation.036
Fra:1 Mem:192.74M (Peak 192.74M) | Time:00:00.31 | Mem:0.00M, Peak:0.00M | Scene, ViewLayer | Synchronizing object | Rear right drilled rotor perforation.037
Fra:1 Mem:192.75M (Peak 192.75M) | Time:00:00.31 | Mem:0.00M, Peak:0.00M | Scene, ViewLayer | Synchronizing object | Rear right drilled rotor perforation.038
Fra:1 Mem:192.78M (Peak 192.78M) | Time:00:00.31 | Mem:0.00M, Peak:0.00M | Scene, ViewLayer | Synchronizing object | Rear right drilled rotor perforation.039
Fra:1 Mem:192.80M (Peak 192.80M) | Time:00:00.31 | Mem:0.00M, Peak:0.00M | Scene, ViewLayer | Synchronizing object | Rear right drilled rotor perforation.040
Fra:1 Mem:192.81M (Peak 192.81M) | Time:00:00.31 | Mem:0.00M, Peak:0.00M | Scene, ViewLayer | Synchronizing object | Rear right drilled rotor perforation.041
Fra:1 Mem:192.81M (Peak 192.81M) | Time:00:00.31 | Mem:0.00M, Peak:0.00M | Scene, ViewLayer | Synchronizing object | Rear right drilled rotor perforation.043
Fra:1 Mem:192.82M (Peak 192.82M) | Time:00:00.31 | Mem:0.00M, Peak:0.00M | Scene, ViewLayer | Synchronizing object | Rear right drilled rotor perforation.044
Fra:1 Mem:192.84M (Peak 192.84M) | Time:00:00.31 | Mem:0.00M, Peak:0.00M | Scene, ViewLayer | Synchronizing object | Rear right drilled rotor perforation.045
Fra:1 Mem:192.88M (Peak 192.88M) | Time:00:00.31 | Mem:0.00M, Peak:0.00M | Scene, ViewLayer | Synchronizing object | Rear right drilled rotor perforation.047
Fra:1 Mem:192.88M (Peak 192.88M) | Time:00:00.31 | Mem:0.00M, Peak:0.00M | Scene, ViewLayer | Synchronizing object | Rear right drilled rotor perforation.046
Fra:1 Mem:192.91M (Peak 192.91M) | Time:00:00.31 | Mem:0.00M, Peak:0.00M | Scene, ViewLayer | Synchronizing object | Rear right drilled rotor perforation.049
Fra:1 Mem:192.96M (Peak 192.96M) | Time:00:00.31 | Mem:0.00M, Peak:0.00M | Scene, ViewLayer | Synchronizing object | Rear right drilled rotor perforation.050
Fra:1 Mem:192.98M (Peak 192.98M) | Time:00:00.31 | Mem:0.00M, Peak:0.00M | Scene, ViewLayer | Synchronizing object | Rear right drilled rotor perforation.052
Fra:1 Mem:193.01M (Peak 193.01M) | Time:00:00.31 | Mem:0.00M, Peak:0.00M | Scene, ViewLayer | Synchronizing object | Rear right drilled rotor perforation.053
Fra:1 Mem:193.03M (Peak 193.03M) | Time:00:00.31 | Mem:0.00M, Peak:0.00M | Scene, ViewLayer | Synchronizing object | Rear right drilled rotor perforation.054
Fra:1 Mem:193.04M (Peak 193.04M) | Time:00:00.31 | Mem:0.00M, Peak:0.00M | Scene, ViewLayer | Synchronizing object | Rear right drilled rotor perforation.055
Fra:1 Mem:193.06M (Peak 193.06M) | Time:00:00.31 | Mem:0.00M, Peak:0.00M | Scene, ViewLayer | Synchronizing object | Rear right drilled rotor perforation.057
Fra:1 Mem:193.07M (Peak 193.07M) | Time:00:00.31 | Mem:0.00M, Peak:0.00M | Scene, ViewLayer | Synchronizing object | Rear right drilled rotor perforation.058
Fra:1 Mem:193.11M (Peak 193.11M) | Time:00:00.31 | Mem:0.00M, Peak:0.00M | Scene, ViewLayer | Synchronizing object | Rear right drilled rotor perforation.059
Fra:1 Mem:193.12M (Peak 193.12M) | Time:00:00.31 | Mem:0.00M, Peak:0.00M | Scene, ViewLayer | Synchronizing object | Rear right drilled rotor perforation.060
Fra:1 Mem:193.14M (Peak 193.14M) | Time:00:00.31 | Mem:0.00M, Peak:0.00M | Scene, ViewLayer | Synchronizing object | Rear right drilled rotor perforation.061
Fra:1 Mem:193.14M (Peak 193.14M) | Time:00:00.31 | Mem:0.00M, Peak:0.00M | Scene, ViewLayer | Synchronizing object | Rear right drilled rotor perforation.063
Fra:1 Mem:193.15M (Peak 193.15M) | Time:00:00.31 | Mem:0.00M, Peak:0.00M | Scene, ViewLayer | Synchronizing object | Rear right center mi logo
Fra:1 Mem:193.18M (Peak 193.18M) | Time:00:00.31 | Mem:0.00M, Peak:0.00M | Scene, ViewLayer | Synchronizing object | Rear right drilled rotor perforation.065
Fra:1 Mem:193.18M (Peak 193.18M) | Time:00:00.31 | Mem:0.00M, Peak:0.00M | Scene, ViewLayer | Synchronizing object | Rear right drilled rotor perforation.066
Fra:1 Mem:193.20M (Peak 193.20M) | Time:00:00.31 | Mem:0.00M, Peak:0.00M | Scene, ViewLayer | Synchronizing object | Rear right drilled rotor perforation.067
Fra:1 Mem:193.21M (Peak 193.21M) | Time:00:00.31 | Mem:0.00M, Peak:0.00M | Scene, ViewLayer | Synchronizing object | Rear right drilled rotor perforation.068
Fra:1 Mem:193.23M (Peak 193.23M) | Time:00:00.31 | Mem:0.00M, Peak:0.00M | Scene, ViewLayer | Synchronizing object | Rear right drilled rotor perforation.069
Fra:1 Mem:193.24M (Peak 193.24M) | Time:00:00.31 | Mem:0.00M, Peak:0.00M | Scene, ViewLayer | Synchronizing object | Rear right drilled rotor perforation.070
Fra:1 Mem:193.25M (Peak 193.25M) | Time:00:00.31 | Mem:0.00M, Peak:0.00M | Scene, ViewLayer | Synchronizing object | Rear right drilled rotor perforation.071
Fra:1 Mem:193.27M (Peak 193.27M) | Time:00:00.31 | Mem:0.00M, Peak:0.00M | Scene, ViewLayer | Synchronizing object | Rear right brake disc bell
Fra:1 Mem:193.31M (Peak 193.31M) | Time:00:00.31 | Mem:0.00M, Peak:0.00M | Scene, ViewLayer | Synchronizing object | Rear right yellow six-piston caliper
Fra:1 Mem:193.32M (Peak 193.32M) | Time:00:00.31 | Mem:0.00M, Peak:0.00M | Scene, ViewLayer | Synchronizing object | Rear right machined split spoke
Fra:1 Mem:193.35M (Peak 193.35M) | Time:00:00.31 | Mem:0.00M, Peak:0.00M | Scene, ViewLayer | Synchronizing object | Rear right black spoke pocket
Fra:1 Mem:193.36M (Peak 193.36M) | Time:00:00.31 | Mem:0.00M, Peak:0.00M | Scene, ViewLayer | Synchronizing object | Rear right machined split spoke.001
Fra:1 Mem:193.38M (Peak 193.38M) | Time:00:00.31 | Mem:0.00M, Peak:0.00M | Scene, ViewLayer | Synchronizing object | Rear right black spoke pocket.001
Fra:1 Mem:193.42M (Peak 193.42M) | Time:00:00.31 | Mem:0.00M, Peak:0.00M | Scene, ViewLayer | Synchronizing object | Rear right machined split spoke.002
Fra:1 Mem:193.53M (Peak 193.53M) | Time:00:00.31 | Mem:0.00M, Peak:0.00M | Scene, ViewLayer | Synchronizing object | Rear right black spoke pocket.002
Fra:1 Mem:193.61M (Peak 193.61M) | Time:00:00.31 | Mem:0.00M, Peak:0.00M | Scene, ViewLayer | Synchronizing object | Rear right machined split spoke.003
Fra:1 Mem:193.64M (Peak 193.64M) | Time:00:00.31 | Mem:0.00M, Peak:0.00M | Scene, ViewLayer | Synchronizing object | Rear right black spoke pocket.003
Fra:1 Mem:193.65M (Peak 193.65M) | Time:00:00.31 | Mem:0.00M, Peak:0.00M | Scene, ViewLayer | Synchronizing object | Rear right machined split spoke.004
Fra:1 Mem:193.67M (Peak 193.67M) | Time:00:00.31 | Mem:0.00M, Peak:0.00M | Scene, ViewLayer | Synchronizing object | Rear right black spoke pocket.004
Fra:1 Mem:193.68M (Peak 193.68M) | Time:00:00.31 | Mem:0.00M, Peak:0.00M | Scene, ViewLayer | Synchronizing object | Rear right machined split spoke.005
Fra:1 Mem:193.68M (Peak 193.68M) | Time:00:00.31 | Mem:0.00M, Peak:0.00M | Scene, ViewLayer | Synchronizing object | Rear right sidewall lettering
Fra:1 Mem:193.73M (Peak 193.73M) | Time:00:00.31 | Mem:0.00M, Peak:0.00M | Scene, ViewLayer | Synchronizing object | Rear right black spoke pocket.005
Fra:1 Mem:193.73M (Peak 193.73M) | Time:00:00.31 | Mem:0.00M, Peak:0.00M | Scene, ViewLayer | Synchronizing object | Rear right sidewall lettering.001
Fra:1 Mem:193.75M (Peak 193.75M) | Time:00:00.31 | Mem:0.00M, Peak:0.00M | Scene, ViewLayer | Synchronizing object | Rear right machined split spoke.006
Fra:1 Mem:193.75M (Peak 193.75M) | Time:00:00.31 | Mem:0.00M, Peak:0.00M | Scene, ViewLayer | Synchronizing object | Rear right black spoke pocket.006
Fra:1 Mem:193.78M (Peak 193.78M) | Time:00:00.31 | Mem:0.00M, Peak:0.00M | Scene, ViewLayer | Synchronizing object | Rear right machined split spoke.007
Fra:1 Mem:193.82M (Peak 193.82M) | Time:00:00.31 | Mem:0.00M, Peak:0.00M | Scene, ViewLayer | Synchronizing object | Rear right black spoke pocket.007
Fra:1 Mem:193.89M (Peak 193.89M) | Time:00:00.31 | Mem:0.00M, Peak:0.00M | Scene, ViewLayer | Synchronizing object | Rear right machined split spoke.008
Fra:1 Mem:193.91M (Peak 193.91M) | Time:00:00.31 | Mem:0.00M, Peak:0.00M | Scene, ViewLayer | Synchronizing object | Rear right black spoke pocket.008
Fra:1 Mem:193.95M (Peak 193.95M) | Time:00:00.31 | Mem:0.00M, Peak:0.00M | Scene, ViewLayer | Synchronizing object | Rear right machined split spoke.009
Fra:1 Mem:193.98M (Peak 193.98M) | Time:00:00.31 | Mem:0.00M, Peak:0.00M | Scene, ViewLayer | Synchronizing object | Rear right black spoke pocket.009
Fra:1 Mem:193.99M (Peak 193.99M) | Time:00:00.31 | Mem:0.00M, Peak:0.00M | Scene, ViewLayer | Synchronizing object | Rear right center hub
Fra:1 Mem:193.99M (Peak 193.99M) | Time:00:00.31 | Mem:0.00M, Peak:0.00M | Scene, ViewLayer | Synchronizing object | Rear right sidewall lettering.003
Fra:1 Mem:194.06M (Peak 194.06M) | Time:00:00.31 | Mem:0.00M, Peak:0.00M | Scene, ViewLayer | Synchronizing object | Rear right titanium lug nut
Fra:1 Mem:194.12M (Peak 194.12M) | Time:00:00.31 | Mem:0.00M, Peak:0.00M | Scene, ViewLayer | Synchronizing object | Rear right titanium lug nut.001
Fra:1 Mem:194.15M (Peak 194.15M) | Time:00:00.31 | Mem:0.00M, Peak:0.00M | Scene, ViewLayer | Synchronizing object | Rear right sidewall lettering.004
Fra:1 Mem:194.19M (Peak 194.19M) | Time:00:00.31 | Mem:0.00M, Peak:0.00M | Scene, ViewLayer | Synchronizing object | Rear right sidewall lettering.005
Fra:1 Mem:194.20M (Peak 194.20M) | Time:00:00.31 | Mem:0.00M, Peak:0.00M | Scene, ViewLayer | Synchronizing object | Rear right titanium lug nut.003
Fra:1 Mem:194.21M (Peak 194.21M) | Time:00:00.31 | Mem:0.00M, Peak:0.00M | Scene, ViewLayer | Synchronizing object | Rear right sidewall lettering.006
Fra:1 Mem:194.22M (Peak 194.22M) | Time:00:00.31 | Mem:0.00M, Peak:0.00M | Scene, ViewLayer | Synchronizing object | Rear right titanium lug nut.004
Fra:1 Mem:194.22M (Peak 194.22M) | Time:00:00.31 | Mem:0.00M, Peak:0.00M | Scene, ViewLayer | Synchronizing object | Rear right sidewall lettering.007
Fra:1 Mem:194.23M (Peak 194.23M) | Time:00:00.31 | Mem:0.00M, Peak:0.00M | Scene, ViewLayer | Synchronizing object | Rear right tire valve
Fra:1 Mem:194.25M (Peak 194.25M) | Time:00:00.31 | Mem:0.00M, Peak:0.00M | Scene, ViewLayer | Synchronizing object | Rear right sidewall lettering.008
Fra:1 Mem:194.34M (Peak 194.34M) | Time:00:00.31 | Mem:0.00M, Peak:0.00M | Scene, ViewLayer | Synchronizing object | Rear right sidewall lettering.009
Fra:1 Mem:194.34M (Peak 194.34M) | Time:00:00.31 | Mem:0.00M, Peak:0.00M | Scene, ViewLayer | Synchronizing object | Rear right sidewall lettering.010
Fra:1 Mem:194.35M (Peak 194.35M) | Time:00:00.31 | Mem:0.00M, Peak:0.00M | Scene, ViewLayer | Synchronizing object | Rear right sidewall lettering.011
Fra:1 Mem:194.49M (Peak 194.49M) | Time:00:00.31 | Mem:0.00M, Peak:0.00M | Scene, ViewLayer | Synchronizing object | Rear right sidewall lettering.012
Fra:1 Mem:194.50M (Peak 194.50M) | Time:00:00.31 | Mem:0.00M, Peak:0.00M | Scene, ViewLayer | Synchronizing object | Rear right sidewall lettering.013
Fra:1 Mem:194.50M (Peak 194.50M) | Time:00:00.31 | Mem:0.00M, Peak:0.00M | Scene, ViewLayer | Synchronizing object | Rear right sidewall lettering.014
Fra:1 Mem:194.67M (Peak 194.67M) | Time:00:00.31 | Mem:0.00M, Peak:0.00M | Scene, ViewLayer | Synchronizing object | Rear right sidewall lettering.015
Fra:1 Mem:194.75M (Peak 194.75M) | Time:00:00.31 | Mem:0.00M, Peak:0.00M | Scene, ViewLayer | Synchronizing object | Rear right sidewall lettering.016
Fra:1 Mem:194.88M (Peak 194.88M) | Time:00:00.31 | Mem:0.00M, Peak:0.00M | Scene, ViewLayer | Synchronizing object | Rear right sidewall lettering.017
Fra:1 Mem:195.01M (Peak 195.01M) | Time:00:00.32 | Mem:0.00M, Peak:0.00M | Scene, ViewLayer | Synchronizing object | Rear right sidewall lettering.018
Fra:1 Mem:195.03M (Peak 195.03M) | Time:00:00.32 | Mem:0.00M, Peak:0.00M | Scene, ViewLayer | Synchronizing object | Rear right sidewall lettering.019
Fra:1 Mem:195.03M (Peak 195.03M) | Time:00:00.32 | Mem:0.00M, Peak:0.00M | Scene, ViewLayer | Synchronizing object | Rear right sidewall lettering.020
Fra:1 Mem:195.05M (Peak 195.05M) | Time:00:00.32 | Mem:0.00M, Peak:0.00M | Scene, ViewLayer | Synchronizing object | Rear right sidewall lettering.021
Fra:1 Mem:195.06M (Peak 195.06M) | Time:00:00.32 | Mem:0.00M, Peak:0.00M | Scene, ViewLayer | Synchronizing object | Dark cabin tub
Fra:1 Mem:195.06M (Peak 195.06M) | Time:00:00.32 | Mem:0.00M, Peak:0.00M | Scene, ViewLayer | Synchronizing object | Contoured seat back.001
Fra:1 Mem:195.11M (Peak 195.11M) | Time:00:00.32 | Mem:0.00M, Peak:0.00M | Scene, ViewLayer | Synchronizing object | Integrated head restraint
Fra:1 Mem:195.11M (Peak 195.11M) | Time:00:00.32 | Mem:0.00M, Peak:0.00M | Scene, ViewLayer | Synchronizing object | Seat piping
Fra:1 Mem:195.13M (Peak 195.13M) | Time:00:00.32 | Mem:0.00M, Peak:0.00M | Scene, ViewLayer | Synchronizing object | Seat piping.001
Fra:1 Mem:195.13M (Peak 195.13M) | Time:00:00.32 | Mem:0.00M, Peak:0.00M | Scene, ViewLayer | Synchronizing object | Seat cushion.001
Fra:1 Mem:195.14M (Peak 195.14M) | Time:00:00.32 | Mem:0.00M, Peak:0.00M | Scene, ViewLayer | Synchronizing object | Integrated head restraint.001
Fra:1 Mem:195.18M (Peak 195.18M) | Time:00:00.32 | Mem:0.00M, Peak:0.00M | Scene, ViewLayer | Synchronizing object | Seat piping.003
Fra:1 Mem:195.19M (Peak 195.19M) | Time:00:00.32 | Mem:0.00M, Peak:0.00M | Scene, ViewLayer | Synchronizing object | Seat cushion.002
Fra:1 Mem:195.19M (Peak 195.19M) | Time:00:00.32 | Mem:0.00M, Peak:0.00M | Scene, ViewLayer | Synchronizing object | Seat piping.004
Fra:1 Mem:195.20M (Peak 195.20M) | Time:00:00.32 | Mem:0.00M, Peak:0.00M | Scene, ViewLayer | Synchronizing object | Contoured seat back.003
Fra:1 Mem:195.22M (Peak 195.22M) | Time:00:00.32 | Mem:0.00M, Peak:0.00M | Scene, ViewLayer | Synchronizing object | Integrated head restraint.002
Fra:1 Mem:195.22M (Peak 195.22M) | Time:00:00.32 | Mem:0.00M, Peak:0.00M | Scene, ViewLayer | Synchronizing object | Seat piping.005
Fra:1 Mem:195.24M (Peak 195.24M) | Time:00:00.32 | Mem:0.00M, Peak:0.00M | Scene, ViewLayer | Synchronizing object | Seat cushion.003
Fra:1 Mem:195.24M (Peak 195.24M) | Time:00:00.32 | Mem:0.00M, Peak:0.00M | Scene, ViewLayer | Synchronizing object | Seat piping.006
Fra:1 Mem:195.26M (Peak 195.26M) | Time:00:00.32 | Mem:0.00M, Peak:0.00M | Scene, ViewLayer | Synchronizing object | Seat piping.007
Fra:1 Mem:195.27M (Peak 195.27M) | Time:00:00.32 | Mem:0.00M, Peak:0.00M | Scene, ViewLayer | Synchronizing object | Integrated head restraint.003
Fra:1 Mem:195.30M (Peak 195.30M) | Time:00:00.32 | Mem:0.00M, Peak:0.00M | Scene, ViewLayer | Synchronizing object | Dashboard
Fra:1 Mem:195.31M (Peak 195.31M) | Time:00:00.32 | Mem:0.00M, Peak:0.00M | Scene, ViewLayer | Synchronizing object | Dashboard center screen
Fra:1 Mem:195.32M (Peak 195.32M) | Time:00:00.32 | Mem:0.00M, Peak:0.00M | Scene, ViewLayer | Synchronizing object | Steering wheel spokes
Fra:1 Mem:195.33M (Peak 195.33M) | Time:00:00.32 | Mem:0.00M, Peak:0.00M | Scene, ViewLayer | Synchronizing object | Steering wheel
Fra:1 Mem:195.38M (Peak 195.38M) | Time:00:00.32 | Mem:0.00M, Peak:0.00M | Scene, ViewLayer | Synchronizing object | Steering center
Fra:1 Mem:195.47M (Peak 195.47M) | Time:00:00.32 | Mem:0.00M, Peak:0.00M | Scene, ViewLayer | Synchronizing object | Windshield wiper arm
Fra:1 Mem:195.47M (Peak 195.47M) | Time:00:00.32 | Mem:0.00M, Peak:0.00M | Scene, ViewLayer | Synchronizing object | Center tunnel
Fra:1 Mem:195.48M (Peak 195.48M) | Time:00:00.32 | Mem:0.00M, Peak:0.00M | Scene, ViewLayer | Synchronizing object | Wiper rubber blade
Fra:1 Mem:195.49M (Peak 195.49M) | Time:00:00.32 | Mem:0.00M, Peak:0.00M | Scene, ViewLayer | Synchronizing object | Cup holder.001
Fra:1 Mem:195.50M (Peak 195.50M) | Time:00:00.32 | Mem:0.00M, Peak:0.00M | Scene, ViewLayer | Synchronizing object | Windshield wiper arm.001
Fra:1 Mem:195.58M (Peak 195.58M) | Time:00:00.32 | Mem:0.00M, Peak:0.00M | Scene, ViewLayer | Synchronizing object | Wiper rubber blade.001
Fra:1 Mem:195.58M (Peak 195.58M) | Time:00:00.32 | Mem:0.00M, Peak:0.00M | Scene, ViewLayer | Synchronizing object | Roof lidar painted pod
Fra:1 Mem:195.59M (Peak 195.59M) | Time:00:00.32 | Mem:0.00M, Peak:0.00M | Scene, ViewLayer | Synchronizing object | Lidar forward optical aperture
Fra:1 Mem:195.72M (Peak 195.72M) | Time:00:00.32 | Mem:0.00M, Peak:0.00M | Scene, ViewLayer | Synchronizing object | Infinite studio floor
Fra:1 Mem:195.74M (Peak 195.74M) | Time:00:00.32 | Mem:0.00M, Peak:0.00M | Scene, ViewLayer | Synchronizing object | Flat aerodynamic underfloor
Fra:1 Mem:195.74M (Peak 195.74M) | Time:00:00.32 | Mem:0.00M, Peak:0.00M | Scene, ViewLayer | Synchronizing object | Roof rear camera blister
Fra:1 Mem:195.82M (Peak 195.82M) | Time:00:00.32 | Mem:0.00M, Peak:0.00M | Scene, ViewLayer | Initializing
Fra:1 Mem:125.19M (Peak 195.82M) | Time:00:00.35 | Mem:0.00M, Peak:0.00M | Scene, ViewLayer | Waiting for render to start
Fra:1 Mem:125.19M (Peak 195.82M) | Time:00:00.35 | Mem:0.00M, Peak:0.00M | Scene, ViewLayer | Loading render kernels (may take a few minutes the first time)
Fra:1 Mem:125.19M (Peak 195.82M) | Time:00:00.35 | Mem:0.00M, Peak:0.00M | Scene, ViewLayer | Updating Scene
Fra:1 Mem:125.19M (Peak 195.82M) | Time:00:00.35 | Mem:0.00M, Peak:0.00M | Scene, ViewLayer | Updating Shaders
Fra:1 Mem:125.20M (Peak 195.82M) | Time:00:00.35 | Mem:0.01M, Peak:0.01M | Scene, ViewLayer | Updating Procedurals
Fra:1 Mem:125.20M (Peak 195.82M) | Time:00:00.35 | Mem:0.01M, Peak:0.01M | Scene, ViewLayer | Updating Background
Fra:1 Mem:125.20M (Peak 195.82M) | Time:00:00.35 | Mem:0.01M, Peak:0.01M | Scene, ViewLayer | Updating Camera
Fra:1 Mem:125.20M (Peak 195.82M) | Time:00:00.35 | Mem:0.01M, Peak:0.01M | Scene, ViewLayer | Updating Meshes Flags
Fra:1 Mem:125.20M (Peak 195.82M) | Time:00:00.35 | Mem:0.01M, Peak:0.01M | Scene, ViewLayer | Updating Objects
Fra:1 Mem:125.20M (Peak 195.82M) | Time:00:00.35 | Mem:0.01M, Peak:0.01M | Scene, ViewLayer | Updating Objects | Copying Transformations to device
Fra:1 Mem:125.36M (Peak 195.82M) | Time:00:00.35 | Mem:0.16M, Peak:0.16M | Scene, ViewLayer | Updating Objects | Applying Static Transformations
Fra:1 Mem:125.36M (Peak 195.82M) | Time:00:00.36 | Mem:0.16M, Peak:0.16M | Scene, ViewLayer | Updating Particle Systems
Fra:1 Mem:125.36M (Peak 195.82M) | Time:00:00.36 | Mem:0.16M, Peak:0.16M | Scene, ViewLayer | Updating Particle Systems | Copying Particles to device
Fra:1 Mem:125.36M (Peak 195.82M) | Time:00:00.36 | Mem:0.16M, Peak:0.16M | Scene, ViewLayer | Updating Meshes
Fra:1 Mem:136.92M (Peak 195.82M) | Time:00:00.38 | Mem:0.16M, Peak:0.16M | Scene, ViewLayer | Updating Mesh | Computing attributes
Fra:1 Mem:141.71M (Peak 195.82M) | Time:00:00.39 | Mem:0.21M, Peak:0.21M | Scene, ViewLayer | Updating Mesh | Copying Attributes to device
Fra:1 Mem:141.60M (Peak 195.82M) | Time:00:00.39 | Mem:4.84M, Peak:4.84M | Scene, ViewLayer | Updating Scene BVH | Building
Fra:1 Mem:141.61M (Peak 195.82M) | Time:00:00.39 | Mem:4.84M, Peak:4.84M | Scene, ViewLayer | Updating Scene BVH | Building BVH
Fra:1 Mem:141.61M (Peak 195.82M) | Time:00:00.39 | Mem:27.97M, Peak:27.97M | Scene, ViewLayer | Updating Scene BVH | Building BVH 0%
Fra:1 Mem:141.61M (Peak 195.82M) | Time:00:00.53 | Mem:52.84M, Peak:75.97M | Scene, ViewLayer | Updating Scene BVH | Copying BVH to device
Fra:1 Mem:141.61M (Peak 195.82M) | Time:00:00.53 | Mem:52.84M, Peak:75.97M | Scene, ViewLayer | Updating Mesh | Computing normals
Fra:1 Mem:168.42M (Peak 195.82M) | Time:00:00.56 | Mem:52.84M, Peak:75.97M | Scene, ViewLayer | Updating Mesh | Copying Mesh to device
Fra:1 Mem:168.42M (Peak 195.82M) | Time:00:00.56 | Mem:79.65M, Peak:79.65M | Scene, ViewLayer | Updating Objects Flags
Fra:1 Mem:168.42M (Peak 195.82M) | Time:00:00.56 | Mem:79.65M, Peak:79.65M | Scene, ViewLayer | Updating Primitive Offsets
Fra:1 Mem:168.42M (Peak 195.82M) | Time:00:00.56 | Mem:79.66M, Peak:79.66M | Scene, ViewLayer | Updating Images
Fra:1 Mem:168.42M (Peak 195.82M) | Time:00:00.56 | Mem:79.66M, Peak:79.66M | Scene, ViewLayer | Updating Camera Volume
Fra:1 Mem:168.42M (Peak 195.82M) | Time:00:00.56 | Mem:79.66M, Peak:79.66M | Scene, ViewLayer | Updating Lookup Tables
Fra:1 Mem:168.42M (Peak 195.82M) | Time:00:00.56 | Mem:79.66M, Peak:79.66M | Scene, ViewLayer | Updating Lights
Fra:1 Mem:168.42M (Peak 195.82M) | Time:00:00.56 | Mem:79.66M, Peak:79.66M | Scene, ViewLayer | Updating Lights | Computing distribution
Fra:1 Mem:168.42M (Peak 195.82M) | Time:00:00.56 | Mem:79.66M, Peak:79.66M | Scene, ViewLayer | Updating Lights | Computing tree
Fra:1 Mem:169.87M (Peak 195.82M) | Time:00:00.60 | Mem:81.10M, Peak:81.10M | Scene, ViewLayer | Updating Integrator
Fra:1 Mem:170.87M (Peak 195.82M) | Time:00:00.61 | Mem:82.10M, Peak:82.10M | Scene, ViewLayer | Updating Film
Fra:1 Mem:170.87M (Peak 195.82M) | Time:00:00.61 | Mem:82.10M, Peak:82.10M | Scene, ViewLayer | Updating Lookup Tables
Fra:1 Mem:170.87M (Peak 195.82M) | Time:00:00.61 | Mem:82.11M, Peak:82.11M | Scene, ViewLayer | Updating Baking
Fra:1 Mem:170.87M (Peak 195.82M) | Time:00:00.61 | Mem:82.11M, Peak:82.11M | Scene, ViewLayer | Updating Device | Writing constant memory
Fra:1 Mem:170.88M (Peak 195.82M) | Time:00:00.61 | Mem:82.11M, Peak:82.11M | Scene, ViewLayer | Sample 0/24
Fra:1 Mem:227.74M (Peak 227.74M) | Time:00:01.22 | Remaining:00:14.02 | Mem:138.93M, Peak:138.93M | Scene, ViewLayer | Sample 1/24
Fra:1 Mem:251.66M (Peak 287.55M) | Time:00:19.04 | Mem:138.93M, Peak:138.93M | Scene, ViewLayer | Sample 24/24
Fra:1 Mem:251.66M (Peak 287.55M) | Time:00:19.04 | Mem:138.93M, Peak:138.93M | Scene, ViewLayer | Finished
Saved: 'C:\MyProjects\TempProject (OpenAI)\su7\renders\draft_01_side.png'
 Time: 00:19.24 (Saving: 00:00.15)

ERROR (bke.modifier): C:\Users\blender\git\blender-v360\blender.git\source\blender\blenkernel\intern\modifier.cc:460 BKE_modifier_set_error: Object: "Front license plate", Modifier: "Weighted corner normals", Enable 'Auto Smooth' in Object Data Properties
ERROR (bke.modifier): C:\Users\blender\git\blender-v360\blender.git\source\blender\blenkernel\intern\modifier.cc:460 BKE_modifier_set_error: Object: "Front license plate bracket", Modifier: "Weighted corner normals", Enable 'Auto Smooth' in Object Data Properties
ERROR (bke.modifier): C:\Users\blender\git\blender-v360\blender.git\source\blender\blenkernel\intern\modifier.cc:460 BKE_modifier_set_error: Object: "Flush door handle | Aqua Blue.003", Modifier: "Weighted corner normals", Enable 'Auto Smooth' in Object Data Properties
ERROR (bke.modifier): C:\Users\blender\git\blender-v360\blender.git\source\blender\blenkernel\intern\modifier.cc:460 BKE_modifier_set_error: Object: "Flush door handle recess.003", Modifier: "Weighted corner normals", Enable 'Auto Smooth' in Object Data Properties
ERROR (bke.modifier): C:\Users\blender\git\blender-v360\blender.git\source\blender\blenkernel\intern\modifier.cc:460 BKE_modifier_set_error: Object: "License plate screw", Modifier: "Weighted corner normals", Enable 'Auto Smooth' in Object Data Properties
ERROR (bke.modifier): C:\Users\blender\git\blender-v360\blender.git\source\blender\blenkernel\intern\modifier.cc:460 BKE_modifier_set_error: Object: "Flush door handle | Aqua Blue.002", Modifier: "Weighted corner normals", Enable 'Auto Smooth' in Object Data Properties
ERROR (bke.modifier): C:\Users\blender\git\blender-v360\blender.git\source\blender\blenkernel\intern\modifier.cc:460 BKE_modifier_set_error: Object: "Ultrasonic parking sensor", Modifier: "Weighted corner normals", Enable 'Auto Smooth' in Object Data Properties
ERROR (bke.modifier): C:\Users\blender\git\blender-v360\blender.git\source\blender\blenkernel\intern\modifier.cc:460 BKE_modifier_set_error: Object: "Flush door handle recess.002", Modifier: "Weighted corner normals", Enable 'Auto Smooth' in Object Data Properties
ERROR (bke.modifier): C:\Users\blender\git\blender-v360\blender.git\source\blender\blenkernel\intern\modifier.cc:460 BKE_modifier_set_error: Object: "License plate screw.001", Modifier: "Weighted corner normals", Enable 'Auto Smooth' in Object Data Properties
ERROR (bke.modifier): C:\Users\blender\git\blender-v360\blender.git\source\blender\blenkernel\intern\modifier.cc:460 BKE_modifier_set_error: Object: "Ultrasonic parking sensor.001", Modifier: "Weighted corner normals", Enable 'Auto Smooth' in Object Data Properties
ERROR (bke.modifier): C:\Users\blender\git\blender-v360\blender.git\source\blender\blenkernel\intern\modifier.cc:460 BKE_modifier_set_error: Object: "Flush door handle | Aqua Blue.001", Modifier: "Weighted corner normals", Enable 'Auto Smooth' in Object Data Properties
ERROR (bke.modifier): C:\Users\blender\git\blender-v360\blender.git\source\blender\blenkernel\intern\modifier.cc:460 BKE_modifier_set_error: Object: "Rear lower reflector", Modifier: "Weighted corner normals", Enable 'Auto Smooth' in Object Data Properties
ERROR (bke.modifier): C:\Users\blender\git\blender-v360\blender.git\source\blender\blenkernel\intern\modifier.cc:460 BKE_modifier_set_error: Object: "Flush door handle recess.001", Modifier: "Weighted corner normals", Enable 'Auto Smooth' in Object Data Properties
ERROR (bke.modifier): C:\Users\blender\git\blender-v360\blender.git\source\blender\blenkernel\intern\modifier.cc:460 BKE_modifier_set_error: Object: "Flush door handle | Aqua Blue", Modifier: "Weighted corner normals", Enable 'Auto Smooth' in Object Data Properties
ERROR (bke.modifier): C:\Users\blender\git\blender-v360\blender.git\source\blender\blenkernel\intern\modifier.cc:460 BKE_modifier_set_error: Object: "Flush door handle recess", Modifier: "Weighted corner normals", Enable 'Auto Smooth' in Object Data Properties
ERROR (bke.modifier): C:\Users\blender\git\blender-v360\blender.git\source\blender\blenkernel\intern\modifier.cc:460 BKE_modifier_set_error: Object: "Rear lower reflector.001", Modifier: "Weighted corner normals", Enable 'Auto Smooth' in Object Data Properties
ERROR (bke.modifier): C:\Users\blender\git\blender-v360\blender.git\source\blender\blenkernel\intern\modifier.cc:460 BKE_modifier_set_error: Object: "Underfloor diffuser strake", Modifier: "Weighted corner normals", Enable 'Auto Smooth' in Object Data Properties
ERROR (bke.modifier): C:\Users\blender\git\blender-v360\blender.git\source\blender\blenkernel\intern\modifier.cc:460 BKE_modifier_set_error: Object: "Underfloor diffuser strake.001", Modifier: "Weighted corner normals", Enable 'Auto Smooth' in Object Data Properties
ERROR (bke.modifier): C:\Users\blender\git\blender-v360\blender.git\source\blender\blenkernel\intern\modifier.cc:460 BKE_modifier_set_error: Object: "Underfloor diffuser strake.002", Modifier: "Weighted corner normals", Enable 'Auto Smooth' in Object Data Properties
ERROR (bke.modifier): C:\Users\blender\git\blender-v360\blender.git\source\blender\blenkernel\intern\modifier.cc:460 BKE_modifier_set_error: Object: "Underfloor diffuser strake.003", Modifier: "Weighted corner normals", Enable 'Auto Smooth' in Object Data Properties
ERROR (bke.modifier): C:\Users\blender\git\blender-v360\blender.git\source\blender\blenkernel\intern\modifier.cc:460 BKE_modifier_set_error: Object: "Underfloor diffuser strake.004", Modifier: "Weighted corner normals", Enable 'Auto Smooth' in Object Data Properties
ERROR (bke.modifier): C:\Users\blender\git\blender-v360\blender.git\source\blender\blenkernel\intern\modifier.cc:460 BKE_modifier_set_error: Object: "Rear plate bracket", Modifier: "Weighted corner normals", Enable 'Auto Smooth' in Object Data Properties
ERROR (bke.modifier): C:\Users\blender\git\blender-v360\blender.git\source\blender\blenkernel\intern\modifier.cc:460 BKE_modifier_set_error: Object: "Rear license plate", Modifier: "Weighted corner normals", Enable 'Auto Smooth' in Object Data Properties
ERROR (bke.modifier): C:\Users\blender\git\blender-v360\blender.git\source\blender\blenkernel\intern\modifier.cc:460 BKE_modifier_set_error: Object: "Front left drilled rotor perforation", Modifier: "Weighted corner normals", Enable 'Auto Smooth' in Object Data Properties
ERROR (bke.modifier): C:\Users\blender\git\blender-v360\blender.git\source\blender\blenkernel\intern\modifier.cc:460 BKE_modifier_set_error: Object: "Front left drilled rotor perforation.001", Modifier: "Weighted corner normals", Enable 'Auto Smooth' in Object Data Properties
ERROR (bke.modifier): C:\Users\blender\git\blender-v360\blender.git\source\blender\blenkernel\intern\modifier.cc:460 BKE_modifier_set_error: Object: "Front left drilled rotor perforation.002", Modifier: "Weighted corner normals", Enable 'Auto Smooth' in Object Data Properties
ERROR (bke.modifier): C:\Users\blender\git\blender-v360\blender.git\source\blender\blenkernel\intern\modifier.cc:460 BKE_modifier_set_error: Object: "Front left drilled rotor perforation.003", Modifier: "Weighted corner normals", Enable 'Auto Smooth' in Object Data Properties
ERROR (bke.modifier): C:\Users\blender\git\blender-v360\blender.git\source\blender\blenkernel\intern\modifier.cc:460 BKE_modifier_set_error: Object: "Front left drilled rotor perforation.004", Modifier: "Weighted corner normals", Enable 'Auto Smooth' in Object Data Properties
ERROR (bke.modifier): C:\Users\blender\git\blender-v360\blender.git\source\blender\blenkernel\intern\modifier.cc:460 BKE_modifier_set_error: Object: "Front left drilled rotor perforation.005", Modifier: "Weighted corner normals", Enable 'Auto Smooth' in Object Data Properties
ERROR (bke.modifier): C:\Users\blender\git\blender-v360\blender.git\source\blender\blenkernel\intern\modifier.cc:460 BKE_modifier_set_error: Object: "Front left brake rotor", Modifier: "Weighted corner normals", Enable 'Auto Smooth' in Object Data Properties
ERROR (bke.modifier): C:\Users\blender\git\blender-v360\blender.git\source\blender\blenkernel\intern\modifier.cc:460 BKE_modifier_set_error: Object: "Front left drilled rotor perforation.006", Modifier: "Weighted corner normals", Enable 'Auto Smooth' in Object Data Properties
ERROR (bke.modifier): C:\Users\blender\git\blender-v360\blender.git\source\blender\blenkernel\intern\modifier.cc:460 BKE_modifier_set_error: Object: "Front left drilled rotor perforation.007", Modifier: "Weighted corner normals", Enable 'Auto Smooth' in Object Data Properties
ERROR (bke.modifier): C:\Users\blender\git\blender-v360\blender.git\source\blender\blenkernel\intern\modifier.cc:460 BKE_modifier_set_error: Object: "Front left drilled rotor perforation.008", Modifier: "Weighted corner normals", Enable 'Auto Smooth' in Object Data Properties
ERROR (bke.modifier): C:\Users\blender\git\blender-v360\blender.git\source\blender\blenkernel\intern\modifier.cc:460 BKE_modifier_set_error: Object: "Front left drilled rotor perforation.009", Modifier: "Weighted corner normals", Enable 'Auto Smooth' in Object Data Properties
ERROR (bke.modifier): C:\Users\blender\git\blender-v360\blender.git\source\blender\blenkernel\intern\modifier.cc:460 BKE_modifier_set_error: Object: "Front left drilled rotor perforation.012", Modifier: "Weighted corner normals", Enable 'Auto Smooth' in Object Data Properties
ERROR (bke.modifier): C:\Users\blender\git\blender-v360\blender.git\source\blender\blenkernel\intern\modifier.cc:460 BKE_modifier_set_error: Object: "Front left drilled rotor perforation.013", Modifier: "Weighted corner normals", Enable 'Auto Smooth' in Object Data Properties
ERROR (bke.modifier): C:\Users\blender\git\blender-v360\blender.git\source\blender\blenkernel\intern\modifier.cc:460 BKE_modifier_set_error: Object: "Front left drilled rotor perforation.010", Modifier: "Weighted corner normals", Enable 'Auto Smooth' in Object Data Properties
ERROR (bke.modifier): C:\Users\blender\git\blender-v360\blender.git\source\blender\blenkernel\intern\modifier.cc:460 BKE_modifier_set_error: Object: "Front left drilled rotor perforation.014", Modifier: "Weighted corner normals", Enable 'Auto Smooth' in Object Data Properties
ERROR (bke.modifier): C:\Users\blender\git\blender-v360\blender.git\source\blender\blenkernel\intern\modifier.cc:460 BKE_modifier_set_error: Object: "Front left drilled rotor perforation.015", Modifier: "Weighted corner normals", Enable 'Auto Smooth' in Object Data Properties
ERROR (bke.modifier): C:\Users\blender\git\blender-v360\blender.git\source\blender\blenkernel\intern\modifier.cc:460 BKE_modifier_set_error: Object: "Front left drilled rotor perforation.016", Modifier: "Weighted corner normals", Enable 'Auto Smooth' in Object Data Properties
ERROR (bke.modifier): C:\Users\blender\git\blender-v360\blender.git\source\blender\blenkernel\intern\modifier.cc:460 BKE_modifier_set_error: Object: "Front left drilled rotor perforation.017", Modifier: "Weighted corner normals", Enable 'Auto Smooth' in Object Data Properties
ERROR (bke.modifier): C:\Users\blender\git\blender-v360\blender.git\source\blender\blenkernel\intern\modifier.cc:460 BKE_modifier_set_error: Object: "Front left drilled rotor perforation.019", Modifier: "Weighted corner normals", Enable 'Auto Smooth' in Object Data Properties
ERROR (bke.modifier): C:\Users\blender\git\blender-v360\blender.git\source\blender\blenkernel\intern\modifier.cc:460 BKE_modifier_set_error: Object: "Front left drilled rotor perforation.018", Modifier: "Weighted corner normals", Enable 'Auto Smooth' in Object Data Properties
ERROR (bke.modifier): C:\Users\blender\git\blender-v360\blender.git\source\blender\blenkernel\intern\modifier.cc:460 BKE_modifier_set_error: Object: "Front left drilled rotor perforation.020", Modifier: "Weighted corner normals", Enable 'Auto Smooth' in Object Data Properties
ERROR (bke.modifier): C:\Users\blender\git\blender-v360\blender.git\source\blender\blenkernel\intern\modifier.cc:460 BKE_modifier_set_error: Object: "Front left drilled rotor perforation.021", Modifier: "Weighted corner normals", Enable 'Auto Smooth' in Object Data Properties
ERROR (bke.modifier): C:\Users\blender\git\blender-v360\blender.git\source\blender\blenkernel\intern\modifier.cc:460 BKE_modifier_set_error: Object: "Front left drilled rotor perforation.011", Modifier: "Weighted corner normals", Enable 'Auto Smooth' in Object Data Properties
ERROR (bke.modifier): C:\Users\blender\git\blender-v360\blender.git\source\blender\blenkernel\intern\modifier.cc:460 BKE_modifier_set_error: Object: "Front left drilled rotor perforation.022", Modifier: "Weighted corner normals", Enable 'Auto Smooth' in Object Data Properties
ERROR (bke.modifier): C:\Users\blender\git\blender-v360\blender.git\source\blender\blenkernel\intern\modifier.cc:460 BKE_modifier_set_error: Object: "Front left drilled rotor perforation.023", Modifier: "Weighted corner normals", Enable 'Auto Smooth' in Object Data Properties
ERROR (bke.modifier): C:\Users\blender\git\blender-v360\blender.git\source\blender\blenkernel\intern\modifier.cc:460 BKE_modifier_set_error: Object: "Front left drilled rotor perforation.024", Modifier: "Weighted corner normals", Enable 'Auto Smooth' in Object Data Properties
ERROR (bke.modifier): C:\Users\blender\git\blender-v360\blender.git\source\blender\blenkernel\intern\modifier.cc:460 BKE_modifier_set_error: Object: "Front left drilled rotor perforation.025", Modifier: "Weighted corner normals", Enable 'Auto Smooth' in Object Data Properties
ERROR (bke.modifier): C:\Users\blender\git\blender-v360\blender.git\source\blender\blenkernel\intern\modifier.cc:460 BKE_modifier_set_error: Object: "Front left drilled rotor perforation.026", Modifier: "Weighted corner normals", Enable 'Auto Smooth' in Object Data Properties
ERROR (bke.modifier): C:\Users\blender\git\blender-v360\blender.git\source\blender\blenkernel\intern\modifier.cc:460 BKE_modifier_set_error: Object: "Front left drilled rotor perforation.027", Modifier: "Weighted corner normals", Enable 'Auto Smooth' in Object Data Properties
ERROR (bke.modifier): C:\Users\blender\git\blender-v360\blender.git\source\blender\blenkernel\intern\modifier.cc:460 BKE_modifier_set_error: Object: "Front left drilled rotor perforation.028", Modifier: "Weighted corner normals", Enable 'Auto Smooth' in Object Data Properties
ERROR (bke.modifier): C:\Users\blender\git\blender-v360\blender.git\source\blender\blenkernel\intern\modifier.cc:460 BKE_modifier_set_error: Object: "Front left drilled rotor perforation.030", Modifier: "Weighted corner normals", Enable 'Auto Smooth' in Object Data Properties
ERROR (bke.modifier): C:\Users\blender\git\blender-v360\blender.git\source\blender\blenkernel\intern\modifier.cc:460 BKE_modifier_set_error: Object: "Front left drilled rotor perforation.029", Modifier: "Weighted corner normals", Enable 'Auto Smooth' in Object Data Properties
ERROR (bke.modifier): C:\Users\blender\git\blender-v360\blender.git\source\blender\blenkernel\intern\modifier.cc:460 BKE_modifier_set_error: Object: "Front left drilled rotor perforation.031", Modifier: "Weighted corner normals", Enable 'Auto Smooth' in Object Data Properties
ERROR (bke.modifier): C:\Users\blender\git\blender-v360\blender.git\source\blender\blenkernel\intern\modifier.cc:460 BKE_modifier_set_error: Object: "Front left drilled rotor perforation.032", Modifier: "Weighted corner normals", Enable 'Auto Smooth' in Object Data Properties
ERROR (bke.modifier): C:\Users\blender\git\blender-v360\blender.git\source\blender\blenkernel\intern\modifier.cc:460 BKE_modifier_set_error: Object: "Front left drilled rotor perforation.033", Modifier: "Weighted corner normals", Enable 'Auto Smooth' in Object Data Properties
ERROR (bke.modifier): C:\Users\blender\git\blender-v360\blender.git\source\blender\blenkernel\intern\modifier.cc:460 BKE_modifier_set_error: Object: "Front left drilled rotor perforation.035", Modifier: "Weighted corner normals", Enable 'Auto Smooth' in Object Data Properties
ERROR (bke.modifier): C:\Users\blender\git\blender-v360\blender.git\source\blender\blenkernel\intern\modifier.cc:460 BKE_modifier_set_error: Object: "Front left drilled rotor perforation.034", Modifier: "Weighted corner normals", Enable 'Auto Smooth' in Object Data Properties
ERROR (bke.modifier): C:\Users\blender\git\blender-v360\blender.git\source\blender\blenkernel\intern\modifier.cc:460 BKE_modifier_set_error: Object: "Front left drilled rotor perforation.036", Modifier: "Weighted corner normals", Enable 'Auto Smooth' in Object Data Properties
ERROR (bke.modifier): C:\Users\blender\git\blender-v360\blender.git\source\blender\blenkernel\intern\modifier.cc:460 BKE_modifier_set_error: Object: "Front left drilled rotor perforation.037", Modifier: "Weighted corner normals", Enable 'Auto Smooth' in Object Data Properties
ERROR (bke.modifier): C:\Users\blender\git\blender-v360\blender.git\source\blender\blenkernel\intern\modifier.cc:460 BKE_modifier_set_error: Object: "Front left drilled rotor perforation.039", Modifier: "Weighted corner normals", Enable 'Auto Smooth' in Object Data Properties
ERROR (bke.modifier): C:\Users\blender\git\blender-v360\blender.git\source\blender\blenkernel\intern\modifier.cc:460 BKE_modifier_set_error: Object: "Front left drilled rotor perforation.038", Modifier: "Weighted corner normals", Enable 'Auto Smooth' in Object Data Properties
ERROR (bke.modifier): C:\Users\blender\git\blender-v360\blender.git\source\blender\blenkernel\intern\modifier.cc:460 BKE_modifier_set_error: Object: "Front left drilled rotor perforation.040", Modifier: "Weighted corner normals", Enable 'Auto Smooth' in Object Data Properties
ERROR (bke.modifier): C:\Users\blender\git\blender-v360\blender.git\source\blender\blenkernel\intern\modifier.cc:460 BKE_modifier_set_error: Object: "Front left drilled rotor perforation.041", Modifier: "Weighted corner normals", Enable 'Auto Smooth' in Object Data Properties
ERROR (bke.modifier): C:\Users\blender\git\blender-v360\blender.git\source\blender\blenkernel\intern\modifier.cc:460 BKE_modifier_set_error: Object: "Front left drilled rotor perforation.042", Modifier: "Weighted corner normals", Enable 'Auto Smooth' in Object Data Properties
ERROR (bke.modifier): C:\Users\blender\git\blender-v360\blender.git\source\blender\blenkernel\intern\modifier.cc:460 BKE_modifier_set_error: Object: "Front left drilled rotor perforation.043", Modifier: "Weighted corner normals", Enable 'Auto Smooth' in Object Data Properties
ERROR (bke.modifier): C:\Users\blender\git\blender-v360\blender.git\source\blender\blenkernel\intern\modifier.cc:460 BKE_modifier_set_error: Object: "Front left drilled rotor perforation.044", Modifier: "Weighted corner normals", Enable 'Auto Smooth' in Object Data Properties
ERROR (bke.modifier): C:\Users\blender\git\blender-v360\blender.git\source\blender\blenkernel\intern\modifier.cc:460 BKE_modifier_set_error: Object: "Front left drilled rotor perforation.045", Modifier: "Weighted corner normals", Enable 'Auto Smooth' in Object Data Properties
ERROR (bke.modifier): C:\Users\blender\git\blender-v360\blender.git\source\blender\blenkernel\intern\modifier.cc:460 BKE_modifier_set_error: Object: "Front left drilled rotor perforation.046", Modifier: "Weighted corner normals", Enable 'Auto Smooth' in Object Data Properties
ERROR (bke.modifier): C:\Users\blender\git\blender-v360\blender.git\source\blender\blenkernel\intern\modifier.cc:460 BKE_modifier_set_error: Object: "Front left drilled rotor perforation.047", Modifier: "Weighted corner normals", Enable 'Auto Smooth' in Object Data Properties
ERROR (bke.modifier): C:\Users\blender\git\blender-v360\blender.git\source\blender\blenkernel\intern\modifier.cc:460 BKE_modifier_set_error: Object: "Front left drilled rotor perforation.049", Modifier: "Weighted corner normals", Enable 'Auto Smooth' in Object Data Properties
ERROR (bke.modifier): C:\Users\blender\git\blender-v360\blender.git\source\blender\blenkernel\intern\modifier.cc:460 BKE_modifier_set_error: Object: "Front left drilled rotor perforation.048", Modifier: "Weighted corner normals", Enable 'Auto Smooth' in Object Data Properties
ERROR (bke.modifier): C:\Users\blender\git\blender-v360\blender.git\source\blender\blenkernel\intern\modifier.cc:460 BKE_modifier_set_error: Object: "Front left drilled rotor perforation.050", Modifier: "Weighted corner normals", Enable 'Auto Smooth' in Object Data Properties
ERROR (bke.modifier): C:\Users\blender\git\blender-v360\blender.git\source\blender\blenkernel\intern\modifier.cc:460 BKE_modifier_set_error: Object: "Front left drilled rotor perforation.051", Modifier: "Weighted corner normals", Enable 'Auto Smooth' in Object Data Properties
ERROR (bke.modifier): C:\Users\blender\git\blender-v360\blender.git\source\blender\blenkernel\intern\modifier.cc:460 BKE_modifier_set_error: Object: "Front left drilled rotor perforation.052", Modifier: "Weighted corner normals", Enable 'Auto Smooth' in Object Data Properties
ERROR (bke.modifier): C:\Users\blender\git\blender-v360\blender.git\source\blender\blenkernel\intern\modifier.cc:460 BKE_modifier_set_error: Object: "Front left drilled rotor perforation.053", Modifier: "Weighted corner normals", Enable 'Auto Smooth' in Object Data Properties
ERROR (bke.modifier): C:\Users\blender\git\blender-v360\blender.git\source\blender\blenkernel\intern\modifier.cc:460 BKE_modifier_set_error: Object: "Front left drilled rotor perforation.054", Modifier: "Weighted corner normals", Enable 'Auto Smooth' in Object Data Properties
ERROR (bke.modifier): C:\Users\blender\git\blender-v360\blender.git\source\blender\blenkernel\intern\modifier.cc:460 BKE_modifier_set_error: Object: "Front left drilled rotor perforation.055", Modifier: "Weighted corner normals", Enable 'Auto Smooth' in Object Data Properties
ERROR (bke.modifier): C:\Users\blender\git\blender-v360\blender.git\source\blender\blenkernel\intern\modifier.cc:460 BKE_modifier_set_error: Object: "Front left drilled rotor perforation.056", Modifier: "Weighted corner normals", Enable 'Auto Smooth' in Object Data Properties
ERROR (bke.modifier): C:\Users\blender\git\blender-v360\blender.git\source\blender\blenkernel\intern\modifier.cc:460 BKE_modifier_set_error: Object: "Front left drilled rotor perforation.058", Modifier: "Weighted corner normals", Enable 'Auto Smooth' in Object Data Properties
ERROR (bke.modifier): C:\Users\blender\git\blender-v360\blender.git\source\blender\blenkernel\intern\modifier.cc:460 BKE_modifier_set_error: Object: "Front left drilled rotor perforation.057", Modifier: "Weighted corner normals", Enable 'Auto Smooth' in Object Data Properties
ERROR (bke.modifier): C:\Users\blender\git\blender-v360\blender.git\source\blender\blenkernel\intern\modifier.cc:460 BKE_modifier_set_error: Object: "Front left drilled rotor perforation.060", Modifier: "Weighted corner normals", Enable 'Auto Smooth' in Object Data Properties
ERROR (bke.modifier): C:\Users\blender\git\blender-v360\blender.git\source\blender\blenkernel\intern\modifier.cc:460 BKE_modifier_set_error: Object: "Front left drilled rotor perforation.061", Modifier: "Weighted corner normals", Enable 'Auto Smooth' in Object Data Properties
ERROR (bke.modifier): C:\Users\blender\git\blender-v360\blender.git\source\blender\blenkernel\intern\modifier.cc:460 BKE_modifier_set_error: Object: "Front left drilled rotor perforation.059", Modifier: "Weighted corner normals", Enable 'Auto Smooth' in Object Data Properties
ERROR (bke.modifier): C:\Users\blender\git\blender-v360\blender.git\source\blender\blenkernel\intern\modifier.cc:460 BKE_modifier_set_error: Object: "Front left drilled rotor perforation.062", Modifier: "Weighted corner normals", Enable 'Auto Smooth' in Object Data Properties
ERROR (bke.modifier): C:\Users\blender\git\blender-v360\blender.git\source\blender\blenkernel\intern\modifier.cc:460 BKE_modifier_set_error: Object: "Front left drilled rotor perforation.063", Modifier: "Weighted corner normals", Enable 'Auto Smooth' in Object Data Properties
ERROR (bke.modifier): C:\Users\blender\git\blender-v360\blender.git\source\blender\blenkernel\intern\modifier.cc:460 BKE_modifier_set_error: Object: "Front left drilled rotor perforation.065", Modifier: "Weighted corner normals", Enable 'Auto Smooth' in Object Data Properties
ERROR (bke.modifier): C:\Users\blender\git\blender-v360\blender.git\source\blender\blenkernel\intern\modifier.cc:460 BKE_modifier_set_error: Object: "Front left drilled rotor perforation.064", Modifier: "Weighted corner normals", Enable 'Auto Smooth' in Object Data Properties
ERROR (bke.modifier): C:\Users\blender\git\blender-v360\blender.git\source\blender\blenkernel\intern\modifier.cc:460 BKE_modifier_set_error: Object: "Front left drilled rotor perforation.066", Modifier: "Weighted corner normals", Enable 'Auto Smooth' in Object Data Properties
ERROR (bke.modifier): C:\Users\blender\git\blender-v360\blender.git\source\blender\blenkernel\intern\modifier.cc:460 BKE_modifier_set_error: Object: "Front left drilled rotor perforation.067", Modifier: "Weighted corner normals", Enable 'Auto Smooth' in Object Data Properties
ERROR (bke.modifier): C:\Users\blender\git\blender-v360\blender.git\source\blender\blenkernel\intern\modifier.cc:460 BKE_modifier_set_error: Object: "Front left drilled rotor perforation.069", Modifier: "Weighted corner normals", Enable 'Auto Smooth' in Object Data Properties
ERROR (bke.modifier): C:\Users\blender\git\blender-v360\blender.git\source\blender\blenkernel\intern\modifier.cc:460 BKE_modifier_set_error: Object: "Front left drilled rotor perforation.068", Modifier: "Weighted corner normals", Enable 'Auto Smooth' in Object Data Properties
ERROR (bke.modifier): C:\Users\blender\git\blender-v360\blender.git\source\blender\blenkernel\intern\modifier.cc:460 BKE_modifier_set_error: Object: "Front left drilled rotor perforation.070", Modifier: "Weighted corner normals", Enable 'Auto Smooth' in Object Data Properties
ERROR (bke.modifier): C:\Users\blender\git\blender-v360\blender.git\source\blender\blenkernel\intern\modifier.cc:460 BKE_modifier_set_error: Object: "Front left drilled rotor perforation.071", Modifier: "Weighted corner normals", Enable 'Auto Smooth' in Object Data Properties
ERROR (bke.modifier): C:\Users\blender\git\blender-v360\blender.git\source\blender\blenkernel\intern\modifier.cc:460 BKE_modifier_set_error: Object: "Front left yellow six-piston caliper", Modifier: "Weighted corner normals", Enable 'Auto Smooth' in Object Data Properties
ERROR (bke.modifier): C:\Users\blender\git\blender-v360\blender.git\source\blender\blenkernel\intern\modifier.cc:460 BKE_modifier_set_error: Object: "Front left machined split spoke", Modifier: "Weighted corner normals", Enable 'Auto Smooth' in Object Data Properties
ERROR (bke.modifier): C:\Users\blender\git\blender-v360\blender.git\source\blender\blenkernel\intern\modifier.cc:460 BKE_modifier_set_error: Object: "Front left black spoke pocket", Modifier: "Weighted corner normals", Enable 'Auto Smooth' in Object Data Properties
ERROR (bke.modifier): C:\Users\blender\git\blender-v360\blender.git\source\blender\blenkernel\intern\modifier.cc:460 BKE_modifier_set_error: Object: "Front left brake disc bell", Modifier: "Weighted corner normals", Enable 'Auto Smooth' in Object Data Properties
ERROR (bke.modifier): C:\Users\blender\git\blender-v360\blender.git\source\blender\blenkernel\intern\modifier.cc:460 BKE_modifier_set_error: Object: "Front left machined split spoke.001", Modifier: "Weighted corner normals", Enable 'Auto Smooth' in Object Data Properties
ERROR (bke.modifier): C:\Users\blender\git\blender-v360\blender.git\source\blender\blenkernel\intern\modifier.cc:460 BKE_modifier_set_error: Object: "Front left black spoke pocket.001", Modifier: "Weighted corner normals", Enable 'Auto Smooth' in Object Data Properties
ERROR (bke.modifier): C:\Users\blender\git\blender-v360\blender.git\source\blender\blenkernel\intern\modifier.cc:460 BKE_modifier_set_error: Object: "Front left black spoke pocket.002", Modifier: "Weighted corner normals", Enable 'Auto Smooth' in Object Data Properties
ERROR (bke.modifier): C:\Users\blender\git\blender-v360\blender.git\source\blender\blenkernel\intern\modifier.cc:460 BKE_modifier_set_error: Object: "Front left machined split spoke.002", Modifier: "Weighted corner normals", Enable 'Auto Smooth' in Object Data Properties
ERROR (bke.modifier): C:\Users\blender\git\blender-v360\blender.git\source\blender\blenkernel\intern\modifier.cc:460 BKE_modifier_set_error: Object: "Front left black spoke pocket.003", Modifier: "Weighted corner normals", Enable 'Auto Smooth' in Object Data Properties
ERROR (bke.modifier): C:\Users\blender\git\blender-v360\blender.git\source\blender\blenkernel\intern\modifier.cc:460 BKE_modifier_set_error: Object: "Front left machined split spoke.003", Modifier: "Weighted corner normals", Enable 'Auto Smooth' in Object Data Properties
ERROR (bke.modifier): C:\Users\blender\git\blender-v360\blender.git\source\blender\blenkernel\intern\modifier.cc:460 BKE_modifier_set_error: Object: "Front left machined split spoke.004", Modifier: "Weighted corner normals", Enable 'Auto Smooth' in Object Data Properties
ERROR (bke.modifier): C:\Users\blender\git\blender-v360\blender.git\source\blender\blenkernel\intern\modifier.cc:460 BKE_modifier_set_error: Object: "Front left black spoke pocket.004", Modifier: "Weighted corner normals", Enable 'Auto Smooth' in Object Data Properties
ERROR (bke.modifier): C:\Users\blender\git\blender-v360\blender.git\source\blender\blenkernel\intern\modifier.cc:460 BKE_modifier_set_error: Object: "Front left machined split spoke.005", Modifier: "Weighted corner normals", Enable 'Auto Smooth' in Object Data Properties
ERROR (bke.modifier): C:\Users\blender\git\blender-v360\blender.git\source\blender\blenkernel\intern\modifier.cc:460 BKE_modifier_set_error: Object: "Front left black spoke pocket.005", Modifier: "Weighted corner normals", Enable 'Auto Smooth' in Object Data Properties
ERROR (bke.modifier): C:\Users\blender\git\blender-v360\blender.git\source\blender\blenkernel\intern\modifier.cc:460 BKE_modifier_set_error: Object: "Front left machined split spoke.006", Modifier: "Weighted corner normals", Enable 'Auto Smooth' in Object Data Properties
ERROR (bke.modifier): C:\Users\blender\git\blender-v360\blender.git\source\blender\blenkernel\intern\modifier.cc:460 BKE_modifier_set_error: Object: "Front left black spoke pocket.006", Modifier: "Weighted corner normals", Enable 'Auto Smooth' in Object Data Properties
ERROR (bke.modifier): C:\Users\blender\git\blender-v360\blender.git\source\blender\blenkernel\intern\modifier.cc:460 BKE_modifier_set_error: Object: "Front left machined split spoke.007", Modifier: "Weighted corner normals", Enable 'Auto Smooth' in Object Data Properties
ERROR (bke.modifier): C:\Users\blender\git\blender-v360\blender.git\source\blender\blenkernel\intern\modifier.cc:460 BKE_modifier_set_error: Object: "Front left black spoke pocket.007", Modifier: "Weighted corner normals", Enable 'Auto Smooth' in Object Data Properties
ERROR (bke.modifier): C:\Users\blender\git\blender-v360\blender.git\source\blender\blenkernel\intern\modifier.cc:460 BKE_modifier_set_error: Object: "Front left machined split spoke.008", Modifier: "Weighted corner normals", Enable 'Auto Smooth' in Object Data Properties
ERROR (bke.modifier): C:\Users\blender\git\blender-v360\blender.git\source\blender\blenkernel\intern\modifier.cc:460 BKE_modifier_set_error: Object: "Front left black spoke pocket.008", Modifier: "Weighted corner normals", Enable 'Auto Smooth' in Object Data Properties
ERROR (bke.modifier): C:\Users\blender\git\blender-v360\blender.git\source\blender\blenkernel\intern\modifier.cc:460 BKE_modifier_set_error: Object: "Front left machined split spoke.009", Modifier: "Weighted corner normals", Enable 'Auto Smooth' in Object Data Properties
ERROR (bke.modifier): C:\Users\blender\git\blender-v360\blender.git\source\blender\blenkernel\intern\modifier.cc:460 BKE_modifier_set_error: Object: "Front left black spoke pocket.009", Modifier: "Weighted corner normals", Enable 'Auto Smooth' in Object Data Properties
ERROR (bke.modifier): C:\Users\blender\git\blender-v360\blender.git\source\blender\blenkernel\intern\modifier.cc:460 BKE_modifier_set_error: Object: "Front left titanium lug nut", Modifier: "Weighted corner normals", Enable 'Auto Smooth' in Object Data Properties
ERROR (bke.modifier): C:\Users\blender\git\blender-v360\blender.git\source\blender\blenkernel\intern\modifier.cc:460 BKE_modifier_set_error: Object: "Front left center hub", Modifier: "Weighted corner normals", Enable 'Auto Smooth' in Object Data Properties
ERROR (bke.modifier): C:\Users\blender\git\blender-v360\blender.git\source\blender\blenkernel\intern\modifier.cc:460 BKE_modifier_set_error: Object: "Front left titanium lug nut.003", Modifier: "Weighted corner normals", Enable 'Auto Smooth' in Object Data Properties
ERROR (bke.modifier): C:\Users\blender\git\blender-v360\blender.git\source\blender\blenkernel\intern\modifier.cc:460 BKE_modifier_set_error: Object: "Front left titanium lug nut.004", Modifier: "Weighted corner normals", Enable 'Auto Smooth' in Object Data Properties
ERROR (bke.modifier): C:\Users\blender\git\blender-v360\blender.git\source\blender\blenkernel\intern\modifier.cc:460 BKE_modifier_set_error: Object: "Front left titanium lug nut.001", Modifier: "Weighted corner normals", Enable 'Auto Smooth' in Object Data Properties
ERROR (bke.modifier): C:\Users\blender\git\blender-v360\blender.git\source\blender\blenkernel\intern\modifier.cc:460 BKE_modifier_set_error: Object: "Front left tire valve", Modifier: "Weighted corner normals", Enable 'Auto Smooth' in Object Data Properties
ERROR (bke.modifier): C:\Users\blender\git\blender-v360\blender.git\source\blender\blenkernel\intern\modifier.cc:460 BKE_modifier_set_error: Object: "Front left titanium lug nut.002", Modifier: "Weighted corner normals", Enable 'Auto Smooth' in Object Data Properties
ERROR (bke.modifier): C:\Users\blender\git\blender-v360\blender.git\source\blender\blenkernel\intern\modifier.cc:460 BKE_modifier_set_error: Object: "Infinite studio floor", Modifier: "Weighted corner normals", Enable 'Auto Smooth' in Object Data Properties
ERROR (bke.modifier): C:\Users\blender\git\blender-v360\blender.git\source\blender\blenkernel\intern\modifier.cc:460 BKE_modifier_set_error: Object: "Flat aerodynamic underfloor", Modifier: "Weighted corner normals", Enable 'Auto Smooth' in Object Data Properties
ERROR (bke.modifier): C:\Users\blender\git\blender-v360\blender.git\source\blender\blenkernel\intern\modifier.cc:460 BKE_modifier_set_error: Object: "Front right drilled rotor perforation.001", Modifier: "Weighted corner normals", Enable 'Auto Smooth' in Object Data Properties
ERROR (bke.modifier): C:\Users\blender\git\blender-v360\blender.git\source\blender\blenkernel\intern\modifier.cc:460 BKE_modifier_set_error: Object: "Front right drilled rotor perforation", Modifier: "Weighted corner normals", Enable 'Auto Smooth' in Object Data Properties
ERROR (bke.modifier): C:\Users\blender\git\blender-v360\blender.git\source\blender\blenkernel\intern\modifier.cc:460 BKE_modifier_set_error: Object: "Front right drilled rotor perforation.003", Modifier: "Weighted corner normals", Enable 'Auto Smooth' in Object Data Properties
ERROR (bke.modifier): C:\Users\blender\git\blender-v360\blender.git\source\blender\blenkernel\intern\modifier.cc:460 BKE_modifier_set_error: Object: "Front right drilled rotor perforation.002", Modifier: "Weighted corner normals", Enable 'Auto Smooth' in Object Data Properties
ERROR (bke.modifier): C:\Users\blender\git\blender-v360\blender.git\source\blender\blenkernel\intern\modifier.cc:460 BKE_modifier_set_error: Object: "Front right drilled rotor perforation.004", Modifier: "Weighted corner normals", Enable 'Auto Smooth' in Object Data Properties
ERROR (bke.modifier): C:\Users\blender\git\blender-v360\blender.git\source\blender\blenkernel\intern\modifier.cc:460 BKE_modifier_set_error: Object: "Front right brake rotor", Modifier: "Weighted corner normals", Enable 'Auto Smooth' in Object Data Properties
ERROR (bke.modifier): C:\Users\blender\git\blender-v360\blender.git\source\blender\blenkernel\intern\modifier.cc:460 BKE_modifier_set_error: Object: "Front right drilled rotor perforation.005", Modifier: "Weighted corner normals", Enable 'Auto Smooth' in Object Data Properties
ERROR (bke.modifier): C:\Users\blender\git\blender-v360\blender.git\source\blender\blenkernel\intern\modifier.cc:460 BKE_modifier_set_error: Object: "Cup holder", Modifier: "Weighted corner normals", Enable 'Auto Smooth' in Object Data Properties
ERROR (bke.modifier): C:\Users\blender\git\blender-v360\blender.git\source\blender\blenkernel\intern\modifier.cc:460 BKE_modifier_set_error: Object: "Front right drilled rotor perforation.006", Modifier: "Weighted corner normals", Enable 'Auto Smooth' in Object Data Properties
ERROR (bke.modifier): C:\Users\blender\git\blender-v360\blender.git\source\blender\blenkernel\intern\modifier.cc:460 BKE_modifier_set_error: Object: "Front right drilled rotor perforation.008", Modifier: "Weighted corner normals", Enable 'Auto Smooth' in Object Data Properties
ERROR (bke.modifier): C:\Users\blender\git\blender-v360\blender.git\source\blender\blenkernel\intern\modifier.cc:460 BKE_modifier_set_error: Object: "Front right drilled rotor perforation.007", Modifier: "Weighted corner normals", Enable 'Auto Smooth' in Object Data Properties
ERROR (bke.modifier): C:\Users\blender\git\blender-v360\blender.git\source\blender\blenkernel\intern\modifier.cc:460 BKE_modifier_set_error: Object: "Front right drilled rotor perforation.009", Modifier: "Weighted corner normals", Enable 'Auto Smooth' in Object Data Properties
ERROR (bke.modifier): C:\Users\blender\git\blender-v360\blender.git\source\blender\blenkernel\intern\modifier.cc:460 BKE_modifier_set_error: Object: "Front right drilled rotor perforation.010", Modifier: "Weighted corner normals", Enable 'Auto Smooth' in Object Data Properties
ERROR (bke.modifier): C:\Users\blender\git\blender-v360\blender.git\source\blender\blenkernel\intern\modifier.cc:460 BKE_modifier_set_error: Object: "Front right drilled rotor perforation.011", Modifier: "Weighted corner normals", Enable 'Auto Smooth' in Object Data Properties
ERROR (bke.modifier): C:\Users\blender\git\blender-v360\blender.git\source\blender\blenkernel\intern\modifier.cc:460 BKE_modifier_set_error: Object: "Front right drilled rotor perforation.012", Modifier: "Weighted corner normals", Enable 'Auto Smooth' in Object Data Properties
ERROR (bke.modifier): C:\Users\blender\git\blender-v360\blender.git\source\blender\blenkernel\intern\modifier.cc:460 BKE_modifier_set_error: Object: "Front right drilled rotor perforation.013", Modifier: "Weighted corner normals", Enable 'Auto Smooth' in Object Data Properties
ERROR (bke.modifier): C:\Users\blender\git\blender-v360\blender.git\source\blender\blenkernel\intern\modifier.cc:460 BKE_modifier_set_error: Object: "Front right drilled rotor perforation.014", Modifier: "Weighted corner normals", Enable 'Auto Smooth' in Object Data Properties
ERROR (bke.modifier): C:\Users\blender\git\blender-v360\blender.git\source\blender\blenkernel\intern\modifier.cc:460 BKE_modifier_set_error: Object: "Front right drilled rotor perforation.015", Modifier: "Weighted corner normals", Enable 'Auto Smooth' in Object Data Properties
ERROR (bke.modifier): C:\Users\blender\git\blender-v360\blender.git\source\blender\blenkernel\intern\modifier.cc:460 BKE_modifier_set_error: Object: "Front right drilled rotor perforation.017", Modifier: "Weighted corner normals", Enable 'Auto Smooth' in Object Data Properties
ERROR (bke.modifier): C:\Users\blender\git\blender-v360\blender.git\source\blender\blenkernel\intern\modifier.cc:460 BKE_modifier_set_error: Object: "Front right drilled rotor perforation.016", Modifier: "Weighted corner normals", Enable 'Auto Smooth' in Object Data Properties
ERROR (bke.modifier): C:\Users\blender\git\blender-v360\blender.git\source\blender\blenkernel\intern\modifier.cc:460 BKE_modifier_set_error: Object: "Front right drilled rotor perforation.018", Modifier: "Weighted corner normals", Enable 'Auto Smooth' in Object Data Properties
ERROR (bke.modifier): C:\Users\blender\git\blender-v360\blender.git\source\blender\blenkernel\intern\modifier.cc:460 BKE_modifier_set_error: Object: "Front right drilled rotor perforation.019", Modifier: "Weighted corner normals", Enable 'Auto Smooth' in Object Data Properties
ERROR (bke.modifier): C:\Users\blender\git\blender-v360\blender.git\source\blender\blenkernel\intern\modifier.cc:460 BKE_modifier_set_error: Object: "Cup holder.001", Modifier: "Weighted corner normals", Enable 'Auto Smooth' in Object Data Properties
ERROR (bke.modifier): C:\Users\blender\git\blender-v360\blender.git\source\blender\blenkernel\intern\modifier.cc:460 BKE_modifier_set_error: Object: "Front right drilled rotor perforation.020", Modifier: "Weighted corner normals", Enable 'Auto Smooth' in Object Data Properties
ERROR (bke.modifier): C:\Users\blender\git\blender-v360\blender.git\source\blender\blenkernel\intern\modifier.cc:460 BKE_modifier_set_error: Object: "Front right drilled rotor perforation.022", Modifier: "Weighted corner normals", Enable 'Auto Smooth' in Object Data Properties
ERROR (bke.modifier): C:\Users\blender\git\blender-v360\blender.git\source\blender\blenkernel\intern\modifier.cc:460 BKE_modifier_set_error: Object: "Front right drilled rotor perforation.024", Modifier: "Weighted corner normals", Enable 'Auto Smooth' in Object Data Properties
ERROR (bke.modifier): C:\Users\blender\git\blender-v360\blender.git\source\blender\blenkernel\intern\modifier.cc:460 BKE_modifier_set_error: Object: "Front right drilled rotor perforation.023", Modifier: "Weighted corner normals", Enable 'Auto Smooth' in Object Data Properties
ERROR (bke.modifier): C:\Users\blender\git\blender-v360\blender.git\source\blender\blenkernel\intern\modifier.cc:460 BKE_modifier_set_error: Object: "Front right drilled rotor perforation.025", Modifier: "Weighted corner normals", Enable 'Auto Smooth' in Object Data Properties
ERROR (bke.modifier): C:\Users\blender\git\blender-v360\blender.git\source\blender\blenkernel\intern\modifier.cc:460 BKE_modifier_set_error: Object: "Front right drilled rotor perforation.021", Modifier: "Weighted corner normals", Enable 'Auto Smooth' in Object Data Properties
ERROR (bke.modifier): C:\Users\blender\git\blender-v360\blender.git\source\blender\blenkernel\intern\modifier.cc:460 BKE_modifier_set_error: Object: "Front right drilled rotor perforation.026", Modifier: "Weighted corner normals", Enable 'Auto Smooth' in Object Data Properties
ERROR (bke.modifier): C:\Users\blender\git\blender-v360\blender.git\source\blender\blenkernel\intern\modifier.cc:460 BKE_modifier_set_error: Object: "Front right drilled rotor perforation.027", Modifier: "Weighted corner normals", Enable 'Auto Smooth' in Object Data Properties
ERROR (bke.modifier): C:\Users\blender\git\blender-v360\blender.git\source\blender\blenkernel\intern\modifier.cc:460 BKE_modifier_set_error: Object: "Front right drilled rotor perforation.029", Modifier: "Weighted corner normals", Enable 'Auto Smooth' in Object Data Properties
ERROR (bke.modifier): C:\Users\blender\git\blender-v360\blender.git\source\blender\blenkernel\intern\modifier.cc:460 BKE_modifier_set_error: Object: "Front right drilled rotor perforation.028", Modifier: "Weighted corner normals", Enable 'Auto Smooth' in Object Data Properties
ERROR (bke.modifier): C:\Users\blender\git\blender-v360\blender.git\source\blender\blenkernel\intern\modifier.cc:460 BKE_modifier_set_error: Object: "Front right drilled rotor perforation.031", Modifier: "Weighted corner normals", Enable 'Auto Smooth' in Object Data Properties
ERROR (bke.modifier): C:\Users\blender\git\blender-v360\blender.git\source\blender\blenkernel\intern\modifier.cc:460 BKE_modifier_set_error: Object: "Front right drilled rotor perforation.032", Modifier: "Weighted corner normals", Enable 'Auto Smooth' in Object Data Properties
ERROR (bke.modifier): C:\Users\blender\git\blender-v360\blender.git\source\blender\blenkernel\intern\modifier.cc:460 BKE_modifier_set_error: Object: "Front right drilled rotor perforation.030", Modifier: "Weighted corner normals", Enable 'Auto Smooth' in Object Data Properties
ERROR (bke.modifier): C:\Users\blender\git\blender-v360\blender.git\source\blender\blenkernel\intern\modifier.cc:460 BKE_modifier_set_error: Object: "Center tunnel", Modifier: "Weighted corner normals", Enable 'Auto Smooth' in Object Data Properties
ERROR (bke.modifier): C:\Users\blender\git\blender-v360\blender.git\source\blender\blenkernel\intern\modifier.cc:460 BKE_modifier_set_error: Object: "Front right drilled rotor perforation.033", Modifier: "Weighted corner normals", Enable 'Auto Smooth' in Object Data Properties
ERROR (bke.modifier): C:\Users\blender\git\blender-v360\blender.git\source\blender\blenkernel\intern\modifier.cc:460 BKE_modifier_set_error: Object: "Front right drilled rotor perforation.034", Modifier: "Weighted corner normals", Enable 'Auto Smooth' in Object Data Properties
ERROR (bke.modifier): C:\Users\blender\git\blender-v360\blender.git\source\blender\blenkernel\intern\modifier.cc:460 BKE_modifier_set_error: Object: "Front right drilled rotor perforation.035", Modifier: "Weighted corner normals", Enable 'Auto Smooth' in Object Data Properties
ERROR (bke.modifier): C:\Users\blender\git\blender-v360\blender.git\source\blender\blenkernel\intern\modifier.cc:460 BKE_modifier_set_error: Object: "Steering center", Modifier: "Weighted corner normals", Enable 'Auto Smooth' in Object Data Properties
ERROR (bke.modifier): C:\Users\blender\git\blender-v360\blender.git\source\blender\blenkernel\intern\modifier.cc:460 BKE_modifier_set_error: Object: "Front right drilled rotor perforation.036", Modifier: "Weighted corner normals", Enable 'Auto Smooth' in Object Data Properties
ERROR (bke.modifier): C:\Users\blender\git\blender-v360\blender.git\source\blender\blenkernel\intern\modifier.cc:460 BKE_modifier_set_error: Object: "Front right drilled rotor perforation.037", Modifier: "Weighted corner normals", Enable 'Auto Smooth' in Object Data Properties
ERROR (bke.modifier): C:\Users\blender\git\blender-v360\blender.git\source\blender\blenkernel\intern\modifier.cc:460 BKE_modifier_set_error: Object: "Front right drilled rotor perforation.038", Modifier: "Weighted corner normals", Enable 'Auto Smooth' in Object Data Properties
ERROR (bke.modifier): C:\Users\blender\git\blender-v360\blender.git\source\blender\blenkernel\intern\modifier.cc:460 BKE_modifier_set_error: Object: "Front right drilled rotor perforation.039", Modifier: "Weighted corner normals", Enable 'Auto Smooth' in Object Data Properties
ERROR (bke.modifier): C:\Users\blender\git\blender-v360\blender.git\source\blender\blenkernel\intern\modifier.cc:460 BKE_modifier_set_error: Object: "Front right drilled rotor perforation.041", Modifier: "Weighted corner normals", Enable 'Auto Smooth' in Object Data Properties
ERROR (bke.modifier): C:\Users\blender\git\blender-v360\blender.git\source\blender\blenkernel\intern\modifier.cc:460 BKE_modifier_set_error: Object: "Front right drilled rotor perforation.040", Modifier: "Weighted corner normals", Enable 'Auto Smooth' in Object Data Properties
ERROR (bke.modifier): C:\Users\blender\git\blender-v360\blender.git\source\blender\blenkernel\intern\modifier.cc:460 BKE_modifier_set_error: Object: "Screen glass", Modifier: "Weighted corner normals", Enable 'Auto Smooth' in Object Data Properties
ERROR (bke.modifier): C:\Users\blender\git\blender-v360\blender.git\source\blender\blenkernel\intern\modifier.cc:460 BKE_modifier_set_error: Object: "Front right drilled rotor perforation.042", Modifier: "Weighted corner normals", Enable 'Auto Smooth' in Object Data Properties
ERROR (bke.modifier): C:\Users\blender\git\blender-v360\blender.git\source\blender\blenkernel\intern\modifier.cc:460 BKE_modifier_set_error: Object: "Front right drilled rotor perforation.043", Modifier: "Weighted corner normals", Enable 'Auto Smooth' in Object Data Properties
ERROR (bke.modifier): C:\Users\blender\git\blender-v360\blender.git\source\blender\blenkernel\intern\modifier.cc:460 BKE_modifier_set_error: Object: "Dashboard center screen", Modifier: "Weighted corner normals", Enable 'Auto Smooth' in Object Data Properties
ERROR (bke.modifier): C:\Users\blender\git\blender-v360\blender.git\source\blender\blenkernel\intern\modifier.cc:460 BKE_modifier_set_error: Object: "Dashboard", Modifier: "Weighted corner normals", Enable 'Auto Smooth' in Object Data Properties
ERROR (bke.modifier): C:\Users\blender\git\blender-v360\blender.git\source\blender\blenkernel\intern\modifier.cc:460 BKE_modifier_set_error: Object: "Front right drilled rotor perforation.044", Modifier: "Weighted corner normals", Enable 'Auto Smooth' in Object Data Properties
ERROR (bke.modifier): C:\Users\blender\git\blender-v360\blender.git\source\blender\blenkernel\intern\modifier.cc:460 BKE_modifier_set_error: Object: "Front right drilled rotor perforation.045", Modifier: "Weighted corner normals", Enable 'Auto Smooth' in Object Data Properties
ERROR (bke.modifier): C:\Users\blender\git\blender-v360\blender.git\source\blender\blenkernel\intern\modifier.cc:460 BKE_modifier_set_error: Object: "Integrated head restraint.003", Modifier: "Weighted corner normals", Enable 'Auto Smooth' in Object Data Properties
ERROR (bke.modifier): C:\Users\blender\git\blender-v360\blender.git\source\blender\blenkernel\intern\modifier.cc:460 BKE_modifier_set_error: Object: "Front right drilled rotor perforation.046", Modifier: "Weighted corner normals", Enable 'Auto Smooth' in Object Data Properties
ERROR (bke.modifier): C:\Users\blender\git\blender-v360\blender.git\source\blender\blenkernel\intern\modifier.cc:460 BKE_modifier_set_error: Object: "Contoured seat back", Modifier: "Weighted corner normals", Enable 'Auto Smooth' in Object Data Properties
ERROR (bke.modifier): C:\Users\blender\git\blender-v360\blender.git\source\blender\blenkernel\intern\modifier.cc:460 BKE_modifier_set_error: Object: "Front right drilled rotor perforation.047", Modifier: "Weighted corner normals", Enable 'Auto Smooth' in Object Data Properties
ERROR (bke.modifier): C:\Users\blender\git\blender-v360\blender.git\source\blender\blenkernel\intern\modifier.cc:460 BKE_modifier_set_error: Object: "Front right drilled rotor perforation.048", Modifier: "Weighted corner normals", Enable 'Auto Smooth' in Object Data Properties
ERROR (bke.modifier): C:\Users\blender\git\blender-v360\blender.git\source\blender\blenkernel\intern\modifier.cc:460 BKE_modifier_set_error: Object: "Seat cushion.003", Modifier: "Weighted corner normals", Enable 'Auto Smooth' in Object Data Properties
ERROR (bke.modifier): C:\Users\blender\git\blender-v360\blender.git\source\blender\blenkernel\intern\modifier.cc:460 BKE_modifier_set_error: Object: "Front right drilled rotor perforation.049", Modifier: "Weighted corner normals", Enable 'Auto Smooth' in Object Data Properties
ERROR (bke.modifier): C:\Users\blender\git\blender-v360\blender.git\source\blender\blenkernel\intern\modifier.cc:460 BKE_modifier_set_error: Object: "Front right drilled rotor perforation.050", Modifier: "Weighted corner normals", Enable 'Auto Smooth' in Object Data Properties
ERROR (bke.modifier): C:\Users\blender\git\blender-v360\blender.git\source\blender\blenkernel\intern\modifier.cc:460 BKE_modifier_set_error: Object: "Front right drilled rotor perforation.052", Modifier: "Weighted corner normals", Enable 'Auto Smooth' in Object Data Properties
ERROR (bke.modifier): C:\Users\blender\git\blender-v360\blender.git\source\blender\blenkernel\intern\modifier.cc:460 BKE_modifier_set_error: Object: "Integrated head restraint.002", Modifier: "Weighted corner normals", Enable 'Auto Smooth' in Object Data Properties
ERROR (bke.modifier): C:\Users\blender\git\blender-v360\blender.git\source\blender\blenkernel\intern\modifier.cc:460 BKE_modifier_set_error: Object: "Front right drilled rotor perforation.051", Modifier: "Weighted corner normals", Enable 'Auto Smooth' in Object Data Properties
ERROR (bke.modifier): C:\Users\blender\git\blender-v360\blender.git\source\blender\blenkernel\intern\modifier.cc:460 BKE_modifier_set_error: Object: "Front right drilled rotor perforation.053", Modifier: "Weighted corner normals", Enable 'Auto Smooth' in Object Data Properties
ERROR (bke.modifier): C:\Users\blender\git\blender-v360\blender.git\source\blender\blenkernel\intern\modifier.cc:460 BKE_modifier_set_error: Object: "Contoured seat back.003", Modifier: "Weighted corner normals", Enable 'Auto Smooth' in Object Data Properties
ERROR (bke.modifier): C:\Users\blender\git\blender-v360\blender.git\source\blender\blenkernel\intern\modifier.cc:460 BKE_modifier_set_error: Object: "Front right drilled rotor perforation.054", Modifier: "Weighted corner normals", Enable 'Auto Smooth' in Object Data Properties
ERROR (bke.modifier): C:\Users\blender\git\blender-v360\blender.git\source\blender\blenkernel\intern\modifier.cc:460 BKE_modifier_set_error: Object: "Seat cushion.002", Modifier: "Weighted corner normals", Enable 'Auto Smooth' in Object Data Properties
ERROR (bke.modifier): C:\Users\blender\git\blender-v360\blender.git\source\blender\blenkernel\intern\modifier.cc:460 BKE_modifier_set_error: Object: "Front right drilled rotor perforation.055", Modifier: "Weighted corner normals", Enable 'Auto Smooth' in Object Data Properties
ERROR (bke.modifier): C:\Users\blender\git\blender-v360\blender.git\source\blender\blenkernel\intern\modifier.cc:460 BKE_modifier_set_error: Object: "Integrated head restraint.001", Modifier: "Weighted corner normals", Enable 'Auto Smooth' in Object Data Properties
ERROR (bke.modifier): C:\Users\blender\git\blender-v360\blender.git\source\blender\blenkernel\intern\modifier.cc:460 BKE_modifier_set_error: Object: "Front right drilled rotor perforation.056", Modifier: "Weighted corner normals", Enable 'Auto Smooth' in Object Data Properties
ERROR (bke.modifier): C:\Users\blender\git\blender-v360\blender.git\source\blender\blenkernel\intern\modifier.cc:460 BKE_modifier_set_error: Object: "Front right drilled rotor perforation.058", Modifier: "Weighted corner normals", Enable 'Auto Smooth' in Object Data Properties
ERROR (bke.modifier): C:\Users\blender\git\blender-v360\blender.git\source\blender\blenkernel\intern\modifier.cc:460 BKE_modifier_set_error: Object: "Contoured seat back.002", Modifier: "Weighted corner normals", Enable 'Auto Smooth' in Object Data Properties
ERROR (bke.modifier): C:\Users\blender\git\blender-v360\blender.git\source\blender\blenkernel\intern\modifier.cc:460 BKE_modifier_set_error: Object: "Front right drilled rotor perforation.057", Modifier: "Weighted corner normals", Enable 'Auto Smooth' in Object Data Properties
ERROR (bke.modifier): C:\Users\blender\git\blender-v360\blender.git\source\blender\blenkernel\intern\modifier.cc:460 BKE_modifier_set_error: Object: "Front right drilled rotor perforation.060", Modifier: "Weighted corner normals", Enable 'Auto Smooth' in Object Data Properties
ERROR (bke.modifier): C:\Users\blender\git\blender-v360\blender.git\source\blender\blenkernel\intern\modifier.cc:460 BKE_modifier_set_error: Object: "Seat cushion.001", Modifier: "Weighted corner normals", Enable 'Auto Smooth' in Object Data Properties
ERROR (bke.modifier): C:\Users\blender\git\blender-v360\blender.git\source\blender\blenkernel\intern\modifier.cc:460 BKE_modifier_set_error: Object: "Front right drilled rotor perforation.059", Modifier: "Weighted corner normals", Enable 'Auto Smooth' in Object Data Properties
ERROR (bke.modifier): C:\Users\blender\git\blender-v360\blender.git\source\blender\blenkernel\intern\modifier.cc:460 BKE_modifier_set_error: Object: "Front right drilled rotor perforation.061", Modifier: "Weighted corner normals", Enable 'Auto Smooth' in Object Data Properties
ERROR (bke.modifier): C:\Users\blender\git\blender-v360\blender.git\source\blender\blenkernel\intern\modifier.cc:460 BKE_modifier_set_error: Object: "Front right drilled rotor perforation.062", Modifier: "Weighted corner normals", Enable 'Auto Smooth' in Object Data Properties
ERROR (bke.modifier): C:\Users\blender\git\blender-v360\blender.git\source\blender\blenkernel\intern\modifier.cc:460 BKE_modifier_set_error: Object: "Integrated head restraint", Modifier: "Weighted corner normals", Enable 'Auto Smooth' in Object Data Properties
ERROR (bke.modifier): C:\Users\blender\git\blender-v360\blender.git\source\blender\blenkernel\intern\modifier.cc:460 BKE_modifier_set_error: Object: "Front right drilled rotor perforation.063", Modifier: "Weighted corner normals", Enable 'Auto Smooth' in Object Data Properties
ERROR (bke.modifier): C:\Users\blender\git\blender-v360\blender.git\source\blender\blenkernel\intern\modifier.cc:460 BKE_modifier_set_error: Object: "Contoured seat back.001", Modifier: "Weighted corner normals", Enable 'Auto Smooth' in Object Data Properties
ERROR (bke.modifier): C:\Users\blender\git\blender-v360\blender.git\source\blender\blenkernel\intern\modifier.cc:460 BKE_modifier_set_error: Object: "Front right drilled rotor perforation.065", Modifier: "Weighted corner normals", Enable 'Auto Smooth' in Object Data Properties
ERROR (bke.modifier): C:\Users\blender\git\blender-v360\blender.git\source\blender\blenkernel\intern\modifier.cc:460 BKE_modifier_set_error: Object: "Front right drilled rotor perforation.066", Modifier: "Weighted corner normals", Enable 'Auto Smooth' in Object Data Properties
ERROR (bke.modifier): C:\Users\blender\git\blender-v360\blender.git\source\blender\blenkernel\intern\modifier.cc:460 BKE_modifier_set_error: Object: "Front right drilled rotor perforation.064", Modifier: "Weighted corner normals", Enable 'Auto Smooth' in Object Data Properties
ERROR (bke.modifier): C:\Users\blender\git\blender-v360\blender.git\source\blender\blenkernel\intern\modifier.cc:460 BKE_modifier_set_error: Object: "Seat cushion", Modifier: "Weighted corner normals", Enable 'Auto Smooth' in Object Data Properties
ERROR (bke.modifier): C:\Users\blender\git\blender-v360\blender.git\source\blender\blenkernel\intern\modifier.cc:460 BKE_modifier_set_error: Object: "Front right drilled rotor perforation.068", Modifier: "Weighted corner normals", Enable 'Auto Smooth' in Object Data Properties
ERROR (bke.modifier): C:\Users\blender\git\blender-v360\blender.git\source\blender\blenkernel\intern\modifier.cc:460 BKE_modifier_set_error: Object: "Dark cabin tub", Modifier: "Weighted corner normals", Enable 'Auto Smooth' in Object Data Properties
ERROR (bke.modifier): C:\Users\blender\git\blender-v360\blender.git\source\blender\blenkernel\intern\modifier.cc:460 BKE_modifier_set_error: Object: "Front right drilled rotor perforation.067", Modifier: "Weighted corner normals", Enable 'Auto Smooth' in Object Data Properties
ERROR (bke.modifier): C:\Users\blender\git\blender-v360\blender.git\source\blender\blenkernel\intern\modifier.cc:460 BKE_modifier_set_error: Object: "Front right drilled rotor perforation.071", Modifier: "Weighted corner normals", Enable 'Auto Smooth' in Object Data Properties
ERROR (bke.modifier): C:\Users\blender\git\blender-v360\blender.git\source\blender\blenkernel\intern\modifier.cc:460 BKE_modifier_set_error: Object: "Front right brake disc bell", Modifier: "Weighted corner normals", Enable 'Auto Smooth' in Object Data Properties
ERROR (bke.modifier): C:\Users\blender\git\blender-v360\blender.git\source\blender\blenkernel\intern\modifier.cc:460 BKE_modifier_set_error: Object: "Front right yellow six-piston caliper", Modifier: "Weighted corner normals", Enable 'Auto Smooth' in Object Data Properties
ERROR (bke.modifier): C:\Users\blender\git\blender-v360\blender.git\source\blender\blenkernel\intern\modifier.cc:460 BKE_modifier_set_error: Object: "Front right drilled rotor perforation.069", Modifier: "Weighted corner normals", Enable 'Auto Smooth' in Object Data Properties
ERROR (bke.modifier): C:\Users\blender\git\blender-v360\blender.git\source\blender\blenkernel\intern\modifier.cc:460 BKE_modifier_set_error: Object: "Front right machined split spoke", Modifier: "Weighted corner normals", Enable 'Auto Smooth' in Object Data Properties
ERROR (bke.modifier): C:\Users\blender\git\blender-v360\blender.git\source\blender\blenkernel\intern\modifier.cc:460 BKE_modifier_set_error: Object: "Front right black spoke pocket", Modifier: "Weighted corner normals", Enable 'Auto Smooth' in Object Data Properties
ERROR (bke.modifier): C:\Users\blender\git\blender-v360\blender.git\source\blender\blenkernel\intern\modifier.cc:460 BKE_modifier_set_error: Object: "Front right machined split spoke.001", Modifier: "Weighted corner normals", Enable 'Auto Smooth' in Object Data Properties
ERROR (bke.modifier): C:\Users\blender\git\blender-v360\blender.git\source\blender\blenkernel\intern\modifier.cc:460 BKE_modifier_set_error: Object: "Front right black spoke pocket.001", Modifier: "Weighted corner normals", Enable 'Auto Smooth' in Object Data Properties
ERROR (bke.modifier): C:\Users\blender\git\blender-v360\blender.git\source\blender\blenkernel\intern\modifier.cc:460 BKE_modifier_set_error: Object: "Front right machined split spoke.002", Modifier: "Weighted corner normals", Enable 'Auto Smooth' in Object Data Properties
ERROR (bke.modifier): C:\Users\blender\git\blender-v360\blender.git\source\blender\blenkernel\intern\modifier.cc:460 BKE_modifier_set_error: Object: "Front right black spoke pocket.002", Modifier: "Weighted corner normals", Enable 'Auto Smooth' in Object Data Properties
ERROR (bke.modifier): C:\Users\blender\git\blender-v360\blender.git\source\blender\blenkernel\intern\modifier.cc:460 BKE_modifier_set_error: Object: "Front right machined split spoke.003", Modifier: "Weighted corner normals", Enable 'Auto Smooth' in Object Data Properties
ERROR (bke.modifier): C:\Users\blender\git\blender-v360\blender.git\source\blender\blenkernel\intern\modifier.cc:460 BKE_modifier_set_error: Object: "Front right black spoke pocket.003", Modifier: "Weighted corner normals", Enable 'Auto Smooth' in Object Data Properties
ERROR (bke.modifier): C:\Users\blender\git\blender-v360\blender.git\source\blender\blenkernel\intern\modifier.cc:460 BKE_modifier_set_error: Object: "Front right machined split spoke.004", Modifier: "Weighted corner normals", Enable 'Auto Smooth' in Object Data Properties
ERROR (bke.modifier): C:\Users\blender\git\blender-v360\blender.git\source\blender\blenkernel\intern\modifier.cc:460 BKE_modifier_set_error: Object: "Front right black spoke pocket.004", Modifier: "Weighted corner normals", Enable 'Auto Smooth' in Object Data Properties
ERROR (bke.modifier): C:\Users\blender\git\blender-v360\blender.git\source\blender\blenkernel\intern\modifier.cc:460 BKE_modifier_set_error: Object: "Front right drilled rotor perforation.070", Modifier: "Weighted corner normals", Enable 'Auto Smooth' in Object Data Properties
ERROR (bke.modifier): C:\Users\blender\git\blender-v360\blender.git\source\blender\blenkernel\intern\modifier.cc:460 BKE_modifier_set_error: Object: "Front right machined split spoke.005", Modifier: "Weighted corner normals", Enable 'Auto Smooth' in Object Data Properties
ERROR (bke.modifier): C:\Users\blender\git\blender-v360\blender.git\source\blender\blenkernel\intern\modifier.cc:460 BKE_modifier_set_error: Object: "Rear right tire valve", Modifier: "Weighted corner normals", Enable 'Auto Smooth' in Object Data Properties
ERROR (bke.modifier): C:\Users\blender\git\blender-v360\blender.git\source\blender\blenkernel\intern\modifier.cc:460 BKE_modifier_set_error: Object: "Front right black spoke pocket.005", Modifier: "Weighted corner normals", Enable 'Auto Smooth' in Object Data Properties
ERROR (bke.modifier): C:\Users\blender\git\blender-v360\blender.git\source\blender\blenkernel\intern\modifier.cc:460 BKE_modifier_set_error: Object: "Rear right titanium lug nut.004", Modifier: "Weighted corner normals", Enable 'Auto Smooth' in Object Data Properties
ERROR (bke.modifier): C:\Users\blender\git\blender-v360\blender.git\source\blender\blenkernel\intern\modifier.cc:460 BKE_modifier_set_error: Object: "Front right machined split spoke.006", Modifier: "Weighted corner normals", Enable 'Auto Smooth' in Object Data Properties
ERROR (bke.modifier): C:\Users\blender\git\blender-v360\blender.git\source\blender\blenkernel\intern\modifier.cc:460 BKE_modifier_set_error: Object: "Front right black spoke pocket.006", Modifier: "Weighted corner normals", Enable 'Auto Smooth' in Object Data Properties
ERROR (bke.modifier): C:\Users\blender\git\blender-v360\blender.git\source\blender\blenkernel\intern\modifier.cc:460 BKE_modifier_set_error: Object: "Rear right titanium lug nut.003", Modifier: "Weighted corner normals", Enable 'Auto Smooth' in Object Data Properties
ERROR (bke.modifier): C:\Users\blender\git\blender-v360\blender.git\source\blender\blenkernel\intern\modifier.cc:460 BKE_modifier_set_error: Object: "Front right machined split spoke.007", Modifier: "Weighted corner normals", Enable 'Auto Smooth' in Object Data Properties
ERROR (bke.modifier): C:\Users\blender\git\blender-v360\blender.git\source\blender\blenkernel\intern\modifier.cc:460 BKE_modifier_set_error: Object: "Rear right titanium lug nut.002", Modifier: "Weighted corner normals", Enable 'Auto Smooth' in Object Data Properties
ERROR (bke.modifier): C:\Users\blender\git\blender-v360\blender.git\source\blender\blenkernel\intern\modifier.cc:460 BKE_modifier_set_error: Object: "Front right machined split spoke.008", Modifier: "Weighted corner normals", Enable 'Auto Smooth' in Object Data Properties
ERROR (bke.modifier): C:\Users\blender\git\blender-v360\blender.git\source\blender\blenkernel\intern\modifier.cc:460 BKE_modifier_set_error: Object: "Front right black spoke pocket.007", Modifier: "Weighted corner normals", Enable 'Auto Smooth' in Object Data Properties
ERROR (bke.modifier): C:\Users\blender\git\blender-v360\blender.git\source\blender\blenkernel\intern\modifier.cc:460 BKE_modifier_set_error: Object: "Front right black spoke pocket.008", Modifier: "Weighted corner normals", Enable 'Auto Smooth' in Object Data Properties
ERROR (bke.modifier): C:\Users\blender\git\blender-v360\blender.git\source\blender\blenkernel\intern\modifier.cc:460 BKE_modifier_set_error: Object: "Rear right titanium lug nut.001", Modifier: "Weighted corner normals", Enable 'Auto Smooth' in Object Data Properties
ERROR (bke.modifier): C:\Users\blender\git\blender-v360\blender.git\source\blender\blenkernel\intern\modifier.cc:460 BKE_modifier_set_error: Object: "Rear right titanium lug nut", Modifier: "Weighted corner normals", Enable 'Auto Smooth' in Object Data Properties
ERROR (bke.modifier): C:\Users\blender\git\blender-v360\blender.git\source\blender\blenkernel\intern\modifier.cc:460 BKE_modifier_set_error: Object: "Front right black spoke pocket.009", Modifier: "Weighted corner normals", Enable 'Auto Smooth' in Object Data Properties
ERROR (bke.modifier): C:\Users\blender\git\blender-v360\blender.git\source\blender\blenkernel\intern\modifier.cc:460 BKE_modifier_set_error: Object: "Front right machined split spoke.009", Modifier: "Weighted corner normals", Enable 'Auto Smooth' in Object Data Properties
ERROR (bke.modifier): C:\Users\blender\git\blender-v360\blender.git\source\blender\blenkernel\intern\modifier.cc:460 BKE_modifier_set_error: Object: "Front right titanium lug nut", Modifier: "Weighted corner normals", Enable 'Auto Smooth' in Object Data Properties
ERROR (bke.modifier): C:\Users\blender\git\blender-v360\blender.git\source\blender\blenkernel\intern\modifier.cc:460 BKE_modifier_set_error: Object: "Front right titanium lug nut.001", Modifier: "Weighted corner normals", Enable 'Auto Smooth' in Object Data Properties
ERROR (bke.modifier): C:\Users\blender\git\blender-v360\blender.git\source\blender\blenkernel\intern\modifier.cc:460 BKE_modifier_set_error: Object: "Front right center hub", Modifier: "Weighted corner normals", Enable 'Auto Smooth' in Object Data Properties
ERROR (bke.modifier): C:\Users\blender\git\blender-v360\blender.git\source\blender\blenkernel\intern\modifier.cc:460 BKE_modifier_set_error: Object: "Front right titanium lug nut.002", Modifier: "Weighted corner normals", Enable 'Auto Smooth' in Object Data Properties
ERROR (bke.modifier): C:\Users\blender\git\blender-v360\blender.git\source\blender\blenkernel\intern\modifier.cc:460 BKE_modifier_set_error: Object: "Front right titanium lug nut.003", Modifier: "Weighted corner normals", Enable 'Auto Smooth' in Object Data Properties
ERROR (bke.modifier): C:\Users\blender\git\blender-v360\blender.git\source\blender\blenkernel\intern\modifier.cc:460 BKE_modifier_set_error: Object: "Front right titanium lug nut.004", Modifier: "Weighted corner normals", Enable 'Auto Smooth' in Object Data Properties
ERROR (bke.modifier): C:\Users\blender\git\blender-v360\blender.git\source\blender\blenkernel\intern\modifier.cc:460 BKE_modifier_set_error: Object: "Front right tire valve", Modifier: "Weighted corner normals", Enable 'Auto Smooth' in Object Data Properties
ERROR (bke.modifier): C:\Users\blender\git\blender-v360\blender.git\source\blender\blenkernel\intern\modifier.cc:460 BKE_modifier_set_error: Object: "Rear right center hub", Modifier: "Weighted corner normals", Enable 'Auto Smooth' in Object Data Properties
ERROR (bke.modifier): C:\Users\blender\git\blender-v360\blender.git\source\blender\blenkernel\intern\modifier.cc:460 BKE_modifier_set_error: Object: "Rear right black spoke pocket.009", Modifier: "Weighted corner normals", Enable 'Auto Smooth' in Object Data Properties
ERROR (bke.modifier): C:\Users\blender\git\blender-v360\blender.git\source\blender\blenkernel\intern\modifier.cc:460 BKE_modifier_set_error: Object: "Rear left brake rotor", Modifier: "Weighted corner normals", Enable 'Auto Smooth' in Object Data Properties
ERROR (bke.modifier): C:\Users\blender\git\blender-v360\blender.git\source\blender\blenkernel\intern\modifier.cc:460 BKE_modifier_set_error: Object: "Rear right machined split spoke.009", Modifier: "Weighted corner normals", Enable 'Auto Smooth' in Object Data Properties
ERROR (bke.modifier): C:\Users\blender\git\blender-v360\blender.git\source\blender\blenkernel\intern\modifier.cc:460 BKE_modifier_set_error: Object: "Rear right black spoke pocket.008", Modifier: "Weighted corner normals", Enable 'Auto Smooth' in Object Data Properties
ERROR (bke.modifier): C:\Users\blender\git\blender-v360\blender.git\source\blender\blenkernel\intern\modifier.cc:460 BKE_modifier_set_error: Object: "Rear left drilled rotor perforation", Modifier: "Weighted corner normals", Enable 'Auto Smooth' in Object Data Properties
ERROR (bke.modifier): C:\Users\blender\git\blender-v360\blender.git\source\blender\blenkernel\intern\modifier.cc:460 BKE_modifier_set_error: Object: "Rear left drilled rotor perforation.002", Modifier: "Weighted corner normals", Enable 'Auto Smooth' in Object Data Properties
ERROR (bke.modifier): C:\Users\blender\git\blender-v360\blender.git\source\blender\blenkernel\intern\modifier.cc:460 BKE_modifier_set_error: Object: "Rear right machined split spoke.008", Modifier: "Weighted corner normals", Enable 'Auto Smooth' in Object Data Properties
ERROR (bke.modifier): C:\Users\blender\git\blender-v360\blender.git\source\blender\blenkernel\intern\modifier.cc:460 BKE_modifier_set_error: Object: "Rear left drilled rotor perforation.001", Modifier: "Weighted corner normals", Enable 'Auto Smooth' in Object Data Properties
ERROR (bke.modifier): C:\Users\blender\git\blender-v360\blender.git\source\blender\blenkernel\intern\modifier.cc:460 BKE_modifier_set_error: Object: "Rear right black spoke pocket.007", Modifier: "Weighted corner normals", Enable 'Auto Smooth' in Object Data Properties
ERROR (bke.modifier): C:\Users\blender\git\blender-v360\blender.git\source\blender\blenkernel\intern\modifier.cc:460 BKE_modifier_set_error: Object: "Rear left drilled rotor perforation.004", Modifier: "Weighted corner normals", Enable 'Auto Smooth' in Object Data Properties
ERROR (bke.modifier): C:\Users\blender\git\blender-v360\blender.git\source\blender\blenkernel\intern\modifier.cc:460 BKE_modifier_set_error: Object: "Rear right machined split spoke.007", Modifier: "Weighted corner normals", Enable 'Auto Smooth' in Object Data Properties
ERROR (bke.modifier): C:\Users\blender\git\blender-v360\blender.git\source\blender\blenkernel\intern\modifier.cc:460 BKE_modifier_set_error: Object: "Rear left drilled rotor perforation.005", Modifier: "Weighted corner normals", Enable 'Auto Smooth' in Object Data Properties
ERROR (bke.modifier): C:\Users\blender\git\blender-v360\blender.git\source\blender\blenkernel\intern\modifier.cc:460 BKE_modifier_set_error: Object: "Rear left drilled rotor perforation.006", Modifier: "Weighted corner normals", Enable 'Auto Smooth' in Object Data Properties
ERROR (bke.modifier): C:\Users\blender\git\blender-v360\blender.git\source\blender\blenkernel\intern\modifier.cc:460 BKE_modifier_set_error: Object: "Rear right black spoke pocket.006", Modifier: "Weighted corner normals", Enable 'Auto Smooth' in Object Data Properties
ERROR (bke.modifier): C:\Users\blender\git\blender-v360\blender.git\source\blender\blenkernel\intern\modifier.cc:460 BKE_modifier_set_error: Object: "Rear left drilled rotor perforation.007", Modifier: "Weighted corner normals", Enable 'Auto Smooth' in Object Data Properties
ERROR (bke.modifier): C:\Users\blender\git\blender-v360\blender.git\source\blender\blenkernel\intern\modifier.cc:460 BKE_modifier_set_error: Object: "Rear left drilled rotor perforation.008", Modifier: "Weighted corner normals", Enable 'Auto Smooth' in Object Data Properties
ERROR (bke.modifier): C:\Users\blender\git\blender-v360\blender.git\source\blender\blenkernel\intern\modifier.cc:460 BKE_modifier_set_error: Object: "Rear right machined split spoke.006", Modifier: "Weighted corner normals", Enable 'Auto Smooth' in Object Data Properties
ERROR (bke.modifier): C:\Users\blender\git\blender-v360\blender.git\source\blender\blenkernel\intern\modifier.cc:460 BKE_modifier_set_error: Object: "Rear left drilled rotor perforation.010", Modifier: "Weighted corner normals", Enable 'Auto Smooth' in Object Data Properties
ERROR (bke.modifier): C:\Users\blender\git\blender-v360\blender.git\source\blender\blenkernel\intern\modifier.cc:460 BKE_modifier_set_error: Object: "Rear right black spoke pocket.005", Modifier: "Weighted corner normals", Enable 'Auto Smooth' in Object Data Properties
ERROR (bke.modifier): C:\Users\blender\git\blender-v360\blender.git\source\blender\blenkernel\intern\modifier.cc:460 BKE_modifier_set_error: Object: "Rear left drilled rotor perforation.003", Modifier: "Weighted corner normals", Enable 'Auto Smooth' in Object Data Properties
ERROR (bke.modifier): C:\Users\blender\git\blender-v360\blender.git\source\blender\blenkernel\intern\modifier.cc:460 BKE_modifier_set_error: Object: "Rear left drilled rotor perforation.009", Modifier: "Weighted corner normals", Enable 'Auto Smooth' in Object Data Properties
ERROR (bke.modifier): C:\Users\blender\git\blender-v360\blender.git\source\blender\blenkernel\intern\modifier.cc:460 BKE_modifier_set_error: Object: "Rear right machined split spoke.005", Modifier: "Weighted corner normals", Enable 'Auto Smooth' in Object Data Properties
ERROR (bke.modifier): C:\Users\blender\git\blender-v360\blender.git\source\blender\blenkernel\intern\modifier.cc:460 BKE_modifier_set_error: Object: "Rear left drilled rotor perforation.011", Modifier: "Weighted corner normals", Enable 'Auto Smooth' in Object Data Properties
ERROR (bke.modifier): C:\Users\blender\git\blender-v360\blender.git\source\blender\blenkernel\intern\modifier.cc:460 BKE_modifier_set_error: Object: "Rear left drilled rotor perforation.012", Modifier: "Weighted corner normals", Enable 'Auto Smooth' in Object Data Properties
ERROR (bke.modifier): C:\Users\blender\git\blender-v360\blender.git\source\blender\blenkernel\intern\modifier.cc:460 BKE_modifier_set_error: Object: "Rear right black spoke pocket.004", Modifier: "Weighted corner normals", Enable 'Auto Smooth' in Object Data Properties
ERROR (bke.modifier): C:\Users\blender\git\blender-v360\blender.git\source\blender\blenkernel\intern\modifier.cc:460 BKE_modifier_set_error: Object: "Rear left drilled rotor perforation.013", Modifier: "Weighted corner normals", Enable 'Auto Smooth' in Object Data Properties
ERROR (bke.modifier): C:\Users\blender\git\blender-v360\blender.git\source\blender\blenkernel\intern\modifier.cc:460 BKE_modifier_set_error: Object: "Rear left drilled rotor perforation.014", Modifier: "Weighted corner normals", Enable 'Auto Smooth' in Object Data Properties
ERROR (bke.modifier): C:\Users\blender\git\blender-v360\blender.git\source\blender\blenkernel\intern\modifier.cc:460 BKE_modifier_set_error: Object: "Rear left drilled rotor perforation.015", Modifier: "Weighted corner normals", Enable 'Auto Smooth' in Object Data Properties
ERROR (bke.modifier): C:\Users\blender\git\blender-v360\blender.git\source\blender\blenkernel\intern\modifier.cc:460 BKE_modifier_set_error: Object: "Rear right machined split spoke.004", Modifier: "Weighted corner normals", Enable 'Auto Smooth' in Object Data Properties
ERROR (bke.modifier): C:\Users\blender\git\blender-v360\blender.git\source\blender\blenkernel\intern\modifier.cc:460 BKE_modifier_set_error: Object: "Rear left drilled rotor perforation.016", Modifier: "Weighted corner normals", Enable 'Auto Smooth' in Object Data Properties
ERROR (bke.modifier): C:\Users\blender\git\blender-v360\blender.git\source\blender\blenkernel\intern\modifier.cc:460 BKE_modifier_set_error: Object: "Rear left drilled rotor perforation.017", Modifier: "Weighted corner normals", Enable 'Auto Smooth' in Object Data Properties
ERROR (bke.modifier): C:\Users\blender\git\blender-v360\blender.git\source\blender\blenkernel\intern\modifier.cc:460 BKE_modifier_set_error: Object: "Rear right black spoke pocket.003", Modifier: "Weighted corner normals", Enable 'Auto Smooth' in Object Data Properties
ERROR (bke.modifier): C:\Users\blender\git\blender-v360\blender.git\source\blender\blenkernel\intern\modifier.cc:460 BKE_modifier_set_error: Object: "Rear left drilled rotor perforation.018", Modifier: "Weighted corner normals", Enable 'Auto Smooth' in Object Data Properties
ERROR (bke.modifier): C:\Users\blender\git\blender-v360\blender.git\source\blender\blenkernel\intern\modifier.cc:460 BKE_modifier_set_error: Object: "Rear left drilled rotor perforation.020", Modifier: "Weighted corner normals", Enable 'Auto Smooth' in Object Data Properties
ERROR (bke.modifier): C:\Users\blender\git\blender-v360\blender.git\source\blender\blenkernel\intern\modifier.cc:460 BKE_modifier_set_error: Object: "Rear right machined split spoke.003", Modifier: "Weighted corner normals", Enable 'Auto Smooth' in Object Data Properties
ERROR (bke.modifier): C:\Users\blender\git\blender-v360\blender.git\source\blender\blenkernel\intern\modifier.cc:460 BKE_modifier_set_error: Object: "Rear left drilled rotor perforation.019", Modifier: "Weighted corner normals", Enable 'Auto Smooth' in Object Data Properties
ERROR (bke.modifier): C:\Users\blender\git\blender-v360\blender.git\source\blender\blenkernel\intern\modifier.cc:460 BKE_modifier_set_error: Object: "Rear right black spoke pocket.002", Modifier: "Weighted corner normals", Enable 'Auto Smooth' in Object Data Properties
ERROR (bke.modifier): C:\Users\blender\git\blender-v360\blender.git\source\blender\blenkernel\intern\modifier.cc:460 BKE_modifier_set_error: Object: "Rear left drilled rotor perforation.022", Modifier: "Weighted corner normals", Enable 'Auto Smooth' in Object Data Properties
ERROR (bke.modifier): C:\Users\blender\git\blender-v360\blender.git\source\blender\blenkernel\intern\modifier.cc:460 BKE_modifier_set_error: Object: "Rear left drilled rotor perforation.021", Modifier: "Weighted corner normals", Enable 'Auto Smooth' in Object Data Properties
ERROR (bke.modifier): C:\Users\blender\git\blender-v360\blender.git\source\blender\blenkernel\intern\modifier.cc:460 BKE_modifier_set_error: Object: "Rear left drilled rotor perforation.023", Modifier: "Weighted corner normals", Enable 'Auto Smooth' in Object Data Properties
ERROR (bke.modifier): C:\Users\blender\git\blender-v360\blender.git\source\blender\blenkernel\intern\modifier.cc:460 BKE_modifier_set_error: Object: "Rear right machined split spoke.002", Modifier: "Weighted corner normals", Enable 'Auto Smooth' in Object Data Properties
ERROR (bke.modifier): C:\Users\blender\git\blender-v360\blender.git\source\blender\blenkernel\intern\modifier.cc:460 BKE_modifier_set_error: Object: "Rear right black spoke pocket.001", Modifier: "Weighted corner normals", Enable 'Auto Smooth' in Object Data Properties
ERROR (bke.modifier): C:\Users\blender\git\blender-v360\blender.git\source\blender\blenkernel\intern\modifier.cc:460 BKE_modifier_set_error: Object: "Rear left drilled rotor perforation.026", Modifier: "Weighted corner normals", Enable 'Auto Smooth' in Object Data Properties
ERROR (bke.modifier): C:\Users\blender\git\blender-v360\blender.git\source\blender\blenkernel\intern\modifier.cc:460 BKE_modifier_set_error: Object: "Rear left drilled rotor perforation.025", Modifier: "Weighted corner normals", Enable 'Auto Smooth' in Object Data Properties
ERROR (bke.modifier): C:\Users\blender\git\blender-v360\blender.git\source\blender\blenkernel\intern\modifier.cc:460 BKE_modifier_set_error: Object: "Rear left drilled rotor perforation.024", Modifier: "Weighted corner normals", Enable 'Auto Smooth' in Object Data Properties
ERROR (bke.modifier): C:\Users\blender\git\blender-v360\blender.git\source\blender\blenkernel\intern\modifier.cc:460 BKE_modifier_set_error: Object: "Rear left drilled rotor perforation.027", Modifier: "Weighted corner normals", Enable 'Auto Smooth' in Object Data Properties
ERROR (bke.modifier): C:\Users\blender\git\blender-v360\blender.git\source\blender\blenkernel\intern\modifier.cc:460 BKE_modifier_set_error: Object: "Rear left drilled rotor perforation.030", Modifier: "Weighted corner normals", Enable 'Auto Smooth' in Object Data Properties
ERROR (bke.modifier): C:\Users\blender\git\blender-v360\blender.git\source\blender\blenkernel\intern\modifier.cc:460 BKE_modifier_set_error: Object: "Rear left drilled rotor perforation.031", Modifier: "Weighted corner normals", Enable 'Auto Smooth' in Object Data Properties
ERROR (bke.modifier): C:\Users\blender\git\blender-v360\blender.git\source\blender\blenkernel\intern\modifier.cc:460 BKE_modifier_set_error: Object: "Rear left drilled rotor perforation.032", Modifier: "Weighted corner normals", Enable 'Auto Smooth' in Object Data Properties
ERROR (bke.modifier): C:\Users\blender\git\blender-v360\blender.git\source\blender\blenkernel\intern\modifier.cc:460 BKE_modifier_set_error: Object: "Rear right machined split spoke.001", Modifier: "Weighted corner normals", Enable 'Auto Smooth' in Object Data Properties
ERROR (bke.modifier): C:\Users\blender\git\blender-v360\blender.git\source\blender\blenkernel\intern\modifier.cc:460 BKE_modifier_set_error: Object: "Rear left drilled rotor perforation.029", Modifier: "Weighted corner normals", Enable 'Auto Smooth' in Object Data Properties
ERROR (bke.modifier): C:\Users\blender\git\blender-v360\blender.git\source\blender\blenkernel\intern\modifier.cc:460 BKE_modifier_set_error: Object: "Rear right black spoke pocket", Modifier: "Weighted corner normals", Enable 'Auto Smooth' in Object Data Properties
ERROR (bke.modifier): C:\Users\blender\git\blender-v360\blender.git\source\blender\blenkernel\intern\modifier.cc:460 BKE_modifier_set_error: Object: "Rear left drilled rotor perforation.033", Modifier: "Weighted corner normals", Enable 'Auto Smooth' in Object Data Properties
ERROR (bke.modifier): C:\Users\blender\git\blender-v360\blender.git\source\blender\blenkernel\intern\modifier.cc:460 BKE_modifier_set_error: Object: "Rear left drilled rotor perforation.034", Modifier: "Weighted corner normals", Enable 'Auto Smooth' in Object Data Properties
ERROR (bke.modifier): C:\Users\blender\git\blender-v360\blender.git\source\blender\blenkernel\intern\modifier.cc:460 BKE_modifier_set_error: Object: "Rear right machined split spoke", Modifier: "Weighted corner normals", Enable 'Auto Smooth' in Object Data Properties
ERROR (bke.modifier): C:\Users\blender\git\blender-v360\blender.git\source\blender\blenkernel\intern\modifier.cc:460 BKE_modifier_set_error: Object: "Rear left drilled rotor perforation.028", Modifier: "Weighted corner normals", Enable 'Auto Smooth' in Object Data Properties
ERROR (bke.modifier): C:\Users\blender\git\blender-v360\blender.git\source\blender\blenkernel\intern\modifier.cc:460 BKE_modifier_set_error: Object: "Rear left drilled rotor perforation.035", Modifier: "Weighted corner normals", Enable 'Auto Smooth' in Object Data Properties
ERROR (bke.modifier): C:\Users\blender\git\blender-v360\blender.git\source\blender\blenkernel\intern\modifier.cc:460 BKE_modifier_set_error: Object: "Rear left drilled rotor perforation.036", Modifier: "Weighted corner normals", Enable 'Auto Smooth' in Object Data Properties
ERROR (bke.modifier): C:\Users\blender\git\blender-v360\blender.git\source\blender\blenkernel\intern\modifier.cc:460 BKE_modifier_set_error: Object: "Rear left drilled rotor perforation.037", Modifier: "Weighted corner normals", Enable 'Auto Smooth' in Object Data Properties
ERROR (bke.modifier): C:\Users\blender\git\blender-v360\blender.git\source\blender\blenkernel\intern\modifier.cc:460 BKE_modifier_set_error: Object: "Rear left drilled rotor perforation.038", Modifier: "Weighted corner normals", Enable 'Auto Smooth' in Object Data Properties
ERROR (bke.modifier): C:\Users\blender\git\blender-v360\blender.git\source\blender\blenkernel\intern\modifier.cc:460 BKE_modifier_set_error: Object: "Rear left drilled rotor perforation.039", Modifier: "Weighted corner normals", Enable 'Auto Smooth' in Object Data Properties
ERROR (bke.modifier): C:\Users\blender\git\blender-v360\blender.git\source\blender\blenkernel\intern\modifier.cc:460 BKE_modifier_set_error: Object: "Rear left drilled rotor perforation.041", Modifier: "Weighted corner normals", Enable 'Auto Smooth' in Object Data Properties
ERROR (bke.modifier): C:\Users\blender\git\blender-v360\blender.git\source\blender\blenkernel\intern\modifier.cc:460 BKE_modifier_set_error: Object: "Rear left drilled rotor perforation.040", Modifier: "Weighted corner normals", Enable 'Auto Smooth' in Object Data Properties
ERROR (bke.modifier): C:\Users\blender\git\blender-v360\blender.git\source\blender\blenkernel\intern\modifier.cc:460 BKE_modifier_set_error: Object: "Rear left drilled rotor perforation.042", Modifier: "Weighted corner normals", Enable 'Auto Smooth' in Object Data Properties
ERROR (bke.modifier): C:\Users\blender\git\blender-v360\blender.git\source\blender\blenkernel\intern\modifier.cc:460 BKE_modifier_set_error: Object: "Rear right yellow six-piston caliper", Modifier: "Weighted corner normals", Enable 'Auto Smooth' in Object Data Properties
ERROR (bke.modifier): C:\Users\blender\git\blender-v360\blender.git\source\blender\blenkernel\intern\modifier.cc:460 BKE_modifier_set_error: Object: "Rear left drilled rotor perforation.043", Modifier: "Weighted corner normals", Enable 'Auto Smooth' in Object Data Properties
ERROR (bke.modifier): C:\Users\blender\git\blender-v360\blender.git\source\blender\blenkernel\intern\modifier.cc:460 BKE_modifier_set_error: Object: "Rear left drilled rotor perforation.044", Modifier: "Weighted corner normals", Enable 'Auto Smooth' in Object Data Properties
ERROR (bke.modifier): C:\Users\blender\git\blender-v360\blender.git\source\blender\blenkernel\intern\modifier.cc:460 BKE_modifier_set_error: Object: "Rear left drilled rotor perforation.045", Modifier: "Weighted corner normals", Enable 'Auto Smooth' in Object Data Properties
ERROR (bke.modifier): C:\Users\blender\git\blender-v360\blender.git\source\blender\blenkernel\intern\modifier.cc:460 BKE_modifier_set_error: Object: "Rear left drilled rotor perforation.046", Modifier: "Weighted corner normals", Enable 'Auto Smooth' in Object Data Properties
ERROR (bke.modifier): C:\Users\blender\git\blender-v360\blender.git\source\blender\blenkernel\intern\modifier.cc:460 BKE_modifier_set_error: Object: "Rear left drilled rotor perforation.047", Modifier: "Weighted corner normals", Enable 'Auto Smooth' in Object Data Properties
ERROR (bke.modifier): C:\Users\blender\git\blender-v360\blender.git\source\blender\blenkernel\intern\modifier.cc:460 BKE_modifier_set_error: Object: "Rear left drilled rotor perforation.048", Modifier: "Weighted corner normals", Enable 'Auto Smooth' in Object Data Properties
ERROR (bke.modifier): C:\Users\blender\git\blender-v360\blender.git\source\blender\blenkernel\intern\modifier.cc:460 BKE_modifier_set_error: Object: "Rear left drilled rotor perforation.049", Modifier: "Weighted corner normals", Enable 'Auto Smooth' in Object Data Properties
ERROR (bke.modifier): C:\Users\blender\git\blender-v360\blender.git\source\blender\blenkernel\intern\modifier.cc:460 BKE_modifier_set_error: Object: "Rear left drilled rotor perforation.050", Modifier: "Weighted corner normals", Enable 'Auto Smooth' in Object Data Properties
ERROR (bke.modifier): C:\Users\blender\git\blender-v360\blender.git\source\blender\blenkernel\intern\modifier.cc:460 BKE_modifier_set_error: Object: "Rear left drilled rotor perforation.051", Modifier: "Weighted corner normals", Enable 'Auto Smooth' in Object Data Properties
ERROR (bke.modifier): C:\Users\blender\git\blender-v360\blender.git\source\blender\blenkernel\intern\modifier.cc:460 BKE_modifier_set_error: Object: "Rear left drilled rotor perforation.052", Modifier: "Weighted corner normals", Enable 'Auto Smooth' in Object Data Properties
ERROR (bke.modifier): C:\Users\blender\git\blender-v360\blender.git\source\blender\blenkernel\intern\modifier.cc:460 BKE_modifier_set_error: Object: "Rear left drilled rotor perforation.053", Modifier: "Weighted corner normals", Enable 'Auto Smooth' in Object Data Properties
ERROR (bke.modifier): C:\Users\blender\git\blender-v360\blender.git\source\blender\blenkernel\intern\modifier.cc:460 BKE_modifier_set_error: Object: "Rear left drilled rotor perforation.054", Modifier: "Weighted corner normals", Enable 'Auto Smooth' in Object Data Properties
ERROR (bke.modifier): C:\Users\blender\git\blender-v360\blender.git\source\blender\blenkernel\intern\modifier.cc:460 BKE_modifier_set_error: Object: "Rear left drilled rotor perforation.055", Modifier: "Weighted corner normals", Enable 'Auto Smooth' in Object Data Properties
ERROR (bke.modifier): C:\Users\blender\git\blender-v360\blender.git\source\blender\blenkernel\intern\modifier.cc:460 BKE_modifier_set_error: Object: "Rear right brake disc bell", Modifier: "Weighted corner normals", Enable 'Auto Smooth' in Object Data Properties
ERROR (bke.modifier): C:\Users\blender\git\blender-v360\blender.git\source\blender\blenkernel\intern\modifier.cc:460 BKE_modifier_set_error: Object: "Rear left drilled rotor perforation.057", Modifier: "Weighted corner normals", Enable 'Auto Smooth' in Object Data Properties
ERROR (bke.modifier): C:\Users\blender\git\blender-v360\blender.git\source\blender\blenkernel\intern\modifier.cc:460 BKE_modifier_set_error: Object: "Rear left drilled rotor perforation.058", Modifier: "Weighted corner normals", Enable 'Auto Smooth' in Object Data Properties
ERROR (bke.modifier): C:\Users\blender\git\blender-v360\blender.git\source\blender\blenkernel\intern\modifier.cc:460 BKE_modifier_set_error: Object: "Rear left drilled rotor perforation.059", Modifier: "Weighted corner normals", Enable 'Auto Smooth' in Object Data Properties
ERROR (bke.modifier): C:\Users\blender\git\blender-v360\blender.git\source\blender\blenkernel\intern\modifier.cc:460 BKE_modifier_set_error: Object: "Rear left drilled rotor perforation.060", Modifier: "Weighted corner normals", Enable 'Auto Smooth' in Object Data Properties
ERROR (bke.modifier): C:\Users\blender\git\blender-v360\blender.git\source\blender\blenkernel\intern\modifier.cc:460 BKE_modifier_set_error: Object: "Rear left drilled rotor perforation.056", Modifier: "Weighted corner normals", Enable 'Auto Smooth' in Object Data Properties
ERROR (bke.modifier): C:\Users\blender\git\blender-v360\blender.git\source\blender\blenkernel\intern\modifier.cc:460 BKE_modifier_set_error: Object: "Rear right drilled rotor perforation.071", Modifier: "Weighted corner normals", Enable 'Auto Smooth' in Object Data Properties
ERROR (bke.modifier): C:\Users\blender\git\blender-v360\blender.git\source\blender\blenkernel\intern\modifier.cc:460 BKE_modifier_set_error: Object: "Rear left drilled rotor perforation.062", Modifier: "Weighted corner normals", Enable 'Auto Smooth' in Object Data Properties
ERROR (bke.modifier): C:\Users\blender\git\blender-v360\blender.git\source\blender\blenkernel\intern\modifier.cc:460 BKE_modifier_set_error: Object: "Rear left drilled rotor perforation.061", Modifier: "Weighted corner normals", Enable 'Auto Smooth' in Object Data Properties
ERROR (bke.modifier): C:\Users\blender\git\blender-v360\blender.git\source\blender\blenkernel\intern\modifier.cc:460 BKE_modifier_set_error: Object: "Rear left drilled rotor perforation.065", Modifier: "Weighted corner normals", Enable 'Auto Smooth' in Object Data Properties
ERROR (bke.modifier): C:\Users\blender\git\blender-v360\blender.git\source\blender\blenkernel\intern\modifier.cc:460 BKE_modifier_set_error: Object: "Rear left drilled rotor perforation.064", Modifier: "Weighted corner normals", Enable 'Auto Smooth' in Object Data Properties
ERROR (bke.modifier): C:\Users\blender\git\blender-v360\blender.git\source\blender\blenkernel\intern\modifier.cc:460 BKE_modifier_set_error: Object: "Rear right drilled rotor perforation.070", Modifier: "Weighted corner normals", Enable 'Auto Smooth' in Object Data Properties
ERROR (bke.modifier): C:\Users\blender\git\blender-v360\blender.git\source\blender\blenkernel\intern\modifier.cc:460 BKE_modifier_set_error: Object: "Rear left drilled rotor perforation.063", Modifier: "Weighted corner normals", Enable 'Auto Smooth' in Object Data Properties
ERROR (bke.modifier): C:\Users\blender\git\blender-v360\blender.git\source\blender\blenkernel\intern\modifier.cc:460 BKE_modifier_set_error: Object: "Rear left drilled rotor perforation.066", Modifier: "Weighted corner normals", Enable 'Auto Smooth' in Object Data Properties
ERROR (bke.modifier): C:\Users\blender\git\blender-v360\blender.git\source\blender\blenkernel\intern\modifier.cc:460 BKE_modifier_set_error: Object: "Rear left drilled rotor perforation.068", Modifier: "Weighted corner normals", Enable 'Auto Smooth' in Object Data Properties
ERROR (bke.modifier): C:\Users\blender\git\blender-v360\blender.git\source\blender\blenkernel\intern\modifier.cc:460 BKE_modifier_set_error: Object: "Rear left drilled rotor perforation.069", Modifier: "Weighted corner normals", Enable 'Auto Smooth' in Object Data Properties
ERROR (bke.modifier): C:\Users\blender\git\blender-v360\blender.git\source\blender\blenkernel\intern\modifier.cc:460 BKE_modifier_set_error: Object: "Rear right drilled rotor perforation.069", Modifier: "Weighted corner normals", Enable 'Auto Smooth' in Object Data Properties
ERROR (bke.modifier): C:\Users\blender\git\blender-v360\blender.git\source\blender\blenkernel\intern\modifier.cc:460 BKE_modifier_set_error: Object: "Rear left drilled rotor perforation.067", Modifier: "Weighted corner normals", Enable 'Auto Smooth' in Object Data Properties
ERROR (bke.modifier): C:\Users\blender\git\blender-v360\blender.git\source\blender\blenkernel\intern\modifier.cc:460 BKE_modifier_set_error: Object: "Rear left drilled rotor perforation.070", Modifier: "Weighted corner normals", Enable 'Auto Smooth' in Object Data Properties
ERROR (bke.modifier): C:\Users\blender\git\blender-v360\blender.git\source\blender\blenkernel\intern\modifier.cc:460 BKE_modifier_set_error: Object: "Rear left drilled rotor perforation.071", Modifier: "Weighted corner normals", Enable 'Auto Smooth' in Object Data Properties
ERROR (bke.modifier): C:\Users\blender\git\blender-v360\blender.git\source\blender\blenkernel\intern\modifier.cc:460 BKE_modifier_set_error: Object: "Rear left yellow six-piston caliper", Modifier: "Weighted corner normals", Enable 'Auto Smooth' in Object Data Properties
ERROR (bke.modifier): C:\Users\blender\git\blender-v360\blender.git\source\blender\blenkernel\intern\modifier.cc:460 BKE_modifier_set_error: Object: "Rear right drilled rotor perforation.068", Modifier: "Weighted corner normals", Enable 'Auto Smooth' in Object Data Properties
ERROR (bke.modifier): C:\Users\blender\git\blender-v360\blender.git\source\blender\blenkernel\intern\modifier.cc:460 BKE_modifier_set_error: Object: "Rear left machined split spoke", Modifier: "Weighted corner normals", Enable 'Auto Smooth' in Object Data Properties
ERROR (bke.modifier): C:\Users\blender\git\blender-v360\blender.git\source\blender\blenkernel\intern\modifier.cc:460 BKE_modifier_set_error: Object: "Rear left black spoke pocket", Modifier: "Weighted corner normals", Enable 'Auto Smooth' in Object Data Properties
ERROR (bke.modifier): C:\Users\blender\git\blender-v360\blender.git\source\blender\blenkernel\intern\modifier.cc:460 BKE_modifier_set_error: Object: "Rear right drilled rotor perforation.067", Modifier: "Weighted corner normals", Enable 'Auto Smooth' in Object Data Properties
ERROR (bke.modifier): C:\Users\blender\git\blender-v360\blender.git\source\blender\blenkernel\intern\modifier.cc:460 BKE_modifier_set_error: Object: "Rear left machined split spoke.001", Modifier: "Weighted corner normals", Enable 'Auto Smooth' in Object Data Properties
ERROR (bke.modifier): C:\Users\blender\git\blender-v360\blender.git\source\blender\blenkernel\intern\modifier.cc:460 BKE_modifier_set_error: Object: "Rear right drilled rotor perforation.066", Modifier: "Weighted corner normals", Enable 'Auto Smooth' in Object Data Properties
ERROR (bke.modifier): C:\Users\blender\git\blender-v360\blender.git\source\blender\blenkernel\intern\modifier.cc:460 BKE_modifier_set_error: Object: "Rear right drilled rotor perforation.065", Modifier: "Weighted corner normals", Enable 'Auto Smooth' in Object Data Properties
ERROR (bke.modifier): C:\Users\blender\git\blender-v360\blender.git\source\blender\blenkernel\intern\modifier.cc:460 BKE_modifier_set_error: Object: "Rear right drilled rotor perforation.064", Modifier: "Weighted corner normals", Enable 'Auto Smooth' in Object Data Properties
ERROR (bke.modifier): C:\Users\blender\git\blender-v360\blender.git\source\blender\blenkernel\intern\modifier.cc:460 BKE_modifier_set_error: Object: "Rear left brake disc bell", Modifier: "Weighted corner normals", Enable 'Auto Smooth' in Object Data Properties
ERROR (bke.modifier): C:\Users\blender\git\blender-v360\blender.git\source\blender\blenkernel\intern\modifier.cc:460 BKE_modifier_set_error: Object: "Rear right drilled rotor perforation.063", Modifier: "Weighted corner normals", Enable 'Auto Smooth' in Object Data Properties
ERROR (bke.modifier): C:\Users\blender\git\blender-v360\blender.git\source\blender\blenkernel\intern\modifier.cc:460 BKE_modifier_set_error: Object: "Rear left black spoke pocket.001", Modifier: "Weighted corner normals", Enable 'Auto Smooth' in Object Data Properties
ERROR (bke.modifier): C:\Users\blender\git\blender-v360\blender.git\source\blender\blenkernel\intern\modifier.cc:460 BKE_modifier_set_error: Object: "Rear right drilled rotor perforation.062", Modifier: "Weighted corner normals", Enable 'Auto Smooth' in Object Data Properties
ERROR (bke.modifier): C:\Users\blender\git\blender-v360\blender.git\source\blender\blenkernel\intern\modifier.cc:460 BKE_modifier_set_error: Object: "Rear left machined split spoke.002", Modifier: "Weighted corner normals", Enable 'Auto Smooth' in Object Data Properties
ERROR (bke.modifier): C:\Users\blender\git\blender-v360\blender.git\source\blender\blenkernel\intern\modifier.cc:460 BKE_modifier_set_error: Object: "Rear right drilled rotor perforation.061", Modifier: "Weighted corner normals", Enable 'Auto Smooth' in Object Data Properties
ERROR (bke.modifier): C:\Users\blender\git\blender-v360\blender.git\source\blender\blenkernel\intern\modifier.cc:460 BKE_modifier_set_error: Object: "Rear right drilled rotor perforation.060", Modifier: "Weighted corner normals", Enable 'Auto Smooth' in Object Data Properties
ERROR (bke.modifier): C:\Users\blender\git\blender-v360\blender.git\source\blender\blenkernel\intern\modifier.cc:460 BKE_modifier_set_error: Object: "Rear left black spoke pocket.002", Modifier: "Weighted corner normals", Enable 'Auto Smooth' in Object Data Properties
ERROR (bke.modifier): C:\Users\blender\git\blender-v360\blender.git\source\blender\blenkernel\intern\modifier.cc:460 BKE_modifier_set_error: Object: "Rear right drilled rotor perforation.059", Modifier: "Weighted corner normals", Enable 'Auto Smooth' in Object Data Properties
ERROR (bke.modifier): C:\Users\blender\git\blender-v360\blender.git\source\blender\blenkernel\intern\modifier.cc:460 BKE_modifier_set_error: Object: "Rear left black spoke pocket.003", Modifier: "Weighted corner normals", Enable 'Auto Smooth' in Object Data Properties
ERROR (bke.modifier): C:\Users\blender\git\blender-v360\blender.git\source\blender\blenkernel\intern\modifier.cc:460 BKE_modifier_set_error: Object: "Rear left machined split spoke.003", Modifier: "Weighted corner normals", Enable 'Auto Smooth' in Object Data Properties
ERROR (bke.modifier): C:\Users\blender\git\blender-v360\blender.git\source\blender\blenkernel\intern\modifier.cc:460 BKE_modifier_set_error: Object: "Rear right drilled rotor perforation.058", Modifier: "Weighted corner normals", Enable 'Auto Smooth' in Object Data Properties
ERROR (bke.modifier): C:\Users\blender\git\blender-v360\blender.git\source\blender\blenkernel\intern\modifier.cc:460 BKE_modifier_set_error: Object: "Rear left machined split spoke.004", Modifier: "Weighted corner normals", Enable 'Auto Smooth' in Object Data Properties
ERROR (bke.modifier): C:\Users\blender\git\blender-v360\blender.git\source\blender\blenkernel\intern\modifier.cc:460 BKE_modifier_set_error: Object: "Rear left black spoke pocket.004", Modifier: "Weighted corner normals", Enable 'Auto Smooth' in Object Data Properties
ERROR (bke.modifier): C:\Users\blender\git\blender-v360\blender.git\source\blender\blenkernel\intern\modifier.cc:460 BKE_modifier_set_error: Object: "Rear right drilled rotor perforation.057", Modifier: "Weighted corner normals", Enable 'Auto Smooth' in Object Data Properties
ERROR (bke.modifier): C:\Users\blender\git\blender-v360\blender.git\source\blender\blenkernel\intern\modifier.cc:460 BKE_modifier_set_error: Object: "Rear right drilled rotor perforation.056", Modifier: "Weighted corner normals", Enable 'Auto Smooth' in Object Data Properties
ERROR (bke.modifier): C:\Users\blender\git\blender-v360\blender.git\source\blender\blenkernel\intern\modifier.cc:460 BKE_modifier_set_error: Object: "Rear left black spoke pocket.005", Modifier: "Weighted corner normals", Enable 'Auto Smooth' in Object Data Properties
ERROR (bke.modifier): C:\Users\blender\git\blender-v360\blender.git\source\blender\blenkernel\intern\modifier.cc:460 BKE_modifier_set_error: Object: "Rear left machined split spoke.005", Modifier: "Weighted corner normals", Enable 'Auto Smooth' in Object Data Properties
ERROR (bke.modifier): C:\Users\blender\git\blender-v360\blender.git\source\blender\blenkernel\intern\modifier.cc:460 BKE_modifier_set_error: Object: "Rear right drilled rotor perforation.055", Modifier: "Weighted corner normals", Enable 'Auto Smooth' in Object Data Properties
ERROR (bke.modifier): C:\Users\blender\git\blender-v360\blender.git\source\blender\blenkernel\intern\modifier.cc:460 BKE_modifier_set_error: Object: "Rear right drilled rotor perforation.054", Modifier: "Weighted corner normals", Enable 'Auto Smooth' in Object Data Properties
ERROR (bke.modifier): C:\Users\blender\git\blender-v360\blender.git\source\blender\blenkernel\intern\modifier.cc:460 BKE_modifier_set_error: Object: "Rear left black spoke pocket.006", Modifier: "Weighted corner normals", Enable 'Auto Smooth' in Object Data Properties
ERROR (bke.modifier): C:\Users\blender\git\blender-v360\blender.git\source\blender\blenkernel\intern\modifier.cc:460 BKE_modifier_set_error: Object: "Rear left machined split spoke.006", Modifier: "Weighted corner normals", Enable 'Auto Smooth' in Object Data Properties
ERROR (bke.modifier): C:\Users\blender\git\blender-v360\blender.git\source\blender\blenkernel\intern\modifier.cc:460 BKE_modifier_set_error: Object: "Rear right drilled rotor perforation.053", Modifier: "Weighted corner normals", Enable 'Auto Smooth' in Object Data Properties
ERROR (bke.modifier): C:\Users\blender\git\blender-v360\blender.git\source\blender\blenkernel\intern\modifier.cc:460 BKE_modifier_set_error: Object: "Rear left machined split spoke.007", Modifier: "Weighted corner normals", Enable 'Auto Smooth' in Object Data Properties
ERROR (bke.modifier): C:\Users\blender\git\blender-v360\blender.git\source\blender\blenkernel\intern\modifier.cc:460 BKE_modifier_set_error: Object: "Rear right drilled rotor perforation.052", Modifier: "Weighted corner normals", Enable 'Auto Smooth' in Object Data Properties
ERROR (bke.modifier): C:\Users\blender\git\blender-v360\blender.git\source\blender\blenkernel\intern\modifier.cc:460 BKE_modifier_set_error: Object: "Rear left black spoke pocket.007", Modifier: "Weighted corner normals", Enable 'Auto Smooth' in Object Data Properties
ERROR (bke.modifier): C:\Users\blender\git\blender-v360\blender.git\source\blender\blenkernel\intern\modifier.cc:460 BKE_modifier_set_error: Object: "Rear left machined split spoke.008", Modifier: "Weighted corner normals", Enable 'Auto Smooth' in Object Data Properties
ERROR (bke.modifier): C:\Users\blender\git\blender-v360\blender.git\source\blender\blenkernel\intern\modifier.cc:460 BKE_modifier_set_error: Object: "Rear left black spoke pocket.008", Modifier: "Weighted corner normals", Enable 'Auto Smooth' in Object Data Properties
ERROR (bke.modifier): C:\Users\blender\git\blender-v360\blender.git\source\blender\blenkernel\intern\modifier.cc:460 BKE_modifier_set_error: Object: "Rear right drilled rotor perforation.051", Modifier: "Weighted corner normals", Enable 'Auto Smooth' in Object Data Properties
ERROR (bke.modifier): C:\Users\blender\git\blender-v360\blender.git\source\blender\blenkernel\intern\modifier.cc:460 BKE_modifier_set_error: Object: "Rear left black spoke pocket.009", Modifier: "Weighted corner normals", Enable 'Auto Smooth' in Object Data Properties
ERROR (bke.modifier): C:\Users\blender\git\blender-v360\blender.git\source\blender\blenkernel\intern\modifier.cc:460 BKE_modifier_set_error: Object: "Rear left machined split spoke.009", Modifier: "Weighted corner normals", Enable 'Auto Smooth' in Object Data Properties
ERROR (bke.modifier): C:\Users\blender\git\blender-v360\blender.git\source\blender\blenkernel\intern\modifier.cc:460 BKE_modifier_set_error: Object: "Rear right drilled rotor perforation.050", Modifier: "Weighted corner normals", Enable 'Auto Smooth' in Object Data Properties
ERROR (bke.modifier): C:\Users\blender\git\blender-v360\blender.git\source\blender\blenkernel\intern\modifier.cc:460 BKE_modifier_set_error: Object: "Rear right drilled rotor perforation.049", Modifier: "Weighted corner normals", Enable 'Auto Smooth' in Object Data Properties
ERROR (bke.modifier): C:\Users\blender\git\blender-v360\blender.git\source\blender\blenkernel\intern\modifier.cc:460 BKE_modifier_set_error: Object: "Rear left titanium lug nut", Modifier: "Weighted corner normals", Enable 'Auto Smooth' in Object Data Properties
ERROR (bke.modifier): C:\Users\blender\git\blender-v360\blender.git\source\blender\blenkernel\intern\modifier.cc:460 BKE_modifier_set_error: Object: "Rear right drilled rotor perforation.048", Modifier: "Weighted corner normals", Enable 'Auto Smooth' in Object Data Properties
ERROR (bke.modifier): C:\Users\blender\git\blender-v360\blender.git\source\blender\blenkernel\intern\modifier.cc:460 BKE_modifier_set_error: Object: "Rear left titanium lug nut.001", Modifier: "Weighted corner normals", Enable 'Auto Smooth' in Object Data Properties
ERROR (bke.modifier): C:\Users\blender\git\blender-v360\blender.git\source\blender\blenkernel\intern\modifier.cc:460 BKE_modifier_set_error: Object: "Rear right drilled rotor perforation.047", Modifier: "Weighted corner normals", Enable 'Auto Smooth' in Object Data Properties
ERROR (bke.modifier): C:\Users\blender\git\blender-v360\blender.git\source\blender\blenkernel\intern\modifier.cc:460 BKE_modifier_set_error: Object: "Rear left center hub", Modifier: "Weighted corner normals", Enable 'Auto Smooth' in Object Data Properties
ERROR (bke.modifier): C:\Users\blender\git\blender-v360\blender.git\source\blender\blenkernel\intern\modifier.cc:460 BKE_modifier_set_error: Object: "Rear left titanium lug nut.002", Modifier: "Weighted corner normals", Enable 'Auto Smooth' in Object Data Properties
ERROR (bke.modifier): C:\Users\blender\git\blender-v360\blender.git\source\blender\blenkernel\intern\modifier.cc:460 BKE_modifier_set_error: Object: "Rear right drilled rotor perforation.046", Modifier: "Weighted corner normals", Enable 'Auto Smooth' in Object Data Properties
ERROR (bke.modifier): C:\Users\blender\git\blender-v360\blender.git\source\blender\blenkernel\intern\modifier.cc:460 BKE_modifier_set_error: Object: "Rear left titanium lug nut.004", Modifier: "Weighted corner normals", Enable 'Auto Smooth' in Object Data Properties
ERROR (bke.modifier): C:\Users\blender\git\blender-v360\blender.git\source\blender\blenkernel\intern\modifier.cc:460 BKE_modifier_set_error: Object: "Rear left titanium lug nut.003", Modifier: "Weighted corner normals", Enable 'Auto Smooth' in Object Data Properties
ERROR (bke.modifier): C:\Users\blender\git\blender-v360\blender.git\source\blender\blenkernel\intern\modifier.cc:460 BKE_modifier_set_error: Object: "Rear right drilled rotor perforation.045", Modifier: "Weighted corner normals", Enable 'Auto Smooth' in Object Data Properties
ERROR (bke.modifier): C:\Users\blender\git\blender-v360\blender.git\source\blender\blenkernel\intern\modifier.cc:460 BKE_modifier_set_error: Object: "Rear left tire valve", Modifier: "Weighted corner normals", Enable 'Auto Smooth' in Object Data Properties
ERROR (bke.modifier): C:\Users\blender\git\blender-v360\blender.git\source\blender\blenkernel\intern\modifier.cc:460 BKE_modifier_set_error: Object: "Rear right drilled rotor perforation.044", Modifier: "Weighted corner normals", Enable 'Auto Smooth' in Object Data Properties
ERROR (bke.modifier): C:\Users\blender\git\blender-v360\blender.git\source\blender\blenkernel\intern\modifier.cc:460 BKE_modifier_set_error: Object: "Rear right drilled rotor perforation.043", Modifier: "Weighted corner normals", Enable 'Auto Smooth' in Object Data Properties
ERROR (bke.modifier): C:\Users\blender\git\blender-v360\blender.git\source\blender\blenkernel\intern\modifier.cc:460 BKE_modifier_set_error: Object: "Rear right drilled rotor perforation.042", Modifier: "Weighted corner normals", Enable 'Auto Smooth' in Object Data Properties
ERROR (bke.modifier): C:\Users\blender\git\blender-v360\blender.git\source\blender\blenkernel\intern\modifier.cc:460 BKE_modifier_set_error: Object: "Rear right drilled rotor perforation.041", Modifier: "Weighted corner normals", Enable 'Auto Smooth' in Object Data Properties
ERROR (bke.modifier): C:\Users\blender\git\blender-v360\blender.git\source\blender\blenkernel\intern\modifier.cc:460 BKE_modifier_set_error: Object: "Rear right drilled rotor perforation.040", Modifier: "Weighted corner normals", Enable 'Auto Smooth' in Object Data Properties
ERROR (bke.modifier): C:\Users\blender\git\blender-v360\blender.git\source\blender\blenkernel\intern\modifier.cc:460 BKE_modifier_set_error: Object: "Rear right drilled rotor perforation.039", Modifier: "Weighted corner normals", Enable 'Auto Smooth' in Object Data Properties
ERROR (bke.modifier): C:\Users\blender\git\blender-v360\blender.git\source\blender\blenkernel\intern\modifier.cc:460 BKE_modifier_set_error: Object: "Rear right drilled rotor perforation.038", Modifier: "Weighted corner normals", Enable 'Auto Smooth' in Object Data Properties
ERROR (bke.modifier): C:\Users\blender\git\blender-v360\blender.git\source\blender\blenkernel\intern\modifier.cc:460 BKE_modifier_set_error: Object: "Rear right drilled rotor perforation", Modifier: "Weighted corner normals", Enable 'Auto Smooth' in Object Data Properties
ERROR (bke.modifier): C:\Users\blender\git\blender-v360\blender.git\source\blender\blenkernel\intern\modifier.cc:460 BKE_modifier_set_error: Object: "Rear right drilled rotor perforation.002", Modifier: "Weighted corner normals", Enable 'Auto Smooth' in Object Data Properties
ERROR (bke.modifier): C:\Users\blender\git\blender-v360\blender.git\source\blender\blenkernel\intern\modifier.cc:460 BKE_modifier_set_error: Object: "Rear right brake rotor", Modifier: "Weighted corner normals", Enable 'Auto Smooth' in Object Data Properties
ERROR (bke.modifier): C:\Users\blender\git\blender-v360\blender.git\source\blender\blenkernel\intern\modifier.cc:460 BKE_modifier_set_error: Object: "Rear right drilled rotor perforation.001", Modifier: "Weighted corner normals", Enable 'Auto Smooth' in Object Data Properties
ERROR (bke.modifier): C:\Users\blender\git\blender-v360\blender.git\source\blender\blenkernel\intern\modifier.cc:460 BKE_modifier_set_error: Object: "Rear right drilled rotor perforation.037", Modifier: "Weighted corner normals", Enable 'Auto Smooth' in Object Data Properties
ERROR (bke.modifier): C:\Users\blender\git\blender-v360\blender.git\source\blender\blenkernel\intern\modifier.cc:460 BKE_modifier_set_error: Object: "Rear right drilled rotor perforation.004", Modifier: "Weighted corner normals", Enable 'Auto Smooth' in Object Data Properties
ERROR (bke.modifier): C:\Users\blender\git\blender-v360\blender.git\source\blender\blenkernel\intern\modifier.cc:460 BKE_modifier_set_error: Object: "Rear right drilled rotor perforation.003", Modifier: "Weighted corner normals", Enable 'Auto Smooth' in Object Data Properties
ERROR (bke.modifier): C:\Users\blender\git\blender-v360\blender.git\source\blender\blenkernel\intern\modifier.cc:460 BKE_modifier_set_error: Object: "Rear right drilled rotor perforation.005", Modifier: "Weighted corner normals", Enable 'Auto Smooth' in Object Data Properties
ERROR (bke.modifier): C:\Users\blender\git\blender-v360\blender.git\source\blender\blenkernel\intern\modifier.cc:460 BKE_modifier_set_error: Object: "Rear right drilled rotor perforation.007", Modifier: "Weighted corner normals", Enable 'Auto Smooth' in Object Data Properties
ERROR (bke.modifier): C:\Users\blender\git\blender-v360\blender.git\source\blender\blenkernel\intern\modifier.cc:460 BKE_modifier_set_error: Object: "Rear right drilled rotor perforation.036", Modifier: "Weighted corner normals", Enable 'Auto Smooth' in Object Data Properties
ERROR (bke.modifier): C:\Users\blender\git\blender-v360\blender.git\source\blender\blenkernel\intern\modifier.cc:460 BKE_modifier_set_error: Object: "Rear right drilled rotor perforation.006", Modifier: "Weighted corner normals", Enable 'Auto Smooth' in Object Data Properties
ERROR (bke.modifier): C:\Users\blender\git\blender-v360\blender.git\source\blender\blenkernel\intern\modifier.cc:460 BKE_modifier_set_error: Object: "Rear right drilled rotor perforation.008", Modifier: "Weighted corner normals", Enable 'Auto Smooth' in Object Data Properties
ERROR (bke.modifier): C:\Users\blender\git\blender-v360\blender.git\source\blender\blenkernel\intern\modifier.cc:460 BKE_modifier_set_error: Object: "Rear right drilled rotor perforation.009", Modifier: "Weighted corner normals", Enable 'Auto Smooth' in Object Data Properties
ERROR (bke.modifier): C:\Users\blender\git\blender-v360\blender.git\source\blender\blenkernel\intern\modifier.cc:460 BKE_modifier_set_error: Object: "Rear right drilled rotor perforation.010", Modifier: "Weighted corner normals", Enable 'Auto Smooth' in Object Data Properties
ERROR (bke.modifier): C:\Users\blender\git\blender-v360\blender.git\source\blender\blenkernel\intern\modifier.cc:460 BKE_modifier_set_error: Object: "Rear right drilled rotor perforation.035", Modifier: "Weighted corner normals", Enable 'Auto Smooth' in Object Data Properties
ERROR (bke.modifier): C:\Users\blender\git\blender-v360\blender.git\source\blender\blenkernel\intern\modifier.cc:460 BKE_modifier_set_error: Object: "Rear right drilled rotor perforation.012", Modifier: "Weighted corner normals", Enable 'Auto Smooth' in Object Data Properties
ERROR (bke.modifier): C:\Users\blender\git\blender-v360\blender.git\source\blender\blenkernel\intern\modifier.cc:460 BKE_modifier_set_error: Object: "Rear right drilled rotor perforation.013", Modifier: "Weighted corner normals", Enable 'Auto Smooth' in Object Data Properties
ERROR (bke.modifier): C:\Users\blender\git\blender-v360\blender.git\source\blender\blenkernel\intern\modifier.cc:460 BKE_modifier_set_error: Object: "Rear right drilled rotor perforation.034", Modifier: "Weighted corner normals", Enable 'Auto Smooth' in Object Data Properties
ERROR (bke.modifier): C:\Users\blender\git\blender-v360\blender.git\source\blender\blenkernel\intern\modifier.cc:460 BKE_modifier_set_error: Object: "Rear right drilled rotor perforation.011", Modifier: "Weighted corner normals", Enable 'Auto Smooth' in Object Data Properties
ERROR (bke.modifier): C:\Users\blender\git\blender-v360\blender.git\source\blender\blenkernel\intern\modifier.cc:460 BKE_modifier_set_error: Object: "Rear right drilled rotor perforation.015", Modifier: "Weighted corner normals", Enable 'Auto Smooth' in Object Data Properties
ERROR (bke.modifier): C:\Users\blender\git\blender-v360\blender.git\source\blender\blenkernel\intern\modifier.cc:460 BKE_modifier_set_error: Object: "Rear right drilled rotor perforation.014", Modifier: "Weighted corner normals", Enable 'Auto Smooth' in Object Data Properties
ERROR (bke.modifier): C:\Users\blender\git\blender-v360\blender.git\source\blender\blenkernel\intern\modifier.cc:460 BKE_modifier_set_error: Object: "Rear right drilled rotor perforation.016", Modifier: "Weighted corner normals", Enable 'Auto Smooth' in Object Data Properties
ERROR (bke.modifier): C:\Users\blender\git\blender-v360\blender.git\source\blender\blenkernel\intern\modifier.cc:460 BKE_modifier_set_error: Object: "Rear right drilled rotor perforation.017", Modifier: "Weighted corner normals", Enable 'Auto Smooth' in Object Data Properties
ERROR (bke.modifier): C:\Users\blender\git\blender-v360\blender.git\source\blender\blenkernel\intern\modifier.cc:460 BKE_modifier_set_error: Object: "Rear right drilled rotor perforation.033", Modifier: "Weighted corner normals", Enable 'Auto Smooth' in Object Data Properties
ERROR (bke.modifier): C:\Users\blender\git\blender-v360\blender.git\source\blender\blenkernel\intern\modifier.cc:460 BKE_modifier_set_error: Object: "Rear right drilled rotor perforation.018", Modifier: "Weighted corner normals", Enable 'Auto Smooth' in Object Data Properties
ERROR (bke.modifier): C:\Users\blender\git\blender-v360\blender.git\source\blender\blenkernel\intern\modifier.cc:460 BKE_modifier_set_error: Object: "Rear right drilled rotor perforation.019", Modifier: "Weighted corner normals", Enable 'Auto Smooth' in Object Data Properties
ERROR (bke.modifier): C:\Users\blender\git\blender-v360\blender.git\source\blender\blenkernel\intern\modifier.cc:460 BKE_modifier_set_error: Object: "Rear right drilled rotor perforation.021", Modifier: "Weighted corner normals", Enable 'Auto Smooth' in Object Data Properties
ERROR (bke.modifier): C:\Users\blender\git\blender-v360\blender.git\source\blender\blenkernel\intern\modifier.cc:460 BKE_modifier_set_error: Object: "Rear right drilled rotor perforation.022", Modifier: "Weighted corner normals", Enable 'Auto Smooth' in Object Data Properties
ERROR (bke.modifier): C:\Users\blender\git\blender-v360\blender.git\source\blender\blenkernel\intern\modifier.cc:460 BKE_modifier_set_error: Object: "Rear right drilled rotor perforation.032", Modifier: "Weighted corner normals", Enable 'Auto Smooth' in Object Data Properties
ERROR (bke.modifier): C:\Users\blender\git\blender-v360\blender.git\source\blender\blenkernel\intern\modifier.cc:460 BKE_modifier_set_error: Object: "Rear right drilled rotor perforation.020", Modifier: "Weighted corner normals", Enable 'Auto Smooth' in Object Data Properties
ERROR (bke.modifier): C:\Users\blender\git\blender-v360\blender.git\source\blender\blenkernel\intern\modifier.cc:460 BKE_modifier_set_error: Object: "Rear right drilled rotor perforation.023", Modifier: "Weighted corner normals", Enable 'Auto Smooth' in Object Data Properties
ERROR (bke.modifier): C:\Users\blender\git\blender-v360\blender.git\source\blender\blenkernel\intern\modifier.cc:460 BKE_modifier_set_error: Object: "Rear right drilled rotor perforation.024", Modifier: "Weighted corner normals", Enable 'Auto Smooth' in Object Data Properties
ERROR (bke.modifier): C:\Users\blender\git\blender-v360\blender.git\source\blender\blenkernel\intern\modifier.cc:460 BKE_modifier_set_error: Object: "Rear right drilled rotor perforation.031", Modifier: "Weighted corner normals", Enable 'Auto Smooth' in Object Data Properties
ERROR (bke.modifier): C:\Users\blender\git\blender-v360\blender.git\source\blender\blenkernel\intern\modifier.cc:460 BKE_modifier_set_error: Object: "Rear right drilled rotor perforation.025", Modifier: "Weighted corner normals", Enable 'Auto Smooth' in Object Data Properties
ERROR (bke.modifier): C:\Users\blender\git\blender-v360\blender.git\source\blender\blenkernel\intern\modifier.cc:460 BKE_modifier_set_error: Object: "Rear right drilled rotor perforation.026", Modifier: "Weighted corner normals", Enable 'Auto Smooth' in Object Data Properties
ERROR (bke.modifier): C:\Users\blender\git\blender-v360\blender.git\source\blender\blenkernel\intern\modifier.cc:460 BKE_modifier_set_error: Object: "Rear right drilled rotor perforation.027", Modifier: "Weighted corner normals", Enable 'Auto Smooth' in Object Data Properties
ERROR (bke.modifier): C:\Users\blender\git\blender-v360\blender.git\source\blender\blenkernel\intern\modifier.cc:460 BKE_modifier_set_error: Object: "Rear right drilled rotor perforation.030", Modifier: "Weighted corner normals", Enable 'Auto Smooth' in Object Data Properties
ERROR (bke.modifier): C:\Users\blender\git\blender-v360\blender.git\source\blender\blenkernel\intern\modifier.cc:460 BKE_modifier_set_error: Object: "Rear right drilled rotor perforation.028", Modifier: "Weighted corner normals", Enable 'Auto Smooth' in Object Data Properties
ERROR (bke.modifier): C:\Users\blender\git\blender-v360\blender.git\source\blender\blenkernel\intern\modifier.cc:460 BKE_modifier_set_error: Object: "Rear right drilled rotor perforation.029", Modifier: "Weighted corner normals", Enable 'Auto Smooth' in Object Data Properties
Fra:1 Mem:155.64M (Peak 155.64M) | Time:00:00.29 | Mem:0.00M, Peak:0.00M | Scene, ViewLayer | Synchronizing object | Continuous sculpted body | -1
Fra:1 Mem:155.65M (Peak 155.65M) | Time:00:00.29 | Mem:0.00M, Peak:0.00M | Scene, ViewLayer | Synchronizing object | Window perimeter | satin black surround
Fra:1 Mem:157.85M (Peak 157.85M) | Time:00:00.29 | Mem:0.00M, Peak:0.00M | Scene, ViewLayer | Synchronizing object | B pillar black trim
Fra:1 Mem:157.89M (Peak 157.89M) | Time:00:00.29 | Mem:0.00M, Peak:0.00M | Scene, ViewLayer | Synchronizing object | Rear sculpted bumper
Fra:1 Mem:158.18M (Peak 158.18M) | Time:00:00.29 | Mem:0.00M, Peak:0.00M | Scene, ViewLayer | Synchronizing object | B pillar black trim.001
Fra:1 Mem:158.37M (Peak 158.37M) | Time:00:00.29 | Mem:0.00M, Peak:0.00M | Scene, ViewLayer | Synchronizing object | B pillar black trim.002
Fra:1 Mem:159.76M (Peak 159.76M) | Time:00:00.29 | Mem:0.00M, Peak:0.00M | Scene, ViewLayer | Synchronizing object | Rear quarter glass division
Fra:1 Mem:160.13M (Peak 160.13M) | Time:00:00.29 | Mem:0.00M, Peak:0.00M | Scene, ViewLayer | Synchronizing object | Compound curved greenhouse | panoramic glazing
Fra:1 Mem:160.33M (Peak 160.33M) | Time:00:00.29 | Mem:0.00M, Peak:0.00M | Scene, ViewLayer | Synchronizing object | Roof drip molding
Fra:1 Mem:163.76M (Peak 163.76M) | Time:00:00.29 | Mem:0.00M, Peak:0.00M | Scene, ViewLayer | Synchronizing object | Window perimeter | satin black surround.001
Fra:1 Mem:165.25M (Peak 165.25M) | Time:00:00.29 | Mem:0.00M, Peak:0.00M | Scene, ViewLayer | Synchronizing object | B pillar black trim.003
Fra:1 Mem:165.29M (Peak 165.29M) | Time:00:00.29 | Mem:0.00M, Peak:0.00M | Scene, ViewLayer | Synchronizing object | B pillar black trim.004
Fra:1 Mem:165.33M (Peak 165.33M) | Time:00:00.29 | Mem:0.00M, Peak:0.00M | Scene, ViewLayer | Synchronizing object | B pillar black trim.005
Fra:1 Mem:165.37M (Peak 165.37M) | Time:00:00.29 | Mem:0.00M, Peak:0.00M | Scene, ViewLayer | Synchronizing object | Rear quarter glass division.001
Fra:1 Mem:165.41M (Peak 165.41M) | Time:00:00.29 | Mem:0.00M, Peak:0.00M | Scene, ViewLayer | Synchronizing object | Roof drip molding.001
Fra:1 Mem:166.05M (Peak 166.05M) | Time:00:00.29 | Mem:0.00M, Peak:0.00M | Scene, ViewLayer | Synchronizing object | Panoramic roof transverse joint
Fra:1 Mem:166.39M (Peak 166.39M) | Time:00:00.29 | Mem:0.00M, Peak:0.00M | Scene, ViewLayer | Synchronizing object | Panoramic roof transverse joint.001
Fra:1 Mem:167.00M (Peak 167.00M) | Time:00:00.29 | Mem:0.00M, Peak:0.00M | Scene, ViewLayer | Synchronizing object | Hood precision shut line
Fra:1 Mem:166.54M (Peak 167.00M) | Time:00:00.30 | Mem:0.00M, Peak:0.00M | Scene, ViewLayer | Synchronizing object | Front door leading gap
Fra:1 Mem:166.60M (Peak 167.00M) | Time:00:00.30 | Mem:0.00M, Peak:0.00M | Scene, ViewLayer | Synchronizing object | B pillar door gap
Fra:1 Mem:166.65M (Peak 167.00M) | Time:00:00.30 | Mem:0.00M, Peak:0.00M | Scene, ViewLayer | Synchronizing object | Rear door trailing gap
Fra:1 Mem:166.70M (Peak 167.00M) | Time:00:00.30 | Mem:0.00M, Peak:0.00M | Scene, ViewLayer | Synchronizing object | Rocker sill
Fra:1 Mem:166.77M (Peak 167.00M) | Time:00:00.30 | Mem:0.00M, Peak:0.00M | Scene, ViewLayer | Synchronizing object | Rocker silver edge
Fra:1 Mem:166.84M (Peak 167.00M) | Time:00:00.30 | Mem:0.00M, Peak:0.00M | Scene, ViewLayer | Synchronizing object | Handle finger undercut
Fra:1 Mem:166.84M (Peak 167.00M) | Time:00:00.30 | Mem:0.00M, Peak:0.00M | Scene, ViewLayer | Synchronizing object | Handle finger undercut.001
Fra:1 Mem:166.84M (Peak 167.00M) | Time:00:00.30 | Mem:0.00M, Peak:0.00M | Scene, ViewLayer | Synchronizing object | Charging door
Fra:1 Mem:167.21M (Peak 167.21M) | Time:00:00.30 | Mem:0.00M, Peak:0.00M | Scene, ViewLayer | Synchronizing object | Fender blade polished edge
Fra:1 Mem:167.22M (Peak 167.22M) | Time:00:00.30 | Mem:0.00M, Peak:0.00M | Scene, ViewLayer | Synchronizing object | Mirror stalk
Fra:1 Mem:167.22M (Peak 167.22M) | Time:00:00.30 | Mem:0.00M, Peak:0.00M | Scene, ViewLayer | Synchronizing object | Mirror LED indicator
Fra:1 Mem:167.26M (Peak 167.26M) | Time:00:00.30 | Mem:0.00M, Peak:0.00M | Scene, ViewLayer | Synchronizing object | Rolled painted wheel arch lip
Fra:1 Mem:167.90M (Peak 167.90M) | Time:00:00.30 | Mem:0.00M, Peak:0.00M | Scene, ViewLayer | Synchronizing object | Flush door handle recess
Fra:1 Mem:167.90M (Peak 167.90M) | Time:00:00.30 | Mem:0.00M, Peak:0.00M | Scene, ViewLayer | Synchronizing object | Flush door handle | Aqua Blue
Fra:1 Mem:167.48M (Peak 167.90M) | Time:00:00.30 | Mem:0.00M, Peak:0.00M | Scene, ViewLayer | Synchronizing object | Flush door handle recess.001
Fra:1 Mem:167.48M (Peak 167.90M) | Time:00:00.30 | Mem:0.00M, Peak:0.00M | Scene, ViewLayer | Synchronizing object | Flush door handle | Aqua Blue.001
Fra:1 Mem:167.50M (Peak 167.90M) | Time:00:00.30 | Mem:0.00M, Peak:0.00M | Scene, ViewLayer | Synchronizing object | Front fender black air blade
Fra:1 Mem:167.53M (Peak 167.90M) | Time:00:00.30 | Mem:0.00M, Peak:0.00M | Scene, ViewLayer | Synchronizing object | Side camera lens.001
Fra:1 Mem:167.54M (Peak 167.90M) | Time:00:00.30 | Mem:0.00M, Peak:0.00M | Scene, ViewLayer | Synchronizing object | Mirror black lower housing.001
Fra:1 Mem:167.67M (Peak 167.90M) | Time:00:00.30 | Mem:0.00M, Peak:0.00M | Scene, ViewLayer | Synchronizing object | Mirror painted upper cap.001
Fra:1 Mem:167.68M (Peak 167.90M) | Time:00:00.30 | Mem:0.00M, Peak:0.00M | Scene, ViewLayer | Synchronizing object | Wheelhouse liner
Fra:1 Mem:167.93M (Peak 167.93M) | Time:00:00.30 | Mem:0.00M, Peak:0.00M | Scene, ViewLayer | Synchronizing object | Wheelhouse dark reveal.001
Fra:1 Mem:168.03M (Peak 168.03M) | Time:00:00.30 | Mem:0.00M, Peak:0.00M | Scene, ViewLayer | Synchronizing object | Wheelhouse liner.001
Fra:1 Mem:168.03M (Peak 168.03M) | Time:00:00.30 | Mem:0.00M, Peak:0.00M | Scene, ViewLayer | Synchronizing object | Hood precision shut line.001
Fra:1 Mem:168.13M (Peak 168.13M) | Time:00:00.30 | Mem:0.00M, Peak:0.00M | Scene, ViewLayer | Synchronizing object | Front door leading gap.001
Fra:1 Mem:168.19M (Peak 168.19M) | Time:00:00.30 | Mem:0.00M, Peak:0.00M | Scene, ViewLayer | Synchronizing object | B pillar door gap.001
Fra:1 Mem:168.24M (Peak 168.24M) | Time:00:00.30 | Mem:0.00M, Peak:0.00M | Scene, ViewLayer | Synchronizing object | Rear door trailing gap.001
Fra:1 Mem:168.29M (Peak 168.29M) | Time:00:00.30 | Mem:0.00M, Peak:0.00M | Scene, ViewLayer | Synchronizing object | Rocker sill.001
Fra:1 Mem:168.36M (Peak 168.36M) | Time:00:00.30 | Mem:0.00M, Peak:0.00M | Scene, ViewLayer | Synchronizing object | Rocker silver edge.001
Fra:1 Mem:168.42M (Peak 168.42M) | Time:00:00.30 | Mem:0.00M, Peak:0.00M | Scene, ViewLayer | Synchronizing object | Handle finger undercut.002
Fra:1 Mem:168.43M (Peak 168.43M) | Time:00:00.30 | Mem:0.00M, Peak:0.00M | Scene, ViewLayer | Synchronizing object | Flush door handle recess.002
Fra:1 Mem:168.43M (Peak 168.43M) | Time:00:00.30 | Mem:0.00M, Peak:0.00M | Scene, ViewLayer | Synchronizing object | Handle finger undercut.003
Fra:1 Mem:168.45M (Peak 168.45M) | Time:00:00.30 | Mem:0.00M, Peak:0.00M | Scene, ViewLayer | Synchronizing object | Flush door handle recess.003
Fra:1 Mem:168.47M (Peak 168.47M) | Time:00:00.30 | Mem:0.00M, Peak:0.00M | Scene, ViewLayer | Synchronizing object | Front fender black air blade.001
Fra:1 Mem:168.50M (Peak 168.50M) | Time:00:00.30 | Mem:0.00M, Peak:0.00M | Scene, ViewLayer | Synchronizing object | Side camera lens
Fra:1 Mem:168.50M (Peak 168.50M) | Time:00:00.30 | Mem:0.00M, Peak:0.00M | Scene, ViewLayer | Synchronizing object | Mirror stalk.001
Fra:1 Mem:168.57M (Peak 168.57M) | Time:00:00.30 | Mem:0.00M, Peak:0.00M | Scene, ViewLayer | Synchronizing object | Mirror black lower housing
Fra:1 Mem:168.58M (Peak 168.58M) | Time:00:00.30 | Mem:0.00M, Peak:0.00M | Scene, ViewLayer | Synchronizing object | Mirror painted upper cap
Fra:1 Mem:168.66M (Peak 168.66M) | Time:00:00.30 | Mem:0.00M, Peak:0.00M | Scene, ViewLayer | Synchronizing object | Mirror reflective glass
Fra:1 Mem:168.82M (Peak 168.82M) | Time:00:00.30 | Mem:0.00M, Peak:0.00M | Scene, ViewLayer | Synchronizing object | Rolled painted wheel arch lip.002
Fra:1 Mem:168.92M (Peak 168.92M) | Time:00:00.30 | Mem:0.00M, Peak:0.00M | Scene, ViewLayer | Synchronizing object | Wheelhouse dark reveal.002
Fra:1 Mem:169.02M (Peak 169.02M) | Time:00:00.30 | Mem:0.00M, Peak:0.00M | Scene, ViewLayer | Synchronizing object | Wheelhouse liner.002
Fra:1 Mem:169.02M (Peak 169.02M) | Time:00:00.30 | Mem:0.00M, Peak:0.00M | Scene, ViewLayer | Synchronizing object | Rolled painted wheel arch lip.003
Fra:1 Mem:169.14M (Peak 169.14M) | Time:00:00.30 | Mem:0.00M, Peak:0.00M | Scene, ViewLayer | Synchronizing object | Wheelhouse dark reveal.003
Fra:1 Mem:169.25M (Peak 169.25M) | Time:00:00.30 | Mem:0.00M, Peak:0.00M | Scene, ViewLayer | Synchronizing object | Wheelhouse liner.003
Fra:1 Mem:169.26M (Peak 169.26M) | Time:00:00.30 | Mem:0.00M, Peak:0.00M | Scene, ViewLayer | Synchronizing object | Headlight rubber gasket
Fra:1 Mem:169.32M (Peak 169.32M) | Time:00:00.30 | Mem:0.00M, Peak:0.00M | Scene, ViewLayer | Synchronizing object | Headlight thin polished housing
Fra:1 Mem:169.35M (Peak 169.35M) | Time:00:00.30 | Mem:0.00M, Peak:0.00M | Scene, ViewLayer | Synchronizing object | Signature diagonal DRL
Fra:1 Mem:169.41M (Peak 169.41M) | Time:00:00.30 | Mem:0.00M, Peak:0.00M | Scene, ViewLayer | Synchronizing object | Lower optical return guide
Fra:1 Mem:169.46M (Peak 169.46M) | Time:00:00.30 | Mem:0.00M, Peak:0.00M | Scene, ViewLayer | Synchronizing object | Individual LED projector.001
Fra:1 Mem:169.46M (Peak 169.46M) | Time:00:00.30 | Mem:0.00M, Peak:0.00M | Scene, ViewLayer | Synchronizing object | Projector optic.001
Fra:1 Mem:169.51M (Peak 169.51M) | Time:00:00.30 | Mem:0.00M, Peak:0.00M | Scene, ViewLayer | Synchronizing object | Individual LED projector.002
Fra:1 Mem:169.60M (Peak 169.60M) | Time:00:00.30 | Mem:0.00M, Peak:0.00M | Scene, ViewLayer | Synchronizing object | Projector optic.002
Fra:1 Mem:169.62M (Peak 169.62M) | Time:00:00.30 | Mem:0.00M, Peak:0.00M | Scene, ViewLayer | Synchronizing object | Corner intake rim
Fra:1 Mem:169.71M (Peak 169.71M) | Time:00:00.30 | Mem:0.00M, Peak:0.00M | Scene, ViewLayer | Synchronizing object | Individual LED projector.003
Fra:1 Mem:169.74M (Peak 169.74M) | Time:00:00.30 | Mem:0.00M, Peak:0.00M | Scene, ViewLayer | Synchronizing object | Projector optic.003
Fra:1 Mem:169.80M (Peak 169.80M) | Time:00:00.30 | Mem:0.00M, Peak:0.00M | Scene, ViewLayer | Synchronizing object | Air curtain inner fin
Fra:1 Mem:169.88M (Peak 169.88M) | Time:00:00.30 | Mem:0.00M, Peak:0.00M | Scene, ViewLayer | Synchronizing object | Headlight rubber gasket.001
Fra:1 Mem:169.87M (Peak 169.88M) | Time:00:00.30 | Mem:0.00M, Peak:0.00M | Scene, ViewLayer | Synchronizing object | Projector optic.004
Fra:1 Mem:170.07M (Peak 170.07M) | Time:00:00.30 | Mem:0.00M, Peak:0.00M | Scene, ViewLayer | Synchronizing object | Headlight thin polished housing.001
Fra:1 Mem:170.09M (Peak 170.09M) | Time:00:00.30 | Mem:0.00M, Peak:0.00M | Scene, ViewLayer | Synchronizing object | Vertical corner air curtain
Fra:1 Mem:170.11M (Peak 170.11M) | Time:00:00.30 | Mem:0.00M, Peak:0.00M | Scene, ViewLayer | Synchronizing object | Waterdrop headlight | smoked lens.001
Fra:1 Mem:170.13M (Peak 170.13M) | Time:00:00.30 | Mem:0.00M, Peak:0.00M | Scene, ViewLayer | Synchronizing object | Signature diagonal DRL.001
Fra:1 Mem:170.19M (Peak 170.19M) | Time:00:00.30 | Mem:0.00M, Peak:0.00M | Scene, ViewLayer | Synchronizing object | Lower optical return guide.001
Fra:1 Mem:170.24M (Peak 170.24M) | Time:00:00.30 | Mem:0.00M, Peak:0.00M | Scene, ViewLayer | Synchronizing object | Individual LED projector.005
Fra:1 Mem:170.27M (Peak 170.27M) | Time:00:00.31 | Mem:0.00M, Peak:0.00M | Scene, ViewLayer | Synchronizing object | Projector optic.005
Fra:1 Mem:170.38M (Peak 170.38M) | Time:00:00.31 | Mem:0.00M, Peak:0.00M | Scene, ViewLayer | Synchronizing object | Individual LED projector.006
Fra:1 Mem:170.40M (Peak 170.40M) | Time:00:00.31 | Mem:0.00M, Peak:0.00M | Scene, ViewLayer | Synchronizing object | Projector optic.006
Fra:1 Mem:170.45M (Peak 170.45M) | Time:00:00.31 | Mem:0.00M, Peak:0.00M | Scene, ViewLayer | Synchronizing object | Corner intake rim.001
Fra:1 Mem:170.47M (Peak 170.47M) | Time:00:00.31 | Mem:0.00M, Peak:0.00M | Scene, ViewLayer | Synchronizing object | Individual LED projector.007
Fra:1 Mem:170.61M (Peak 170.61M) | Time:00:00.31 | Mem:0.00M, Peak:0.00M | Scene, ViewLayer | Synchronizing object | Air curtain inner fin.001
Fra:1 Mem:170.61M (Peak 170.61M) | Time:00:00.31 | Mem:0.00M, Peak:0.00M | Scene, ViewLayer | Synchronizing object | Projector optic.007
Fra:1 Mem:170.61M (Peak 170.61M) | Time:00:00.31 | Mem:0.00M, Peak:0.00M | Scene, ViewLayer | Synchronizing object | Individual LED projector
Fra:1 Mem:170.70M (Peak 170.70M) | Time:00:00.31 | Mem:0.00M, Peak:0.00M | Scene, ViewLayer | Synchronizing object | Projector optic
Fra:1 Mem:170.86M (Peak 170.86M) | Time:00:00.31 | Mem:0.00M, Peak:0.00M | Scene, ViewLayer | Synchronizing object | Vertical corner air curtain.001
Fra:1 Mem:170.86M (Peak 170.86M) | Time:00:00.31 | Mem:0.00M, Peak:0.00M | Scene, ViewLayer | Synchronizing object | Painted intake ring
Fra:1 Mem:170.86M (Peak 170.86M) | Time:00:00.31 | Mem:0.00M, Peak:0.00M | Scene, ViewLayer | Synchronizing object | Sculpted Aqua Blue intake side surround
Fra:1 Mem:170.91M (Peak 170.91M) | Time:00:00.31 | Mem:0.00M, Peak:0.00M | Scene, ViewLayer | Synchronizing object | Painted intake ring.001
Fra:1 Mem:170.92M (Peak 170.92M) | Time:00:00.31 | Mem:0.00M, Peak:0.00M | Scene, ViewLayer | Synchronizing object | Sculpted Aqua Blue intake side surround.001
Fra:1 Mem:170.92M (Peak 170.92M) | Time:00:00.31 | Mem:0.00M, Peak:0.00M | Scene, ViewLayer | Synchronizing object | Horizontal grille louver
Fra:1 Mem:170.97M (Peak 170.97M) | Time:00:00.31 | Mem:0.00M, Peak:0.00M | Scene, ViewLayer | Synchronizing object | Horizontal grille louver.001
Fra:1 Mem:171.00M (Peak 171.00M) | Time:00:00.31 | Mem:0.00M, Peak:0.00M | Scene, ViewLayer | Synchronizing object | Horizontal grille louver.002
Fra:1 Mem:171.03M (Peak 171.03M) | Time:00:00.31 | Mem:0.00M, Peak:0.00M | Scene, ViewLayer | Synchronizing object | Horizontal grille louver.003
Fra:1 Mem:171.07M (Peak 171.07M) | Time:00:00.31 | Mem:0.00M, Peak:0.00M | Scene, ViewLayer | Synchronizing object | Grille vertical reinforcement
Fra:1 Mem:171.07M (Peak 171.07M) | Time:00:00.31 | Mem:0.00M, Peak:0.00M | Scene, ViewLayer | Synchronizing object | Grille vertical reinforcement.001
Fra:1 Mem:171.07M (Peak 171.07M) | Time:00:00.31 | Mem:0.00M, Peak:0.00M | Scene, ViewLayer | Synchronizing object | Grille vertical reinforcement.002
Fra:1 Mem:171.07M (Peak 171.07M) | Time:00:00.31 | Mem:0.00M, Peak:0.00M | Scene, ViewLayer | Synchronizing object | Grille vertical reinforcement.003
Fra:1 Mem:171.07M (Peak 171.07M) | Time:00:00.31 | Mem:0.00M, Peak:0.00M | Scene, ViewLayer | Synchronizing object | Grille vertical reinforcement.004
Fra:1 Mem:171.08M (Peak 171.08M) | Time:00:00.31 | Mem:0.00M, Peak:0.00M | Scene, ViewLayer | Synchronizing object | Grille vertical reinforcement.005
Fra:1 Mem:171.08M (Peak 171.08M) | Time:00:00.31 | Mem:0.00M, Peak:0.00M | Scene, ViewLayer | Synchronizing object | Grille vertical reinforcement.006
Fra:1 Mem:171.08M (Peak 171.08M) | Time:00:00.31 | Mem:0.00M, Peak:0.00M | Scene, ViewLayer | Synchronizing object | Grille vertical reinforcement.007
Fra:1 Mem:171.08M (Peak 171.08M) | Time:00:00.31 | Mem:0.00M, Peak:0.00M | Scene, ViewLayer | Synchronizing object | Grille vertical reinforcement.008
Fra:1 Mem:171.08M (Peak 171.08M) | Time:00:00.31 | Mem:0.00M, Peak:0.00M | Scene, ViewLayer | Synchronizing object | Grille vertical reinforcement.009
Fra:1 Mem:171.09M (Peak 171.09M) | Time:00:00.31 | Mem:0.00M, Peak:0.00M | Scene, ViewLayer | Synchronizing object | Grille vertical reinforcement.010
Fra:1 Mem:171.09M (Peak 171.09M) | Time:00:00.31 | Mem:0.00M, Peak:0.00M | Scene, ViewLayer | Synchronizing object | Front splitter blade
Fra:1 Mem:171.20M (Peak 171.20M) | Time:00:00.31 | Mem:0.00M, Peak:0.00M | Scene, ViewLayer | Synchronizing object | Front license plate bracket
Fra:1 Mem:171.21M (Peak 171.21M) | Time:00:00.31 | Mem:0.00M, Peak:0.00M | Scene, ViewLayer | Synchronizing object | Front license plate
Fra:1 Mem:172.21M (Peak 172.35M) | Time:00:00.31 | Mem:0.00M, Peak:0.00M | Scene, ViewLayer | Synchronizing object | Hood mi insignia
Fra:1 Mem:172.43M (Peak 172.43M) | Time:00:00.31 | Mem:0.00M, Peak:0.00M | Scene, ViewLayer | Synchronizing object | Rear lamp outer seal
Fra:1 Mem:172.47M (Peak 172.47M) | Time:00:00.31 | Mem:0.00M, Peak:0.00M | Scene, ViewLayer | Synchronizing object | Continuous halo rear LED
Fra:1 Mem:172.52M (Peak 172.52M) | Time:00:00.31 | Mem:0.00M, Peak:0.00M | Scene, ViewLayer | Synchronizing object | Ultrasonic parking sensor
Fra:1 Mem:172.52M (Peak 172.52M) | Time:00:00.31 | Mem:0.00M, Peak:0.00M | Scene, ViewLayer | Synchronizing object | Lower full-width LED filament
Fra:1 Mem:172.57M (Peak 172.57M) | Time:00:00.31 | Mem:0.00M, Peak:0.00M | Scene, ViewLayer | Synchronizing object | License plate screw
Fra:1 Mem:172.61M (Peak 172.61M) | Time:00:00.31 | Mem:0.00M, Peak:0.00M | Scene, ViewLayer | Synchronizing object | Ultrasonic parking sensor.001
Fra:1 Mem:172.73M (Peak 172.73M) | Time:00:00.31 | Mem:0.00M, Peak:0.00M | Scene, ViewLayer | Synchronizing object | License plate screw.001
Fra:1 Mem:172.75M (Peak 172.75M) | Time:00:00.31 | Mem:0.00M, Peak:0.00M | Scene, ViewLayer | Synchronizing object | Xiaomi hood emblem
Fra:1 Mem:172.82M (Peak 172.82M) | Time:00:00.31 | Mem:0.00M, Peak:0.00M | Scene, ViewLayer | Synchronizing object | Inner taillight return
Fra:1 Mem:172.82M (Peak 172.82M) | Time:00:00.31 | Mem:0.00M, Peak:0.00M | Scene, ViewLayer | Synchronizing object | Front perception camera
Fra:1 Mem:172.82M (Peak 172.82M) | Time:00:00.31 | Mem:0.00M, Peak:0.00M | Scene, ViewLayer | Synchronizing object | Halo rear red optical bed
Fra:1 Mem:172.92M (Peak 172.92M) | Time:00:00.31 | Mem:0.00M, Peak:0.00M | Scene, ViewLayer | Synchronizing object | Trunk panel shut line
Fra:1 Mem:172.96M (Peak 172.96M) | Time:00:00.31 | Mem:0.00M, Peak:0.00M | Scene, ViewLayer | Synchronizing object | Rear bumper side air outlet
Fra:1 Mem:173.05M (Peak 173.05M) | Time:00:00.31 | Mem:0.00M, Peak:0.00M | Scene, ViewLayer | Synchronizing object | Inner taillight return.001
Fra:1 Mem:173.06M (Peak 173.06M) | Time:00:00.31 | Mem:0.00M, Peak:0.00M | Scene, ViewLayer | Synchronizing object | Rear lower reflector
Fra:1 Mem:173.06M (Peak 173.06M) | Time:00:00.31 | Mem:0.00M, Peak:0.00M | Scene, ViewLayer | Synchronizing object | Rear bumper side air outlet.001
Fra:1 Mem:173.11M (Peak 173.11M) | Time:00:00.31 | Mem:0.00M, Peak:0.00M | Scene, ViewLayer | Synchronizing object | Trunk panel shut line.001
Fra:1 Mem:173.18M (Peak 173.18M) | Time:00:00.31 | Mem:0.00M, Peak:0.00M | Scene, ViewLayer | Synchronizing object | Rear lower reflector.001
Fra:1 Mem:173.20M (Peak 173.20M) | Time:00:00.31 | Mem:0.00M, Peak:0.00M | Scene, ViewLayer | Synchronizing object | Rear diffuser black valance
Fra:1 Mem:173.20M (Peak 173.20M) | Time:00:00.31 | Mem:0.00M, Peak:0.00M | Scene, ViewLayer | Synchronizing object | Rear diffuser painted buttress
Fra:1 Mem:173.29M (Peak 173.29M) | Time:00:00.31 | Mem:0.00M, Peak:0.00M | Scene, ViewLayer | Synchronizing object | Rear diffuser painted buttress.001
Fra:1 Mem:173.36M (Peak 173.36M) | Time:00:00.31 | Mem:0.00M, Peak:0.00M | Scene, ViewLayer | Synchronizing object | Rear diffuser lower lip
Fra:1 Mem:173.47M (Peak 173.47M) | Time:00:00.31 | Mem:0.00M, Peak:0.00M | Scene, ViewLayer | Synchronizing object | Underfloor diffuser strake
Fra:1 Mem:173.48M (Peak 173.48M) | Time:00:00.31 | Mem:0.00M, Peak:0.00M | Scene, ViewLayer | Synchronizing object | Underfloor diffuser strake.002
Fra:1 Mem:173.49M (Peak 173.49M) | Time:00:00.31 | Mem:0.00M, Peak:0.00M | Scene, ViewLayer | Synchronizing object | Underfloor diffuser strake.003
Fra:1 Mem:173.51M (Peak 173.51M) | Time:00:00.31 | Mem:0.00M, Peak:0.00M | Scene, ViewLayer | Synchronizing object | Underfloor diffuser strake.004
Fra:1 Mem:173.58M (Peak 173.58M) | Time:00:00.31 | Mem:0.00M, Peak:0.00M | Scene, ViewLayer | Synchronizing object | Rear plate bracket
Fra:1 Mem:173.59M (Peak 173.59M) | Time:00:00.31 | Mem:0.00M, Peak:0.00M | Scene, ViewLayer | Synchronizing object | Rear license plate
Fra:1 Mem:173.87M (Peak 173.87M) | Time:00:00.32 | Mem:0.00M, Peak:0.00M | Scene, ViewLayer | Synchronizing object | Rear spaced Xiaomi lettering
Fra:1 Mem:174.56M (Peak 174.56M) | Time:00:00.32 | Mem:0.00M, Peak:0.00M | Scene, ViewLayer | Synchronizing object | Rear model badge
Fra:1 Mem:174.85M (Peak 174.85M) | Time:00:00.32 | Mem:0.00M, Peak:0.00M | Scene, ViewLayer | Synchronizing object | Rear Max badge
Fra:1 Mem:175.13M (Peak 175.13M) | Time:00:00.32 | Mem:0.00M, Peak:0.00M | Scene, ViewLayer | Synchronizing object | Rear manufacturer badge
Fra:1 Mem:175.33M (Peak 175.33M) | Time:00:00.32 | Mem:0.00M, Peak:0.00M | Scene, ViewLayer | Synchronizing object | Integrated rear deck ducktail
Fra:1 Mem:175.46M (Peak 175.46M) | Time:00:00.32 | Mem:0.00M, Peak:0.00M | Scene, ViewLayer | Synchronizing object | Retractable spoiler shut line
Fra:1 Mem:175.55M (Peak 175.55M) | Time:00:00.32 | Mem:0.00M, Peak:0.00M | Scene, ViewLayer | Synchronizing object | Rear parking camera
Fra:1 Mem:175.56M (Peak 175.56M) | Time:00:00.32 | Mem:0.00M, Peak:0.00M | Scene, ViewLayer | Synchronizing object | Front left | tire carcass
Fra:1 Mem:175.74M (Peak 175.74M) | Time:00:00.32 | Mem:0.00M, Peak:0.00M | Scene, ViewLayer | Synchronizing object | Front left tire molded sidewall ring.001
Fra:1 Mem:175.77M (Peak 175.77M) | Time:00:00.32 | Mem:0.00M, Peak:0.00M | Scene, ViewLayer | Synchronizing object | Front left tire molded sidewall ring.002
Fra:1 Mem:175.82M (Peak 175.82M) | Time:00:00.32 | Mem:0.00M, Peak:0.00M | Scene, ViewLayer | Synchronizing object | Front left tire molded sidewall ring
Fra:1 Mem:176.05M (Peak 176.05M) | Time:00:00.32 | Mem:0.00M, Peak:0.00M | Scene, ViewLayer | Synchronizing object | Front left directional tread | 792 blocks
Fra:1 Mem:176.33M (Peak 176.33M) | Time:00:00.32 | Mem:0.00M, Peak:0.00M | Scene, ViewLayer | Synchronizing object | Front left cast rim barrel
Fra:1 Mem:176.39M (Peak 176.39M) | Time:00:00.32 | Mem:0.00M, Peak:0.00M | Scene, ViewLayer | Synchronizing object | Front left diamond-cut outer flange
Fra:1 Mem:176.75M (Peak 176.75M) | Time:00:00.32 | Mem:0.00M, Peak:0.00M | Scene, ViewLayer | Synchronizing object | Front left inner rim accent
Fra:1 Mem:176.79M (Peak 176.79M) | Time:00:00.32 | Mem:0.00M, Peak:0.00M | Scene, ViewLayer | Synchronizing object | Front left brake rotor
Fra:1 Mem:176.90M (Peak 176.90M) | Time:00:00.32 | Mem:0.00M, Peak:0.00M | Scene, ViewLayer | Synchronizing object | Front left rotor outer scoring
Fra:1 Mem:176.99M (Peak 176.99M) | Time:00:00.32 | Mem:0.00M, Peak:0.00M | Scene, ViewLayer | Synchronizing object | Front left drilled rotor perforation
Fra:1 Mem:177.02M (Peak 177.02M) | Time:00:00.32 | Mem:0.00M, Peak:0.00M | Scene, ViewLayer | Synchronizing object | Front left drilled rotor perforation.001
Fra:1 Mem:177.03M (Peak 177.03M) | Time:00:00.32 | Mem:0.00M, Peak:0.00M | Scene, ViewLayer | Synchronizing object | Front left drilled rotor perforation.003
Fra:1 Mem:177.04M (Peak 177.04M) | Time:00:00.32 | Mem:0.00M, Peak:0.00M | Scene, ViewLayer | Synchronizing object | Front left drilled rotor perforation.004
Fra:1 Mem:177.05M (Peak 177.05M) | Time:00:00.32 | Mem:0.00M, Peak:0.00M | Scene, ViewLayer | Synchronizing object | Front left drilled rotor perforation.005
Fra:1 Mem:177.08M (Peak 177.08M) | Time:00:00.32 | Mem:0.00M, Peak:0.00M | Scene, ViewLayer | Synchronizing object | Front left caliper marking
Fra:1 Mem:177.23M (Peak 177.23M) | Time:00:00.32 | Mem:0.00M, Peak:0.00M | Scene, ViewLayer | Synchronizing object | Front left drilled rotor perforation.007
Fra:1 Mem:177.23M (Peak 177.23M) | Time:00:00.32 | Mem:0.00M, Peak:0.00M | Scene, ViewLayer | Synchronizing object | Front left drilled rotor perforation.008
Fra:1 Mem:177.25M (Peak 177.25M) | Time:00:00.32 | Mem:0.00M, Peak:0.00M | Scene, ViewLayer | Synchronizing object | Front left drilled rotor perforation.009
Fra:1 Mem:177.27M (Peak 177.27M) | Time:00:00.32 | Mem:0.00M, Peak:0.00M | Scene, ViewLayer | Synchronizing object | Front left drilled rotor perforation.010
Fra:1 Mem:177.28M (Peak 177.28M) | Time:00:00.32 | Mem:0.00M, Peak:0.00M | Scene, ViewLayer | Synchronizing object | Front left drilled rotor perforation.011
Fra:1 Mem:177.60M (Peak 177.60M) | Time:00:00.32 | Mem:0.00M, Peak:0.00M | Scene, ViewLayer | Synchronizing object | Front left drilled rotor perforation.012
Fra:1 Mem:177.72M (Peak 177.72M) | Time:00:00.32 | Mem:0.00M, Peak:0.00M | Scene, ViewLayer | Synchronizing object | Front left drilled rotor perforation.013
Fra:1 Mem:177.72M (Peak 177.72M) | Time:00:00.32 | Mem:0.00M, Peak:0.00M | Scene, ViewLayer | Synchronizing object | Front left drilled rotor perforation.014
Fra:1 Mem:177.87M (Peak 177.87M) | Time:00:00.32 | Mem:0.00M, Peak:0.00M | Scene, ViewLayer | Synchronizing object | Front left drilled rotor perforation.015
Fra:1 Mem:177.88M (Peak 177.88M) | Time:00:00.32 | Mem:0.00M, Peak:0.00M | Scene, ViewLayer | Synchronizing object | Front left drilled rotor perforation.017
Fra:1 Mem:177.90M (Peak 177.90M) | Time:00:00.32 | Mem:0.00M, Peak:0.00M | Scene, ViewLayer | Synchronizing object | Front left drilled rotor perforation.018
Fra:1 Mem:177.91M (Peak 177.91M) | Time:00:00.32 | Mem:0.00M, Peak:0.00M | Scene, ViewLayer | Synchronizing object | Front left drilled rotor perforation.019
Fra:1 Mem:177.92M (Peak 177.92M) | Time:00:00.32 | Mem:0.00M, Peak:0.00M | Scene, ViewLayer | Synchronizing object | Front left drilled rotor perforation.020
Fra:1 Mem:177.94M (Peak 177.94M) | Time:00:00.32 | Mem:0.00M, Peak:0.00M | Scene, ViewLayer | Synchronizing object | Front left drilled rotor perforation.021
Fra:1 Mem:177.95M (Peak 177.95M) | Time:00:00.32 | Mem:0.00M, Peak:0.00M | Scene, ViewLayer | Synchronizing object | Front left drilled rotor perforation.022
Fra:1 Mem:177.98M (Peak 177.98M) | Time:00:00.32 | Mem:0.00M, Peak:0.00M | Scene, ViewLayer | Synchronizing object | Front left drilled rotor perforation.024
Fra:1 Mem:178.03M (Peak 178.03M) | Time:00:00.32 | Mem:0.00M, Peak:0.00M | Scene, ViewLayer | Synchronizing object | Front left drilled rotor perforation.025
Fra:1 Mem:178.05M (Peak 178.05M) | Time:00:00.32 | Mem:0.00M, Peak:0.00M | Scene, ViewLayer | Synchronizing object | Front left drilled rotor perforation.026
Fra:1 Mem:178.07M (Peak 178.07M) | Time:00:00.32 | Mem:0.00M, Peak:0.00M | Scene, ViewLayer | Synchronizing object | Front left drilled rotor perforation.027
Fra:1 Mem:178.08M (Peak 178.08M) | Time:00:00.32 | Mem:0.00M, Peak:0.00M | Scene, ViewLayer | Synchronizing object | Front left drilled rotor perforation.028
Fra:1 Mem:178.21M (Peak 178.21M) | Time:00:00.32 | Mem:0.00M, Peak:0.00M | Scene, ViewLayer | Synchronizing object | Front left drilled rotor perforation.029
Fra:1 Mem:178.12M (Peak 178.21M) | Time:00:00.32 | Mem:0.00M, Peak:0.00M | Scene, ViewLayer | Synchronizing object | Front left drilled rotor perforation.030
Fra:1 Mem:178.13M (Peak 178.21M) | Time:00:00.32 | Mem:0.00M, Peak:0.00M | Scene, ViewLayer | Synchronizing object | Front left drilled rotor perforation.032
Fra:1 Mem:178.16M (Peak 178.21M) | Time:00:00.32 | Mem:0.00M, Peak:0.00M | Scene, ViewLayer | Synchronizing object | Front left drilled rotor perforation.033
Fra:1 Mem:178.17M (Peak 178.21M) | Time:00:00.32 | Mem:0.00M, Peak:0.00M | Scene, ViewLayer | Synchronizing object | Front left drilled rotor perforation.034
Fra:1 Mem:178.20M (Peak 178.21M) | Time:00:00.32 | Mem:0.00M, Peak:0.00M | Scene, ViewLayer | Synchronizing object | Front left drilled rotor perforation.035
Fra:1 Mem:178.21M (Peak 178.21M) | Time:00:00.32 | Mem:0.00M, Peak:0.00M | Scene, ViewLayer | Synchronizing object | Front left drilled rotor perforation.037
Fra:1 Mem:178.21M (Peak 178.21M) | Time:00:00.32 | Mem:0.00M, Peak:0.00M | Scene, ViewLayer | Synchronizing object | Front left drilled rotor perforation.038
Fra:1 Mem:178.23M (Peak 178.23M) | Time:00:00.32 | Mem:0.00M, Peak:0.00M | Scene, ViewLayer | Synchronizing object | Front left drilled rotor perforation.039
Fra:1 Mem:178.30M (Peak 178.30M) | Time:00:00.32 | Mem:0.00M, Peak:0.00M | Scene, ViewLayer | Synchronizing object | Front left drilled rotor perforation.040
Fra:1 Mem:178.30M (Peak 178.30M) | Time:00:00.32 | Mem:0.00M, Peak:0.00M | Scene, ViewLayer | Synchronizing object | Front left drilled rotor perforation.041
Fra:1 Mem:178.31M (Peak 178.31M) | Time:00:00.32 | Mem:0.00M, Peak:0.00M | Scene, ViewLayer | Synchronizing object | Front left drilled rotor perforation.042
Fra:1 Mem:178.44M (Peak 178.44M) | Time:00:00.32 | Mem:0.00M, Peak:0.00M | Scene, ViewLayer | Synchronizing object | Front left drilled rotor perforation.043
Fra:1 Mem:178.50M (Peak 178.50M) | Time:00:00.32 | Mem:0.00M, Peak:0.00M | Scene, ViewLayer | Synchronizing object | Front left drilled rotor perforation.044
Fra:1 Mem:178.53M (Peak 178.53M) | Time:00:00.32 | Mem:0.00M, Peak:0.00M | Scene, ViewLayer | Synchronizing object | Front left drilled rotor perforation.045
Fra:1 Mem:178.56M (Peak 178.56M) | Time:00:00.32 | Mem:0.00M, Peak:0.00M | Scene, ViewLayer | Synchronizing object | Front left drilled rotor perforation.046
Fra:1 Mem:178.56M (Peak 178.56M) | Time:00:00.32 | Mem:0.00M, Peak:0.00M | Scene, ViewLayer | Synchronizing object | Front left drilled rotor perforation.048
Fra:1 Mem:178.60M (Peak 178.60M) | Time:00:00.32 | Mem:0.00M, Peak:0.00M | Scene, ViewLayer | Synchronizing object | Front left drilled rotor perforation.049
Fra:1 Mem:178.62M (Peak 178.62M) | Time:00:00.32 | Mem:0.00M, Peak:0.00M | Scene, ViewLayer | Synchronizing object | Front left drilled rotor perforation.051
Fra:1 Mem:178.63M (Peak 178.63M) | Time:00:00.32 | Mem:0.00M, Peak:0.00M | Scene, ViewLayer | Synchronizing object | Front left drilled rotor perforation.052
Fra:1 Mem:178.65M (Peak 178.65M) | Time:00:00.32 | Mem:0.00M, Peak:0.00M | Scene, ViewLayer | Synchronizing object | Front left drilled rotor perforation.053
Fra:1 Mem:178.68M (Peak 178.68M) | Time:00:00.32 | Mem:0.00M, Peak:0.00M | Scene, ViewLayer | Synchronizing object | Front left drilled rotor perforation.054
Fra:1 Mem:178.69M (Peak 178.69M) | Time:00:00.32 | Mem:0.00M, Peak:0.00M | Scene, ViewLayer | Synchronizing object | Front left sidewall lettering
Fra:1 Mem:178.72M (Peak 178.72M) | Time:00:00.32 | Mem:0.00M, Peak:0.00M | Scene, ViewLayer | Synchronizing object | Front left drilled rotor perforation.058
Fra:1 Mem:178.76M (Peak 178.76M) | Time:00:00.32 | Mem:0.00M, Peak:0.00M | Scene, ViewLayer | Synchronizing object | Front left drilled rotor perforation.061
Fra:1 Mem:178.78M (Peak 178.78M) | Time:00:00.32 | Mem:0.00M, Peak:0.00M | Scene, ViewLayer | Synchronizing object | Front left drilled rotor perforation.062
Fra:1 Mem:178.81M (Peak 178.81M) | Time:00:00.32 | Mem:0.00M, Peak:0.00M | Scene, ViewLayer | Synchronizing object | Front left sidewall lettering.001
Fra:1 Mem:178.81M (Peak 178.81M) | Time:00:00.32 | Mem:0.00M, Peak:0.00M | Scene, ViewLayer | Synchronizing object | Front left drilled rotor perforation.063
Fra:1 Mem:178.83M (Peak 178.83M) | Time:00:00.32 | Mem:0.00M, Peak:0.00M | Scene, ViewLayer | Synchronizing object | Front left sidewall lettering.002
Fra:1 Mem:178.83M (Peak 178.83M) | Time:00:00.32 | Mem:0.00M, Peak:0.00M | Scene, ViewLayer | Synchronizing object | Front left drilled rotor perforation.064
Fra:1 Mem:178.96M (Peak 178.96M) | Time:00:00.32 | Mem:0.00M, Peak:0.00M | Scene, ViewLayer | Synchronizing object | Front left drilled rotor perforation.065
Fra:1 Mem:178.97M (Peak 178.97M) | Time:00:00.32 | Mem:0.00M, Peak:0.00M | Scene, ViewLayer | Synchronizing object | Front left drilled rotor perforation.066
Fra:1 Mem:179.01M (Peak 179.01M) | Time:00:00.32 | Mem:0.00M, Peak:0.00M | Scene, ViewLayer | Synchronizing object | Front left drilled rotor perforation.067
Fra:1 Mem:179.03M (Peak 179.03M) | Time:00:00.32 | Mem:0.00M, Peak:0.00M | Scene, ViewLayer | Synchronizing object | Front left drilled rotor perforation.068
Fra:1 Mem:179.05M (Peak 179.05M) | Time:00:00.32 | Mem:0.00M, Peak:0.00M | Scene, ViewLayer | Synchronizing object | Front left drilled rotor perforation.069
Fra:1 Mem:179.05M (Peak 179.05M) | Time:00:00.32 | Mem:0.00M, Peak:0.00M | Scene, ViewLayer | Synchronizing object | Front left drilled rotor perforation.070
Fra:1 Mem:179.09M (Peak 179.09M) | Time:00:00.32 | Mem:0.00M, Peak:0.00M | Scene, ViewLayer | Synchronizing object | Front left brake disc bell
Fra:1 Mem:179.11M (Peak 179.11M) | Time:00:00.32 | Mem:0.00M, Peak:0.00M | Scene, ViewLayer | Synchronizing object | Front left yellow six-piston caliper
Fra:1 Mem:179.16M (Peak 179.16M) | Time:00:00.32 | Mem:0.00M, Peak:0.00M | Scene, ViewLayer | Synchronizing object | Front left machined split spoke
Fra:1 Mem:179.18M (Peak 179.18M) | Time:00:00.32 | Mem:0.00M, Peak:0.00M | Scene, ViewLayer | Synchronizing object | Front left sidewall lettering.004
Fra:1 Mem:179.19M (Peak 179.19M) | Time:00:00.32 | Mem:0.00M, Peak:0.00M | Scene, ViewLayer | Synchronizing object | Front left black spoke pocket
Fra:1 Mem:179.21M (Peak 179.21M) | Time:00:00.32 | Mem:0.00M, Peak:0.00M | Scene, ViewLayer | Synchronizing object | Front left machined split spoke.001
Fra:1 Mem:179.21M (Peak 179.21M) | Time:00:00.32 | Mem:0.00M, Peak:0.00M | Scene, ViewLayer | Synchronizing object | Front left black spoke pocket.001
Fra:1 Mem:179.23M (Peak 179.23M) | Time:00:00.32 | Mem:0.00M, Peak:0.00M | Scene, ViewLayer | Synchronizing object | Front left black spoke pocket.002
Fra:1 Mem:179.25M (Peak 179.25M) | Time:00:00.32 | Mem:0.00M, Peak:0.00M | Scene, ViewLayer | Synchronizing object | Front left sidewall lettering.006
Fra:1 Mem:179.26M (Peak 179.26M) | Time:00:00.32 | Mem:0.00M, Peak:0.00M | Scene, ViewLayer | Synchronizing object | Front left sidewall lettering.007
Fra:1 Mem:179.27M (Peak 179.27M) | Time:00:00.32 | Mem:0.00M, Peak:0.00M | Scene, ViewLayer | Synchronizing object | Front left sidewall lettering.008
Fra:1 Mem:179.35M (Peak 179.35M) | Time:00:00.33 | Mem:0.00M, Peak:0.00M | Scene, ViewLayer | Synchronizing object | Front left sidewall lettering.009
Fra:1 Mem:179.36M (Peak 179.36M) | Time:00:00.33 | Mem:0.00M, Peak:0.00M | Scene, ViewLayer | Synchronizing object | Front left sidewall lettering.010
Fra:1 Mem:179.36M (Peak 179.36M) | Time:00:00.33 | Mem:0.00M, Peak:0.00M | Scene, ViewLayer | Synchronizing object | Front left sidewall lettering.011
Fra:1 Mem:179.50M (Peak 179.50M) | Time:00:00.33 | Mem:0.00M, Peak:0.00M | Scene, ViewLayer | Synchronizing object | Front left sidewall lettering.012
Fra:1 Mem:179.52M (Peak 179.52M) | Time:00:00.33 | Mem:0.00M, Peak:0.00M | Scene, ViewLayer | Synchronizing object | Front left sidewall lettering.013
Fra:1 Mem:179.52M (Peak 179.52M) | Time:00:00.33 | Mem:0.00M, Peak:0.00M | Scene, ViewLayer | Synchronizing object | Front left machined split spoke.003
Fra:1 Mem:179.53M (Peak 179.53M) | Time:00:00.33 | Mem:0.00M, Peak:0.00M | Scene, ViewLayer | Synchronizing object | Front left sidewall lettering.014
Fra:1 Mem:179.57M (Peak 179.57M) | Time:00:00.33 | Mem:0.00M, Peak:0.00M | Scene, ViewLayer | Synchronizing object | Front left black spoke pocket.003
Fra:1 Mem:179.61M (Peak 179.61M) | Time:00:00.33 | Mem:0.00M, Peak:0.00M | Scene, ViewLayer | Synchronizing object | Front left machined split spoke.004
Fra:1 Mem:179.74M (Peak 179.74M) | Time:00:00.33 | Mem:0.00M, Peak:0.00M | Scene, ViewLayer | Synchronizing object | Front left black spoke pocket.004
Fra:1 Mem:179.76M (Peak 179.76M) | Time:00:00.33 | Mem:0.00M, Peak:0.00M | Scene, ViewLayer | Synchronizing object | Front left sidewall lettering.015
Fra:1 Mem:179.84M (Peak 179.84M) | Time:00:00.33 | Mem:0.00M, Peak:0.00M | Scene, ViewLayer | Synchronizing object | Front left sidewall lettering.016
Fra:1 Mem:179.98M (Peak 179.98M) | Time:00:00.33 | Mem:0.00M, Peak:0.00M | Scene, ViewLayer | Synchronizing object | Front left sidewall lettering.017
Fra:1 Mem:180.11M (Peak 180.11M) | Time:00:00.33 | Mem:0.00M, Peak:0.00M | Scene, ViewLayer | Synchronizing object | Front left sidewall lettering.018
Fra:1 Mem:180.12M (Peak 180.12M) | Time:00:00.33 | Mem:0.00M, Peak:0.00M | Scene, ViewLayer | Synchronizing object | Front left sidewall lettering.019
Fra:1 Mem:180.12M (Peak 180.12M) | Time:00:00.33 | Mem:0.00M, Peak:0.00M | Scene, ViewLayer | Synchronizing object | Front left machined split spoke.005
Fra:1 Mem:180.14M (Peak 180.14M) | Time:00:00.33 | Mem:0.00M, Peak:0.00M | Scene, ViewLayer | Synchronizing object | Front left sidewall lettering.020
Fra:1 Mem:180.15M (Peak 180.15M) | Time:00:00.33 | Mem:0.00M, Peak:0.00M | Scene, ViewLayer | Synchronizing object | Front left black spoke pocket.005
Fra:1 Mem:180.15M (Peak 180.15M) | Time:00:00.33 | Mem:0.00M, Peak:0.00M | Scene, ViewLayer | Synchronizing object | Front left machined split spoke.006
Fra:1 Mem:180.17M (Peak 180.17M) | Time:00:00.33 | Mem:0.00M, Peak:0.00M | Scene, ViewLayer | Synchronizing object | Front left black spoke pocket.006
Fra:1 Mem:180.20M (Peak 180.20M) | Time:00:00.33 | Mem:0.00M, Peak:0.00M | Scene, ViewLayer | Synchronizing object | Front left machined split spoke.007
Fra:1 Mem:180.21M (Peak 180.21M) | Time:00:00.33 | Mem:0.00M, Peak:0.00M | Scene, ViewLayer | Synchronizing object | Front left machined split spoke.008
Fra:1 Mem:180.23M (Peak 180.23M) | Time:00:00.33 | Mem:0.00M, Peak:0.00M | Scene, ViewLayer | Synchronizing object | Front left black spoke pocket.008
Fra:1 Mem:180.24M (Peak 180.24M) | Time:00:00.33 | Mem:0.00M, Peak:0.00M | Scene, ViewLayer | Synchronizing object | Front left machined split spoke.009
Fra:1 Mem:180.25M (Peak 180.25M) | Time:00:00.33 | Mem:0.00M, Peak:0.00M | Scene, ViewLayer | Synchronizing object | Front left black spoke pocket.009
Fra:1 Mem:180.28M (Peak 180.28M) | Time:00:00.33 | Mem:0.00M, Peak:0.00M | Scene, ViewLayer | Synchronizing object | Front left center hub
Fra:1 Mem:180.29M (Peak 180.29M) | Time:00:00.33 | Mem:0.00M, Peak:0.00M | Scene, ViewLayer | Synchronizing object | Front left center cap ring
Fra:1 Mem:180.39M (Peak 180.39M) | Time:00:00.33 | Mem:0.00M, Peak:0.00M | Scene, ViewLayer | Synchronizing object | Front left titanium lug nut
Fra:1 Mem:180.44M (Peak 180.44M) | Time:00:00.33 | Mem:0.00M, Peak:0.00M | Scene, ViewLayer | Synchronizing object | Front left titanium lug nut.001
Fra:1 Mem:180.45M (Peak 180.45M) | Time:00:00.33 | Mem:0.00M, Peak:0.00M | Scene, ViewLayer | Synchronizing object | Front left titanium lug nut.002
Fra:1 Mem:180.46M (Peak 180.46M) | Time:00:00.33 | Mem:0.00M, Peak:0.00M | Scene, ViewLayer | Synchronizing object | Front left titanium lug nut.003
Fra:1 Mem:180.46M (Peak 180.46M) | Time:00:00.33 | Mem:0.00M, Peak:0.00M | Scene, ViewLayer | Synchronizing object | Front left titanium lug nut.004
Fra:1 Mem:180.47M (Peak 180.47M) | Time:00:00.33 | Mem:0.00M, Peak:0.00M | Scene, ViewLayer | Synchronizing object | Front left tire valve
Fra:1 Mem:180.48M (Peak 180.48M) | Time:00:00.33 | Mem:0.00M, Peak:0.00M | Scene, ViewLayer | Synchronizing object | Front right | tire carcass
Fra:1 Mem:180.61M (Peak 180.61M) | Time:00:00.33 | Mem:0.00M, Peak:0.00M | Scene, ViewLayer | Synchronizing object | Front right tire molded sidewall ring.001
Fra:1 Mem:180.61M (Peak 180.61M) | Time:00:00.33 | Mem:0.00M, Peak:0.00M | Scene, ViewLayer | Synchronizing object | Front right tire molded sidewall ring.002
Fra:1 Mem:180.82M (Peak 180.82M) | Time:00:00.33 | Mem:0.00M, Peak:0.00M | Scene, ViewLayer | Synchronizing object | Front right tire molded sidewall ring
Fra:1 Mem:180.82M (Peak 180.82M) | Time:00:00.33 | Mem:0.00M, Peak:0.00M | Scene, ViewLayer | Synchronizing object | Front right directional tread | 792 blocks
Fra:1 Mem:181.25M (Peak 181.25M) | Time:00:00.33 | Mem:0.00M, Peak:0.00M | Scene, ViewLayer | Synchronizing object | Front right cast rim barrel
Fra:1 Mem:181.42M (Peak 181.42M) | Time:00:00.33 | Mem:0.00M, Peak:0.00M | Scene, ViewLayer | Synchronizing object | Front right diamond-cut outer flange
Fra:1 Mem:181.63M (Peak 181.63M) | Time:00:00.33 | Mem:0.00M, Peak:0.00M | Scene, ViewLayer | Synchronizing object | Front right inner rim accent
Fra:1 Mem:181.69M (Peak 181.69M) | Time:00:00.33 | Mem:0.00M, Peak:0.00M | Scene, ViewLayer | Synchronizing object | Front right caliper marking
Fra:1 Mem:181.87M (Peak 181.87M) | Time:00:00.33 | Mem:0.00M, Peak:0.00M | Scene, ViewLayer | Synchronizing object | Front right brake rotor
Fra:1 Mem:181.90M (Peak 181.90M) | Time:00:00.33 | Mem:0.00M, Peak:0.00M | Scene, ViewLayer | Synchronizing object | Front right rotor outer scoring
Fra:1 Mem:182.10M (Peak 182.10M) | Time:00:00.33 | Mem:0.00M, Peak:0.00M | Scene, ViewLayer | Synchronizing object | Front right drilled rotor perforation
Fra:1 Mem:182.02M (Peak 182.10M) | Time:00:00.33 | Mem:0.00M, Peak:0.00M | Scene, ViewLayer | Synchronizing object | Front right drilled rotor perforation.001
Fra:1 Mem:182.13M (Peak 182.13M) | Time:00:00.33 | Mem:0.00M, Peak:0.00M | Scene, ViewLayer | Synchronizing object | Front right drilled rotor perforation.002
Fra:1 Mem:182.45M (Peak 182.45M) | Time:00:00.33 | Mem:0.00M, Peak:0.00M | Scene, ViewLayer | Synchronizing object | Front right drilled rotor perforation.003
Fra:1 Mem:182.57M (Peak 182.57M) | Time:00:00.33 | Mem:0.00M, Peak:0.00M | Scene, ViewLayer | Synchronizing object | Front right drilled rotor perforation.005
Fra:1 Mem:182.58M (Peak 182.58M) | Time:00:00.33 | Mem:0.00M, Peak:0.00M | Scene, ViewLayer | Synchronizing object | Front right drilled rotor perforation.006
Fra:1 Mem:182.66M (Peak 182.66M) | Time:00:00.33 | Mem:0.00M, Peak:0.00M | Scene, ViewLayer | Synchronizing object | Front right drilled rotor perforation.007
Fra:1 Mem:182.67M (Peak 182.67M) | Time:00:00.33 | Mem:0.00M, Peak:0.00M | Scene, ViewLayer | Synchronizing object | Front right drilled rotor perforation.008
Fra:1 Mem:182.68M (Peak 182.68M) | Time:00:00.33 | Mem:0.00M, Peak:0.00M | Scene, ViewLayer | Synchronizing object | Front right drilled rotor perforation.009
Fra:1 Mem:182.69M (Peak 182.69M) | Time:00:00.33 | Mem:0.00M, Peak:0.00M | Scene, ViewLayer | Synchronizing object | Front right drilled rotor perforation.010
Fra:1 Mem:182.71M (Peak 182.71M) | Time:00:00.33 | Mem:0.00M, Peak:0.00M | Scene, ViewLayer | Synchronizing object | Front right drilled rotor perforation.012
Fra:1 Mem:182.73M (Peak 182.73M) | Time:00:00.33 | Mem:0.00M, Peak:0.00M | Scene, ViewLayer | Synchronizing object | Front right drilled rotor perforation.013
Fra:1 Mem:182.74M (Peak 182.74M) | Time:00:00.33 | Mem:0.00M, Peak:0.00M | Scene, ViewLayer | Synchronizing object | Front right drilled rotor perforation.014
Fra:1 Mem:182.76M (Peak 182.76M) | Time:00:00.33 | Mem:0.00M, Peak:0.00M | Scene, ViewLayer | Synchronizing object | Front right drilled rotor perforation.015
Fra:1 Mem:182.76M (Peak 182.76M) | Time:00:00.33 | Mem:0.00M, Peak:0.00M | Scene, ViewLayer | Synchronizing object | Front right drilled rotor perforation.016
Fra:1 Mem:182.78M (Peak 182.78M) | Time:00:00.33 | Mem:0.00M, Peak:0.00M | Scene, ViewLayer | Synchronizing object | Front right drilled rotor perforation.017
Fra:1 Mem:182.82M (Peak 182.82M) | Time:00:00.33 | Mem:0.00M, Peak:0.00M | Scene, ViewLayer | Synchronizing object | Front right drilled rotor perforation.018
Fra:1 Mem:182.83M (Peak 182.83M) | Time:00:00.33 | Mem:0.00M, Peak:0.00M | Scene, ViewLayer | Synchronizing object | Front right drilled rotor perforation.020
Fra:1 Mem:182.83M (Peak 182.83M) | Time:00:00.33 | Mem:0.00M, Peak:0.00M | Scene, ViewLayer | Synchronizing object | Front right drilled rotor perforation.021
Fra:1 Mem:182.86M (Peak 182.86M) | Time:00:00.33 | Mem:0.00M, Peak:0.00M | Scene, ViewLayer | Synchronizing object | Front right drilled rotor perforation.022
Fra:1 Mem:182.91M (Peak 182.91M) | Time:00:00.33 | Mem:0.00M, Peak:0.00M | Scene, ViewLayer | Synchronizing object | Front right drilled rotor perforation.023
Fra:1 Mem:183.03M (Peak 183.03M) | Time:00:00.33 | Mem:0.00M, Peak:0.00M | Scene, ViewLayer | Synchronizing object | Front right drilled rotor perforation.024
Fra:1 Mem:183.08M (Peak 183.08M) | Time:00:00.33 | Mem:0.00M, Peak:0.00M | Scene, ViewLayer | Synchronizing object | Front right drilled rotor perforation.026
Fra:1 Mem:183.12M (Peak 183.12M) | Time:00:00.33 | Mem:0.00M, Peak:0.00M | Scene, ViewLayer | Synchronizing object | Front right drilled rotor perforation.027
Fra:1 Mem:183.15M (Peak 183.15M) | Time:00:00.33 | Mem:0.00M, Peak:0.00M | Scene, ViewLayer | Synchronizing object | Front right drilled rotor perforation.028
Fra:1 Mem:183.19M (Peak 183.19M) | Time:00:00.34 | Mem:0.00M, Peak:0.00M | Scene, ViewLayer | Synchronizing object | Front right drilled rotor perforation.029
Fra:1 Mem:183.20M (Peak 183.20M) | Time:00:00.34 | Mem:0.00M, Peak:0.00M | Scene, ViewLayer | Synchronizing object | Front right drilled rotor perforation.031
Fra:1 Mem:183.23M (Peak 183.23M) | Time:00:00.34 | Mem:0.00M, Peak:0.00M | Scene, ViewLayer | Synchronizing object | Front right drilled rotor perforation.032
Fra:1 Mem:183.23M (Peak 183.23M) | Time:00:00.34 | Mem:0.00M, Peak:0.00M | Scene, ViewLayer | Synchronizing object | Front right sidewall lettering
Fra:1 Mem:183.24M (Peak 183.24M) | Time:00:00.34 | Mem:0.00M, Peak:0.00M | Scene, ViewLayer | Synchronizing object | Front right drilled rotor perforation.033
Fra:1 Mem:183.28M (Peak 183.28M) | Time:00:00.34 | Mem:0.00M, Peak:0.00M | Scene, ViewLayer | Synchronizing object | Front right drilled rotor perforation.034
Fra:1 Mem:183.30M (Peak 183.30M) | Time:00:00.34 | Mem:0.00M, Peak:0.00M | Scene, ViewLayer | Synchronizing object | Front right drilled rotor perforation.036
Fra:1 Mem:183.30M (Peak 183.30M) | Time:00:00.34 | Mem:0.00M, Peak:0.00M | Scene, ViewLayer | Synchronizing object | Front right drilled rotor perforation.037
Fra:1 Mem:183.32M (Peak 183.32M) | Time:00:00.34 | Mem:0.00M, Peak:0.00M | Scene, ViewLayer | Synchronizing object | Front right drilled rotor perforation.038
Fra:1 Mem:183.34M (Peak 183.34M) | Time:00:00.34 | Mem:0.00M, Peak:0.00M | Scene, ViewLayer | Synchronizing object | Front right sidewall lettering.002
Fra:1 Mem:183.35M (Peak 183.35M) | Time:00:00.34 | Mem:0.00M, Peak:0.00M | Scene, ViewLayer | Synchronizing object | Front right drilled rotor perforation.040
Fra:1 Mem:183.41M (Peak 183.41M) | Time:00:00.34 | Mem:0.00M, Peak:0.00M | Scene, ViewLayer | Synchronizing object | Front right drilled rotor perforation.042
Fra:1 Mem:183.52M (Peak 183.52M) | Time:00:00.34 | Mem:0.00M, Peak:0.00M | Scene, ViewLayer | Synchronizing object | Front right drilled rotor perforation.043
Fra:1 Mem:183.53M (Peak 183.53M) | Time:00:00.34 | Mem:0.00M, Peak:0.00M | Scene, ViewLayer | Synchronizing object | Front right drilled rotor perforation.044
Fra:1 Mem:183.58M (Peak 183.58M) | Time:00:00.34 | Mem:0.00M, Peak:0.00M | Scene, ViewLayer | Synchronizing object | Front right drilled rotor perforation.045
Fra:1 Mem:183.61M (Peak 183.61M) | Time:00:00.34 | Mem:0.00M, Peak:0.00M | Scene, ViewLayer | Synchronizing object | Front right drilled rotor perforation.047
Fra:1 Mem:183.60M (Peak 183.61M) | Time:00:00.34 | Mem:0.00M, Peak:0.00M | Scene, ViewLayer | Synchronizing object | Front right drilled rotor perforation.048
Fra:1 Mem:183.61M (Peak 183.61M) | Time:00:00.34 | Mem:0.00M, Peak:0.00M | Scene, ViewLayer | Synchronizing object | Front right drilled rotor perforation.049
Fra:1 Mem:183.63M (Peak 183.63M) | Time:00:00.34 | Mem:0.00M, Peak:0.00M | Scene, ViewLayer | Synchronizing object | Front right drilled rotor perforation.050
Fra:1 Mem:183.66M (Peak 183.66M) | Time:00:00.34 | Mem:0.00M, Peak:0.00M | Scene, ViewLayer | Synchronizing object | Front right drilled rotor perforation.051
Fra:1 Mem:183.67M (Peak 183.67M) | Time:00:00.34 | Mem:0.00M, Peak:0.00M | Scene, ViewLayer | Synchronizing object | Front right drilled rotor perforation.053
Fra:1 Mem:183.72M (Peak 183.72M) | Time:00:00.34 | Mem:0.00M, Peak:0.00M | Scene, ViewLayer | Synchronizing object | Front right sidewall lettering.004
Fra:1 Mem:183.71M (Peak 183.72M) | Time:00:00.34 | Mem:0.00M, Peak:0.00M | Scene, ViewLayer | Synchronizing object | Front right drilled rotor perforation.055
Fra:1 Mem:183.73M (Peak 183.73M) | Time:00:00.34 | Mem:0.00M, Peak:0.00M | Scene, ViewLayer | Synchronizing object | Front right drilled rotor perforation.056
Fra:1 Mem:183.74M (Peak 183.74M) | Time:00:00.34 | Mem:0.00M, Peak:0.00M | Scene, ViewLayer | Synchronizing object | Front right drilled rotor perforation.057
Fra:1 Mem:183.77M (Peak 183.77M) | Time:00:00.34 | Mem:0.00M, Peak:0.00M | Scene, ViewLayer | Synchronizing object | Front right drilled rotor perforation.058
Fra:1 Mem:183.78M (Peak 183.78M) | Time:00:00.34 | Mem:0.00M, Peak:0.00M | Scene, ViewLayer | Synchronizing object | Front right drilled rotor perforation.060
Fra:1 Mem:183.80M (Peak 183.80M) | Time:00:00.34 | Mem:0.00M, Peak:0.00M | Scene, ViewLayer | Synchronizing object | Front right drilled rotor perforation.061
Fra:1 Mem:183.83M (Peak 183.83M) | Time:00:00.34 | Mem:0.00M, Peak:0.00M | Scene, ViewLayer | Synchronizing object | Front right drilled rotor perforation.062
Fra:1 Mem:183.84M (Peak 183.84M) | Time:00:00.34 | Mem:0.00M, Peak:0.00M | Scene, ViewLayer | Synchronizing object | Front right drilled rotor perforation.064
Fra:1 Mem:183.87M (Peak 183.87M) | Time:00:00.34 | Mem:0.00M, Peak:0.00M | Scene, ViewLayer | Synchronizing object | Front right drilled rotor perforation.065
Fra:1 Mem:183.88M (Peak 183.88M) | Time:00:00.34 | Mem:0.00M, Peak:0.00M | Scene, ViewLayer | Synchronizing object | Front right drilled rotor perforation.067
Fra:1 Mem:183.90M (Peak 183.90M) | Time:00:00.34 | Mem:0.00M, Peak:0.00M | Scene, ViewLayer | Synchronizing object | Front right drilled rotor perforation.068
Fra:1 Mem:183.92M (Peak 183.92M) | Time:00:00.34 | Mem:0.00M, Peak:0.00M | Scene, ViewLayer | Synchronizing object | Front right drilled rotor perforation.069
Fra:1 Mem:183.93M (Peak 183.93M) | Time:00:00.34 | Mem:0.00M, Peak:0.00M | Scene, ViewLayer | Synchronizing object | Front right drilled rotor perforation.070
Fra:1 Mem:183.96M (Peak 183.96M) | Time:00:00.34 | Mem:0.00M, Peak:0.00M | Scene, ViewLayer | Synchronizing object | Front right sidewall lettering.005
Fra:1 Mem:183.96M (Peak 183.96M) | Time:00:00.34 | Mem:0.00M, Peak:0.00M | Scene, ViewLayer | Synchronizing object | Front right drilled rotor perforation.071
Fra:1 Mem:183.97M (Peak 183.97M) | Time:00:00.34 | Mem:0.00M, Peak:0.00M | Scene, ViewLayer | Synchronizing object | Front right sidewall lettering.006
Fra:1 Mem:183.99M (Peak 183.99M) | Time:00:00.34 | Mem:0.00M, Peak:0.00M | Scene, ViewLayer | Synchronizing object | Front right brake disc bell
Fra:1 Mem:184.04M (Peak 184.04M) | Time:00:00.34 | Mem:0.00M, Peak:0.00M | Scene, ViewLayer | Synchronizing object | Front right sidewall lettering.007
Fra:1 Mem:184.06M (Peak 184.06M) | Time:00:00.34 | Mem:0.00M, Peak:0.00M | Scene, ViewLayer | Synchronizing object | Front right machined split spoke
Fra:1 Mem:184.07M (Peak 184.07M) | Time:00:00.34 | Mem:0.00M, Peak:0.00M | Scene, ViewLayer | Synchronizing object | Front right black spoke pocket
Fra:1 Mem:184.08M (Peak 184.08M) | Time:00:00.34 | Mem:0.00M, Peak:0.00M | Scene, ViewLayer | Synchronizing object | Front right machined split spoke.001
Fra:1 Mem:184.13M (Peak 184.13M) | Time:00:00.34 | Mem:0.00M, Peak:0.00M | Scene, ViewLayer | Synchronizing object | Front right black spoke pocket.001
Fra:1 Mem:184.20M (Peak 184.20M) | Time:00:00.34 | Mem:0.00M, Peak:0.00M | Scene, ViewLayer | Synchronizing object | Front right machined split spoke.002
Fra:1 Mem:184.20M (Peak 184.20M) | Time:00:00.34 | Mem:0.00M, Peak:0.00M | Scene, ViewLayer | Synchronizing object | Front right sidewall lettering.009
Fra:1 Mem:184.22M (Peak 184.22M) | Time:00:00.34 | Mem:0.00M, Peak:0.00M | Scene, ViewLayer | Synchronizing object | Front right machined split spoke.003
Fra:1 Mem:184.23M (Peak 184.23M) | Time:00:00.34 | Mem:0.00M, Peak:0.00M | Scene, ViewLayer | Synchronizing object | Front right black spoke pocket.003
Fra:1 Mem:184.24M (Peak 184.24M) | Time:00:00.34 | Mem:0.00M, Peak:0.00M | Scene, ViewLayer | Synchronizing object | Front right machined split spoke.004
Fra:1 Mem:184.25M (Peak 184.25M) | Time:00:00.34 | Mem:0.00M, Peak:0.00M | Scene, ViewLayer | Synchronizing object | Front right black spoke pocket.004
Fra:1 Mem:184.29M (Peak 184.29M) | Time:00:00.34 | Mem:0.00M, Peak:0.00M | Scene, ViewLayer | Synchronizing object | Front right machined split spoke.005
Fra:1 Mem:184.30M (Peak 184.30M) | Time:00:00.34 | Mem:0.00M, Peak:0.00M | Scene, ViewLayer | Synchronizing object | Front right machined split spoke.006
Fra:1 Mem:184.30M (Peak 184.30M) | Time:00:00.34 | Mem:0.00M, Peak:0.00M | Scene, ViewLayer | Synchronizing object | Front right sidewall lettering.010
Fra:1 Mem:184.33M (Peak 184.33M) | Time:00:00.34 | Mem:0.00M, Peak:0.00M | Scene, ViewLayer | Synchronizing object | Front right black spoke pocket.006
Fra:1 Mem:184.35M (Peak 184.35M) | Time:00:00.34 | Mem:0.00M, Peak:0.00M | Scene, ViewLayer | Synchronizing object | Front right machined split spoke.007
Fra:1 Mem:184.37M (Peak 184.37M) | Time:00:00.34 | Mem:0.00M, Peak:0.00M | Scene, ViewLayer | Synchronizing object | Front right sidewall lettering.011
Fra:1 Mem:184.40M (Peak 184.40M) | Time:00:00.34 | Mem:0.00M, Peak:0.00M | Scene, ViewLayer | Synchronizing object | Front right machined split spoke.008
Fra:1 Mem:184.53M (Peak 184.53M) | Time:00:00.34 | Mem:0.00M, Peak:0.00M | Scene, ViewLayer | Synchronizing object | Front right black spoke pocket.008
Fra:1 Mem:184.54M (Peak 184.54M) | Time:00:00.34 | Mem:0.00M, Peak:0.00M | Scene, ViewLayer | Synchronizing object | Front right machined split spoke.009
Fra:1 Mem:184.56M (Peak 184.56M) | Time:00:00.34 | Mem:0.00M, Peak:0.00M | Scene, ViewLayer | Synchronizing object | Front right black spoke pocket.009
Fra:1 Mem:184.58M (Peak 184.58M) | Time:00:00.34 | Mem:0.00M, Peak:0.00M | Scene, ViewLayer | Synchronizing object | Front right center hub
Fra:1 Mem:184.58M (Peak 184.58M) | Time:00:00.34 | Mem:0.00M, Peak:0.00M | Scene, ViewLayer | Synchronizing object | Front right center cap ring
Fra:1 Mem:184.68M (Peak 184.68M) | Time:00:00.34 | Mem:0.00M, Peak:0.00M | Scene, ViewLayer | Synchronizing object | Front right sidewall lettering.013
Fra:1 Mem:184.68M (Peak 184.68M) | Time:00:00.34 | Mem:0.00M, Peak:0.00M | Scene, ViewLayer | Synchronizing object | Front right sidewall lettering.014
Fra:1 Mem:184.73M (Peak 184.73M) | Time:00:00.34 | Mem:0.00M, Peak:0.00M | Scene, ViewLayer | Synchronizing object | Front right titanium lug nut
Fra:1 Mem:184.90M (Peak 184.90M) | Time:00:00.34 | Mem:0.00M, Peak:0.00M | Scene, ViewLayer | Synchronizing object | Front right titanium lug nut.001
Fra:1 Mem:184.90M (Peak 184.90M) | Time:00:00.34 | Mem:0.00M, Peak:0.00M | Scene, ViewLayer | Synchronizing object | Front right titanium lug nut.002
Fra:1 Mem:184.92M (Peak 184.92M) | Time:00:00.34 | Mem:0.00M, Peak:0.00M | Scene, ViewLayer | Synchronizing object | Front right titanium lug nut.003
Fra:1 Mem:184.93M (Peak 184.93M) | Time:00:00.34 | Mem:0.00M, Peak:0.00M | Scene, ViewLayer | Synchronizing object | Front right titanium lug nut.004
Fra:1 Mem:184.95M (Peak 184.95M) | Time:00:00.34 | Mem:0.00M, Peak:0.00M | Scene, ViewLayer | Synchronizing object | Front right tire valve
Fra:1 Mem:185.03M (Peak 185.03M) | Time:00:00.34 | Mem:0.00M, Peak:0.00M | Scene, ViewLayer | Synchronizing object | Front right sidewall lettering.016
Fra:1 Mem:185.16M (Peak 185.16M) | Time:00:00.34 | Mem:0.00M, Peak:0.00M | Scene, ViewLayer | Synchronizing object | Front right sidewall lettering.017
Fra:1 Mem:185.30M (Peak 185.30M) | Time:00:00.34 | Mem:0.00M, Peak:0.00M | Scene, ViewLayer | Synchronizing object | Front right sidewall lettering.018
Fra:1 Mem:185.31M (Peak 185.31M) | Time:00:00.34 | Mem:0.00M, Peak:0.00M | Scene, ViewLayer | Synchronizing object | Front right sidewall lettering.019
Fra:1 Mem:185.31M (Peak 185.31M) | Time:00:00.34 | Mem:0.00M, Peak:0.00M | Scene, ViewLayer | Synchronizing object | Front right sidewall lettering.020
Fra:1 Mem:185.32M (Peak 185.32M) | Time:00:00.34 | Mem:0.00M, Peak:0.00M | Scene, ViewLayer | Synchronizing object | Front right sidewall lettering.021
Fra:1 Mem:185.33M (Peak 185.33M) | Time:00:00.34 | Mem:0.00M, Peak:0.00M | Scene, ViewLayer | Synchronizing object | Rear left | tire carcass
Fra:1 Mem:185.46M (Peak 185.46M) | Time:00:00.34 | Mem:0.00M, Peak:0.00M | Scene, ViewLayer | Synchronizing object | Rear left tire molded sidewall ring.001
Fra:1 Mem:185.57M (Peak 185.57M) | Time:00:00.34 | Mem:0.00M, Peak:0.00M | Scene, ViewLayer | Synchronizing object | Rear left tire molded sidewall ring.002
Fra:1 Mem:185.71M (Peak 185.71M) | Time:00:00.34 | Mem:0.00M, Peak:0.00M | Scene, ViewLayer | Synchronizing object | Rear left caliper marking
Fra:1 Mem:185.82M (Peak 185.82M) | Time:00:00.34 | Mem:0.00M, Peak:0.00M | Scene, ViewLayer | Synchronizing object | Rear left tire molded sidewall ring
Fra:1 Mem:186.33M (Peak 186.33M) | Time:00:00.34 | Mem:0.00M, Peak:0.00M | Scene, ViewLayer | Synchronizing object | Rear left directional tread | 792 blocks
Fra:1 Mem:187.00M (Peak 187.00M) | Time:00:00.35 | Mem:0.00M, Peak:0.00M | Scene, ViewLayer | Synchronizing object | Rear left cast rim barrel
Fra:1 Mem:187.07M (Peak 187.07M) | Time:00:00.35 | Mem:0.00M, Peak:0.00M | Scene, ViewLayer | Synchronizing object | Rear left diamond-cut outer flange
Fra:1 Mem:187.09M (Peak 187.09M) | Time:00:00.35 | Mem:0.00M, Peak:0.00M | Scene, ViewLayer | Synchronizing object | Rear left inner rim accent
Fra:1 Mem:187.26M (Peak 187.26M) | Time:00:00.35 | Mem:0.00M, Peak:0.00M | Scene, ViewLayer | Synchronizing object | Rear left brake rotor
Fra:1 Mem:187.29M (Peak 187.29M) | Time:00:00.35 | Mem:0.00M, Peak:0.00M | Scene, ViewLayer | Synchronizing object | Rear left rotor outer scoring
Fra:1 Mem:187.42M (Peak 187.42M) | Time:00:00.35 | Mem:0.00M, Peak:0.00M | Scene, ViewLayer | Synchronizing object | Rear left drilled rotor perforation
Fra:1 Mem:187.42M (Peak 187.42M) | Time:00:00.35 | Mem:0.00M, Peak:0.00M | Scene, ViewLayer | Synchronizing object | Rear left drilled rotor perforation.001
Fra:1 Mem:187.45M (Peak 187.45M) | Time:00:00.35 | Mem:0.00M, Peak:0.00M | Scene, ViewLayer | Synchronizing object | Rear left drilled rotor perforation.002
Fra:1 Mem:187.45M (Peak 187.45M) | Time:00:00.35 | Mem:0.00M, Peak:0.00M | Scene, ViewLayer | Synchronizing object | Rear left drilled rotor perforation.003
Fra:1 Mem:187.48M (Peak 187.48M) | Time:00:00.35 | Mem:0.00M, Peak:0.00M | Scene, ViewLayer | Synchronizing object | Rear left drilled rotor perforation.004
Fra:1 Mem:187.48M (Peak 187.48M) | Time:00:00.35 | Mem:0.00M, Peak:0.00M | Scene, ViewLayer | Synchronizing object | Rear left drilled rotor perforation.005
Fra:1 Mem:187.50M (Peak 187.50M) | Time:00:00.35 | Mem:0.00M, Peak:0.00M | Scene, ViewLayer | Synchronizing object | Rear left drilled rotor perforation.006
Fra:1 Mem:187.52M (Peak 187.52M) | Time:00:00.35 | Mem:0.00M, Peak:0.00M | Scene, ViewLayer | Synchronizing object | Rear left drilled rotor perforation.007
Fra:1 Mem:187.52M (Peak 187.52M) | Time:00:00.35 | Mem:0.00M, Peak:0.00M | Scene, ViewLayer | Synchronizing object | Rear left drilled rotor perforation.008
Fra:1 Mem:187.55M (Peak 187.55M) | Time:00:00.35 | Mem:0.00M, Peak:0.00M | Scene, ViewLayer | Synchronizing object | Rear left drilled rotor perforation.009
Fra:1 Mem:187.55M (Peak 187.55M) | Time:00:00.35 | Mem:0.00M, Peak:0.00M | Scene, ViewLayer | Synchronizing object | Rear left drilled rotor perforation.010
Fra:1 Mem:187.57M (Peak 187.57M) | Time:00:00.35 | Mem:0.00M, Peak:0.00M | Scene, ViewLayer | Synchronizing object | Rear left drilled rotor perforation.011
Fra:1 Mem:187.59M (Peak 187.59M) | Time:00:00.35 | Mem:0.00M, Peak:0.00M | Scene, ViewLayer | Synchronizing object | Rear left drilled rotor perforation.012
Fra:1 Mem:187.60M (Peak 187.60M) | Time:00:00.35 | Mem:0.00M, Peak:0.00M | Scene, ViewLayer | Synchronizing object | Rear left drilled rotor perforation.013
Fra:1 Mem:187.62M (Peak 187.62M) | Time:00:00.35 | Mem:0.00M, Peak:0.00M | Scene, ViewLayer | Synchronizing object | Rear left drilled rotor perforation.015
Fra:1 Mem:187.62M (Peak 187.62M) | Time:00:00.35 | Mem:0.00M, Peak:0.00M | Scene, ViewLayer | Synchronizing object | Rear left drilled rotor perforation.016
Fra:1 Mem:187.65M (Peak 187.65M) | Time:00:00.35 | Mem:0.00M, Peak:0.00M | Scene, ViewLayer | Synchronizing object | Rear left drilled rotor perforation.017
Fra:1 Mem:187.68M (Peak 187.68M) | Time:00:00.35 | Mem:0.00M, Peak:0.00M | Scene, ViewLayer | Synchronizing object | Rear left drilled rotor perforation.018
Fra:1 Mem:187.68M (Peak 187.68M) | Time:00:00.35 | Mem:0.00M, Peak:0.00M | Scene, ViewLayer | Synchronizing object | Rear left drilled rotor perforation.020
Fra:1 Mem:187.69M (Peak 187.69M) | Time:00:00.35 | Mem:0.00M, Peak:0.00M | Scene, ViewLayer | Synchronizing object | Rear left drilled rotor perforation.021
Fra:1 Mem:187.72M (Peak 187.72M) | Time:00:00.35 | Mem:0.00M, Peak:0.00M | Scene, ViewLayer | Synchronizing object | Rear left center mi logo
Fra:1 Mem:187.72M (Peak 187.72M) | Time:00:00.35 | Mem:0.00M, Peak:0.00M | Scene, ViewLayer | Synchronizing object | Rear left drilled rotor perforation.022
Fra:1 Mem:187.79M (Peak 187.79M) | Time:00:00.35 | Mem:0.00M, Peak:0.00M | Scene, ViewLayer | Synchronizing object | Rear left drilled rotor perforation.023
Fra:1 Mem:187.96M (Peak 187.96M) | Time:00:00.35 | Mem:0.00M, Peak:0.00M | Scene, ViewLayer | Synchronizing object | Rear left drilled rotor perforation.025
Fra:1 Mem:187.99M (Peak 187.99M) | Time:00:00.35 | Mem:0.00M, Peak:0.00M | Scene, ViewLayer | Synchronizing object | Rear left drilled rotor perforation.026
Fra:1 Mem:188.00M (Peak 188.00M) | Time:00:00.35 | Mem:0.00M, Peak:0.00M | Scene, ViewLayer | Synchronizing object | Rear left drilled rotor perforation.027
Fra:1 Mem:188.05M (Peak 188.05M) | Time:00:00.35 | Mem:0.00M, Peak:0.00M | Scene, ViewLayer | Synchronizing object | Rear left drilled rotor perforation.028
Fra:1 Mem:188.06M (Peak 188.06M) | Time:00:00.35 | Mem:0.00M, Peak:0.00M | Scene, ViewLayer | Synchronizing object | Rear left drilled rotor perforation.029
Fra:1 Mem:188.08M (Peak 188.08M) | Time:00:00.35 | Mem:0.00M, Peak:0.00M | Scene, ViewLayer | Synchronizing object | Rear left drilled rotor perforation.031
Fra:1 Mem:188.09M (Peak 188.09M) | Time:00:00.35 | Mem:0.00M, Peak:0.00M | Scene, ViewLayer | Synchronizing object | Rear left drilled rotor perforation.032
Fra:1 Mem:188.09M (Peak 188.09M) | Time:00:00.35 | Mem:0.00M, Peak:0.00M | Scene, ViewLayer | Synchronizing object | Rear left drilled rotor perforation.033
Fra:1 Mem:188.10M (Peak 188.10M) | Time:00:00.35 | Mem:0.00M, Peak:0.00M | Scene, ViewLayer | Synchronizing object | Rear left drilled rotor perforation.034
Fra:1 Mem:188.12M (Peak 188.12M) | Time:00:00.35 | Mem:0.00M, Peak:0.00M | Scene, ViewLayer | Synchronizing object | Rear left drilled rotor perforation.035
Fra:1 Mem:188.13M (Peak 188.13M) | Time:00:00.35 | Mem:0.00M, Peak:0.00M | Scene, ViewLayer | Synchronizing object | Rear left drilled rotor perforation.036
Fra:1 Mem:188.16M (Peak 188.16M) | Time:00:00.35 | Mem:0.00M, Peak:0.00M | Scene, ViewLayer | Synchronizing object | Rear left drilled rotor perforation.037
Fra:1 Mem:188.16M (Peak 188.16M) | Time:00:00.35 | Mem:0.00M, Peak:0.00M | Scene, ViewLayer | Synchronizing object | Rear left drilled rotor perforation.038
Fra:1 Mem:188.19M (Peak 188.19M) | Time:00:00.35 | Mem:0.00M, Peak:0.00M | Scene, ViewLayer | Synchronizing object | Rear left drilled rotor perforation.039
Fra:1 Mem:188.22M (Peak 188.22M) | Time:00:00.35 | Mem:0.00M, Peak:0.00M | Scene, ViewLayer | Synchronizing object | Rear left sidewall lettering.001
Fra:1 Mem:188.24M (Peak 188.24M) | Time:00:00.35 | Mem:0.00M, Peak:0.00M | Scene, ViewLayer | Synchronizing object | Rear left drilled rotor perforation.041
Fra:1 Mem:188.24M (Peak 188.24M) | Time:00:00.35 | Mem:0.00M, Peak:0.00M | Scene, ViewLayer | Synchronizing object | Rear left drilled rotor perforation.042
Fra:1 Mem:188.26M (Peak 188.26M) | Time:00:00.35 | Mem:0.00M, Peak:0.00M | Scene, ViewLayer | Synchronizing object | Rear left sidewall lettering.002
Fra:1 Mem:188.31M (Peak 188.31M) | Time:00:00.35 | Mem:0.00M, Peak:0.00M | Scene, ViewLayer | Synchronizing object | Rear left drilled rotor perforation.043
Fra:1 Mem:188.33M (Peak 188.33M) | Time:00:00.35 | Mem:0.00M, Peak:0.00M | Scene, ViewLayer | Synchronizing object | Rear left drilled rotor perforation.045
Fra:1 Mem:188.44M (Peak 188.44M) | Time:00:00.35 | Mem:0.00M, Peak:0.00M | Scene, ViewLayer | Synchronizing object | Rear left drilled rotor perforation.046
Fra:1 Mem:188.45M (Peak 188.45M) | Time:00:00.35 | Mem:0.00M, Peak:0.00M | Scene, ViewLayer | Synchronizing object | Rear left drilled rotor perforation.048
Fra:1 Mem:188.48M (Peak 188.48M) | Time:00:00.35 | Mem:0.00M, Peak:0.00M | Scene, ViewLayer | Synchronizing object | Rear left drilled rotor perforation.049
Fra:1 Mem:188.50M (Peak 188.50M) | Time:00:00.35 | Mem:0.00M, Peak:0.00M | Scene, ViewLayer | Synchronizing object | Rear left sidewall lettering.003
Fra:1 Mem:188.52M (Peak 188.52M) | Time:00:00.35 | Mem:0.00M, Peak:0.00M | Scene, ViewLayer | Synchronizing object | Rear left drilled rotor perforation.051
Fra:1 Mem:188.52M (Peak 188.52M) | Time:00:00.35 | Mem:0.00M, Peak:0.00M | Scene, ViewLayer | Synchronizing object | Rear left drilled rotor perforation.052
Fra:1 Mem:188.55M (Peak 188.55M) | Time:00:00.35 | Mem:0.00M, Peak:0.00M | Scene, ViewLayer | Synchronizing object | Rear left drilled rotor perforation.053
Fra:1 Mem:188.58M (Peak 188.58M) | Time:00:00.35 | Mem:0.00M, Peak:0.00M | Scene, ViewLayer | Synchronizing object | Rear left drilled rotor perforation.054
Fra:1 Mem:188.59M (Peak 188.59M) | Time:00:00.35 | Mem:0.00M, Peak:0.00M | Scene, ViewLayer | Synchronizing object | Rear left drilled rotor perforation.056
Fra:1 Mem:188.61M (Peak 188.61M) | Time:00:00.35 | Mem:0.00M, Peak:0.00M | Scene, ViewLayer | Synchronizing object | Rear left drilled rotor perforation.057
Fra:1 Mem:188.64M (Peak 188.64M) | Time:00:00.35 | Mem:0.00M, Peak:0.00M | Scene, ViewLayer | Synchronizing object | Rear left drilled rotor perforation.058
Fra:1 Mem:188.63M (Peak 188.64M) | Time:00:00.35 | Mem:0.00M, Peak:0.00M | Scene, ViewLayer | Synchronizing object | Rear left drilled rotor perforation.059
Fra:1 Mem:188.65M (Peak 188.65M) | Time:00:00.35 | Mem:0.00M, Peak:0.00M | Scene, ViewLayer | Synchronizing object | Rear left drilled rotor perforation.060
Fra:1 Mem:188.70M (Peak 188.70M) | Time:00:00.35 | Mem:0.00M, Peak:0.00M | Scene, ViewLayer | Synchronizing object | Rear left drilled rotor perforation.061
Fra:1 Mem:188.70M (Peak 188.70M) | Time:00:00.35 | Mem:0.00M, Peak:0.00M | Scene, ViewLayer | Synchronizing object | Rear left sidewall lettering.005
Fra:1 Mem:188.75M (Peak 188.75M) | Time:00:00.35 | Mem:0.00M, Peak:0.00M | Scene, ViewLayer | Synchronizing object | Rear left drilled rotor perforation.064
Fra:1 Mem:188.77M (Peak 188.77M) | Time:00:00.35 | Mem:0.00M, Peak:0.00M | Scene, ViewLayer | Synchronizing object | Rear left sidewall lettering.006
Fra:1 Mem:188.77M (Peak 188.77M) | Time:00:00.35 | Mem:0.00M, Peak:0.00M | Scene, ViewLayer | Synchronizing object | Rear left drilled rotor perforation.067
Fra:1 Mem:188.79M (Peak 188.79M) | Time:00:00.35 | Mem:0.00M, Peak:0.00M | Scene, ViewLayer | Synchronizing object | Rear left sidewall lettering.007
Fra:1 Mem:188.79M (Peak 188.79M) | Time:00:00.35 | Mem:0.00M, Peak:0.00M | Scene, ViewLayer | Synchronizing object | Rear left drilled rotor perforation.068
Fra:1 Mem:188.82M (Peak 188.82M) | Time:00:00.35 | Mem:0.00M, Peak:0.00M | Scene, ViewLayer | Synchronizing object | Rear left drilled rotor perforation.069
Fra:1 Mem:188.83M (Peak 188.83M) | Time:00:00.35 | Mem:0.00M, Peak:0.00M | Scene, ViewLayer | Synchronizing object | Rear left sidewall lettering.008
Fra:1 Mem:188.86M (Peak 188.86M) | Time:00:00.35 | Mem:0.00M, Peak:0.00M | Scene, ViewLayer | Synchronizing object | Rear left drilled rotor perforation.071
Fra:1 Mem:188.94M (Peak 188.94M) | Time:00:00.35 | Mem:0.00M, Peak:0.00M | Scene, ViewLayer | Synchronizing object | Rear left brake disc bell
Fra:1 Mem:188.98M (Peak 188.98M) | Time:00:00.35 | Mem:0.00M, Peak:0.00M | Scene, ViewLayer | Synchronizing object | Rear left sidewall lettering.009
Fra:1 Mem:189.00M (Peak 189.00M) | Time:00:00.35 | Mem:0.00M, Peak:0.00M | Scene, ViewLayer | Synchronizing object | Rear left machined split spoke
Fra:1 Mem:189.02M (Peak 189.02M) | Time:00:00.35 | Mem:0.00M, Peak:0.00M | Scene, ViewLayer | Synchronizing object | Rear left sidewall lettering.010
Fra:1 Mem:189.05M (Peak 189.05M) | Time:00:00.35 | Mem:0.00M, Peak:0.00M | Scene, ViewLayer | Synchronizing object | Rear left black spoke pocket
Fra:1 Mem:189.05M (Peak 189.05M) | Time:00:00.35 | Mem:0.00M, Peak:0.00M | Scene, ViewLayer | Synchronizing object | Rear left black spoke pocket.001
Fra:1 Mem:189.06M (Peak 189.06M) | Time:00:00.35 | Mem:0.00M, Peak:0.00M | Scene, ViewLayer | Synchronizing object | Rear left machined split spoke.002
Fra:1 Mem:189.09M (Peak 189.09M) | Time:00:00.35 | Mem:0.00M, Peak:0.00M | Scene, ViewLayer | Synchronizing object | Rear left black spoke pocket.002
Fra:1 Mem:189.12M (Peak 189.12M) | Time:00:00.35 | Mem:0.00M, Peak:0.00M | Scene, ViewLayer | Synchronizing object | Rear left machined split spoke.003
Fra:1 Mem:189.13M (Peak 189.13M) | Time:00:00.35 | Mem:0.00M, Peak:0.00M | Scene, ViewLayer | Synchronizing object | Rear left black spoke pocket.003
Fra:1 Mem:189.26M (Peak 189.26M) | Time:00:00.35 | Mem:0.00M, Peak:0.00M | Scene, ViewLayer | Synchronizing object | Rear left machined split spoke.004
Fra:1 Mem:189.28M (Peak 189.28M) | Time:00:00.35 | Mem:0.00M, Peak:0.00M | Scene, ViewLayer | Synchronizing object | Rear left black spoke pocket.004
Fra:1 Mem:189.30M (Peak 189.32M) | Time:00:00.35 | Mem:0.00M, Peak:0.00M | Scene, ViewLayer | Synchronizing object | Rear left machined split spoke.005
Fra:1 Mem:189.32M (Peak 189.32M) | Time:00:00.35 | Mem:0.00M, Peak:0.00M | Scene, ViewLayer | Synchronizing object | Rear left black spoke pocket.006
Fra:1 Mem:189.34M (Peak 189.34M) | Time:00:00.35 | Mem:0.00M, Peak:0.00M | Scene, ViewLayer | Synchronizing object | Rear left machined split spoke.007
Fra:1 Mem:189.36M (Peak 189.36M) | Time:00:00.35 | Mem:0.00M, Peak:0.00M | Scene, ViewLayer | Synchronizing object | Rear left black spoke pocket.007
Fra:1 Mem:189.37M (Peak 189.37M) | Time:00:00.35 | Mem:0.00M, Peak:0.00M | Scene, ViewLayer | Synchronizing object | Rear left machined split spoke.008
Fra:1 Mem:189.40M (Peak 189.40M) | Time:00:00.35 | Mem:0.00M, Peak:0.00M | Scene, ViewLayer | Synchronizing object | Rear left black spoke pocket.008
Fra:1 Mem:189.41M (Peak 189.41M) | Time:00:00.35 | Mem:0.00M, Peak:0.00M | Scene, ViewLayer | Synchronizing object | Rear left sidewall lettering.014
Fra:1 Mem:189.42M (Peak 189.42M) | Time:00:00.35 | Mem:0.00M, Peak:0.00M | Scene, ViewLayer | Synchronizing object | Rear left black spoke pocket.009
Fra:1 Mem:189.47M (Peak 189.47M) | Time:00:00.35 | Mem:0.00M, Peak:0.00M | Scene, ViewLayer | Synchronizing object | Rear left center hub
Fra:1 Mem:189.57M (Peak 189.57M) | Time:00:00.35 | Mem:0.00M, Peak:0.00M | Scene, ViewLayer | Synchronizing object | Rear left center cap ring
Fra:1 Mem:189.62M (Peak 189.62M) | Time:00:00.35 | Mem:0.00M, Peak:0.00M | Scene, ViewLayer | Synchronizing object | Rear left titanium lug nut
Fra:1 Mem:189.72M (Peak 189.72M) | Time:00:00.35 | Mem:0.00M, Peak:0.00M | Scene, ViewLayer | Synchronizing object | Rear left titanium lug nut.001
Fra:1 Mem:189.78M (Peak 189.78M) | Time:00:00.35 | Mem:0.00M, Peak:0.00M | Scene, ViewLayer | Synchronizing object | Rear left titanium lug nut.002
Fra:1 Mem:189.78M (Peak 189.78M) | Time:00:00.35 | Mem:0.00M, Peak:0.00M | Scene, ViewLayer | Synchronizing object | Rear left titanium lug nut.004
Fra:1 Mem:189.79M (Peak 189.79M) | Time:00:00.35 | Mem:0.00M, Peak:0.00M | Scene, ViewLayer | Synchronizing object | Rear left tire valve
Fra:1 Mem:189.89M (Peak 189.89M) | Time:00:00.35 | Mem:0.00M, Peak:0.00M | Scene, ViewLayer | Synchronizing object | Rear left sidewall lettering.016
Fra:1 Mem:190.02M (Peak 190.02M) | Time:00:00.35 | Mem:0.00M, Peak:0.00M | Scene, ViewLayer | Synchronizing object | Rear left sidewall lettering.017
Fra:1 Mem:190.16M (Peak 190.16M) | Time:00:00.35 | Mem:0.00M, Peak:0.00M | Scene, ViewLayer | Synchronizing object | Rear left sidewall lettering.018
Fra:1 Mem:190.17M (Peak 190.17M) | Time:00:00.35 | Mem:0.00M, Peak:0.00M | Scene, ViewLayer | Synchronizing object | Rear left sidewall lettering.019
Fra:1 Mem:190.17M (Peak 190.17M) | Time:00:00.35 | Mem:0.00M, Peak:0.00M | Scene, ViewLayer | Synchronizing object | Rear left sidewall lettering.020
Fra:1 Mem:190.18M (Peak 190.18M) | Time:00:00.35 | Mem:0.00M, Peak:0.00M | Scene, ViewLayer | Synchronizing object | Rear left sidewall lettering.021
Fra:1 Mem:190.20M (Peak 190.20M) | Time:00:00.35 | Mem:0.00M, Peak:0.00M | Scene, ViewLayer | Synchronizing object | Rear right | tire carcass
Fra:1 Mem:190.20M (Peak 190.20M) | Time:00:00.35 | Mem:0.00M, Peak:0.00M | Scene, ViewLayer | Synchronizing object | Rear right tire molded sidewall ring.002
Fra:1 Mem:190.50M (Peak 190.50M) | Time:00:00.35 | Mem:0.00M, Peak:0.00M | Scene, ViewLayer | Synchronizing object | Rear right tire molded sidewall ring
Fra:1 Mem:190.65M (Peak 190.65M) | Time:00:00.35 | Mem:0.00M, Peak:0.00M | Scene, ViewLayer | Synchronizing object | Rear right directional tread | 792 blocks
Fra:1 Mem:190.70M (Peak 190.70M) | Time:00:00.35 | Mem:0.00M, Peak:0.00M | Scene, ViewLayer | Synchronizing object | Rear right cast rim barrel
Fra:1 Mem:191.03M (Peak 191.03M) | Time:00:00.35 | Mem:0.00M, Peak:0.00M | Scene, ViewLayer | Synchronizing object | Rear right diamond-cut outer flange
Fra:1 Mem:191.33M (Peak 191.33M) | Time:00:00.35 | Mem:0.00M, Peak:0.00M | Scene, ViewLayer | Synchronizing object | Rear right inner rim accent
Fra:1 Mem:191.43M (Peak 191.43M) | Time:00:00.35 | Mem:0.00M, Peak:0.00M | Scene, ViewLayer | Synchronizing object | Rear right brake rotor
Fra:1 Mem:191.47M (Peak 191.47M) | Time:00:00.35 | Mem:0.00M, Peak:0.00M | Scene, ViewLayer | Synchronizing object | Rear right rotor outer scoring
Fra:1 Mem:191.58M (Peak 191.58M) | Time:00:00.35 | Mem:0.00M, Peak:0.00M | Scene, ViewLayer | Synchronizing object | Rear right drilled rotor perforation
Fra:1 Mem:191.59M (Peak 191.59M) | Time:00:00.35 | Mem:0.00M, Peak:0.00M | Scene, ViewLayer | Synchronizing object | Rear right drilled rotor perforation.001
Fra:1 Mem:191.61M (Peak 191.61M) | Time:00:00.35 | Mem:0.00M, Peak:0.00M | Scene, ViewLayer | Synchronizing object | Rear right drilled rotor perforation.002
Fra:1 Mem:191.63M (Peak 191.63M) | Time:00:00.35 | Mem:0.00M, Peak:0.00M | Scene, ViewLayer | Synchronizing object | Rear right drilled rotor perforation.003
Fra:1 Mem:191.63M (Peak 191.63M) | Time:00:00.36 | Mem:0.00M, Peak:0.00M | Scene, ViewLayer | Synchronizing object | Rear right drilled rotor perforation.004
Fra:1 Mem:191.64M (Peak 191.64M) | Time:00:00.36 | Mem:0.00M, Peak:0.00M | Scene, ViewLayer | Synchronizing object | Rear right drilled rotor perforation.006
Fra:1 Mem:191.68M (Peak 191.68M) | Time:00:00.36 | Mem:0.00M, Peak:0.00M | Scene, ViewLayer | Synchronizing object | Rear right drilled rotor perforation.007
Fra:1 Mem:191.69M (Peak 191.69M) | Time:00:00.36 | Mem:0.00M, Peak:0.00M | Scene, ViewLayer | Synchronizing object | Rear right drilled rotor perforation.008
Fra:1 Mem:191.70M (Peak 191.70M) | Time:00:00.36 | Mem:0.00M, Peak:0.00M | Scene, ViewLayer | Synchronizing object | Rear right drilled rotor perforation.009
Fra:1 Mem:191.71M (Peak 191.71M) | Time:00:00.36 | Mem:0.00M, Peak:0.00M | Scene, ViewLayer | Synchronizing object | Rear right drilled rotor perforation.011
Fra:1 Mem:191.73M (Peak 191.73M) | Time:00:00.36 | Mem:0.00M, Peak:0.00M | Scene, ViewLayer | Synchronizing object | Rear right drilled rotor perforation.012
Fra:1 Mem:191.74M (Peak 191.74M) | Time:00:00.36 | Mem:0.00M, Peak:0.00M | Scene, ViewLayer | Synchronizing object | Rear right drilled rotor perforation.013
Fra:1 Mem:191.77M (Peak 191.77M) | Time:00:00.36 | Mem:0.00M, Peak:0.00M | Scene, ViewLayer | Synchronizing object | Rear right drilled rotor perforation.014
Fra:1 Mem:191.77M (Peak 191.77M) | Time:00:00.36 | Mem:0.00M, Peak:0.00M | Scene, ViewLayer | Synchronizing object | Rear right drilled rotor perforation.015
Fra:1 Mem:191.80M (Peak 191.80M) | Time:00:00.36 | Mem:0.00M, Peak:0.00M | Scene, ViewLayer | Synchronizing object | Rear right drilled rotor perforation.016
Fra:1 Mem:191.81M (Peak 191.81M) | Time:00:00.36 | Mem:0.00M, Peak:0.00M | Scene, ViewLayer | Synchronizing object | Rear right drilled rotor perforation.018
Fra:1 Mem:191.83M (Peak 191.83M) | Time:00:00.36 | Mem:0.00M, Peak:0.00M | Scene, ViewLayer | Synchronizing object | Rear right drilled rotor perforation.019
Fra:1 Mem:191.85M (Peak 191.85M) | Time:00:00.36 | Mem:0.00M, Peak:0.00M | Scene, ViewLayer | Synchronizing object | Rear right drilled rotor perforation.020
Fra:1 Mem:191.87M (Peak 191.87M) | Time:00:00.36 | Mem:0.00M, Peak:0.00M | Scene, ViewLayer | Synchronizing object | Rear right drilled rotor perforation.021
Fra:1 Mem:191.87M (Peak 191.87M) | Time:00:00.36 | Mem:0.00M, Peak:0.00M | Scene, ViewLayer | Synchronizing object | Rear right drilled rotor perforation.022
Fra:1 Mem:191.89M (Peak 191.89M) | Time:00:00.36 | Mem:0.00M, Peak:0.00M | Scene, ViewLayer | Synchronizing object | Rear right drilled rotor perforation.024
Fra:1 Mem:191.91M (Peak 191.91M) | Time:00:00.36 | Mem:0.00M, Peak:0.00M | Scene, ViewLayer | Synchronizing object | Rear right drilled rotor perforation.025
Fra:1 Mem:191.93M (Peak 191.93M) | Time:00:00.36 | Mem:0.00M, Peak:0.00M | Scene, ViewLayer | Synchronizing object | Rear right drilled rotor perforation.026
Fra:1 Mem:191.95M (Peak 191.95M) | Time:00:00.36 | Mem:0.00M, Peak:0.00M | Scene, ViewLayer | Synchronizing object | Rear right drilled rotor perforation.027
Fra:1 Mem:191.95M (Peak 191.95M) | Time:00:00.36 | Mem:0.00M, Peak:0.00M | Scene, ViewLayer | Synchronizing object | Rear right drilled rotor perforation.028
Fra:1 Mem:191.98M (Peak 191.98M) | Time:00:00.36 | Mem:0.00M, Peak:0.00M | Scene, ViewLayer | Synchronizing object | Rear right drilled rotor perforation.029
Fra:1 Mem:191.98M (Peak 191.98M) | Time:00:00.36 | Mem:0.00M, Peak:0.00M | Scene, ViewLayer | Synchronizing object | Rear right drilled rotor perforation.030
Fra:1 Mem:192.00M (Peak 192.00M) | Time:00:00.36 | Mem:0.00M, Peak:0.00M | Scene, ViewLayer | Synchronizing object | Rear right drilled rotor perforation.031
Fra:1 Mem:192.02M (Peak 192.02M) | Time:00:00.36 | Mem:0.00M, Peak:0.00M | Scene, ViewLayer | Synchronizing object | Rear right drilled rotor perforation.032
Fra:1 Mem:192.05M (Peak 192.05M) | Time:00:00.36 | Mem:0.00M, Peak:0.00M | Scene, ViewLayer | Synchronizing object | Rear right drilled rotor perforation.033
Fra:1 Mem:192.05M (Peak 192.05M) | Time:00:00.36 | Mem:0.00M, Peak:0.00M | Scene, ViewLayer | Synchronizing object | Rear right drilled rotor perforation.034
Fra:1 Mem:192.06M (Peak 192.06M) | Time:00:00.36 | Mem:0.00M, Peak:0.00M | Scene, ViewLayer | Synchronizing object | Rear right drilled rotor perforation.035
Fra:1 Mem:192.09M (Peak 192.09M) | Time:00:00.36 | Mem:0.00M, Peak:0.00M | Scene, ViewLayer | Synchronizing object | Rear right drilled rotor perforation.036
Fra:1 Mem:192.10M (Peak 192.10M) | Time:00:00.36 | Mem:0.00M, Peak:0.00M | Scene, ViewLayer | Synchronizing object | Rear right drilled rotor perforation.037
Fra:1 Mem:192.11M (Peak 192.11M) | Time:00:00.36 | Mem:0.00M, Peak:0.00M | Scene, ViewLayer | Synchronizing object | Rear right drilled rotor perforation.038
Fra:1 Mem:192.12M (Peak 192.12M) | Time:00:00.36 | Mem:0.00M, Peak:0.00M | Scene, ViewLayer | Synchronizing object | Rear right drilled rotor perforation.039
Fra:1 Mem:192.14M (Peak 192.14M) | Time:00:00.36 | Mem:0.00M, Peak:0.00M | Scene, ViewLayer | Synchronizing object | Rear right drilled rotor perforation.040
Fra:1 Mem:192.16M (Peak 192.16M) | Time:00:00.36 | Mem:0.00M, Peak:0.00M | Scene, ViewLayer | Synchronizing object | Rear right drilled rotor perforation.041
Fra:1 Mem:192.17M (Peak 192.17M) | Time:00:00.36 | Mem:0.00M, Peak:0.00M | Scene, ViewLayer | Synchronizing object | Rear right drilled rotor perforation.042
Fra:1 Mem:192.19M (Peak 192.19M) | Time:00:00.36 | Mem:0.00M, Peak:0.00M | Scene, ViewLayer | Synchronizing object | Rear right drilled rotor perforation.043
Fra:1 Mem:192.21M (Peak 192.21M) | Time:00:00.36 | Mem:0.00M, Peak:0.00M | Scene, ViewLayer | Synchronizing object | Rear right drilled rotor perforation.044
Fra:1 Mem:192.21M (Peak 192.21M) | Time:00:00.36 | Mem:0.00M, Peak:0.00M | Scene, ViewLayer | Synchronizing object | Rear right drilled rotor perforation.045
Fra:1 Mem:192.23M (Peak 192.23M) | Time:00:00.36 | Mem:0.00M, Peak:0.00M | Scene, ViewLayer | Synchronizing object | Rear right drilled rotor perforation.046
Fra:1 Mem:192.24M (Peak 192.24M) | Time:00:00.36 | Mem:0.00M, Peak:0.00M | Scene, ViewLayer | Synchronizing object | Rear right drilled rotor perforation.047
Fra:1 Mem:192.25M (Peak 192.25M) | Time:00:00.36 | Mem:0.00M, Peak:0.00M | Scene, ViewLayer | Synchronizing object | Rear right drilled rotor perforation.048
Fra:1 Mem:192.28M (Peak 192.28M) | Time:00:00.36 | Mem:0.00M, Peak:0.00M | Scene, ViewLayer | Synchronizing object | Rear right drilled rotor perforation.049
Fra:1 Mem:192.29M (Peak 192.29M) | Time:00:00.36 | Mem:0.00M, Peak:0.00M | Scene, ViewLayer | Synchronizing object | Rear right drilled rotor perforation.050
Fra:1 Mem:192.30M (Peak 192.30M) | Time:00:00.36 | Mem:0.00M, Peak:0.00M | Scene, ViewLayer | Synchronizing object | Rear right drilled rotor perforation.051
Fra:1 Mem:192.32M (Peak 192.32M) | Time:00:00.36 | Mem:0.00M, Peak:0.00M | Scene, ViewLayer | Synchronizing object | Rear right drilled rotor perforation.052
Fra:1 Mem:192.33M (Peak 192.33M) | Time:00:00.36 | Mem:0.00M, Peak:0.00M | Scene, ViewLayer | Synchronizing object | Rear right drilled rotor perforation.053
Fra:1 Mem:192.34M (Peak 192.34M) | Time:00:00.36 | Mem:0.00M, Peak:0.00M | Scene, ViewLayer | Synchronizing object | Rear right drilled rotor perforation.054
Fra:1 Mem:192.36M (Peak 192.36M) | Time:00:00.36 | Mem:0.00M, Peak:0.00M | Scene, ViewLayer | Synchronizing object | Rear right drilled rotor perforation.055
Fra:1 Mem:192.37M (Peak 192.37M) | Time:00:00.36 | Mem:0.00M, Peak:0.00M | Scene, ViewLayer | Synchronizing object | Rear right drilled rotor perforation.056
Fra:1 Mem:192.39M (Peak 192.39M) | Time:00:00.36 | Mem:0.00M, Peak:0.00M | Scene, ViewLayer | Synchronizing object | Rear right drilled rotor perforation.057
Fra:1 Mem:192.40M (Peak 192.40M) | Time:00:00.36 | Mem:0.00M, Peak:0.00M | Scene, ViewLayer | Synchronizing object | Rear right drilled rotor perforation.058
Fra:1 Mem:192.41M (Peak 192.41M) | Time:00:00.36 | Mem:0.00M, Peak:0.00M | Scene, ViewLayer | Synchronizing object | Rear right drilled rotor perforation.059
Fra:1 Mem:192.42M (Peak 192.42M) | Time:00:00.36 | Mem:0.00M, Peak:0.00M | Scene, ViewLayer | Synchronizing object | Rear right drilled rotor perforation.060
Fra:1 Mem:192.44M (Peak 192.44M) | Time:00:00.36 | Mem:0.00M, Peak:0.00M | Scene, ViewLayer | Synchronizing object | Rear right drilled rotor perforation.061
Fra:1 Mem:192.45M (Peak 192.45M) | Time:00:00.36 | Mem:0.00M, Peak:0.00M | Scene, ViewLayer | Synchronizing object | Rear right drilled rotor perforation.062
Fra:1 Mem:192.46M (Peak 192.46M) | Time:00:00.36 | Mem:0.00M, Peak:0.00M | Scene, ViewLayer | Synchronizing object | Rear right drilled rotor perforation.063
Fra:1 Mem:192.48M (Peak 192.48M) | Time:00:00.36 | Mem:0.00M, Peak:0.00M | Scene, ViewLayer | Synchronizing object | Rear right drilled rotor perforation.064
Fra:1 Mem:192.50M (Peak 192.50M) | Time:00:00.36 | Mem:0.00M, Peak:0.00M | Scene, ViewLayer | Synchronizing object | Rear right drilled rotor perforation.065
Fra:1 Mem:192.52M (Peak 192.52M) | Time:00:00.36 | Mem:0.00M, Peak:0.00M | Scene, ViewLayer | Synchronizing object | Rear right drilled rotor perforation.066
Fra:1 Mem:192.53M (Peak 192.53M) | Time:00:00.36 | Mem:0.00M, Peak:0.00M | Scene, ViewLayer | Synchronizing object | Rear right drilled rotor perforation.067
Fra:1 Mem:192.54M (Peak 192.54M) | Time:00:00.36 | Mem:0.00M, Peak:0.00M | Scene, ViewLayer | Synchronizing object | Rear right drilled rotor perforation.068
Fra:1 Mem:192.56M (Peak 192.56M) | Time:00:00.36 | Mem:0.00M, Peak:0.00M | Scene, ViewLayer | Synchronizing object | Rear right drilled rotor perforation.069
Fra:1 Mem:192.57M (Peak 192.57M) | Time:00:00.36 | Mem:0.00M, Peak:0.00M | Scene, ViewLayer | Synchronizing object | Rear right drilled rotor perforation.070
Fra:1 Mem:192.57M (Peak 192.57M) | Time:00:00.36 | Mem:0.00M, Peak:0.00M | Scene, ViewLayer | Synchronizing object | Rear right drilled rotor perforation.071
Fra:1 Mem:192.60M (Peak 192.60M) | Time:00:00.36 | Mem:0.00M, Peak:0.00M | Scene, ViewLayer | Synchronizing object | Rear right brake disc bell
Fra:1 Mem:192.64M (Peak 192.64M) | Time:00:00.36 | Mem:0.00M, Peak:0.00M | Scene, ViewLayer | Synchronizing object | Rear right caliper marking
Fra:1 Mem:192.64M (Peak 192.64M) | Time:00:00.36 | Mem:0.00M, Peak:0.00M | Scene, ViewLayer | Synchronizing object | Rear right yellow six-piston caliper
Fra:1 Mem:193.35M (Peak 193.35M) | Time:00:00.36 | Mem:0.00M, Peak:0.00M | Scene, ViewLayer | Synchronizing object | Rear right machined split spoke
Fra:1 Mem:193.35M (Peak 193.35M) | Time:00:00.36 | Mem:0.00M, Peak:0.00M | Scene, ViewLayer | Synchronizing object | Rear right machined split spoke.001
Fra:1 Mem:193.37M (Peak 193.37M) | Time:00:00.36 | Mem:0.00M, Peak:0.00M | Scene, ViewLayer | Synchronizing object | Rear right black spoke pocket.001
Fra:1 Mem:193.39M (Peak 193.39M) | Time:00:00.36 | Mem:0.00M, Peak:0.00M | Scene, ViewLayer | Synchronizing object | Rear right machined split spoke.002
Fra:1 Mem:193.39M (Peak 193.39M) | Time:00:00.36 | Mem:0.00M, Peak:0.00M | Scene, ViewLayer | Synchronizing object | Rear right black spoke pocket.002
Fra:1 Mem:193.41M (Peak 193.41M) | Time:00:00.36 | Mem:0.00M, Peak:0.00M | Scene, ViewLayer | Synchronizing object | Rear right machined split spoke.003
Fra:1 Mem:193.42M (Peak 193.42M) | Time:00:00.36 | Mem:0.00M, Peak:0.00M | Scene, ViewLayer | Synchronizing object | Rear right black spoke pocket.003
Fra:1 Mem:193.45M (Peak 193.45M) | Time:00:00.36 | Mem:0.00M, Peak:0.00M | Scene, ViewLayer | Synchronizing object | Rear right machined split spoke.004
Fra:1 Mem:193.44M (Peak 193.45M) | Time:00:00.36 | Mem:0.00M, Peak:0.00M | Scene, ViewLayer | Synchronizing object | Rear right black spoke pocket.004
Fra:1 Mem:193.47M (Peak 193.47M) | Time:00:00.36 | Mem:0.00M, Peak:0.00M | Scene, ViewLayer | Synchronizing object | Rear right machined split spoke.005
Fra:1 Mem:193.47M (Peak 193.47M) | Time:00:00.36 | Mem:0.00M, Peak:0.00M | Scene, ViewLayer | Synchronizing object | Rear right black spoke pocket.005
Fra:1 Mem:193.49M (Peak 193.49M) | Time:00:00.36 | Mem:0.00M, Peak:0.00M | Scene, ViewLayer | Synchronizing object | Rear right machined split spoke.006
Fra:1 Mem:193.51M (Peak 193.51M) | Time:00:00.36 | Mem:0.00M, Peak:0.00M | Scene, ViewLayer | Synchronizing object | Rear right black spoke pocket.006
Fra:1 Mem:193.53M (Peak 193.53M) | Time:00:00.36 | Mem:0.00M, Peak:0.00M | Scene, ViewLayer | Synchronizing object | Rear right machined split spoke.007
Fra:1 Mem:193.53M (Peak 193.53M) | Time:00:00.36 | Mem:0.00M, Peak:0.00M | Scene, ViewLayer | Synchronizing object | Rear right black spoke pocket.007
Fra:1 Mem:193.54M (Peak 193.54M) | Time:00:00.36 | Mem:0.00M, Peak:0.00M | Scene, ViewLayer | Synchronizing object | Rear right machined split spoke.008
Fra:1 Mem:193.63M (Peak 193.63M) | Time:00:00.36 | Mem:0.00M, Peak:0.00M | Scene, ViewLayer | Synchronizing object | Rear right black spoke pocket.008
Fra:1 Mem:193.78M (Peak 193.78M) | Time:00:00.36 | Mem:0.00M, Peak:0.00M | Scene, ViewLayer | Synchronizing object | Rear right machined split spoke.009
Fra:1 Mem:193.80M (Peak 193.80M) | Time:00:00.36 | Mem:0.00M, Peak:0.00M | Scene, ViewLayer | Synchronizing object | Rear right black spoke pocket.009
Fra:1 Mem:193.82M (Peak 193.82M) | Time:00:00.36 | Mem:0.00M, Peak:0.00M | Scene, ViewLayer | Synchronizing object | Rear right center hub
Fra:1 Mem:193.82M (Peak 193.82M) | Time:00:00.36 | Mem:0.00M, Peak:0.00M | Scene, ViewLayer | Synchronizing object | Rear right center cap ring
Fra:1 Mem:193.94M (Peak 193.94M) | Time:00:00.36 | Mem:0.00M, Peak:0.00M | Scene, ViewLayer | Synchronizing object | Rear right sidewall lettering
Fra:1 Mem:193.98M (Peak 193.98M) | Time:00:00.36 | Mem:0.00M, Peak:0.00M | Scene, ViewLayer | Synchronizing object | Rear right titanium lug nut
Fra:1 Mem:194.02M (Peak 194.02M) | Time:00:00.36 | Mem:0.00M, Peak:0.00M | Scene, ViewLayer | Synchronizing object | Rear right sidewall lettering.001
Fra:1 Mem:194.02M (Peak 194.02M) | Time:00:00.36 | Mem:0.00M, Peak:0.00M | Scene, ViewLayer | Synchronizing object | Rear right titanium lug nut.001
Fra:1 Mem:194.01M (Peak 194.02M) | Time:00:00.36 | Mem:0.00M, Peak:0.00M | Scene, ViewLayer | Synchronizing object | Rear right titanium lug nut.002
Fra:1 Mem:194.02M (Peak 194.02M) | Time:00:00.36 | Mem:0.00M, Peak:0.00M | Scene, ViewLayer | Synchronizing object | Rear right titanium lug nut.003
Fra:1 Mem:194.04M (Peak 194.04M) | Time:00:00.36 | Mem:0.00M, Peak:0.00M | Scene, ViewLayer | Synchronizing object | Rear right titanium lug nut.004
Fra:1 Mem:194.14M (Peak 194.14M) | Time:00:00.36 | Mem:0.00M, Peak:0.00M | Scene, ViewLayer | Synchronizing object | Rear right tire valve
Fra:1 Mem:194.20M (Peak 194.20M) | Time:00:00.36 | Mem:0.00M, Peak:0.00M | Scene, ViewLayer | Synchronizing object | Rear right sidewall lettering.003
Fra:1 Mem:194.22M (Peak 194.22M) | Time:00:00.36 | Mem:0.00M, Peak:0.00M | Scene, ViewLayer | Synchronizing object | Rear right sidewall lettering.004
Fra:1 Mem:194.23M (Peak 194.23M) | Time:00:00.36 | Mem:0.00M, Peak:0.00M | Scene, ViewLayer | Synchronizing object | Rear right sidewall lettering.005
Fra:1 Mem:194.24M (Peak 194.24M) | Time:00:00.36 | Mem:0.00M, Peak:0.00M | Scene, ViewLayer | Synchronizing object | Rear right sidewall lettering.006
Fra:1 Mem:194.25M (Peak 194.25M) | Time:00:00.36 | Mem:0.00M, Peak:0.00M | Scene, ViewLayer | Synchronizing object | Rear right sidewall lettering.007
Fra:1 Mem:194.26M (Peak 194.26M) | Time:00:00.36 | Mem:0.00M, Peak:0.00M | Scene, ViewLayer | Synchronizing object | Rear right sidewall lettering.008
Fra:1 Mem:194.34M (Peak 194.34M) | Time:00:00.37 | Mem:0.00M, Peak:0.00M | Scene, ViewLayer | Synchronizing object | Rear right sidewall lettering.009
Fra:1 Mem:194.34M (Peak 194.34M) | Time:00:00.37 | Mem:0.00M, Peak:0.00M | Scene, ViewLayer | Synchronizing object | Rear right sidewall lettering.010
Fra:1 Mem:194.35M (Peak 194.35M) | Time:00:00.37 | Mem:0.00M, Peak:0.00M | Scene, ViewLayer | Synchronizing object | Rear right sidewall lettering.011
Fra:1 Mem:194.49M (Peak 194.49M) | Time:00:00.37 | Mem:0.00M, Peak:0.00M | Scene, ViewLayer | Synchronizing object | Rear right sidewall lettering.012
Fra:1 Mem:194.50M (Peak 194.50M) | Time:00:00.37 | Mem:0.00M, Peak:0.00M | Scene, ViewLayer | Synchronizing object | Rear right sidewall lettering.013
Fra:1 Mem:194.50M (Peak 194.50M) | Time:00:00.37 | Mem:0.00M, Peak:0.00M | Scene, ViewLayer | Synchronizing object | Rear right sidewall lettering.014
Fra:1 Mem:194.67M (Peak 194.67M) | Time:00:00.37 | Mem:0.00M, Peak:0.00M | Scene, ViewLayer | Synchronizing object | Rear right sidewall lettering.015
Fra:1 Mem:194.75M (Peak 194.75M) | Time:00:00.37 | Mem:0.00M, Peak:0.00M | Scene, ViewLayer | Synchronizing object | Rear right sidewall lettering.016
Fra:1 Mem:194.88M (Peak 194.88M) | Time:00:00.37 | Mem:0.00M, Peak:0.00M | Scene, ViewLayer | Synchronizing object | Rear right sidewall lettering.017
Fra:1 Mem:195.01M (Peak 195.01M) | Time:00:00.37 | Mem:0.00M, Peak:0.00M | Scene, ViewLayer | Synchronizing object | Rear right sidewall lettering.018
Fra:1 Mem:195.03M (Peak 195.03M) | Time:00:00.37 | Mem:0.00M, Peak:0.00M | Scene, ViewLayer | Synchronizing object | Rear right sidewall lettering.019
Fra:1 Mem:195.03M (Peak 195.03M) | Time:00:00.37 | Mem:0.00M, Peak:0.00M | Scene, ViewLayer | Synchronizing object | Rear right sidewall lettering.020
Fra:1 Mem:195.05M (Peak 195.05M) | Time:00:00.37 | Mem:0.00M, Peak:0.00M | Scene, ViewLayer | Synchronizing object | Rear right sidewall lettering.021
Fra:1 Mem:195.06M (Peak 195.06M) | Time:00:00.37 | Mem:0.00M, Peak:0.00M | Scene, ViewLayer | Synchronizing object | Dark cabin tub
Fra:1 Mem:195.07M (Peak 195.07M) | Time:00:00.37 | Mem:0.00M, Peak:0.00M | Scene, ViewLayer | Synchronizing object | Seat piping
Fra:1 Mem:195.08M (Peak 195.08M) | Time:00:00.37 | Mem:0.00M, Peak:0.00M | Scene, ViewLayer | Synchronizing object | Integrated head restraint
Fra:1 Mem:195.11M (Peak 195.11M) | Time:00:00.37 | Mem:0.00M, Peak:0.00M | Scene, ViewLayer | Synchronizing object | Seat piping.001
Fra:1 Mem:195.13M (Peak 195.13M) | Time:00:00.37 | Mem:0.00M, Peak:0.00M | Scene, ViewLayer | Synchronizing object | Seat cushion.001
Fra:1 Mem:195.14M (Peak 195.14M) | Time:00:00.37 | Mem:0.00M, Peak:0.00M | Scene, ViewLayer | Synchronizing object | Seat piping.002
Fra:1 Mem:195.18M (Peak 195.18M) | Time:00:00.37 | Mem:0.00M, Peak:0.00M | Scene, ViewLayer | Synchronizing object | Seat piping.003
Fra:1 Mem:195.19M (Peak 195.19M) | Time:00:00.37 | Mem:0.00M, Peak:0.00M | Scene, ViewLayer | Synchronizing object | Seat cushion.002
Fra:1 Mem:195.20M (Peak 195.20M) | Time:00:00.37 | Mem:0.00M, Peak:0.00M | Scene, ViewLayer | Synchronizing object | Integrated head restraint.002
Fra:1 Mem:195.24M (Peak 195.24M) | Time:00:00.37 | Mem:0.00M, Peak:0.00M | Scene, ViewLayer | Synchronizing object | Seat piping.005
Fra:1 Mem:195.24M (Peak 195.24M) | Time:00:00.37 | Mem:0.00M, Peak:0.00M | Scene, ViewLayer | Synchronizing object | Seat cushion.003
Fra:1 Mem:195.24M (Peak 195.24M) | Time:00:00.37 | Mem:0.00M, Peak:0.00M | Scene, ViewLayer | Synchronizing object | Seat piping.006
Fra:1 Mem:195.29M (Peak 195.29M) | Time:00:00.37 | Mem:0.00M, Peak:0.00M | Scene, ViewLayer | Synchronizing object | Seat piping.007
Fra:1 Mem:195.30M (Peak 195.30M) | Time:00:00.37 | Mem:0.00M, Peak:0.00M | Scene, ViewLayer | Synchronizing object | Dashboard
Fra:1 Mem:195.30M (Peak 195.30M) | Time:00:00.37 | Mem:0.00M, Peak:0.00M | Scene, ViewLayer | Synchronizing object | Steering wheel spokes
Fra:1 Mem:195.33M (Peak 195.33M) | Time:00:00.37 | Mem:0.00M, Peak:0.00M | Scene, ViewLayer | Synchronizing object | Steering wheel
Fra:1 Mem:195.35M (Peak 195.35M) | Time:00:00.37 | Mem:0.00M, Peak:0.00M | Scene, ViewLayer | Synchronizing object | Steering center
Fra:1 Mem:195.37M (Peak 195.37M) | Time:00:00.37 | Mem:0.00M, Peak:0.00M | Scene, ViewLayer | Synchronizing object | Windshield wiper arm
Fra:1 Mem:195.44M (Peak 195.44M) | Time:00:00.37 | Mem:0.00M, Peak:0.00M | Scene, ViewLayer | Synchronizing object | Center tunnel
Fra:1 Mem:195.46M (Peak 195.46M) | Time:00:00.37 | Mem:0.00M, Peak:0.00M | Scene, ViewLayer | Synchronizing object | Wiper rubber blade
Fra:1 Mem:195.52M (Peak 195.52M) | Time:00:00.37 | Mem:0.00M, Peak:0.00M | Scene, ViewLayer | Synchronizing object | Cup holder
Fra:1 Mem:195.57M (Peak 195.57M) | Time:00:00.37 | Mem:0.00M, Peak:0.00M | Scene, ViewLayer | Synchronizing object | Windshield wiper arm.001
Fra:1 Mem:195.58M (Peak 195.58M) | Time:00:00.37 | Mem:0.00M, Peak:0.00M | Scene, ViewLayer | Synchronizing object | Wiper rubber blade.001
Fra:1 Mem:195.58M (Peak 195.58M) | Time:00:00.37 | Mem:0.00M, Peak:0.00M | Scene, ViewLayer | Synchronizing object | Roof lidar painted pod
Fra:1 Mem:195.59M (Peak 195.59M) | Time:00:00.37 | Mem:0.00M, Peak:0.00M | Scene, ViewLayer | Synchronizing object | Lidar forward optical aperture
Fra:1 Mem:195.64M (Peak 195.64M) | Time:00:00.37 | Mem:0.00M, Peak:0.00M | Scene, ViewLayer | Synchronizing object | Infinite studio floor
Fra:1 Mem:195.74M (Peak 195.74M) | Time:00:00.37 | Mem:0.00M, Peak:0.00M | Scene, ViewLayer | Synchronizing object | Flat aerodynamic underfloor
Fra:1 Mem:195.77M (Peak 195.77M) | Time:00:00.37 | Mem:0.00M, Peak:0.00M | Scene, ViewLayer | Synchronizing object | Roof rear camera blister
Fra:1 Mem:195.82M (Peak 195.82M) | Time:00:00.37 | Mem:0.00M, Peak:0.00M | Scene, ViewLayer | Initializing
Fra:1 Mem:125.19M (Peak 195.82M) | Time:00:00.42 | Mem:0.00M, Peak:0.00M | Scene, ViewLayer | Waiting for render to start
Fra:1 Mem:125.19M (Peak 195.82M) | Time:00:00.42 | Mem:0.00M, Peak:0.00M | Scene, ViewLayer | Loading render kernels (may take a few minutes the first time)
Fra:1 Mem:125.19M (Peak 195.82M) | Time:00:00.42 | Mem:0.00M, Peak:0.00M | Scene, ViewLayer | Updating Scene
Fra:1 Mem:125.19M (Peak 195.82M) | Time:00:00.42 | Mem:0.00M, Peak:0.00M | Scene, ViewLayer | Updating Shaders
Fra:1 Mem:125.20M (Peak 195.82M) | Time:00:00.42 | Mem:0.01M, Peak:0.01M | Scene, ViewLayer | Updating Procedurals
Fra:1 Mem:125.20M (Peak 195.82M) | Time:00:00.42 | Mem:0.01M, Peak:0.01M | Scene, ViewLayer | Updating Background
Fra:1 Mem:125.20M (Peak 195.82M) | Time:00:00.42 | Mem:0.01M, Peak:0.01M | Scene, ViewLayer | Updating Camera
Fra:1 Mem:125.20M (Peak 195.82M) | Time:00:00.42 | Mem:0.01M, Peak:0.01M | Scene, ViewLayer | Updating Meshes Flags
Fra:1 Mem:125.20M (Peak 195.82M) | Time:00:00.42 | Mem:0.01M, Peak:0.01M | Scene, ViewLayer | Updating Objects
Fra:1 Mem:125.20M (Peak 195.82M) | Time:00:00.42 | Mem:0.01M, Peak:0.01M | Scene, ViewLayer | Updating Objects | Copying Transformations to device
Fra:1 Mem:125.36M (Peak 195.82M) | Time:00:00.42 | Mem:0.16M, Peak:0.16M | Scene, ViewLayer | Updating Objects | Applying Static Transformations
Fra:1 Mem:125.36M (Peak 195.82M) | Time:00:00.42 | Mem:0.16M, Peak:0.16M | Scene, ViewLayer | Updating Particle Systems
Fra:1 Mem:125.36M (Peak 195.82M) | Time:00:00.42 | Mem:0.16M, Peak:0.16M | Scene, ViewLayer | Updating Particle Systems | Copying Particles to device
Fra:1 Mem:125.36M (Peak 195.82M) | Time:00:00.42 | Mem:0.16M, Peak:0.16M | Scene, ViewLayer | Updating Meshes
Fra:1 Mem:136.92M (Peak 195.82M) | Time:00:00.45 | Mem:0.16M, Peak:0.16M | Scene, ViewLayer | Updating Mesh | Computing attributes
Fra:1 Mem:141.71M (Peak 195.82M) | Time:00:00.46 | Mem:0.21M, Peak:0.21M | Scene, ViewLayer | Updating Mesh | Copying Attributes to device
Fra:1 Mem:141.60M (Peak 195.82M) | Time:00:00.46 | Mem:4.84M, Peak:4.84M | Scene, ViewLayer | Updating Scene BVH | Building
Fra:1 Mem:141.61M (Peak 195.82M) | Time:00:00.46 | Mem:4.84M, Peak:4.84M | Scene, ViewLayer | Updating Scene BVH | Building BVH
Fra:1 Mem:141.61M (Peak 195.82M) | Time:00:00.46 | Mem:27.97M, Peak:27.97M | Scene, ViewLayer | Updating Scene BVH | Building BVH 0%
Fra:1 Mem:141.61M (Peak 195.82M) | Time:00:00.61 | Mem:52.84M, Peak:75.97M | Scene, ViewLayer | Updating Scene BVH | Copying BVH to device
Fra:1 Mem:141.61M (Peak 195.82M) | Time:00:00.61 | Mem:52.84M, Peak:75.97M | Scene, ViewLayer | Updating Mesh | Computing normals
Fra:1 Mem:168.42M (Peak 195.82M) | Time:00:00.63 | Mem:52.84M, Peak:75.97M | Scene, ViewLayer | Updating Mesh | Copying Mesh to device
Fra:1 Mem:168.42M (Peak 195.82M) | Time:00:00.63 | Mem:79.65M, Peak:79.65M | Scene, ViewLayer | Updating Objects Flags
Fra:1 Mem:168.42M (Peak 195.82M) | Time:00:00.63 | Mem:79.65M, Peak:79.65M | Scene, ViewLayer | Updating Primitive Offsets
Fra:1 Mem:168.42M (Peak 195.82M) | Time:00:00.63 | Mem:79.66M, Peak:79.66M | Scene, ViewLayer | Updating Images
Fra:1 Mem:168.42M (Peak 195.82M) | Time:00:00.63 | Mem:79.66M, Peak:79.66M | Scene, ViewLayer | Updating Camera Volume
Fra:1 Mem:168.42M (Peak 195.82M) | Time:00:00.63 | Mem:79.66M, Peak:79.66M | Scene, ViewLayer | Updating Lookup Tables
Fra:1 Mem:168.42M (Peak 195.82M) | Time:00:00.63 | Mem:79.66M, Peak:79.66M | Scene, ViewLayer | Updating Lights
Fra:1 Mem:168.42M (Peak 195.82M) | Time:00:00.63 | Mem:79.66M, Peak:79.66M | Scene, ViewLayer | Updating Lights | Computing distribution
Fra:1 Mem:168.42M (Peak 195.82M) | Time:00:00.63 | Mem:79.66M, Peak:79.66M | Scene, ViewLayer | Updating Lights | Computing tree
Fra:1 Mem:169.87M (Peak 195.82M) | Time:00:00.66 | Mem:81.10M, Peak:81.10M | Scene, ViewLayer | Updating Integrator
Fra:1 Mem:170.87M (Peak 195.82M) | Time:00:00.67 | Mem:82.10M, Peak:82.10M | Scene, ViewLayer | Updating Film
Fra:1 Mem:170.87M (Peak 195.82M) | Time:00:00.67 | Mem:82.10M, Peak:82.10M | Scene, ViewLayer | Updating Lookup Tables
Fra:1 Mem:170.87M (Peak 195.82M) | Time:00:00.67 | Mem:82.11M, Peak:82.11M | Scene, ViewLayer | Updating Baking
Fra:1 Mem:170.87M (Peak 195.82M) | Time:00:00.67 | Mem:82.11M, Peak:82.11M | Scene, ViewLayer | Updating Device | Writing constant memory
Fra:1 Mem:170.88M (Peak 195.82M) | Time:00:00.67 | Mem:82.11M, Peak:82.11M | Scene, ViewLayer | Sample 0/24
Fra:1 Mem:227.74M (Peak 227.74M) | Time:00:02.30 | Remaining:00:37.54 | Mem:138.93M, Peak:138.93M | Scene, ViewLayer | Sample 1/24
Fra:1 Mem:227.74M (Peak 227.74M) | Time:00:26.78 | Remaining:00:10.75 | Mem:138.93M, Peak:138.93M | Scene, ViewLayer | Sample 17/24
Fra:1 Mem:251.66M (Peak 287.55M) | Time:00:40.99 | Mem:138.93M, Peak:138.93M | Scene, ViewLayer | Sample 24/24
Fra:1 Mem:251.66M (Peak 287.55M) | Time:00:40.99 | Mem:138.93M, Peak:138.93M | Scene, ViewLayer | Finished
Saved: 'C:\MyProjects\TempProject (OpenAI)\su7\renders\draft_01_rear_hero.png'
 Time: 00:41.19 (Saving: 00:00.16)

Info: Saved "Xiaomi_SU7_Max.blend"
Info: Saved "Xiaomi_SU7_Max.blend"
SU7_BUILD_COMPLETE {'blender': '3.6.23', 'objects': 769, 'mesh_vertices': 166505, 'body_length_m': 4.997, 'wheelbase_m': 3.0, 'iteration': '01'}

Blender quit
