TBBmalloc: skip allocation functions replacement in ucrtbase.dll: unknown prologue for function _msize
Info: Saved "Xiaomi_SU7_Max.blend"
NATIVE_SCENE_SAVED
08:11:44 | INFO: Draco mesh compression is available, use library at C:\Program Files\Blender Foundation\Blender 3.6\3.6\python\lib\site-packages\extern_draco.dll
08:11:46 | INFO: Starting glTF 2.0 export
08:11:46 | INFO: Extracting primitive: Unified aluminum body | welded hood, quarters and bumpers.001
08:11:48 | INFO: Primitives created: 1
08:11:48 | INFO: Extracting primitive: Compound curved greenhouse | panoramic glazing.001
08:11:49 | INFO: Primitives created: 2
08:11:49 | INFO: Extracting primitive: Window perimeter | satin black surround.002
08:11:49 | INFO: Primitives created: 1
08:11:49 | INFO: Extracting primitive: Smooth continuous side glass.002
08:11:49 | INFO: Primitives created: 1
08:11:49 | INFO: Extracting primitive: B pillar black trim.006
08:11:49 | INFO: Primitives created: 1
08:11:49 | INFO: Extracting primitive: B pillar black trim.007
08:11:49 | INFO: Primitives created: 1
08:11:49 | INFO: Extracting primitive: B pillar black trim.008
08:11:49 | INFO: Primitives created: 1
08:11:49 | INFO: Extracting primitive: Rear quarter glass division.002
08:11:49 | INFO: Primitives created: 1
08:11:49 | INFO: Extracting primitive: Painted continuous A pillar and roof rail.002
08:11:49 | INFO: Primitives created: 1
08:11:49 | INFO: Extracting primitive: Roof drip molding.002
08:11:49 | INFO: Primitives created: 1
08:11:49 | INFO: Extracting primitive: Window perimeter | satin black surround.003
08:11:49 | INFO: Primitives created: 1
08:11:49 | INFO: Extracting primitive: Smooth continuous side glass.003
08:11:49 | INFO: Primitives created: 1
08:11:49 | INFO: Extracting primitive: B pillar black trim.009
08:11:49 | INFO: Primitives created: 1
08:11:49 | INFO: Extracting primitive: B pillar black trim.010
08:11:49 | INFO: Primitives created: 1
08:11:49 | INFO: Extracting primitive: B pillar black trim.011
08:11:49 | INFO: Primitives created: 1
08:11:49 | INFO: Extracting primitive: Rear quarter glass division.003
08:11:49 | INFO: Primitives created: 1
08:11:49 | INFO: Extracting primitive: Painted continuous A pillar and roof rail.003
08:11:49 | INFO: Primitives created: 1
08:11:49 | INFO: Extracting primitive: Roof drip molding.003
08:11:49 | INFO: Primitives created: 1
08:11:49 | INFO: Extracting primitive: Hood precision shut line.002
08:11:49 | INFO: Primitives created: 1
08:11:49 | INFO: Extracting primitive: Front door leading gap.002
08:11:49 | INFO: Primitives created: 1
08:11:49 | INFO: Extracting primitive: B pillar door gap.002
08:11:49 | INFO: Primitives created: 1
08:11:49 | INFO: Extracting primitive: Rear door trailing gap.002
08:11:49 | INFO: Primitives created: 1
08:11:49 | INFO: Extracting primitive: Rocker sill.002
08:11:49 | INFO: Primitives created: 1
08:11:49 | INFO: Extracting primitive: Rocker silver edge.002
08:11:49 | INFO: Primitives created: 1
08:11:49 | INFO: Extracting primitive: Cube.060
08:11:49 | INFO: Primitives created: 1
08:11:49 | INFO: Extracting primitive: Cube.061
08:11:49 | INFO: Primitives created: 1
08:11:49 | INFO: Extracting primitive: Handle finger undercut.004
08:11:49 | INFO: Primitives created: 1
08:11:49 | INFO: Extracting primitive: Cube.062
08:11:49 | INFO: Primitives created: 1
08:11:49 | INFO: Extracting primitive: Cube.063
08:11:49 | INFO: Primitives created: 1
08:11:49 | INFO: Extracting primitive: Handle finger undercut.005
08:11:49 | INFO: Primitives created: 1
08:11:49 | INFO: Extracting primitive: Charging door.001
08:11:49 | INFO: Primitives created: 1
08:11:49 | INFO: Extracting primitive: Front fender black air blade.002
08:11:49 | INFO: Primitives created: 1
08:11:49 | INFO: Extracting primitive: Fender blade polished edge.002
08:11:49 | INFO: Primitives created: 1
08:11:49 | INFO: Extracting primitive: Sphere.013
08:11:49 | INFO: Primitives created: 1
08:11:49 | INFO: Extracting primitive: Mirror stalk.002
08:11:49 | INFO: Primitives created: 1
08:11:49 | INFO: Extracting primitive: Sphere.014
08:11:49 | INFO: Primitives created: 1
08:11:49 | INFO: Extracting primitive: Sphere.015
08:11:49 | INFO: Primitives created: 1
08:11:49 | INFO: Extracting primitive: Sphere.016
08:11:49 | INFO: Primitives created: 1
08:11:49 | INFO: Extracting primitive: Mirror LED indicator.002
08:11:49 | INFO: Primitives created: 1
08:11:49 | INFO: Extracting primitive: Rolled painted wheel arch lip.004
08:11:49 | INFO: Primitives created: 1
08:11:49 | INFO: Extracting primitive: Wheelhouse dark reveal.004
08:11:49 | INFO: Primitives created: 1
08:11:49 | INFO: Extracting primitive: Wheelhouse liner.004
08:11:49 | INFO: Primitives created: 1
08:11:49 | INFO: Extracting primitive: Rolled painted wheel arch lip.005
08:11:49 | INFO: Primitives created: 1
08:11:49 | INFO: Extracting primitive: Wheelhouse dark reveal.005
08:11:49 | INFO: Primitives created: 1
08:11:49 | INFO: Extracting primitive: Wheelhouse liner.005
08:11:49 | INFO: Primitives created: 1
08:11:49 | INFO: Extracting primitive: Hood precision shut line.003
08:11:49 | INFO: Primitives created: 1
08:11:49 | INFO: Extracting primitive: Front door leading gap.003
08:11:49 | INFO: Primitives created: 1
08:11:49 | INFO: Extracting primitive: B pillar door gap.003
08:11:49 | INFO: Primitives created: 1
08:11:49 | INFO: Extracting primitive: Rear door trailing gap.003
08:11:49 | INFO: Primitives created: 1
08:11:49 | INFO: Extracting primitive: Rocker sill.003
08:11:49 | INFO: Primitives created: 1
08:11:49 | INFO: Extracting primitive: Rocker silver edge.003
08:11:49 | INFO: Primitives created: 1
08:11:49 | INFO: Extracting primitive: Cube.064
08:11:49 | INFO: Primitives created: 1
08:11:49 | INFO: Extracting primitive: Cube.065
08:11:49 | INFO: Primitives created: 1
08:11:49 | INFO: Extracting primitive: Handle finger undercut.006
08:11:49 | INFO: Primitives created: 1
08:11:49 | INFO: Extracting primitive: Cube.066
08:11:49 | INFO: Primitives created: 1
08:11:49 | INFO: Extracting primitive: Cube.067
08:11:49 | INFO: Primitives created: 1
08:11:49 | INFO: Extracting primitive: Handle finger undercut.007
08:11:49 | INFO: Primitives created: 1
08:11:49 | INFO: Extracting primitive: Front fender black air blade.003
08:11:49 | INFO: Primitives created: 1
08:11:49 | INFO: Extracting primitive: Fender blade polished edge.003
08:11:49 | INFO: Primitives created: 1
08:11:49 | INFO: Extracting primitive: Sphere.017
08:11:49 | INFO: Primitives created: 1
08:11:49 | INFO: Extracting primitive: Mirror stalk.003
08:11:49 | INFO: Primitives created: 1
08:11:49 | INFO: Extracting primitive: Sphere.018
08:11:49 | INFO: Primitives created: 1
08:11:49 | INFO: Extracting primitive: Sphere.019
08:11:49 | INFO: Primitives created: 1
08:11:49 | INFO: Extracting primitive: Sphere.020
08:11:49 | INFO: Primitives created: 1
08:11:49 | INFO: Extracting primitive: Mirror LED indicator.003
08:11:49 | INFO: Primitives created: 1
08:11:49 | INFO: Extracting primitive: Rolled painted wheel arch lip.006
08:11:49 | INFO: Primitives created: 1
08:11:49 | INFO: Extracting primitive: Wheelhouse dark reveal.006
08:11:49 | INFO: Primitives created: 1
08:11:49 | INFO: Extracting primitive: Wheelhouse liner.006
08:11:49 | INFO: Primitives created: 1
08:11:49 | INFO: Extracting primitive: Rolled painted wheel arch lip.007
08:11:49 | INFO: Primitives created: 1
08:11:49 | INFO: Extracting primitive: Wheelhouse dark reveal.007
08:11:49 | INFO: Primitives created: 1
08:11:49 | INFO: Extracting primitive: Wheelhouse liner.007
08:11:49 | INFO: Primitives created: 1
08:11:49 | INFO: Extracting primitive: Waterdrop headlight | dark compound-curved optical housing.002
08:11:49 | INFO: Primitives created: 1
08:11:49 | INFO: Extracting primitive: Headlight rubber gasket.002
08:11:49 | INFO: Primitives created: 1
08:11:49 | INFO: Extracting primitive: Headlight polished rim.002
08:11:49 | INFO: Primitives created: 1
08:11:49 | INFO: Extracting primitive: Signature sweeping diagonal DRL.002
08:11:49 | INFO: Primitives created: 1
08:11:49 | INFO: Extracting primitive: Lower segmented optical return.002
08:11:49 | INFO: Primitives created: 1
08:11:49 | INFO: Extracting primitive: Upper arrow DRL accent.002
08:11:49 | INFO: Primitives created: 1
08:11:49 | INFO: Extracting primitive: Cube.068
08:11:49 | INFO: Primitives created: 1
08:11:49 | INFO: Extracting primitive: Cube.069
08:11:49 | INFO: Primitives created: 1
08:11:49 | INFO: Extracting primitive: Cube.070
08:11:49 | INFO: Primitives created: 1
08:11:49 | INFO: Extracting primitive: Cube.071
08:11:49 | INFO: Primitives created: 1
08:11:49 | INFO: Extracting primitive: Cube.072
08:11:50 | INFO: Primitives created: 1
08:11:50 | INFO: Extracting primitive: Cube.073
08:11:50 | INFO: Primitives created: 1
08:11:50 | INFO: Extracting primitive: Cube.074
08:11:50 | INFO: Primitives created: 1
08:11:50 | INFO: Extracting primitive: Cube.075
08:11:50 | INFO: Primitives created: 1
08:11:50 | INFO: Extracting primitive: Vertical corner air curtain.002
08:11:50 | INFO: Primitives created: 1
08:11:50 | INFO: Extracting primitive: Corner intake rim.002
08:11:50 | INFO: Primitives created: 1
08:11:50 | INFO: Extracting primitive: Air curtain inner fin.002
08:11:50 | INFO: Primitives created: 1
08:11:50 | INFO: Extracting primitive: Waterdrop headlight | dark compound-curved optical housing.003
08:11:50 | INFO: Primitives created: 1
08:11:50 | INFO: Extracting primitive: Headlight rubber gasket.003
08:11:50 | INFO: Primitives created: 1
08:11:50 | INFO: Extracting primitive: Headlight polished rim.003
08:11:50 | INFO: Primitives created: 1
08:11:50 | INFO: Extracting primitive: Signature sweeping diagonal DRL.003
08:11:50 | INFO: Primitives created: 1
08:11:50 | INFO: Extracting primitive: Lower segmented optical return.003
08:11:50 | INFO: Primitives created: 1
08:11:50 | INFO: Extracting primitive: Upper arrow DRL accent.003
08:11:50 | INFO: Primitives created: 1
08:11:50 | INFO: Extracting primitive: Cube.076
08:11:50 | INFO: Primitives created: 1
08:11:50 | INFO: Extracting primitive: Cube.077
08:11:50 | INFO: Primitives created: 1
08:11:50 | INFO: Extracting primitive: Cube.078
08:11:50 | INFO: Primitives created: 1
08:11:50 | INFO: Extracting primitive: Cube.079
08:11:50 | INFO: Primitives created: 1
08:11:50 | INFO: Extracting primitive: Cube.080
08:11:50 | INFO: Primitives created: 1
08:11:50 | INFO: Extracting primitive: Cube.081
08:11:50 | INFO: Primitives created: 1
08:11:50 | INFO: Extracting primitive: Cube.082
08:11:50 | INFO: Primitives created: 1
08:11:50 | INFO: Extracting primitive: Cube.083
08:11:50 | INFO: Primitives created: 1
08:11:50 | INFO: Extracting primitive: Vertical corner air curtain.003
08:11:50 | INFO: Primitives created: 1
08:11:50 | INFO: Extracting primitive: Corner intake rim.003
08:11:50 | INFO: Primitives created: 1
08:11:50 | INFO: Extracting primitive: Air curtain inner fin.003
08:11:50 | INFO: Primitives created: 1
08:11:50 | INFO: Extracting primitive: Wide trapezoidal front lower intake.001
08:11:50 | INFO: Primitives created: 1
08:11:50 | INFO: Extracting primitive: Satin front intake frame.001
08:11:50 | INFO: Primitives created: 1
08:11:50 | INFO: Extracting primitive: Sculpted Aqua Blue intake side surround.002
08:11:50 | INFO: Primitives created: 1
08:11:50 | INFO: Extracting primitive: Painted intake ring.002
08:11:50 | INFO: Primitives created: 1
08:11:50 | INFO: Extracting primitive: Sculpted Aqua Blue intake side surround.003
08:11:50 | INFO: Primitives created: 1
08:11:50 | INFO: Extracting primitive: Painted intake ring.003
08:11:50 | INFO: Primitives created: 1
08:11:50 | INFO: Extracting primitive: Horizontal grille louver.004
08:11:50 | INFO: Primitives created: 1
08:11:50 | INFO: Extracting primitive: Horizontal grille louver.005
08:11:50 | INFO: Primitives created: 1
08:11:50 | INFO: Extracting primitive: Horizontal grille louver.006
08:11:50 | INFO: Primitives created: 1
08:11:50 | INFO: Extracting primitive: Horizontal grille louver.007
08:11:50 | INFO: Primitives created: 1
08:11:50 | INFO: Extracting primitive: Grille vertical reinforcement.011
08:11:50 | INFO: Primitives created: 1
08:11:50 | INFO: Extracting primitive: Grille vertical reinforcement.012
08:11:50 | INFO: Primitives created: 1
08:11:50 | INFO: Extracting primitive: Grille vertical reinforcement.013
08:11:50 | INFO: Primitives created: 1
08:11:50 | INFO: Extracting primitive: Grille vertical reinforcement.014
08:11:50 | INFO: Primitives created: 1
08:11:50 | INFO: Extracting primitive: Grille vertical reinforcement.015
08:11:50 | INFO: Primitives created: 1
08:11:50 | INFO: Extracting primitive: Grille vertical reinforcement.016
08:11:50 | INFO: Primitives created: 1
08:11:50 | INFO: Extracting primitive: Grille vertical reinforcement.017
08:11:50 | INFO: Primitives created: 1
08:11:50 | INFO: Extracting primitive: Grille vertical reinforcement.018
08:11:50 | INFO: Primitives created: 1
08:11:50 | INFO: Extracting primitive: Grille vertical reinforcement.019
08:11:50 | INFO: Primitives created: 1
08:11:50 | INFO: Extracting primitive: Grille vertical reinforcement.020
08:11:50 | INFO: Primitives created: 1
08:11:50 | INFO: Extracting primitive: Grille vertical reinforcement.021
08:11:50 | INFO: Primitives created: 1
08:11:50 | INFO: Extracting primitive: Front splitter blade.001
08:11:50 | INFO: Primitives created: 1
08:11:50 | INFO: Extracting primitive: Cube.084
08:11:50 | INFO: Primitives created: 1
08:11:50 | INFO: Extracting primitive: Cube.085
08:11:50 | INFO: Primitives created: 1
08:11:50 | INFO: Extracting primitive: Front plate lettering.001
08:11:50 | INFO: Primitives created: 1
08:11:50 | INFO: Extracting primitive: Cylinder.330
08:11:50 | INFO: Primitives created: 1
08:11:50 | INFO: Extracting primitive: Cylinder.331
08:11:50 | INFO: Primitives created: 1
08:11:50 | INFO: Extracting primitive: Cylinder.332
08:11:50 | INFO: Primitives created: 1
08:11:50 | INFO: Extracting primitive: Cylinder.333
08:11:50 | INFO: Primitives created: 1
08:11:50 | INFO: Extracting primitive: Sphere.021
08:11:50 | INFO: Primitives created: 1
08:11:50 | INFO: Extracting primitive: Hood mi insignia.001
08:11:50 | INFO: Primitives created: 1
08:11:50 | INFO: Extracting primitive: Sphere.022
08:11:50 | INFO: Primitives created: 1
08:11:50 | INFO: Extracting primitive: Full-width smoked rear lamp housing.001
08:11:50 | INFO: Primitives created: 1
08:11:50 | INFO: Extracting primitive: Rear lamp outer seal.001
08:11:50 | INFO: Primitives created: 1
08:11:50 | INFO: Extracting primitive: Halo rear red optical bed.001
08:11:50 | INFO: Primitives created: 1
08:11:50 | INFO: Extracting primitive: Continuous halo rear LED.001
08:11:50 | INFO: Primitives created: 1
08:11:50 | INFO: Extracting primitive: Lower full-width LED filament.001
08:11:50 | INFO: Primitives created: 1
08:11:50 | INFO: Extracting primitive: Inner taillight return.002
08:11:50 | INFO: Primitives created: 1
08:11:50 | INFO: Extracting primitive: Rear bumper side air outlet.002
08:11:50 | INFO: Primitives created: 1
08:11:50 | INFO: Extracting primitive: Rear vent rim.002
08:11:50 | INFO: Primitives created: 1
08:11:50 | INFO: Extracting primitive: Trunk panel shut line.002
08:11:50 | INFO: Primitives created: 1
08:11:50 | INFO: Extracting primitive: Cube.086
08:11:50 | INFO: Primitives created: 1
08:11:50 | INFO: Extracting primitive: Inner taillight return.003
08:11:50 | INFO: Primitives created: 1
08:11:50 | INFO: Extracting primitive: Rear bumper side air outlet.003
08:11:50 | INFO: Primitives created: 1
08:11:50 | INFO: Extracting primitive: Rear vent rim.003
08:11:50 | INFO: Primitives created: 1
08:11:50 | INFO: Extracting primitive: Trunk panel shut line.003
08:11:50 | INFO: Primitives created: 1
08:11:50 | INFO: Extracting primitive: Cube.087
08:11:50 | INFO: Primitives created: 1
08:11:50 | INFO: Extracting primitive: Rear diffuser black valance.001
08:11:50 | INFO: Primitives created: 1
08:11:50 | INFO: Extracting primitive: Rear diffuser painted buttress.002
08:11:50 | INFO: Primitives created: 1
08:11:50 | INFO: Extracting primitive: Rear diffuser painted buttress.003
08:11:50 | INFO: Primitives created: 1
08:11:50 | INFO: Extracting primitive: Rear diffuser lower lip.001
08:11:50 | INFO: Primitives created: 1
08:11:50 | INFO: Extracting primitive: Cube.088
08:11:50 | INFO: Primitives created: 1
08:11:50 | INFO: Extracting primitive: Cube.089
08:11:50 | INFO: Primitives created: 1
08:11:50 | INFO: Extracting primitive: Cube.090
08:11:50 | INFO: Primitives created: 1
08:11:50 | INFO: Extracting primitive: Cube.091
08:11:50 | INFO: Primitives created: 1
08:11:50 | INFO: Extracting primitive: Cube.092
08:11:50 | INFO: Primitives created: 1
08:11:50 | INFO: Extracting primitive: Cube.093
08:11:50 | INFO: Primitives created: 1
08:11:50 | INFO: Extracting primitive: Cube.094
08:11:50 | INFO: Primitives created: 1
08:11:50 | INFO: Extracting primitive: Rear plate SU7.001
08:11:50 | INFO: Primitives created: 1
08:11:50 | INFO: Extracting primitive: Rear spaced Xiaomi lettering | x.001
08:11:50 | INFO: Primitives created: 1
08:11:50 | INFO: Extracting primitive: Rear spaced Xiaomi lettering | i.002
08:11:50 | INFO: Primitives created: 1
08:11:50 | INFO: Extracting primitive: Rear spaced Xiaomi lettering | a.001
08:11:50 | INFO: Primitives created: 1
08:11:50 | INFO: Extracting primitive: Rear spaced Xiaomi lettering | o.001
08:11:50 | INFO: Primitives created: 1
08:11:50 | INFO: Extracting primitive: Rear spaced Xiaomi lettering | m.001
08:11:50 | INFO: Primitives created: 1
08:11:50 | INFO: Extracting primitive: Rear spaced Xiaomi lettering | i.003
08:11:50 | INFO: Primitives created: 1
08:11:50 | INFO: Extracting primitive: Rear model badge.001
08:11:50 | INFO: Primitives created: 1
08:11:50 | INFO: Extracting primitive: Rear Max badge.001
08:11:50 | INFO: Primitives created: 1
08:11:50 | INFO: Extracting primitive: Rear manufacturer badge.001
08:11:50 | INFO: Primitives created: 1
08:11:50 | INFO: Extracting primitive: Integrated rear deck ducktail.001
08:11:50 | INFO: Primitives created: 1
08:11:50 | INFO: Extracting primitive: Retractable spoiler shut line.001
08:11:50 | INFO: Primitives created: 1
08:11:50 | INFO: Extracting primitive: Sphere.023
08:11:50 | INFO: Primitives created: 1
08:11:50 | INFO: Extracting primitive: Front left | tire carcass.001
08:11:50 | INFO: Primitives created: 1
08:11:50 | INFO: Extracting primitive: Torus.029
08:11:50 | INFO: Primitives created: 1
08:11:50 | INFO: Extracting primitive: Torus.030
08:11:50 | INFO: Primitives created: 1
08:11:50 | INFO: Extracting primitive: Torus.031
08:11:50 | INFO: Primitives created: 1
08:11:50 | INFO: Extracting primitive: Front left directional tread | 792 blocks.001
08:11:50 | INFO: Primitives created: 1
08:11:50 | INFO: Extracting primitive: Front left cast rim barrel.001
08:11:50 | INFO: Primitives created: 1
08:11:50 | INFO: Extracting primitive: Torus.032
08:11:51 | INFO: Primitives created: 1
08:11:51 | INFO: Extracting primitive: Torus.033
08:11:51 | INFO: Primitives created: 1
08:11:51 | INFO: Extracting primitive: Cylinder.334
08:11:51 | INFO: Primitives created: 1
08:11:51 | INFO: Extracting primitive: Torus.034
08:11:51 | INFO: Primitives created: 1
08:11:51 | INFO: Extracting primitive: Cylinder.335
08:11:51 | INFO: Primitives created: 1
08:11:51 | INFO: Extracting primitive: Cylinder.336
08:11:51 | INFO: Primitives created: 1
08:11:51 | INFO: Extracting primitive: Cylinder.337
08:11:51 | INFO: Primitives created: 1
08:11:51 | INFO: Extracting primitive: Cylinder.338
08:11:51 | INFO: Primitives created: 1
08:11:51 | INFO: Extracting primitive: Cylinder.339
08:11:51 | INFO: Primitives created: 1
08:11:51 | INFO: Extracting primitive: Cylinder.340
08:11:51 | INFO: Primitives created: 1
08:11:51 | INFO: Extracting primitive: Cylinder.341
08:11:51 | INFO: Primitives created: 1
08:11:51 | INFO: Extracting primitive: Cylinder.342
08:11:51 | INFO: Primitives created: 1
08:11:51 | INFO: Extracting primitive: Cylinder.343
08:11:51 | INFO: Primitives created: 1
08:11:51 | INFO: Extracting primitive: Cylinder.344
08:11:51 | INFO: Primitives created: 1
08:11:51 | INFO: Extracting primitive: Cylinder.345
08:11:51 | INFO: Primitives created: 1
08:11:51 | INFO: Extracting primitive: Cylinder.346
08:11:51 | INFO: Primitives created: 1
08:11:51 | INFO: Extracting primitive: Cylinder.347
08:11:51 | INFO: Primitives created: 1
08:11:51 | INFO: Extracting primitive: Cylinder.348
08:11:51 | INFO: Primitives created: 1
08:11:51 | INFO: Extracting primitive: Cylinder.349
08:11:51 | INFO: Primitives created: 1
08:11:51 | INFO: Extracting primitive: Cylinder.350
08:11:51 | INFO: Primitives created: 1
08:11:51 | INFO: Extracting primitive: Cylinder.351
08:11:51 | INFO: Primitives created: 1
08:11:51 | INFO: Extracting primitive: Cylinder.352
08:11:51 | INFO: Primitives created: 1
08:11:51 | INFO: Extracting primitive: Cylinder.353
08:11:51 | INFO: Primitives created: 1
08:11:51 | INFO: Extracting primitive: Cylinder.354
08:11:51 | INFO: Primitives created: 1
08:11:51 | INFO: Extracting primitive: Cylinder.355
08:11:51 | INFO: Primitives created: 1
08:11:51 | INFO: Extracting primitive: Cylinder.356
08:11:51 | INFO: Primitives created: 1
08:11:51 | INFO: Extracting primitive: Cylinder.357
08:11:51 | INFO: Primitives created: 1
08:11:51 | INFO: Extracting primitive: Cylinder.358
08:11:51 | INFO: Primitives created: 1
08:11:51 | INFO: Extracting primitive: Cylinder.359
08:11:51 | INFO: Primitives created: 1
08:11:51 | INFO: Extracting primitive: Cylinder.360
08:11:51 | INFO: Primitives created: 1
08:11:51 | INFO: Extracting primitive: Cylinder.361
08:11:51 | INFO: Primitives created: 1
08:11:51 | INFO: Extracting primitive: Cylinder.362
08:11:51 | INFO: Primitives created: 1
08:11:51 | INFO: Extracting primitive: Cylinder.363
08:11:51 | INFO: Primitives created: 1
08:11:51 | INFO: Extracting primitive: Cylinder.364
08:11:51 | INFO: Primitives created: 1
08:11:51 | INFO: Extracting primitive: Cylinder.365
08:11:51 | INFO: Primitives created: 1
08:11:51 | INFO: Extracting primitive: Cylinder.366
08:11:51 | INFO: Primitives created: 1
08:11:51 | INFO: Extracting primitive: Cylinder.367
08:11:51 | INFO: Primitives created: 1
08:11:51 | INFO: Extracting primitive: Cylinder.368
08:11:51 | INFO: Primitives created: 1
08:11:51 | INFO: Extracting primitive: Cylinder.369
08:11:51 | INFO: Primitives created: 1
08:11:51 | INFO: Extracting primitive: Cylinder.370
08:11:51 | INFO: Primitives created: 1
08:11:51 | INFO: Extracting primitive: Cylinder.371
08:11:51 | INFO: Primitives created: 1
08:11:51 | INFO: Extracting primitive: Cylinder.372
08:11:51 | INFO: Primitives created: 1
08:11:51 | INFO: Extracting primitive: Cylinder.373
08:11:51 | INFO: Primitives created: 1
08:11:51 | INFO: Extracting primitive: Cylinder.374
08:11:51 | INFO: Primitives created: 1
08:11:51 | INFO: Extracting primitive: Cylinder.375
08:11:51 | INFO: Primitives created: 1
08:11:51 | INFO: Extracting primitive: Cylinder.376
08:11:51 | INFO: Primitives created: 1
08:11:51 | INFO: Extracting primitive: Cylinder.377
08:11:51 | INFO: Primitives created: 1
08:11:51 | INFO: Extracting primitive: Cylinder.378
08:11:51 | INFO: Primitives created: 1
08:11:51 | INFO: Extracting primitive: Cylinder.379
08:11:51 | INFO: Primitives created: 1
08:11:51 | INFO: Extracting primitive: Cylinder.380
08:11:51 | INFO: Primitives created: 1
08:11:51 | INFO: Extracting primitive: Cylinder.381
08:11:51 | INFO: Primitives created: 1
08:11:51 | INFO: Extracting primitive: Cylinder.382
08:11:51 | INFO: Primitives created: 1
08:11:51 | INFO: Extracting primitive: Cylinder.383
08:11:51 | INFO: Primitives created: 1
08:11:51 | INFO: Extracting primitive: Cylinder.384
08:11:51 | INFO: Primitives created: 1
08:11:51 | INFO: Extracting primitive: Cylinder.385
08:11:51 | INFO: Primitives created: 1
08:11:51 | INFO: Extracting primitive: Cylinder.386
08:11:51 | INFO: Primitives created: 1
08:11:51 | INFO: Extracting primitive: Cylinder.387
08:11:51 | INFO: Primitives created: 1
08:11:51 | INFO: Extracting primitive: Cylinder.388
08:11:51 | INFO: Primitives created: 1
08:11:51 | INFO: Extracting primitive: Cylinder.389
08:11:51 | INFO: Primitives created: 1
08:11:51 | INFO: Extracting primitive: Cylinder.390
08:11:51 | INFO: Primitives created: 1
08:11:51 | INFO: Extracting primitive: Cylinder.391
08:11:51 | INFO: Primitives created: 1
08:11:51 | INFO: Extracting primitive: Cylinder.392
08:11:51 | INFO: Primitives created: 1
08:11:51 | INFO: Extracting primitive: Cylinder.393
08:11:51 | INFO: Primitives created: 1
08:11:51 | INFO: Extracting primitive: Cylinder.394
08:11:51 | INFO: Primitives created: 1
08:11:51 | INFO: Extracting primitive: Cylinder.395
08:11:51 | INFO: Primitives created: 1
08:11:51 | INFO: Extracting primitive: Cylinder.396
08:11:51 | INFO: Primitives created: 1
08:11:51 | INFO: Extracting primitive: Cylinder.397
08:11:51 | INFO: Primitives created: 1
08:11:51 | INFO: Extracting primitive: Cylinder.398
08:11:51 | INFO: Primitives created: 1
08:11:51 | INFO: Extracting primitive: Cylinder.399
08:11:51 | INFO: Primitives created: 1
08:11:51 | INFO: Extracting primitive: Cylinder.400
08:11:51 | INFO: Primitives created: 1
08:11:51 | INFO: Extracting primitive: Cylinder.401
08:11:51 | INFO: Primitives created: 1
08:11:51 | INFO: Extracting primitive: Cylinder.402
08:11:51 | INFO: Primitives created: 1
08:11:51 | INFO: Extracting primitive: Cylinder.403
08:11:51 | INFO: Primitives created: 1
08:11:51 | INFO: Extracting primitive: Cylinder.404
08:11:51 | INFO: Primitives created: 1
08:11:51 | INFO: Extracting primitive: Cylinder.405
08:11:51 | INFO: Primitives created: 1
08:11:51 | INFO: Extracting primitive: Cylinder.406
08:11:51 | INFO: Primitives created: 1
08:11:51 | INFO: Extracting primitive: Cylinder.407
08:11:51 | INFO: Primitives created: 1
08:11:51 | INFO: Extracting primitive: Cube.095
08:11:51 | INFO: Primitives created: 1
08:11:51 | INFO: Extracting primitive: Front left caliper marking.001
08:11:51 | INFO: Primitives created: 1
08:11:51 | INFO: Extracting primitive: Front left machined split spoke.010
08:11:51 | INFO: Primitives created: 1
08:11:51 | INFO: Extracting primitive: Front left black spoke pocket.010
08:11:51 | INFO: Primitives created: 1
08:11:51 | INFO: Extracting primitive: Front left machined split spoke.011
08:11:51 | INFO: Primitives created: 1
08:11:51 | INFO: Extracting primitive: Front left black spoke pocket.011
08:11:51 | INFO: Primitives created: 1
08:11:51 | INFO: Extracting primitive: Front left machined split spoke.012
08:11:51 | INFO: Primitives created: 1
08:11:51 | INFO: Extracting primitive: Front left black spoke pocket.012
08:11:51 | INFO: Primitives created: 1
08:11:51 | INFO: Extracting primitive: Front left machined split spoke.013
08:11:51 | INFO: Primitives created: 1
08:11:51 | INFO: Extracting primitive: Front left black spoke pocket.013
08:11:51 | INFO: Primitives created: 1
08:11:51 | INFO: Extracting primitive: Front left machined split spoke.014
08:11:51 | INFO: Primitives created: 1
08:11:51 | INFO: Extracting primitive: Front left black spoke pocket.014
08:11:51 | INFO: Primitives created: 1
08:11:51 | INFO: Extracting primitive: Front left machined split spoke.015
08:11:51 | INFO: Primitives created: 1
08:11:51 | INFO: Extracting primitive: Front left black spoke pocket.015
08:11:51 | INFO: Primitives created: 1
08:11:51 | INFO: Extracting primitive: Front left machined split spoke.016
08:11:51 | INFO: Primitives created: 1
08:11:51 | INFO: Extracting primitive: Front left black spoke pocket.016
08:11:51 | INFO: Primitives created: 1
08:11:51 | INFO: Extracting primitive: Front left machined split spoke.017
08:11:51 | INFO: Primitives created: 1
08:11:51 | INFO: Extracting primitive: Front left black spoke pocket.017
08:11:51 | INFO: Primitives created: 1
08:11:51 | INFO: Extracting primitive: Front left machined split spoke.018
08:11:51 | INFO: Primitives created: 1
08:11:51 | INFO: Extracting primitive: Front left black spoke pocket.018
08:11:51 | INFO: Primitives created: 1
08:11:51 | INFO: Extracting primitive: Front left machined split spoke.019
08:11:51 | INFO: Primitives created: 1
08:11:51 | INFO: Extracting primitive: Front left black spoke pocket.019
08:11:51 | INFO: Primitives created: 1
08:11:51 | INFO: Extracting primitive: Cylinder.408
08:11:51 | INFO: Primitives created: 1
08:11:51 | INFO: Extracting primitive: Torus.035
08:11:51 | INFO: Primitives created: 1
08:11:51 | INFO: Extracting primitive: Front left center mi logo.001
08:11:51 | INFO: Primitives created: 1
08:11:51 | INFO: Extracting primitive: Cylinder.409
08:11:51 | INFO: Primitives created: 1
08:11:51 | INFO: Extracting primitive: Cylinder.410
08:11:51 | INFO: Primitives created: 1
08:11:51 | INFO: Extracting primitive: Cylinder.411
08:11:51 | INFO: Primitives created: 1
08:11:51 | INFO: Extracting primitive: Cylinder.412
08:11:51 | INFO: Primitives created: 1
08:11:51 | INFO: Extracting primitive: Cylinder.413
08:11:51 | INFO: Primitives created: 1
08:11:51 | INFO: Extracting primitive: Cylinder.414
08:11:51 | INFO: Primitives created: 1
08:11:51 | INFO: Extracting primitive: Front left sidewall lettering.022
08:11:51 | INFO: Primitives created: 1
08:11:51 | INFO: Extracting primitive: Front left sidewall lettering.023
08:11:51 | INFO: Primitives created: 1
08:11:51 | INFO: Extracting primitive: Front left sidewall lettering.024
08:11:51 | INFO: Primitives created: 1
08:11:51 | INFO: Extracting primitive: Front left sidewall lettering.025
08:11:51 | INFO: Primitives created: 1
08:11:51 | INFO: Extracting primitive: Front left sidewall lettering.026
08:11:51 | INFO: Primitives created: 1
08:11:51 | INFO: Extracting primitive: Front left sidewall lettering.027
08:11:51 | INFO: Primitives created: 1
08:11:51 | INFO: Extracting primitive: Front left sidewall lettering.028
08:11:51 | INFO: Primitives created: 1
08:11:51 | INFO: Extracting primitive: Front left sidewall lettering.029
08:11:51 | INFO: Primitives created: 1
08:11:51 | INFO: Extracting primitive: Front left sidewall lettering.030
08:11:51 | INFO: Primitives created: 1
08:11:51 | INFO: Extracting primitive: Front left sidewall lettering.031
08:11:51 | INFO: Primitives created: 1
08:11:51 | INFO: Extracting primitive: Front left sidewall lettering.032
08:11:51 | INFO: Primitives created: 1
08:11:51 | INFO: Extracting primitive: Front left sidewall lettering.033
08:11:51 | INFO: Primitives created: 1
08:11:51 | INFO: Extracting primitive: Front left sidewall lettering.034
08:11:51 | INFO: Primitives created: 1
08:11:51 | INFO: Extracting primitive: Front left sidewall lettering.035
08:11:51 | INFO: Primitives created: 0
08:11:51 | WARNING: Mesh 'Front left sidewall lettering.035' has no primitives and will be omitted.
08:11:51 | INFO: Extracting primitive: Front left sidewall lettering.036
08:11:51 | INFO: Primitives created: 1
08:11:51 | INFO: Extracting primitive: Front left sidewall lettering.037
08:11:51 | INFO: Primitives created: 1
08:11:51 | INFO: Extracting primitive: Front left sidewall lettering.038
08:11:51 | INFO: Primitives created: 1
08:11:51 | INFO: Extracting primitive: Front left sidewall lettering.039
08:11:51 | INFO: Primitives created: 1
08:11:51 | INFO: Extracting primitive: Front left sidewall lettering.040
08:11:51 | INFO: Primitives created: 1
08:11:51 | INFO: Extracting primitive: Front left sidewall lettering.041
08:11:51 | INFO: Primitives created: 0
08:11:51 | WARNING: Mesh 'Front left sidewall lettering.041' has no primitives and will be omitted.
08:11:51 | INFO: Extracting primitive: Front left sidewall lettering.042
08:11:51 | INFO: Primitives created: 1
08:11:51 | INFO: Extracting primitive: Front left sidewall lettering.043
08:11:51 | INFO: Primitives created: 1
08:11:51 | INFO: Extracting primitive: Front right | tire carcass.001
08:11:51 | INFO: Primitives created: 1
08:11:51 | INFO: Extracting primitive: Torus.036
08:11:51 | INFO: Primitives created: 1
08:11:51 | INFO: Extracting primitive: Torus.037
08:11:51 | INFO: Primitives created: 1
08:11:51 | INFO: Extracting primitive: Torus.038
08:11:51 | INFO: Primitives created: 1
08:11:51 | INFO: Extracting primitive: Front right directional tread | 792 blocks.001
08:11:51 | INFO: Primitives created: 1
08:11:51 | INFO: Extracting primitive: Front right cast rim barrel.001
08:11:51 | INFO: Primitives created: 1
08:11:51 | INFO: Extracting primitive: Torus.039
08:11:51 | INFO: Primitives created: 1
08:11:51 | INFO: Extracting primitive: Torus.040
08:11:51 | INFO: Primitives created: 1
08:11:51 | INFO: Extracting primitive: Cylinder.415
08:11:51 | INFO: Primitives created: 1
08:11:51 | INFO: Extracting primitive: Torus.041
08:11:51 | INFO: Primitives created: 1
08:11:51 | INFO: Extracting primitive: Cylinder.416
08:11:51 | INFO: Primitives created: 1
08:11:51 | INFO: Extracting primitive: Cylinder.417
08:11:51 | INFO: Primitives created: 1
08:11:51 | INFO: Extracting primitive: Cylinder.418
08:11:51 | INFO: Primitives created: 1
08:11:51 | INFO: Extracting primitive: Cylinder.419
08:11:51 | INFO: Primitives created: 1
08:11:51 | INFO: Extracting primitive: Cylinder.420
08:11:51 | INFO: Primitives created: 1
08:11:51 | INFO: Extracting primitive: Cylinder.421
08:11:51 | INFO: Primitives created: 1
08:11:51 | INFO: Extracting primitive: Cylinder.422
08:11:51 | INFO: Primitives created: 1
08:11:51 | INFO: Extracting primitive: Cylinder.423
08:11:51 | INFO: Primitives created: 1
08:11:51 | INFO: Extracting primitive: Cylinder.424
08:11:51 | INFO: Primitives created: 1
08:11:51 | INFO: Extracting primitive: Cylinder.425
08:11:51 | INFO: Primitives created: 1
08:11:51 | INFO: Extracting primitive: Cylinder.426
08:11:51 | INFO: Primitives created: 1
08:11:51 | INFO: Extracting primitive: Cylinder.427
08:11:51 | INFO: Primitives created: 1
08:11:51 | INFO: Extracting primitive: Cylinder.428
08:11:51 | INFO: Primitives created: 1
08:11:51 | INFO: Extracting primitive: Cylinder.429
08:11:51 | INFO: Primitives created: 1
08:11:51 | INFO: Extracting primitive: Cylinder.430
08:11:52 | INFO: Primitives created: 1
08:11:52 | INFO: Extracting primitive: Cylinder.431
08:11:52 | INFO: Primitives created: 1
08:11:52 | INFO: Extracting primitive: Cylinder.432
08:11:52 | INFO: Primitives created: 1
08:11:52 | INFO: Extracting primitive: Cylinder.433
08:11:52 | INFO: Primitives created: 1
08:11:52 | INFO: Extracting primitive: Cylinder.434
08:11:52 | INFO: Primitives created: 1
08:11:52 | INFO: Extracting primitive: Cylinder.435
08:11:52 | INFO: Primitives created: 1
08:11:52 | INFO: Extracting primitive: Cylinder.436
08:11:52 | INFO: Primitives created: 1
08:11:52 | INFO: Extracting primitive: Cylinder.437
08:11:52 | INFO: Primitives created: 1
08:11:52 | INFO: Extracting primitive: Cylinder.438
08:11:52 | INFO: Primitives created: 1
08:11:52 | INFO: Extracting primitive: Cylinder.439
08:11:52 | INFO: Primitives created: 1
08:11:52 | INFO: Extracting primitive: Cylinder.440
08:11:52 | INFO: Primitives created: 1
08:11:52 | INFO: Extracting primitive: Cylinder.441
08:11:52 | INFO: Primitives created: 1
08:11:52 | INFO: Extracting primitive: Cylinder.442
08:11:52 | INFO: Primitives created: 1
08:11:52 | INFO: Extracting primitive: Cylinder.443
08:11:52 | INFO: Primitives created: 1
08:11:52 | INFO: Extracting primitive: Cylinder.444
08:11:52 | INFO: Primitives created: 1
08:11:52 | INFO: Extracting primitive: Cylinder.445
08:11:52 | INFO: Primitives created: 1
08:11:52 | INFO: Extracting primitive: Cylinder.446
08:11:52 | INFO: Primitives created: 1
08:11:52 | INFO: Extracting primitive: Cylinder.447
08:11:52 | INFO: Primitives created: 1
08:11:52 | INFO: Extracting primitive: Cylinder.448
08:11:52 | INFO: Primitives created: 1
08:11:52 | INFO: Extracting primitive: Cylinder.449
08:11:52 | INFO: Primitives created: 1
08:11:52 | INFO: Extracting primitive: Cylinder.450
08:11:52 | INFO: Primitives created: 1
08:11:52 | INFO: Extracting primitive: Cylinder.451
08:11:52 | INFO: Primitives created: 1
08:11:52 | INFO: Extracting primitive: Cylinder.452
08:11:52 | INFO: Primitives created: 1
08:11:52 | INFO: Extracting primitive: Cylinder.453
08:11:52 | INFO: Primitives created: 1
08:11:52 | INFO: Extracting primitive: Cylinder.454
08:11:52 | INFO: Primitives created: 1
08:11:52 | INFO: Extracting primitive: Cylinder.455
08:11:52 | INFO: Primitives created: 1
08:11:52 | INFO: Extracting primitive: Cylinder.456
08:11:52 | INFO: Primitives created: 1
08:11:52 | INFO: Extracting primitive: Cylinder.457
08:11:52 | INFO: Primitives created: 1
08:11:52 | INFO: Extracting primitive: Cylinder.458
08:11:52 | INFO: Primitives created: 1
08:11:52 | INFO: Extracting primitive: Cylinder.459
08:11:52 | INFO: Primitives created: 1
08:11:52 | INFO: Extracting primitive: Cylinder.460
08:11:52 | INFO: Primitives created: 1
08:11:52 | INFO: Extracting primitive: Cylinder.461
08:11:52 | INFO: Primitives created: 1
08:11:52 | INFO: Extracting primitive: Cylinder.462
08:11:52 | INFO: Primitives created: 1
08:11:52 | INFO: Extracting primitive: Cylinder.463
08:11:52 | INFO: Primitives created: 1
08:11:52 | INFO: Extracting primitive: Cylinder.464
08:11:52 | INFO: Primitives created: 1
08:11:52 | INFO: Extracting primitive: Cylinder.465
08:11:52 | INFO: Primitives created: 1
08:11:52 | INFO: Extracting primitive: Cylinder.466
08:11:52 | INFO: Primitives created: 1
08:11:52 | INFO: Extracting primitive: Cylinder.467
08:11:52 | INFO: Primitives created: 1
08:11:52 | INFO: Extracting primitive: Cylinder.468
08:11:52 | INFO: Primitives created: 1
08:11:52 | INFO: Extracting primitive: Cylinder.469
08:11:52 | INFO: Primitives created: 1
08:11:52 | INFO: Extracting primitive: Cylinder.470
08:11:52 | INFO: Primitives created: 1
08:11:52 | INFO: Extracting primitive: Cylinder.471
08:11:52 | INFO: Primitives created: 1
08:11:52 | INFO: Extracting primitive: Cylinder.472
08:11:52 | INFO: Primitives created: 1
08:11:52 | INFO: Extracting primitive: Cylinder.473
08:11:52 | INFO: Primitives created: 1
08:11:52 | INFO: Extracting primitive: Cylinder.474
08:11:52 | INFO: Primitives created: 1
08:11:52 | INFO: Extracting primitive: Cylinder.475
08:11:52 | INFO: Primitives created: 1
08:11:52 | INFO: Extracting primitive: Cylinder.476
08:11:52 | INFO: Primitives created: 1
08:11:52 | INFO: Extracting primitive: Cylinder.477
08:11:52 | INFO: Primitives created: 1
08:11:52 | INFO: Extracting primitive: Cylinder.478
08:11:52 | INFO: Primitives created: 1
08:11:52 | INFO: Extracting primitive: Cylinder.479
08:11:52 | INFO: Primitives created: 1
08:11:52 | INFO: Extracting primitive: Cylinder.480
08:11:52 | INFO: Primitives created: 1
08:11:52 | INFO: Extracting primitive: Cylinder.481
08:11:52 | INFO: Primitives created: 1
08:11:52 | INFO: Extracting primitive: Cylinder.482
08:11:52 | INFO: Primitives created: 1
08:11:52 | INFO: Extracting primitive: Cylinder.483
08:11:52 | INFO: Primitives created: 1
08:11:52 | INFO: Extracting primitive: Cylinder.484
08:11:52 | INFO: Primitives created: 1
08:11:52 | INFO: Extracting primitive: Cylinder.485
08:11:52 | INFO: Primitives created: 1
08:11:52 | INFO: Extracting primitive: Cylinder.486
08:11:52 | INFO: Primitives created: 1
08:11:52 | INFO: Extracting primitive: Cylinder.487
08:11:52 | INFO: Primitives created: 1
08:11:52 | INFO: Extracting primitive: Cylinder.488
08:11:52 | INFO: Primitives created: 1
08:11:52 | INFO: Extracting primitive: Cube.096
08:11:52 | INFO: Primitives created: 1
08:11:52 | INFO: Extracting primitive: Front right caliper marking.001
08:11:52 | INFO: Primitives created: 1
08:11:52 | INFO: Extracting primitive: Front right machined split spoke.010
08:11:52 | INFO: Primitives created: 1
08:11:52 | INFO: Extracting primitive: Front right black spoke pocket.010
08:11:52 | INFO: Primitives created: 1
08:11:52 | INFO: Extracting primitive: Front right machined split spoke.011
08:11:52 | INFO: Primitives created: 1
08:11:52 | INFO: Extracting primitive: Front right black spoke pocket.011
08:11:52 | INFO: Primitives created: 1
08:11:52 | INFO: Extracting primitive: Front right machined split spoke.012
08:11:52 | INFO: Primitives created: 1
08:11:52 | INFO: Extracting primitive: Front right black spoke pocket.012
08:11:52 | INFO: Primitives created: 1
08:11:52 | INFO: Extracting primitive: Front right machined split spoke.013
08:11:52 | INFO: Primitives created: 1
08:11:52 | INFO: Extracting primitive: Front right black spoke pocket.013
08:11:52 | INFO: Primitives created: 1
08:11:52 | INFO: Extracting primitive: Front right machined split spoke.014
08:11:52 | INFO: Primitives created: 1
08:11:52 | INFO: Extracting primitive: Front right black spoke pocket.014
08:11:52 | INFO: Primitives created: 1
08:11:52 | INFO: Extracting primitive: Front right machined split spoke.015
08:11:52 | INFO: Primitives created: 1
08:11:52 | INFO: Extracting primitive: Front right black spoke pocket.015
08:11:52 | INFO: Primitives created: 1
08:11:52 | INFO: Extracting primitive: Front right machined split spoke.016
08:11:52 | INFO: Primitives created: 1
08:11:52 | INFO: Extracting primitive: Front right black spoke pocket.016
08:11:52 | INFO: Primitives created: 1
08:11:52 | INFO: Extracting primitive: Front right machined split spoke.017
08:11:52 | INFO: Primitives created: 1
08:11:52 | INFO: Extracting primitive: Front right black spoke pocket.017
08:11:52 | INFO: Primitives created: 1
08:11:52 | INFO: Extracting primitive: Front right machined split spoke.018
08:11:52 | INFO: Primitives created: 1
08:11:52 | INFO: Extracting primitive: Front right black spoke pocket.018
08:11:52 | INFO: Primitives created: 1
08:11:52 | INFO: Extracting primitive: Front right machined split spoke.019
08:11:52 | INFO: Primitives created: 1
08:11:52 | INFO: Extracting primitive: Front right black spoke pocket.019
08:11:52 | INFO: Primitives created: 1
08:11:52 | INFO: Extracting primitive: Cylinder.489
08:11:52 | INFO: Primitives created: 1
08:11:52 | INFO: Extracting primitive: Torus.042
08:11:52 | INFO: Primitives created: 1
08:11:52 | INFO: Extracting primitive: Front right center mi logo.001
08:11:52 | INFO: Primitives created: 1
08:11:52 | INFO: Extracting primitive: Cylinder.490
08:11:52 | INFO: Primitives created: 1
08:11:52 | INFO: Extracting primitive: Cylinder.491
08:11:52 | INFO: Primitives created: 1
08:11:52 | INFO: Extracting primitive: Cylinder.492
08:11:52 | INFO: Primitives created: 1
08:11:52 | INFO: Extracting primitive: Cylinder.493
08:11:52 | INFO: Primitives created: 1
08:11:52 | INFO: Extracting primitive: Cylinder.494
08:11:52 | INFO: Primitives created: 1
08:11:52 | INFO: Extracting primitive: Cylinder.495
08:11:52 | INFO: Primitives created: 1
08:11:52 | INFO: Extracting primitive: Front right sidewall lettering.022
08:11:52 | INFO: Primitives created: 1
08:11:52 | INFO: Extracting primitive: Front right sidewall lettering.023
08:11:52 | INFO: Primitives created: 1
08:11:52 | INFO: Extracting primitive: Front right sidewall lettering.024
08:11:52 | INFO: Primitives created: 1
08:11:52 | INFO: Extracting primitive: Front right sidewall lettering.025
08:11:52 | INFO: Primitives created: 1
08:11:52 | INFO: Extracting primitive: Front right sidewall lettering.026
08:11:52 | INFO: Primitives created: 1
08:11:52 | INFO: Extracting primitive: Front right sidewall lettering.027
08:11:52 | INFO: Primitives created: 1
08:11:52 | INFO: Extracting primitive: Front right sidewall lettering.028
08:11:52 | INFO: Primitives created: 1
08:11:52 | INFO: Extracting primitive: Front right sidewall lettering.029
08:11:52 | INFO: Primitives created: 1
08:11:52 | INFO: Extracting primitive: Front right sidewall lettering.030
08:11:52 | INFO: Primitives created: 1
08:11:52 | INFO: Extracting primitive: Front right sidewall lettering.031
08:11:52 | INFO: Primitives created: 1
08:11:52 | INFO: Extracting primitive: Front right sidewall lettering.032
08:11:52 | INFO: Primitives created: 1
08:11:52 | INFO: Extracting primitive: Front right sidewall lettering.033
08:11:52 | INFO: Primitives created: 1
08:11:52 | INFO: Extracting primitive: Front right sidewall lettering.034
08:11:52 | INFO: Primitives created: 1
08:11:52 | INFO: Extracting primitive: Front right sidewall lettering.035
08:11:52 | INFO: Primitives created: 0
08:11:52 | WARNING: Mesh 'Front right sidewall lettering.035' has no primitives and will be omitted.
08:11:52 | INFO: Extracting primitive: Front right sidewall lettering.036
08:11:52 | INFO: Primitives created: 1
08:11:52 | INFO: Extracting primitive: Front right sidewall lettering.037
08:11:52 | INFO: Primitives created: 1
08:11:52 | INFO: Extracting primitive: Front right sidewall lettering.038
08:11:52 | INFO: Primitives created: 1
08:11:52 | INFO: Extracting primitive: Front right sidewall lettering.039
08:11:52 | INFO: Primitives created: 1
08:11:52 | INFO: Extracting primitive: Front right sidewall lettering.040
08:11:52 | INFO: Primitives created: 1
08:11:52 | INFO: Extracting primitive: Front right sidewall lettering.041
08:11:52 | INFO: Primitives created: 0
08:11:52 | WARNING: Mesh 'Front right sidewall lettering.041' has no primitives and will be omitted.
08:11:52 | INFO: Extracting primitive: Front right sidewall lettering.042
08:11:52 | INFO: Primitives created: 1
08:11:52 | INFO: Extracting primitive: Front right sidewall lettering.043
08:11:52 | INFO: Primitives created: 1
08:11:52 | INFO: Extracting primitive: Rear left | tire carcass.001
08:11:52 | INFO: Primitives created: 1
08:11:52 | INFO: Extracting primitive: Torus.043
08:11:52 | INFO: Primitives created: 1
08:11:52 | INFO: Extracting primitive: Torus.044
08:11:52 | INFO: Primitives created: 1
08:11:52 | INFO: Extracting primitive: Torus.045
08:11:52 | INFO: Primitives created: 1
08:11:52 | INFO: Extracting primitive: Rear left directional tread | 792 blocks.001
08:11:52 | INFO: Primitives created: 1
08:11:52 | INFO: Extracting primitive: Rear left cast rim barrel.001
08:11:52 | INFO: Primitives created: 1
08:11:52 | INFO: Extracting primitive: Torus.046
08:11:52 | INFO: Primitives created: 1
08:11:52 | INFO: Extracting primitive: Torus.047
08:11:52 | INFO: Primitives created: 1
08:11:52 | INFO: Extracting primitive: Cylinder.496
08:11:52 | INFO: Primitives created: 1
08:11:52 | INFO: Extracting primitive: Torus.048
08:11:52 | INFO: Primitives created: 1
08:11:52 | INFO: Extracting primitive: Cylinder.497
08:11:52 | INFO: Primitives created: 1
08:11:52 | INFO: Extracting primitive: Cylinder.498
08:11:52 | INFO: Primitives created: 1
08:11:52 | INFO: Extracting primitive: Cylinder.499
08:11:52 | INFO: Primitives created: 1
08:11:52 | INFO: Extracting primitive: Cylinder.500
08:11:52 | INFO: Primitives created: 1
08:11:52 | INFO: Extracting primitive: Cylinder.501
08:11:52 | INFO: Primitives created: 1
08:11:52 | INFO: Extracting primitive: Cylinder.502
08:11:52 | INFO: Primitives created: 1
08:11:52 | INFO: Extracting primitive: Cylinder.503
08:11:52 | INFO: Primitives created: 1
08:11:52 | INFO: Extracting primitive: Cylinder.504
08:11:52 | INFO: Primitives created: 1
08:11:52 | INFO: Extracting primitive: Cylinder.505
08:11:52 | INFO: Primitives created: 1
08:11:52 | INFO: Extracting primitive: Cylinder.506
08:11:52 | INFO: Primitives created: 1
08:11:52 | INFO: Extracting primitive: Cylinder.507
08:11:52 | INFO: Primitives created: 1
08:11:52 | INFO: Extracting primitive: Cylinder.508
08:11:52 | INFO: Primitives created: 1
08:11:52 | INFO: Extracting primitive: Cylinder.509
08:11:52 | INFO: Primitives created: 1
08:11:52 | INFO: Extracting primitive: Cylinder.510
08:11:52 | INFO: Primitives created: 1
08:11:52 | INFO: Extracting primitive: Cylinder.511
08:11:52 | INFO: Primitives created: 1
08:11:52 | INFO: Extracting primitive: Cylinder.512
08:11:52 | INFO: Primitives created: 1
08:11:52 | INFO: Extracting primitive: Cylinder.513
08:11:52 | INFO: Primitives created: 1
08:11:52 | INFO: Extracting primitive: Cylinder.514
08:11:52 | INFO: Primitives created: 1
08:11:52 | INFO: Extracting primitive: Cylinder.515
08:11:52 | INFO: Primitives created: 1
08:11:52 | INFO: Extracting primitive: Cylinder.516
08:11:52 | INFO: Primitives created: 1
08:11:52 | INFO: Extracting primitive: Cylinder.517
08:11:52 | INFO: Primitives created: 1
08:11:52 | INFO: Extracting primitive: Cylinder.518
08:11:52 | INFO: Primitives created: 1
08:11:52 | INFO: Extracting primitive: Cylinder.519
08:11:52 | INFO: Primitives created: 1
08:11:52 | INFO: Extracting primitive: Cylinder.520
08:11:52 | INFO: Primitives created: 1
08:11:52 | INFO: Extracting primitive: Cylinder.521
08:11:52 | INFO: Primitives created: 1
08:11:52 | INFO: Extracting primitive: Cylinder.522
08:11:52 | INFO: Primitives created: 1
08:11:52 | INFO: Extracting primitive: Cylinder.523
08:11:52 | INFO: Primitives created: 1
08:11:52 | INFO: Extracting primitive: Cylinder.524
08:11:52 | INFO: Primitives created: 1
08:11:52 | INFO: Extracting primitive: Cylinder.525
08:11:52 | INFO: Primitives created: 1
08:11:52 | INFO: Extracting primitive: Cylinder.526
08:11:52 | INFO: Primitives created: 1
08:11:52 | INFO: Extracting primitive: Cylinder.527
08:11:52 | INFO: Primitives created: 1
08:11:52 | INFO: Extracting primitive: Cylinder.528
08:11:52 | INFO: Primitives created: 1
08:11:52 | INFO: Extracting primitive: Cylinder.529
08:11:52 | INFO: Primitives created: 1
08:11:52 | INFO: Extracting primitive: Cylinder.530
08:11:52 | INFO: Primitives created: 1
08:11:52 | INFO: Extracting primitive: Cylinder.531
08:11:52 | INFO: Primitives created: 1
08:11:52 | INFO: Extracting primitive: Cylinder.532
08:11:52 | INFO: Primitives created: 1
08:11:52 | INFO: Extracting primitive: Cylinder.533
08:11:52 | INFO: Primitives created: 1
08:11:52 | INFO: Extracting primitive: Cylinder.534
08:11:52 | INFO: Primitives created: 1
08:11:52 | INFO: Extracting primitive: Cylinder.535
08:11:52 | INFO: Primitives created: 1
08:11:52 | INFO: Extracting primitive: Cylinder.536
08:11:52 | INFO: Primitives created: 1
08:11:52 | INFO: Extracting primitive: Cylinder.537
08:11:52 | INFO: Primitives created: 1
08:11:52 | INFO: Extracting primitive: Cylinder.538
08:11:52 | INFO: Primitives created: 1
08:11:52 | INFO: Extracting primitive: Cylinder.539
08:11:52 | INFO: Primitives created: 1
08:11:52 | INFO: Extracting primitive: Cylinder.540
08:11:52 | INFO: Primitives created: 1
08:11:52 | INFO: Extracting primitive: Cylinder.541
08:11:52 | INFO: Primitives created: 1
08:11:52 | INFO: Extracting primitive: Cylinder.542
08:11:52 | INFO: Primitives created: 1
08:11:52 | INFO: Extracting primitive: Cylinder.543
08:11:52 | INFO: Primitives created: 1
08:11:52 | INFO: Extracting primitive: Cylinder.544
08:11:52 | INFO: Primitives created: 1
08:11:52 | INFO: Extracting primitive: Cylinder.545
08:11:52 | INFO: Primitives created: 1
08:11:52 | INFO: Extracting primitive: Cylinder.546
08:11:52 | INFO: Primitives created: 1
08:11:52 | INFO: Extracting primitive: Cylinder.547
08:11:52 | INFO: Primitives created: 1
08:11:52 | INFO: Extracting primitive: Cylinder.548
08:11:52 | INFO: Primitives created: 1
08:11:52 | INFO: Extracting primitive: Cylinder.549
08:11:52 | INFO: Primitives created: 1
08:11:52 | INFO: Extracting primitive: Cylinder.550
08:11:52 | INFO: Primitives created: 1
08:11:52 | INFO: Extracting primitive: Cylinder.551
08:11:52 | INFO: Primitives created: 1
08:11:52 | INFO: Extracting primitive: Cylinder.552
08:11:52 | INFO: Primitives created: 1
08:11:52 | INFO: Extracting primitive: Cylinder.553
08:11:52 | INFO: Primitives created: 1
08:11:52 | INFO: Extracting primitive: Cylinder.554
08:11:52 | INFO: Primitives created: 1
08:11:52 | INFO: Extracting primitive: Cylinder.555
08:11:52 | INFO: Primitives created: 1
08:11:52 | INFO: Extracting primitive: Cylinder.556
08:11:52 | INFO: Primitives created: 1
08:11:52 | INFO: Extracting primitive: Cylinder.557
08:11:52 | INFO: Primitives created: 1
08:11:52 | INFO: Extracting primitive: Cylinder.558
08:11:52 | INFO: Primitives created: 1
08:11:52 | INFO: Extracting primitive: Cylinder.559
08:11:52 | INFO: Primitives created: 1
08:11:52 | INFO: Extracting primitive: Cylinder.560
08:11:52 | INFO: Primitives created: 1
08:11:52 | INFO: Extracting primitive: Cylinder.561
08:11:52 | INFO: Primitives created: 1
08:11:52 | INFO: Extracting primitive: Cylinder.562
08:11:52 | INFO: Primitives created: 1
08:11:52 | INFO: Extracting primitive: Cylinder.563
08:11:52 | INFO: Primitives created: 1
08:11:52 | INFO: Extracting primitive: Cylinder.564
08:11:52 | INFO: Primitives created: 1
08:11:52 | INFO: Extracting primitive: Cylinder.565
08:11:52 | INFO: Primitives created: 1
08:11:52 | INFO: Extracting primitive: Cylinder.566
08:11:52 | INFO: Primitives created: 1
08:11:52 | INFO: Extracting primitive: Cylinder.567
08:11:52 | INFO: Primitives created: 1
08:11:52 | INFO: Extracting primitive: Cylinder.568
08:11:53 | INFO: Primitives created: 1
08:11:53 | INFO: Extracting primitive: Cylinder.569
08:11:53 | INFO: Primitives created: 1
08:11:53 | INFO: Extracting primitive: Cube.097
08:11:53 | INFO: Primitives created: 1
08:11:53 | INFO: Extracting primitive: Rear left caliper marking.001
08:11:53 | INFO: Primitives created: 1
08:11:53 | INFO: Extracting primitive: Rear left machined split spoke.010
08:11:53 | INFO: Primitives created: 1
08:11:53 | INFO: Extracting primitive: Rear left black spoke pocket.010
08:11:53 | INFO: Primitives created: 1
08:11:53 | INFO: Extracting primitive: Rear left machined split spoke.011
08:11:53 | INFO: Primitives created: 1
08:11:53 | INFO: Extracting primitive: Rear left black spoke pocket.011
08:11:53 | INFO: Primitives created: 1
08:11:53 | INFO: Extracting primitive: Rear left machined split spoke.012
08:11:53 | INFO: Primitives created: 1
08:11:53 | INFO: Extracting primitive: Rear left black spoke pocket.012
08:11:53 | INFO: Primitives created: 1
08:11:53 | INFO: Extracting primitive: Rear left machined split spoke.013
08:11:53 | INFO: Primitives created: 1
08:11:53 | INFO: Extracting primitive: Rear left black spoke pocket.013
08:11:53 | INFO: Primitives created: 1
08:11:53 | INFO: Extracting primitive: Rear left machined split spoke.014
08:11:53 | INFO: Primitives created: 1
08:11:53 | INFO: Extracting primitive: Rear left black spoke pocket.014
08:11:53 | INFO: Primitives created: 1
08:11:53 | INFO: Extracting primitive: Rear left machined split spoke.015
08:11:53 | INFO: Primitives created: 1
08:11:53 | INFO: Extracting primitive: Rear left black spoke pocket.015
08:11:53 | INFO: Primitives created: 1
08:11:53 | INFO: Extracting primitive: Rear left machined split spoke.016
08:11:53 | INFO: Primitives created: 1
08:11:53 | INFO: Extracting primitive: Rear left black spoke pocket.016
08:11:53 | INFO: Primitives created: 1
08:11:53 | INFO: Extracting primitive: Rear left machined split spoke.017
08:11:53 | INFO: Primitives created: 1
08:11:53 | INFO: Extracting primitive: Rear left black spoke pocket.017
08:11:53 | INFO: Primitives created: 1
08:11:53 | INFO: Extracting primitive: Rear left machined split spoke.018
08:11:53 | INFO: Primitives created: 1
08:11:53 | INFO: Extracting primitive: Rear left black spoke pocket.018
08:11:53 | INFO: Primitives created: 1
08:11:53 | INFO: Extracting primitive: Rear left machined split spoke.019
08:11:53 | INFO: Primitives created: 1
08:11:53 | INFO: Extracting primitive: Rear left black spoke pocket.019
08:11:53 | INFO: Primitives created: 1
08:11:53 | INFO: Extracting primitive: Cylinder.570
08:11:53 | INFO: Primitives created: 1
08:11:53 | INFO: Extracting primitive: Torus.049
08:11:53 | INFO: Primitives created: 1
08:11:53 | INFO: Extracting primitive: Rear left center mi logo.001
08:11:53 | INFO: Primitives created: 1
08:11:53 | INFO: Extracting primitive: Cylinder.571
08:11:53 | INFO: Primitives created: 1
08:11:53 | INFO: Extracting primitive: Cylinder.572
08:11:53 | INFO: Primitives created: 1
08:11:53 | INFO: Extracting primitive: Cylinder.573
08:11:53 | INFO: Primitives created: 1
08:11:53 | INFO: Extracting primitive: Cylinder.574
08:11:53 | INFO: Primitives created: 1
08:11:53 | INFO: Extracting primitive: Cylinder.575
08:11:53 | INFO: Primitives created: 1
08:11:53 | INFO: Extracting primitive: Cylinder.576
08:11:53 | INFO: Primitives created: 1
08:11:53 | INFO: Extracting primitive: Rear left sidewall lettering.022
08:11:53 | INFO: Primitives created: 1
08:11:53 | INFO: Extracting primitive: Rear left sidewall lettering.023
08:11:53 | INFO: Primitives created: 1
08:11:53 | INFO: Extracting primitive: Rear left sidewall lettering.024
08:11:53 | INFO: Primitives created: 1
08:11:53 | INFO: Extracting primitive: Rear left sidewall lettering.025
08:11:53 | INFO: Primitives created: 1
08:11:53 | INFO: Extracting primitive: Rear left sidewall lettering.026
08:11:53 | INFO: Primitives created: 1
08:11:53 | INFO: Extracting primitive: Rear left sidewall lettering.027
08:11:53 | INFO: Primitives created: 1
08:11:53 | INFO: Extracting primitive: Rear left sidewall lettering.028
08:11:53 | INFO: Primitives created: 1
08:11:53 | INFO: Extracting primitive: Rear left sidewall lettering.029
08:11:53 | INFO: Primitives created: 1
08:11:53 | INFO: Extracting primitive: Rear left sidewall lettering.030
08:11:53 | INFO: Primitives created: 1
08:11:53 | INFO: Extracting primitive: Rear left sidewall lettering.031
08:11:53 | INFO: Primitives created: 1
08:11:53 | INFO: Extracting primitive: Rear left sidewall lettering.032
08:11:53 | INFO: Primitives created: 1
08:11:53 | INFO: Extracting primitive: Rear left sidewall lettering.033
08:11:53 | INFO: Primitives created: 1
08:11:53 | INFO: Extracting primitive: Rear left sidewall lettering.034
08:11:53 | INFO: Primitives created: 1
08:11:53 | INFO: Extracting primitive: Rear left sidewall lettering.035
08:11:53 | INFO: Primitives created: 0
08:11:53 | WARNING: Mesh 'Rear left sidewall lettering.035' has no primitives and will be omitted.
08:11:53 | INFO: Extracting primitive: Rear left sidewall lettering.036
08:11:53 | INFO: Primitives created: 1
08:11:53 | INFO: Extracting primitive: Rear left sidewall lettering.037
08:11:53 | INFO: Primitives created: 1
08:11:53 | INFO: Extracting primitive: Rear left sidewall lettering.038
08:11:53 | INFO: Primitives created: 1
08:11:53 | INFO: Extracting primitive: Rear left sidewall lettering.039
08:11:53 | INFO: Primitives created: 1
08:11:53 | INFO: Extracting primitive: Rear left sidewall lettering.040
08:11:53 | INFO: Primitives created: 1
08:11:53 | INFO: Extracting primitive: Rear left sidewall lettering.041
08:11:53 | INFO: Primitives created: 0
08:11:53 | WARNING: Mesh 'Rear left sidewall lettering.041' has no primitives and will be omitted.
08:11:53 | INFO: Extracting primitive: Rear left sidewall lettering.042
08:11:53 | INFO: Primitives created: 1
08:11:53 | INFO: Extracting primitive: Rear left sidewall lettering.043
08:11:53 | INFO: Primitives created: 1
08:11:53 | INFO: Extracting primitive: Rear right | tire carcass.001
08:11:53 | INFO: Primitives created: 1
08:11:53 | INFO: Extracting primitive: Torus.050
08:11:53 | INFO: Primitives created: 1
08:11:53 | INFO: Extracting primitive: Torus.051
08:11:53 | INFO: Primitives created: 1
08:11:53 | INFO: Extracting primitive: Torus.052
08:11:53 | INFO: Primitives created: 1
08:11:53 | INFO: Extracting primitive: Rear right directional tread | 792 blocks.001
08:11:53 | INFO: Primitives created: 1
08:11:53 | INFO: Extracting primitive: Rear right cast rim barrel.001
08:11:53 | INFO: Primitives created: 1
08:11:53 | INFO: Extracting primitive: Torus.053
08:11:53 | INFO: Primitives created: 1
08:11:53 | INFO: Extracting primitive: Torus.054
08:11:53 | INFO: Primitives created: 1
08:11:53 | INFO: Extracting primitive: Cylinder.577
08:11:53 | INFO: Primitives created: 1
08:11:53 | INFO: Extracting primitive: Torus.055
08:11:53 | INFO: Primitives created: 1
08:11:53 | INFO: Extracting primitive: Cylinder.578
08:11:53 | INFO: Primitives created: 1
08:11:53 | INFO: Extracting primitive: Cylinder.579
08:11:53 | INFO: Primitives created: 1
08:11:53 | INFO: Extracting primitive: Cylinder.580
08:11:53 | INFO: Primitives created: 1
08:11:53 | INFO: Extracting primitive: Cylinder.581
08:11:53 | INFO: Primitives created: 1
08:11:53 | INFO: Extracting primitive: Cylinder.582
08:11:53 | INFO: Primitives created: 1
08:11:53 | INFO: Extracting primitive: Cylinder.583
08:11:53 | INFO: Primitives created: 1
08:11:53 | INFO: Extracting primitive: Cylinder.584
08:11:53 | INFO: Primitives created: 1
08:11:53 | INFO: Extracting primitive: Cylinder.585
08:11:53 | INFO: Primitives created: 1
08:11:53 | INFO: Extracting primitive: Cylinder.586
08:11:53 | INFO: Primitives created: 1
08:11:53 | INFO: Extracting primitive: Cylinder.587
08:11:53 | INFO: Primitives created: 1
08:11:53 | INFO: Extracting primitive: Cylinder.588
08:11:53 | INFO: Primitives created: 1
08:11:53 | INFO: Extracting primitive: Cylinder.589
08:11:53 | INFO: Primitives created: 1
08:11:53 | INFO: Extracting primitive: Cylinder.590
08:11:53 | INFO: Primitives created: 1
08:11:53 | INFO: Extracting primitive: Cylinder.591
08:11:53 | INFO: Primitives created: 1
08:11:53 | INFO: Extracting primitive: Cylinder.592
08:11:53 | INFO: Primitives created: 1
08:11:53 | INFO: Extracting primitive: Cylinder.593
08:11:53 | INFO: Primitives created: 1
08:11:53 | INFO: Extracting primitive: Cylinder.594
08:11:53 | INFO: Primitives created: 1
08:11:53 | INFO: Extracting primitive: Cylinder.595
08:11:53 | INFO: Primitives created: 1
08:11:53 | INFO: Extracting primitive: Cylinder.596
08:11:53 | INFO: Primitives created: 1
08:11:53 | INFO: Extracting primitive: Cylinder.597
08:11:53 | INFO: Primitives created: 1
08:11:53 | INFO: Extracting primitive: Cylinder.598
08:11:53 | INFO: Primitives created: 1
08:11:53 | INFO: Extracting primitive: Cylinder.599
08:11:53 | INFO: Primitives created: 1
08:11:53 | INFO: Extracting primitive: Cylinder.600
08:11:53 | INFO: Primitives created: 1
08:11:53 | INFO: Extracting primitive: Cylinder.601
08:11:53 | INFO: Primitives created: 1
08:11:53 | INFO: Extracting primitive: Cylinder.602
08:11:53 | INFO: Primitives created: 1
08:11:53 | INFO: Extracting primitive: Cylinder.603
08:11:53 | INFO: Primitives created: 1
08:11:53 | INFO: Extracting primitive: Cylinder.604
08:11:53 | INFO: Primitives created: 1
08:11:53 | INFO: Extracting primitive: Cylinder.605
08:11:53 | INFO: Primitives created: 1
08:11:53 | INFO: Extracting primitive: Cylinder.606
08:11:53 | INFO: Primitives created: 1
08:11:53 | INFO: Extracting primitive: Cylinder.607
08:11:53 | INFO: Primitives created: 1
08:11:53 | INFO: Extracting primitive: Cylinder.608
08:11:53 | INFO: Primitives created: 1
08:11:53 | INFO: Extracting primitive: Cylinder.609
08:11:53 | INFO: Primitives created: 1
08:11:53 | INFO: Extracting primitive: Cylinder.610
08:11:53 | INFO: Primitives created: 1
08:11:53 | INFO: Extracting primitive: Cylinder.611
08:11:53 | INFO: Primitives created: 1
08:11:53 | INFO: Extracting primitive: Cylinder.612
08:11:53 | INFO: Primitives created: 1
08:11:53 | INFO: Extracting primitive: Cylinder.613
08:11:53 | INFO: Primitives created: 1
08:11:53 | INFO: Extracting primitive: Cylinder.614
08:11:53 | INFO: Primitives created: 1
08:11:53 | INFO: Extracting primitive: Cylinder.615
08:11:53 | INFO: Primitives created: 1
08:11:53 | INFO: Extracting primitive: Cylinder.616
08:11:53 | INFO: Primitives created: 1
08:11:53 | INFO: Extracting primitive: Cylinder.617
08:11:53 | INFO: Primitives created: 1
08:11:53 | INFO: Extracting primitive: Cylinder.618
08:11:53 | INFO: Primitives created: 1
08:11:53 | INFO: Extracting primitive: Cylinder.619
08:11:53 | INFO: Primitives created: 1
08:11:53 | INFO: Extracting primitive: Cylinder.620
08:11:53 | INFO: Primitives created: 1
08:11:53 | INFO: Extracting primitive: Cylinder.621
08:11:53 | INFO: Primitives created: 1
08:11:53 | INFO: Extracting primitive: Cylinder.622
08:11:53 | INFO: Primitives created: 1
08:11:53 | INFO: Extracting primitive: Cylinder.623
08:11:53 | INFO: Primitives created: 1
08:11:53 | INFO: Extracting primitive: Cylinder.624
08:11:53 | INFO: Primitives created: 1
08:11:53 | INFO: Extracting primitive: Cylinder.625
08:11:53 | INFO: Primitives created: 1
08:11:53 | INFO: Extracting primitive: Cylinder.626
08:11:53 | INFO: Primitives created: 1
08:11:53 | INFO: Extracting primitive: Cylinder.627
08:11:53 | INFO: Primitives created: 1
08:11:53 | INFO: Extracting primitive: Cylinder.628
08:11:53 | INFO: Primitives created: 1
08:11:53 | INFO: Extracting primitive: Cylinder.629
08:11:53 | INFO: Primitives created: 1
08:11:53 | INFO: Extracting primitive: Cylinder.630
08:11:53 | INFO: Primitives created: 1
08:11:53 | INFO: Extracting primitive: Cylinder.631
08:11:53 | INFO: Primitives created: 1
08:11:53 | INFO: Extracting primitive: Cylinder.632
08:11:53 | INFO: Primitives created: 1
08:11:53 | INFO: Extracting primitive: Cylinder.633
08:11:53 | INFO: Primitives created: 1
08:11:53 | INFO: Extracting primitive: Cylinder.634
08:11:53 | INFO: Primitives created: 1
08:11:53 | INFO: Extracting primitive: Cylinder.635
08:11:53 | INFO: Primitives created: 1
08:11:53 | INFO: Extracting primitive: Cylinder.636
08:11:53 | INFO: Primitives created: 1
08:11:53 | INFO: Extracting primitive: Cylinder.637
08:11:53 | INFO: Primitives created: 1
08:11:53 | INFO: Extracting primitive: Cylinder.638
08:11:53 | INFO: Primitives created: 1
08:11:53 | INFO: Extracting primitive: Cylinder.639
08:11:53 | INFO: Primitives created: 1
08:11:53 | INFO: Extracting primitive: Cylinder.640
08:11:53 | INFO: Primitives created: 1
08:11:53 | INFO: Extracting primitive: Cylinder.641
08:11:53 | INFO: Primitives created: 1
08:11:53 | INFO: Extracting primitive: Cylinder.642
08:11:53 | INFO: Primitives created: 1
08:11:53 | INFO: Extracting primitive: Cylinder.643
08:11:53 | INFO: Primitives created: 1
08:11:53 | INFO: Extracting primitive: Cylinder.644
08:11:53 | INFO: Primitives created: 1
08:11:53 | INFO: Extracting primitive: Cylinder.645
08:11:53 | INFO: Primitives created: 1
08:11:53 | INFO: Extracting primitive: Cylinder.646
08:11:53 | INFO: Primitives created: 1
08:11:53 | INFO: Extracting primitive: Cylinder.647
08:11:53 | INFO: Primitives created: 1
08:11:53 | INFO: Extracting primitive: Cylinder.648
08:11:53 | INFO: Primitives created: 1
08:11:53 | INFO: Extracting primitive: Cylinder.649
08:11:53 | INFO: Primitives created: 1
08:11:53 | INFO: Extracting primitive: Cylinder.650
08:11:53 | INFO: Primitives created: 1
08:11:53 | INFO: Extracting primitive: Cube.098
08:11:53 | INFO: Primitives created: 1
08:11:53 | INFO: Extracting primitive: Rear right caliper marking.001
08:11:53 | INFO: Primitives created: 1
08:11:53 | INFO: Extracting primitive: Rear right machined split spoke.010
08:11:53 | INFO: Primitives created: 1
08:11:53 | INFO: Extracting primitive: Rear right black spoke pocket.010
08:11:53 | INFO: Primitives created: 1
08:11:53 | INFO: Extracting primitive: Rear right machined split spoke.011
08:11:53 | INFO: Primitives created: 1
08:11:53 | INFO: Extracting primitive: Rear right black spoke pocket.011
08:11:53 | INFO: Primitives created: 1
08:11:53 | INFO: Extracting primitive: Rear right machined split spoke.012
08:11:53 | INFO: Primitives created: 1
08:11:53 | INFO: Extracting primitive: Rear right black spoke pocket.012
08:11:53 | INFO: Primitives created: 1
08:11:53 | INFO: Extracting primitive: Rear right machined split spoke.013
08:11:53 | INFO: Primitives created: 1
08:11:53 | INFO: Extracting primitive: Rear right black spoke pocket.013
08:11:53 | INFO: Primitives created: 1
08:11:53 | INFO: Extracting primitive: Rear right machined split spoke.014
08:11:53 | INFO: Primitives created: 1
08:11:53 | INFO: Extracting primitive: Rear right black spoke pocket.014
08:11:53 | INFO: Primitives created: 1
08:11:53 | INFO: Extracting primitive: Rear right machined split spoke.015
08:11:53 | INFO: Primitives created: 1
08:11:53 | INFO: Extracting primitive: Rear right black spoke pocket.015
08:11:53 | INFO: Primitives created: 1
08:11:53 | INFO: Extracting primitive: Rear right machined split spoke.016
08:11:53 | INFO: Primitives created: 1
08:11:53 | INFO: Extracting primitive: Rear right black spoke pocket.016
08:11:53 | INFO: Primitives created: 1
08:11:53 | INFO: Extracting primitive: Rear right machined split spoke.017
08:11:53 | INFO: Primitives created: 1
08:11:53 | INFO: Extracting primitive: Rear right black spoke pocket.017
08:11:53 | INFO: Primitives created: 1
08:11:53 | INFO: Extracting primitive: Rear right machined split spoke.018
08:11:53 | INFO: Primitives created: 1
08:11:53 | INFO: Extracting primitive: Rear right black spoke pocket.018
08:11:53 | INFO: Primitives created: 1
08:11:53 | INFO: Extracting primitive: Rear right machined split spoke.019
08:11:53 | INFO: Primitives created: 1
08:11:53 | INFO: Extracting primitive: Rear right black spoke pocket.019
08:11:53 | INFO: Primitives created: 1
08:11:53 | INFO: Extracting primitive: Cylinder.651
08:11:53 | INFO: Primitives created: 1
08:11:53 | INFO: Extracting primitive: Torus.056
08:11:53 | INFO: Primitives created: 1
08:11:53 | INFO: Extracting primitive: Rear right center mi logo.001
08:11:53 | INFO: Primitives created: 1
08:11:53 | INFO: Extracting primitive: Cylinder.652
08:11:53 | INFO: Primitives created: 1
08:11:53 | INFO: Extracting primitive: Cylinder.653
08:11:53 | INFO: Primitives created: 1
08:11:53 | INFO: Extracting primitive: Cylinder.654
08:11:53 | INFO: Primitives created: 1
08:11:53 | INFO: Extracting primitive: Cylinder.655
08:11:53 | INFO: Primitives created: 1
08:11:53 | INFO: Extracting primitive: Cylinder.656
08:11:53 | INFO: Primitives created: 1
08:11:53 | INFO: Extracting primitive: Cylinder.657
08:11:53 | INFO: Primitives created: 1
08:11:53 | INFO: Extracting primitive: Rear right sidewall lettering.022
08:11:53 | INFO: Primitives created: 1
08:11:53 | INFO: Extracting primitive: Rear right sidewall lettering.023
08:11:53 | INFO: Primitives created: 1
08:11:53 | INFO: Extracting primitive: Rear right sidewall lettering.024
08:11:53 | INFO: Primitives created: 1
08:11:53 | INFO: Extracting primitive: Rear right sidewall lettering.025
08:11:53 | INFO: Primitives created: 1
08:11:53 | INFO: Extracting primitive: Rear right sidewall lettering.026
08:11:53 | INFO: Primitives created: 1
08:11:53 | INFO: Extracting primitive: Rear right sidewall lettering.027
08:11:53 | INFO: Primitives created: 1
08:11:53 | INFO: Extracting primitive: Rear right sidewall lettering.028
08:11:53 | INFO: Primitives created: 1
08:11:53 | INFO: Extracting primitive: Rear right sidewall lettering.029
08:11:53 | INFO: Primitives created: 1
08:11:53 | INFO: Extracting primitive: Rear right sidewall lettering.030
08:11:53 | INFO: Primitives created: 1
08:11:53 | INFO: Extracting primitive: Rear right sidewall lettering.031
08:11:53 | INFO: Primitives created: 1
08:11:53 | INFO: Extracting primitive: Rear right sidewall lettering.032
08:11:53 | INFO: Primitives created: 1
08:11:53 | INFO: Extracting primitive: Rear right sidewall lettering.033
08:11:54 | INFO: Primitives created: 1
08:11:54 | INFO: Extracting primitive: Rear right sidewall lettering.034
08:11:54 | INFO: Primitives created: 1
08:11:54 | INFO: Extracting primitive: Rear right sidewall lettering.035
08:11:54 | INFO: Primitives created: 0
08:11:54 | WARNING: Mesh 'Rear right sidewall lettering.035' has no primitives and will be omitted.
08:11:54 | INFO: Extracting primitive: Rear right sidewall lettering.036
08:11:54 | INFO: Primitives created: 1
08:11:54 | INFO: Extracting primitive: Rear right sidewall lettering.037
08:11:54 | INFO: Primitives created: 1
08:11:54 | INFO: Extracting primitive: Rear right sidewall lettering.038
08:11:54 | INFO: Primitives created: 1
08:11:54 | INFO: Extracting primitive: Rear right sidewall lettering.039
08:11:54 | INFO: Primitives created: 1
08:11:54 | INFO: Extracting primitive: Rear right sidewall lettering.040
08:11:54 | INFO: Primitives created: 1
08:11:54 | INFO: Extracting primitive: Rear right sidewall lettering.041
08:11:54 | INFO: Primitives created: 0
08:11:54 | WARNING: Mesh 'Rear right sidewall lettering.041' has no primitives and will be omitted.
08:11:54 | INFO: Extracting primitive: Rear right sidewall lettering.042
08:11:54 | INFO: Primitives created: 1
08:11:54 | INFO: Extracting primitive: Rear right sidewall lettering.043
08:11:54 | INFO: Primitives created: 1
08:11:54 | INFO: Extracting primitive: Cube.099
08:11:54 | INFO: Primitives created: 1
08:11:54 | INFO: Extracting primitive: Cube.100
08:11:54 | INFO: Primitives created: 1
08:11:54 | INFO: Extracting primitive: Cube.101
08:11:54 | INFO: Primitives created: 1
08:11:54 | INFO: Extracting primitive: Cube.102
08:11:54 | INFO: Primitives created: 1
08:11:54 | INFO: Extracting primitive: Seat piping.008
08:11:54 | INFO: Primitives created: 1
08:11:54 | INFO: Extracting primitive: Seat piping.009
08:11:54 | INFO: Primitives created: 1
08:11:54 | INFO: Extracting primitive: Cube.103
08:11:54 | INFO: Primitives created: 1
08:11:54 | INFO: Extracting primitive: Cube.104
08:11:54 | INFO: Primitives created: 1
08:11:54 | INFO: Extracting primitive: Cube.105
08:11:54 | INFO: Primitives created: 1
08:11:54 | INFO: Extracting primitive: Seat piping.010
08:11:54 | INFO: Primitives created: 1
08:11:54 | INFO: Extracting primitive: Seat piping.011
08:11:54 | INFO: Primitives created: 1
08:11:54 | INFO: Extracting primitive: Cube.106
08:11:54 | INFO: Primitives created: 1
08:11:54 | INFO: Extracting primitive: Cube.107
08:11:54 | INFO: Primitives created: 1
08:11:54 | INFO: Extracting primitive: Cube.108
08:11:54 | INFO: Primitives created: 1
08:11:54 | INFO: Extracting primitive: Seat piping.012
08:11:54 | INFO: Primitives created: 1
08:11:54 | INFO: Extracting primitive: Seat piping.013
08:11:54 | INFO: Primitives created: 1
08:11:54 | INFO: Extracting primitive: Cube.109
08:11:54 | INFO: Primitives created: 1
08:11:54 | INFO: Extracting primitive: Cube.110
08:11:54 | INFO: Primitives created: 1
08:11:54 | INFO: Extracting primitive: Cube.111
08:11:54 | INFO: Primitives created: 1
08:11:54 | INFO: Extracting primitive: Seat piping.014
08:11:54 | INFO: Primitives created: 1
08:11:54 | INFO: Extracting primitive: Seat piping.015
08:11:54 | INFO: Primitives created: 1
08:11:54 | INFO: Extracting primitive: Cube.112
08:11:54 | INFO: Primitives created: 1
08:11:54 | INFO: Extracting primitive: Cube.113
08:11:54 | INFO: Primitives created: 1
08:11:54 | INFO: Extracting primitive: Cube.114
08:11:54 | INFO: Primitives created: 1
08:11:54 | INFO: Extracting primitive: Torus.057
08:11:54 | INFO: Primitives created: 1
08:11:54 | INFO: Extracting primitive: Steering wheel spokes.001
08:11:54 | INFO: Primitives created: 1
08:11:54 | INFO: Extracting primitive: Cube.115
08:11:54 | INFO: Primitives created: 1
08:11:54 | INFO: Extracting primitive: Cube.116
08:11:54 | INFO: Primitives created: 1
08:11:54 | INFO: Extracting primitive: Cylinder.658
08:11:54 | INFO: Primitives created: 1
08:11:54 | INFO: Extracting primitive: Cylinder.659
08:11:54 | INFO: Primitives created: 1
08:11:54 | INFO: Extracting primitive: Windshield wiper arm.002
08:11:54 | INFO: Primitives created: 1
08:11:54 | INFO: Extracting primitive: Wiper rubber blade.002
08:11:54 | INFO: Primitives created: 1
08:11:54 | INFO: Extracting primitive: Windshield wiper arm.003
08:11:54 | INFO: Primitives created: 1
08:11:54 | INFO: Extracting primitive: Wiper rubber blade.003
08:11:54 | INFO: Primitives created: 1
08:11:54 | INFO: Extracting primitive: Cube.117
08:11:54 | INFO: Primitives created: 1
08:11:54 | INFO: Extracting primitive: Sphere.024
08:11:54 | INFO: Primitives created: 1
08:11:54 | INFO: Extracting primitive: Sphere.025
08:11:54 | INFO: Primitives created: 1
08:11:54 | INFO: Extracting primitive: Cube.118
08:11:54 | INFO: Primitives created: 1
08:11:55 | INFO: Finished glTF 2.0 export in 9.589097023010254 s

GLB_EXPORT_VALIDATED {'bytes': 23590008, 'meshes': 750, 'nodes': 758, 'version': 2, 'header_and_scene_valid': True}
PRODUCTION_RENDER_START front_hero
Blender 3.6.23 (hash e467db79ca8c built 2025-06-17 03:22:43)
Read prefs: "C:\Users\admin\AppData\Roaming\Blender Foundation\Blender\3.6\config\userpref.blend"
Read blend: "C:\MyProjects\TempProject (OpenAI)\su7\Xiaomi_SU7_Max.blend"
Fra:1 Mem:283.59M (Peak 283.59M) | Time:00:01.99 | Mem:0.00M, Peak:0.00M | Scene, ViewLayer | Synchronizing object | Window perimeter | satin black surround
Fra:1 Mem:283.80M (Peak 283.80M) | Time:00:01.99 | Mem:0.00M, Peak:0.00M | Scene, ViewLayer | Synchronizing object | B pillar black trim
Fra:1 Mem:283.84M (Peak 283.84M) | Time:00:02.00 | Mem:0.00M, Peak:0.00M | Scene, ViewLayer | Synchronizing object | B pillar black trim.001
Fra:1 Mem:283.88M (Peak 283.88M) | Time:00:02.00 | Mem:0.00M, Peak:0.00M | Scene, ViewLayer | Synchronizing object | B pillar black trim.002
Fra:1 Mem:283.92M (Peak 283.92M) | Time:00:02.00 | Mem:0.00M, Peak:0.00M | Scene, ViewLayer | Synchronizing object | Rear quarter glass division
Fra:1 Mem:283.96M (Peak 283.96M) | Time:00:02.00 | Mem:0.00M, Peak:0.00M | Scene, ViewLayer | Synchronizing object | Painted continuous A pillar and roof rail
Fra:1 Mem:284.27M (Peak 284.27M) | Time:00:02.00 | Mem:0.00M, Peak:0.00M | Scene, ViewLayer | Synchronizing object | Roof drip molding
Fra:1 Mem:284.27M (Peak 284.27M) | Time:00:02.00 | Mem:0.00M, Peak:0.00M | Scene, ViewLayer | Synchronizing object | Compound curved greenhouse | panoramic glazing
Fra:1 Mem:290.04M (Peak 290.04M) | Time:00:02.00 | Mem:0.00M, Peak:0.00M | Scene, ViewLayer | Synchronizing object | Window perimeter | satin black surround.001
Fra:1 Mem:290.65M (Peak 290.65M) | Time:00:02.00 | Mem:0.00M, Peak:0.00M | Scene, ViewLayer | Synchronizing object | B pillar black trim.003
Fra:1 Mem:290.39M (Peak 290.65M) | Time:00:02.00 | Mem:0.00M, Peak:0.00M | Scene, ViewLayer | Synchronizing object | Smooth continuous side glass
Fra:1 Mem:290.63M (Peak 290.65M) | Time:00:02.00 | Mem:0.00M, Peak:0.00M | Scene, ViewLayer | Synchronizing object | B pillar black trim.004
Fra:1 Mem:291.35M (Peak 291.35M) | Time:00:02.00 | Mem:0.00M, Peak:0.00M | Scene, ViewLayer | Synchronizing object | B pillar black trim.005
Fra:1 Mem:291.39M (Peak 291.39M) | Time:00:02.00 | Mem:0.00M, Peak:0.00M | Scene, ViewLayer | Synchronizing object | Rear quarter glass division.001
Fra:1 Mem:291.43M (Peak 291.43M) | Time:00:02.00 | Mem:0.00M, Peak:0.00M | Scene, ViewLayer | Synchronizing object | Painted continuous A pillar and roof rail.001
Fra:1 Mem:291.74M (Peak 291.74M) | Time:00:02.00 | Mem:0.00M, Peak:0.00M | Scene, ViewLayer | Synchronizing object | Roof drip molding.001
Fra:1 Mem:291.92M (Peak 291.92M) | Time:00:02.00 | Mem:0.00M, Peak:0.00M | Scene, ViewLayer | Synchronizing object | Hood precision shut line
Fra:1 Mem:292.05M (Peak 292.05M) | Time:00:02.00 | Mem:0.00M, Peak:0.00M | Scene, ViewLayer | Synchronizing object | Front door leading gap
Fra:1 Mem:292.11M (Peak 292.11M) | Time:00:02.00 | Mem:0.00M, Peak:0.00M | Scene, ViewLayer | Synchronizing object | B pillar door gap
Fra:1 Mem:292.18M (Peak 292.18M) | Time:00:02.00 | Mem:0.00M, Peak:0.00M | Scene, ViewLayer | Synchronizing object | Rear door trailing gap
Fra:1 Mem:292.18M (Peak 292.18M) | Time:00:02.00 | Mem:0.00M, Peak:0.00M | Scene, ViewLayer | Synchronizing object | Smooth continuous side glass.001
Fra:1 Mem:303.14M (Peak 303.14M) | Time:00:02.00 | Mem:0.00M, Peak:0.00M | Scene, ViewLayer | Synchronizing object | Rocker sill
Fra:1 Mem:303.20M (Peak 303.20M) | Time:00:02.00 | Mem:0.00M, Peak:0.00M | Scene, ViewLayer | Synchronizing object | Rocker silver edge
Fra:1 Mem:303.27M (Peak 303.27M) | Time:00:02.01 | Mem:0.00M, Peak:0.00M | Scene, ViewLayer | Synchronizing object | Handle finger undercut
Fra:1 Mem:303.27M (Peak 303.27M) | Time:00:02.01 | Mem:0.00M, Peak:0.00M | Scene, ViewLayer | Synchronizing object | Flush door handle recess
Fra:1 Mem:303.27M (Peak 303.27M) | Time:00:02.01 | Mem:0.00M, Peak:0.00M | Scene, ViewLayer | Synchronizing object | Handle finger undercut.001
Fra:1 Mem:303.29M (Peak 303.29M) | Time:00:02.01 | Mem:0.00M, Peak:0.00M | Scene, ViewLayer | Synchronizing object | Charging door
Fra:1 Mem:303.40M (Peak 303.40M) | Time:00:02.01 | Mem:0.00M, Peak:0.00M | Scene, ViewLayer | Synchronizing object | Fender blade polished edge
Fra:1 Mem:305.77M (Peak 305.77M) | Time:00:02.01 | Mem:0.00M, Peak:0.00M | Scene, ViewLayer | Synchronizing object | Mirror stalk
Fra:1 Mem:305.82M (Peak 305.82M) | Time:00:02.01 | Mem:0.00M, Peak:0.00M | Scene, ViewLayer | Synchronizing object | Mirror LED indicator
Fra:1 Mem:305.82M (Peak 305.82M) | Time:00:02.01 | Mem:0.00M, Peak:0.00M | Scene, ViewLayer | Synchronizing object | Rolled painted wheel arch lip
Fra:1 Mem:305.92M (Peak 305.92M) | Time:00:02.01 | Mem:0.00M, Peak:0.00M | Scene, ViewLayer | Synchronizing object | Flush door handle | Aqua Blue
Fra:1 Mem:305.94M (Peak 305.94M) | Time:00:02.01 | Mem:0.00M, Peak:0.00M | Scene, ViewLayer | Synchronizing object | Wheelhouse dark reveal
Fra:1 Mem:306.12M (Peak 306.12M) | Time:00:02.01 | Mem:0.00M, Peak:0.00M | Scene, ViewLayer | Synchronizing object | Rolled painted wheel arch lip.001
Fra:1 Mem:306.15M (Peak 306.15M) | Time:00:02.01 | Mem:0.00M, Peak:0.00M | Scene, ViewLayer | Synchronizing object | Flush door handle recess.001
Fra:1 Mem:306.24M (Peak 306.24M) | Time:00:02.01 | Mem:0.00M, Peak:0.00M | Scene, ViewLayer | Synchronizing object | Wheelhouse dark reveal.001
Fra:1 Mem:306.28M (Peak 306.28M) | Time:00:02.01 | Mem:0.00M, Peak:0.00M | Scene, ViewLayer | Synchronizing object | Flush door handle | Aqua Blue.001
Fra:1 Mem:306.41M (Peak 306.41M) | Time:00:02.01 | Mem:0.00M, Peak:0.00M | Scene, ViewLayer | Synchronizing object | Hood precision shut line.001
Fra:1 Mem:306.41M (Peak 306.41M) | Time:00:02.01 | Mem:0.00M, Peak:0.00M | Scene, ViewLayer | Synchronizing object | Front fender black air blade
Fra:1 Mem:306.48M (Peak 306.48M) | Time:00:02.01 | Mem:0.00M, Peak:0.00M | Scene, ViewLayer | Synchronizing object | Side camera lens.001
Fra:1 Mem:306.60M (Peak 306.60M) | Time:00:02.01 | Mem:0.00M, Peak:0.00M | Scene, ViewLayer | Synchronizing object | Mirror black lower housing.001
Fra:1 Mem:306.62M (Peak 306.62M) | Time:00:02.01 | Mem:0.00M, Peak:0.00M | Scene, ViewLayer | Synchronizing object | Front door leading gap.001
Fra:1 Mem:306.74M (Peak 306.74M) | Time:00:02.01 | Mem:0.00M, Peak:0.00M | Scene, ViewLayer | Synchronizing object | Mirror painted upper cap.001
Fra:1 Mem:306.77M (Peak 306.77M) | Time:00:02.01 | Mem:0.00M, Peak:0.00M | Scene, ViewLayer | Synchronizing object | B pillar door gap.001
Fra:1 Mem:306.90M (Peak 306.90M) | Time:00:02.01 | Mem:0.00M, Peak:0.00M | Scene, ViewLayer | Synchronizing object | Mirror reflective glass.001
Fra:1 Mem:306.99M (Peak 306.99M) | Time:00:02.01 | Mem:0.00M, Peak:0.00M | Scene, ViewLayer | Synchronizing object | Rear door trailing gap.001
Fra:1 Mem:307.00M (Peak 307.00M) | Time:00:02.01 | Mem:0.00M, Peak:0.00M | Scene, ViewLayer | Synchronizing object | Wheelhouse liner
Fra:1 Mem:307.07M (Peak 307.07M) | Time:00:02.01 | Mem:0.00M, Peak:0.00M | Scene, ViewLayer | Synchronizing object | Wheelhouse liner.001
Fra:1 Mem:307.09M (Peak 307.09M) | Time:00:02.01 | Mem:0.00M, Peak:0.00M | Scene, ViewLayer | Synchronizing object | Rocker sill.001
Fra:1 Mem:307.12M (Peak 307.12M) | Time:00:02.01 | Mem:0.00M, Peak:0.00M | Scene, ViewLayer | Synchronizing object | Rocker silver edge.001
Fra:1 Mem:307.18M (Peak 307.18M) | Time:00:02.01 | Mem:0.00M, Peak:0.00M | Scene, ViewLayer | Synchronizing object | Handle finger undercut.002
Fra:1 Mem:307.18M (Peak 307.18M) | Time:00:02.01 | Mem:0.00M, Peak:0.00M | Scene, ViewLayer | Synchronizing object | Flush door handle recess.002
Fra:1 Mem:307.18M (Peak 307.18M) | Time:00:02.01 | Mem:0.00M, Peak:0.00M | Scene, ViewLayer | Synchronizing object | Handle finger undercut.003
Fra:1 Mem:307.19M (Peak 307.19M) | Time:00:02.01 | Mem:0.00M, Peak:0.00M | Scene, ViewLayer | Synchronizing object | Fender blade polished edge.001
Fra:1 Mem:307.19M (Peak 307.19M) | Time:00:02.01 | Mem:0.00M, Peak:0.00M | Scene, ViewLayer | Synchronizing object | Mirror stalk.001
Fra:1 Mem:307.19M (Peak 307.19M) | Time:00:02.01 | Mem:0.00M, Peak:0.00M | Scene, ViewLayer | Synchronizing object | Mirror LED indicator.001
Fra:1 Mem:307.23M (Peak 307.23M) | Time:00:02.01 | Mem:0.00M, Peak:0.00M | Scene, ViewLayer | Synchronizing object | Rolled painted wheel arch lip.002
Fra:1 Mem:307.33M (Peak 307.33M) | Time:00:02.01 | Mem:0.00M, Peak:0.00M | Scene, ViewLayer | Synchronizing object | Wheelhouse dark reveal.002
Fra:1 Mem:307.44M (Peak 307.44M) | Time:00:02.01 | Mem:0.00M, Peak:0.00M | Scene, ViewLayer | Synchronizing object | Rolled painted wheel arch lip.003
Fra:1 Mem:307.54M (Peak 307.54M) | Time:00:02.01 | Mem:0.00M, Peak:0.00M | Scene, ViewLayer | Synchronizing object | Wheelhouse dark reveal.003
Fra:1 Mem:307.65M (Peak 307.65M) | Time:00:02.01 | Mem:0.00M, Peak:0.00M | Scene, ViewLayer | Synchronizing object | Headlight rubber gasket
Fra:1 Mem:307.69M (Peak 307.69M) | Time:00:02.01 | Mem:0.00M, Peak:0.00M | Scene, ViewLayer | Synchronizing object | Headlight polished rim
Fra:1 Mem:307.73M (Peak 307.73M) | Time:00:02.01 | Mem:0.00M, Peak:0.00M | Scene, ViewLayer | Synchronizing object | Signature sweeping diagonal DRL
Fra:1 Mem:307.78M (Peak 307.78M) | Time:00:02.01 | Mem:0.00M, Peak:0.00M | Scene, ViewLayer | Synchronizing object | Lower segmented optical return
Fra:1 Mem:307.83M (Peak 307.83M) | Time:00:02.01 | Mem:0.00M, Peak:0.00M | Scene, ViewLayer | Synchronizing object | Upper arrow DRL accent
Fra:1 Mem:307.87M (Peak 307.87M) | Time:00:02.01 | Mem:0.00M, Peak:0.00M | Scene, ViewLayer | Synchronizing object | Corner intake rim
Fra:1 Mem:307.90M (Peak 307.90M) | Time:00:02.01 | Mem:0.00M, Peak:0.00M | Scene, ViewLayer | Synchronizing object | Air curtain inner fin
Fra:1 Mem:307.92M (Peak 307.92M) | Time:00:02.01 | Mem:0.00M, Peak:0.00M | Scene, ViewLayer | Synchronizing object | Headlight rubber gasket.001
Fra:1 Mem:308.01M (Peak 308.01M) | Time:00:02.02 | Mem:0.00M, Peak:0.00M | Scene, ViewLayer | Synchronizing object | Headlight polished rim.001
Fra:1 Mem:308.05M (Peak 308.05M) | Time:00:02.02 | Mem:0.00M, Peak:0.00M | Scene, ViewLayer | Synchronizing object | Signature sweeping diagonal DRL.001
Fra:1 Mem:308.07M (Peak 308.07M) | Time:00:02.02 | Mem:0.00M, Peak:0.00M | Scene, ViewLayer | Synchronizing object | Flush door handle | Aqua Blue.002
Fra:1 Mem:308.06M (Peak 308.07M) | Time:00:02.02 | Mem:0.00M, Peak:0.00M | Scene, ViewLayer | Synchronizing object | Lower segmented optical return.001
Fra:1 Mem:308.18M (Peak 308.18M) | Time:00:02.02 | Mem:0.00M, Peak:0.00M | Scene, ViewLayer | Synchronizing object | Upper arrow DRL accent.001
Fra:1 Mem:308.18M (Peak 308.18M) | Time:00:02.02 | Mem:0.00M, Peak:0.00M | Scene, ViewLayer | Synchronizing object | Flush door handle recess.003
Fra:1 Mem:308.25M (Peak 308.25M) | Time:00:02.02 | Mem:0.00M, Peak:0.00M | Scene, ViewLayer | Synchronizing object | Corner intake rim.001
Fra:1 Mem:308.27M (Peak 308.27M) | Time:00:02.02 | Mem:0.00M, Peak:0.00M | Scene, ViewLayer | Synchronizing object | Air curtain inner fin.001
Fra:1 Mem:308.27M (Peak 308.27M) | Time:00:02.02 | Mem:0.00M, Peak:0.00M | Scene, ViewLayer | Synchronizing object | Satin front intake frame
Fra:1 Mem:308.27M (Peak 308.27M) | Time:00:02.02 | Mem:0.00M, Peak:0.00M | Scene, ViewLayer | Synchronizing object | Painted intake ring
Fra:1 Mem:308.27M (Peak 308.27M) | Time:00:02.02 | Mem:0.00M, Peak:0.00M | Scene, ViewLayer | Synchronizing object | Flush door handle | Aqua Blue.003
Fra:1 Mem:308.34M (Peak 308.34M) | Time:00:02.02 | Mem:0.00M, Peak:0.00M | Scene, ViewLayer | Synchronizing object | Painted intake ring.001
Fra:1 Mem:308.37M (Peak 308.37M) | Time:00:02.02 | Mem:0.00M, Peak:0.00M | Scene, ViewLayer | Synchronizing object | Horizontal grille louver
Fra:1 Mem:308.42M (Peak 308.42M) | Time:00:02.02 | Mem:0.00M, Peak:0.00M | Scene, ViewLayer | Synchronizing object | Horizontal grille louver.001
Fra:1 Mem:308.40M (Peak 308.42M) | Time:00:02.02 | Mem:0.00M, Peak:0.00M | Scene, ViewLayer | Synchronizing object | Front fender black air blade.001
Fra:1 Mem:308.40M (Peak 308.42M) | Time:00:02.02 | Mem:0.00M, Peak:0.00M | Scene, ViewLayer | Synchronizing object | Horizontal grille louver.002
Fra:1 Mem:308.44M (Peak 308.44M) | Time:00:02.02 | Mem:0.00M, Peak:0.00M | Scene, ViewLayer | Synchronizing object | Horizontal grille louver.003
Fra:1 Mem:308.47M (Peak 308.47M) | Time:00:02.02 | Mem:0.00M, Peak:0.00M | Scene, ViewLayer | Synchronizing object | Grille vertical reinforcement
Fra:1 Mem:308.47M (Peak 308.47M) | Time:00:02.02 | Mem:0.00M, Peak:0.00M | Scene, ViewLayer | Synchronizing object | Grille vertical reinforcement.001
Fra:1 Mem:308.47M (Peak 308.47M) | Time:00:02.02 | Mem:0.00M, Peak:0.00M | Scene, ViewLayer | Synchronizing object | Grille vertical reinforcement.002
Fra:1 Mem:308.47M (Peak 308.47M) | Time:00:02.02 | Mem:0.00M, Peak:0.00M | Scene, ViewLayer | Synchronizing object | Grille vertical reinforcement.003
Fra:1 Mem:308.48M (Peak 308.48M) | Time:00:02.02 | Mem:0.00M, Peak:0.00M | Scene, ViewLayer | Synchronizing object | Grille vertical reinforcement.004
Fra:1 Mem:308.48M (Peak 308.48M) | Time:00:02.02 | Mem:0.00M, Peak:0.00M | Scene, ViewLayer | Synchronizing object | Grille vertical reinforcement.005
Fra:1 Mem:308.48M (Peak 308.48M) | Time:00:02.02 | Mem:0.00M, Peak:0.00M | Scene, ViewLayer | Synchronizing object | Grille vertical reinforcement.006
Fra:1 Mem:308.48M (Peak 308.48M) | Time:00:02.02 | Mem:0.00M, Peak:0.00M | Scene, ViewLayer | Synchronizing object | Grille vertical reinforcement.007
Fra:1 Mem:308.48M (Peak 308.48M) | Time:00:02.02 | Mem:0.00M, Peak:0.00M | Scene, ViewLayer | Synchronizing object | Grille vertical reinforcement.008
Fra:1 Mem:308.49M (Peak 308.49M) | Time:00:02.02 | Mem:0.00M, Peak:0.00M | Scene, ViewLayer | Synchronizing object | Grille vertical reinforcement.009
Fra:1 Mem:308.49M (Peak 308.49M) | Time:00:02.02 | Mem:0.00M, Peak:0.00M | Scene, ViewLayer | Synchronizing object | Grille vertical reinforcement.010
Fra:1 Mem:308.49M (Peak 308.49M) | Time:00:02.02 | Mem:0.00M, Peak:0.00M | Scene, ViewLayer | Synchronizing object | Front splitter blade
Fra:1 Mem:308.60M (Peak 308.60M) | Time:00:02.02 | Mem:0.00M, Peak:0.00M | Scene, ViewLayer | Synchronizing object | Front plate lettering
Fra:1 Mem:312.00M (Peak 312.00M) | Time:00:02.02 | Mem:0.00M, Peak:0.00M | Scene, ViewLayer | Synchronizing object | Hood mi insignia
Fra:1 Mem:309.80M (Peak 312.00M) | Time:00:02.02 | Mem:0.00M, Peak:0.00M | Scene, ViewLayer | Synchronizing object | Side camera lens
Fra:1 Mem:309.82M (Peak 312.00M) | Time:00:02.02 | Mem:0.00M, Peak:0.00M | Scene, ViewLayer | Synchronizing object | Mirror black lower housing
Fra:1 Mem:309.93M (Peak 312.00M) | Time:00:02.02 | Mem:0.00M, Peak:0.00M | Scene, ViewLayer | Synchronizing object | Mirror painted upper cap
Fra:1 Mem:310.10M (Peak 312.00M) | Time:00:02.02 | Mem:0.00M, Peak:0.00M | Scene, ViewLayer | Synchronizing object | Continuous halo rear LED
Fra:1 Mem:310.11M (Peak 312.00M) | Time:00:02.02 | Mem:0.00M, Peak:0.00M | Scene, ViewLayer | Synchronizing object | Wheelhouse liner.002
Fra:1 Mem:310.23M (Peak 312.00M) | Time:00:02.02 | Mem:0.00M, Peak:0.00M | Scene, ViewLayer | Synchronizing object | Lower full-width LED filament
Fra:1 Mem:310.25M (Peak 312.00M) | Time:00:02.02 | Mem:0.00M, Peak:0.00M | Scene, ViewLayer | Synchronizing object | Wheelhouse liner.003
Fra:1 Mem:310.30M (Peak 312.00M) | Time:00:02.02 | Mem:0.00M, Peak:0.00M | Scene, ViewLayer | Synchronizing object | Waterdrop headlight | dark compound-curved optical housing
Fra:1 Mem:310.30M (Peak 312.00M) | Time:00:02.02 | Mem:0.00M, Peak:0.00M | Scene, ViewLayer | Synchronizing object | Rectangular LED projector surround
Fra:1 Mem:310.54M (Peak 312.00M) | Time:00:02.02 | Mem:0.00M, Peak:0.00M | Scene, ViewLayer | Synchronizing object | Deep projector optic
Fra:1 Mem:310.62M (Peak 312.00M) | Time:00:02.02 | Mem:0.00M, Peak:0.00M | Scene, ViewLayer | Synchronizing object | Inner taillight return
Fra:1 Mem:310.64M (Peak 312.00M) | Time:00:02.02 | Mem:0.00M, Peak:0.00M | Scene, ViewLayer | Synchronizing object | Rectangular LED projector surround.001
Fra:1 Mem:310.64M (Peak 312.00M) | Time:00:02.02 | Mem:0.00M, Peak:0.00M | Scene, ViewLayer | Synchronizing object | Rear vent rim
Fra:1 Mem:310.68M (Peak 312.00M) | Time:00:02.02 | Mem:0.00M, Peak:0.00M | Scene, ViewLayer | Synchronizing object | Trunk panel shut line
Fra:1 Mem:310.75M (Peak 312.00M) | Time:00:02.02 | Mem:0.00M, Peak:0.00M | Scene, ViewLayer | Synchronizing object | Inner taillight return.001
Fra:1 Mem:310.76M (Peak 312.00M) | Time:00:02.02 | Mem:0.00M, Peak:0.00M | Scene, ViewLayer | Synchronizing object | Deep projector optic.001
Fra:1 Mem:310.79M (Peak 312.00M) | Time:00:02.02 | Mem:0.00M, Peak:0.00M | Scene, ViewLayer | Synchronizing object | Rear vent rim.001
Fra:1 Mem:310.83M (Peak 312.00M) | Time:00:02.02 | Mem:0.00M, Peak:0.00M | Scene, ViewLayer | Synchronizing object | Trunk panel shut line.001
Fra:1 Mem:310.81M (Peak 312.00M) | Time:00:02.02 | Mem:0.00M, Peak:0.00M | Scene, ViewLayer | Synchronizing object | Rectangular LED projector surround.002
Fra:1 Mem:310.94M (Peak 312.00M) | Time:00:02.02 | Mem:0.00M, Peak:0.00M | Scene, ViewLayer | Synchronizing object | Rear diffuser painted buttress
Fra:1 Mem:310.99M (Peak 312.00M) | Time:00:02.02 | Mem:0.00M, Peak:0.00M | Scene, ViewLayer | Synchronizing object | Deep projector optic.002
Fra:1 Mem:310.96M (Peak 312.00M) | Time:00:02.02 | Mem:0.00M, Peak:0.00M | Scene, ViewLayer | Synchronizing object | Rear diffuser painted buttress.001
Fra:1 Mem:311.12M (Peak 312.00M) | Time:00:02.02 | Mem:0.00M, Peak:0.00M | Scene, ViewLayer | Synchronizing object | Rear diffuser lower lip
Fra:1 Mem:311.16M (Peak 312.00M) | Time:00:02.02 | Mem:0.00M, Peak:0.00M | Scene, ViewLayer | Synchronizing object | Rectangular LED projector surround.003
Fra:1 Mem:311.19M (Peak 312.00M) | Time:00:02.02 | Mem:0.00M, Peak:0.00M | Scene, ViewLayer | Synchronizing object | Deep projector optic.003
Fra:1 Mem:311.22M (Peak 312.00M) | Time:00:02.02 | Mem:0.00M, Peak:0.00M | Scene, ViewLayer | Synchronizing object | Rear plate SU7
Fra:1 Mem:311.54M (Peak 312.00M) | Time:00:02.02 | Mem:0.00M, Peak:0.00M | Scene, ViewLayer | Synchronizing object | Vertical corner air curtain
Fra:1 Mem:311.58M (Peak 312.00M) | Time:00:02.02 | Mem:0.00M, Peak:0.00M | Scene, ViewLayer | Synchronizing object | Waterdrop headlight | dark compound-curved optical housing.001
Fra:1 Mem:311.67M (Peak 312.00M) | Time:00:02.02 | Mem:0.00M, Peak:0.00M | Scene, ViewLayer | Synchronizing object | Rectangular LED projector surround.004
Fra:1 Mem:311.69M (Peak 312.00M) | Time:00:02.02 | Mem:0.00M, Peak:0.00M | Scene, ViewLayer | Synchronizing object | Deep projector optic.004
Fra:1 Mem:311.77M (Peak 312.00M) | Time:00:02.02 | Mem:0.00M, Peak:0.00M | Scene, ViewLayer | Synchronizing object | Rear spaced Xiaomi lettering | x
Fra:1 Mem:311.82M (Peak 312.00M) | Time:00:02.02 | Mem:0.00M, Peak:0.00M | Scene, ViewLayer | Synchronizing object | Rear spaced Xiaomi lettering | i
Fra:1 Mem:311.86M (Peak 312.00M) | Time:00:02.02 | Mem:0.00M, Peak:0.00M | Scene, ViewLayer | Synchronizing object | Rectangular LED projector surround.005
Fra:1 Mem:311.84M (Peak 312.00M) | Time:00:02.02 | Mem:0.00M, Peak:0.00M | Scene, ViewLayer | Synchronizing object | Deep projector optic.005
Fra:1 Mem:312.12M (Peak 312.12M) | Time:00:02.03 | Mem:0.00M, Peak:0.00M | Scene, ViewLayer | Synchronizing object | Rectangular LED projector surround.006
Fra:1 Mem:312.15M (Peak 312.15M) | Time:00:02.03 | Mem:0.00M, Peak:0.00M | Scene, ViewLayer | Synchronizing object | Rear spaced Xiaomi lettering | o
Fra:1 Mem:312.28M (Peak 312.28M) | Time:00:02.03 | Mem:0.00M, Peak:0.00M | Scene, ViewLayer | Synchronizing object | Rear spaced Xiaomi lettering | m
Fra:1 Mem:312.49M (Peak 312.49M) | Time:00:02.03 | Mem:0.00M, Peak:0.00M | Scene, ViewLayer | Synchronizing object | Rear spaced Xiaomi lettering | i.001
Fra:1 Mem:312.53M (Peak 312.53M) | Time:00:02.03 | Mem:0.00M, Peak:0.00M | Scene, ViewLayer | Synchronizing object | Deep projector optic.006
Fra:1 Mem:312.59M (Peak 312.59M) | Time:00:02.03 | Mem:0.00M, Peak:0.00M | Scene, ViewLayer | Synchronizing object | Rear model badge
Fra:1 Mem:312.74M (Peak 312.74M) | Time:00:02.03 | Mem:0.00M, Peak:0.00M | Scene, ViewLayer | Synchronizing object | Rectangular LED projector surround.007
Fra:1 Mem:312.88M (Peak 312.88M) | Time:00:02.03 | Mem:0.00M, Peak:0.00M | Scene, ViewLayer | Synchronizing object | Rear Max badge
Fra:1 Mem:312.93M (Peak 312.93M) | Time:00:02.03 | Mem:0.00M, Peak:0.00M | Scene, ViewLayer | Synchronizing object | Deep projector optic.007
Fra:1 Mem:313.17M (Peak 313.17M) | Time:00:02.03 | Mem:0.00M, Peak:0.00M | Scene, ViewLayer | Synchronizing object | Vertical corner air curtain.001
Fra:1 Mem:313.24M (Peak 313.24M) | Time:00:02.03 | Mem:0.00M, Peak:0.00M | Scene, ViewLayer | Synchronizing object | Wide trapezoidal front lower intake
Fra:1 Mem:313.31M (Peak 313.31M) | Time:00:02.03 | Mem:0.00M, Peak:0.00M | Scene, ViewLayer | Synchronizing object | Rear manufacturer badge
Fra:1 Mem:313.35M (Peak 313.35M) | Time:00:02.03 | Mem:0.00M, Peak:0.00M | Scene, ViewLayer | Synchronizing object | Sculpted Aqua Blue intake side surround
Fra:1 Mem:313.54M (Peak 313.54M) | Time:00:02.03 | Mem:0.00M, Peak:0.00M | Scene, ViewLayer | Synchronizing object | Sculpted Aqua Blue intake side surround.001
Fra:1 Mem:313.59M (Peak 313.59M) | Time:00:02.03 | Mem:0.00M, Peak:0.00M | Scene, ViewLayer | Synchronizing object | Front license plate bracket
Fra:1 Mem:313.61M (Peak 313.61M) | Time:00:02.03 | Mem:0.00M, Peak:0.00M | Scene, ViewLayer | Synchronizing object | Integrated rear deck ducktail
Fra:1 Mem:313.80M (Peak 313.80M) | Time:00:02.03 | Mem:0.00M, Peak:0.00M | Scene, ViewLayer | Synchronizing object | Retractable spoiler shut line
Fra:1 Mem:313.84M (Peak 313.84M) | Time:00:02.03 | Mem:0.00M, Peak:0.00M | Scene, ViewLayer | Synchronizing object | Front license plate
Fra:1 Mem:313.88M (Peak 313.88M) | Time:00:02.03 | Mem:0.00M, Peak:0.00M | Scene, ViewLayer | Synchronizing object | Ultrasonic parking sensor
Fra:1 Mem:313.91M (Peak 313.91M) | Time:00:02.03 | Mem:0.00M, Peak:0.00M | Scene, ViewLayer | Synchronizing object | License plate screw
Fra:1 Mem:313.93M (Peak 313.93M) | Time:00:02.03 | Mem:0.00M, Peak:0.00M | Scene, ViewLayer | Synchronizing object | Ultrasonic parking sensor.001
Fra:1 Mem:313.95M (Peak 313.95M) | Time:00:02.03 | Mem:0.00M, Peak:0.00M | Scene, ViewLayer | Synchronizing object | License plate screw.001
Fra:1 Mem:313.96M (Peak 313.96M) | Time:00:02.03 | Mem:0.00M, Peak:0.00M | Scene, ViewLayer | Synchronizing object | Xiaomi hood emblem
Fra:1 Mem:314.05M (Peak 314.05M) | Time:00:02.03 | Mem:0.00M, Peak:0.00M | Scene, ViewLayer | Synchronizing object | Front perception camera
Fra:1 Mem:314.13M (Peak 314.13M) | Time:00:02.04 | Mem:0.00M, Peak:0.00M | Scene, ViewLayer | Synchronizing object | Full-width smoked rear lamp housing
Fra:1 Mem:314.24M (Peak 314.24M) | Time:00:02.04 | Mem:0.00M, Peak:0.00M | Scene, ViewLayer | Synchronizing object | Halo rear red optical bed
Fra:1 Mem:314.35M (Peak 314.35M) | Time:00:02.04 | Mem:0.00M, Peak:0.00M | Scene, ViewLayer | Synchronizing object | Rear bumper side air outlet
Fra:1 Mem:314.39M (Peak 314.39M) | Time:00:02.04 | Mem:0.00M, Peak:0.00M | Scene, ViewLayer | Synchronizing object | Front left caliper marking
Fra:1 Mem:314.40M (Peak 314.40M) | Time:00:02.04 | Mem:0.00M, Peak:0.00M | Scene, ViewLayer | Synchronizing object | Rear lower reflector
Fra:1 Mem:314.47M (Peak 314.47M) | Time:00:02.04 | Mem:0.00M, Peak:0.00M | Scene, ViewLayer | Synchronizing object | Rear bumper side air outlet.001
Fra:1 Mem:314.52M (Peak 314.52M) | Time:00:02.04 | Mem:0.00M, Peak:0.00M | Scene, ViewLayer | Synchronizing object | Rear lower reflector.001
Fra:1 Mem:314.52M (Peak 314.52M) | Time:00:02.04 | Mem:0.00M, Peak:0.00M | Scene, ViewLayer | Synchronizing object | Rear diffuser black valance
Fra:1 Mem:314.60M (Peak 314.60M) | Time:00:02.04 | Mem:0.00M, Peak:0.00M | Scene, ViewLayer | Synchronizing object | Underfloor diffuser strake
Fra:1 Mem:314.61M (Peak 314.61M) | Time:00:02.04 | Mem:0.00M, Peak:0.00M | Scene, ViewLayer | Synchronizing object | Underfloor diffuser strake.001
Fra:1 Mem:314.70M (Peak 314.70M) | Time:00:02.04 | Mem:0.00M, Peak:0.00M | Scene, ViewLayer | Synchronizing object | Underfloor diffuser strake.002
Fra:1 Mem:314.74M (Peak 314.74M) | Time:00:02.04 | Mem:0.00M, Peak:0.00M | Scene, ViewLayer | Synchronizing object | Underfloor diffuser strake.003
Fra:1 Mem:314.79M (Peak 314.79M) | Time:00:02.04 | Mem:0.00M, Peak:0.00M | Scene, ViewLayer | Synchronizing object | Underfloor diffuser strake.004
Fra:1 Mem:314.76M (Peak 314.79M) | Time:00:02.04 | Mem:0.00M, Peak:0.00M | Scene, ViewLayer | Synchronizing object | Rear plate bracket
Fra:1 Mem:314.80M (Peak 314.80M) | Time:00:02.04 | Mem:0.00M, Peak:0.00M | Scene, ViewLayer | Synchronizing object | Rear license plate
Fra:1 Mem:314.87M (Peak 314.87M) | Time:00:02.04 | Mem:0.00M, Peak:0.00M | Scene, ViewLayer | Synchronizing object | Rear parking camera
Fra:1 Mem:314.88M (Peak 314.88M) | Time:00:02.04 | Mem:0.00M, Peak:0.00M | Scene, ViewLayer | Synchronizing object | Front left | tire carcass
Fra:1 Mem:314.95M (Peak 314.95M) | Time:00:02.04 | Mem:0.00M, Peak:0.00M | Scene, ViewLayer | Synchronizing object | Front left tire molded sidewall ring.001
Fra:1 Mem:315.24M (Peak 315.24M) | Time:00:02.04 | Mem:0.00M, Peak:0.00M | Scene, ViewLayer | Synchronizing object | Front left tire molded sidewall ring.002
Fra:1 Mem:315.24M (Peak 315.24M) | Time:00:02.04 | Mem:0.00M, Peak:0.00M | Scene, ViewLayer | Synchronizing object | Front left tire molded sidewall ring
Fra:1 Mem:315.46M (Peak 315.46M) | Time:00:02.04 | Mem:0.00M, Peak:0.00M | Scene, ViewLayer | Synchronizing object | Front left directional tread | 792 blocks
Fra:1 Mem:315.46M (Peak 315.46M) | Time:00:02.04 | Mem:0.00M, Peak:0.00M | Scene, ViewLayer | Synchronizing object | Front left diamond-cut outer flange
Fra:1 Mem:315.79M (Peak 315.79M) | Time:00:02.04 | Mem:0.00M, Peak:0.00M | Scene, ViewLayer | Synchronizing object | Front left inner rim accent
Fra:1 Mem:316.14M (Peak 316.14M) | Time:00:02.04 | Mem:0.00M, Peak:0.00M | Scene, ViewLayer | Synchronizing object | Front left brake rotor
Fra:1 Mem:316.51M (Peak 316.51M) | Time:00:02.04 | Mem:0.00M, Peak:0.00M | Scene, ViewLayer | Synchronizing object | Front left rotor outer scoring
Fra:1 Mem:316.68M (Peak 316.68M) | Time:00:02.04 | Mem:0.00M, Peak:0.00M | Scene, ViewLayer | Synchronizing object | Front left drilled rotor perforation
Fra:1 Mem:316.65M (Peak 316.68M) | Time:00:02.04 | Mem:0.00M, Peak:0.00M | Scene, ViewLayer | Synchronizing object | Front left drilled rotor perforation.001
Fra:1 Mem:316.67M (Peak 316.68M) | Time:00:02.04 | Mem:0.00M, Peak:0.00M | Scene, ViewLayer | Synchronizing object | Front left drilled rotor perforation.002
Fra:1 Mem:316.75M (Peak 316.75M) | Time:00:02.04 | Mem:0.00M, Peak:0.00M | Scene, ViewLayer | Synchronizing object | Front left drilled rotor perforation.003
Fra:1 Mem:316.71M (Peak 316.75M) | Time:00:02.04 | Mem:0.00M, Peak:0.00M | Scene, ViewLayer | Synchronizing object | Front left drilled rotor perforation.004
Fra:1 Mem:316.71M (Peak 316.75M) | Time:00:02.04 | Mem:0.00M, Peak:0.00M | Scene, ViewLayer | Synchronizing object | Front left drilled rotor perforation.005
Fra:1 Mem:316.76M (Peak 316.76M) | Time:00:02.04 | Mem:0.00M, Peak:0.00M | Scene, ViewLayer | Synchronizing object | Front left drilled rotor perforation.006
Fra:1 Mem:316.82M (Peak 316.82M) | Time:00:02.04 | Mem:0.00M, Peak:0.00M | Scene, ViewLayer | Synchronizing object | Front left drilled rotor perforation.007
Fra:1 Mem:316.78M (Peak 316.82M) | Time:00:02.04 | Mem:0.00M, Peak:0.00M | Scene, ViewLayer | Synchronizing object | Front left drilled rotor perforation.008
Fra:1 Mem:316.80M (Peak 316.82M) | Time:00:02.04 | Mem:0.00M, Peak:0.00M | Scene, ViewLayer | Synchronizing object | Front left drilled rotor perforation.009
Fra:1 Mem:316.80M (Peak 316.82M) | Time:00:02.04 | Mem:0.00M, Peak:0.00M | Scene, ViewLayer | Synchronizing object | Front left drilled rotor perforation.011
Fra:1 Mem:316.79M (Peak 316.82M) | Time:00:02.04 | Mem:0.00M, Peak:0.00M | Scene, ViewLayer | Synchronizing object | Front left drilled rotor perforation.012
Fra:1 Mem:316.81M (Peak 316.82M) | Time:00:02.04 | Mem:0.00M, Peak:0.00M | Scene, ViewLayer | Synchronizing object | Front left drilled rotor perforation.013
Fra:1 Mem:316.84M (Peak 316.84M) | Time:00:02.04 | Mem:0.00M, Peak:0.00M | Scene, ViewLayer | Synchronizing object | Front left drilled rotor perforation.014
Fra:1 Mem:316.83M (Peak 316.84M) | Time:00:02.04 | Mem:0.00M, Peak:0.00M | Scene, ViewLayer | Synchronizing object | Front left drilled rotor perforation.015
Fra:1 Mem:316.86M (Peak 316.86M) | Time:00:02.04 | Mem:0.00M, Peak:0.00M | Scene, ViewLayer | Synchronizing object | Front left drilled rotor perforation.016
Fra:1 Mem:316.88M (Peak 316.88M) | Time:00:02.04 | Mem:0.00M, Peak:0.00M | Scene, ViewLayer | Synchronizing object | Front left drilled rotor perforation.017
Fra:1 Mem:316.87M (Peak 316.88M) | Time:00:02.04 | Mem:0.00M, Peak:0.00M | Scene, ViewLayer | Synchronizing object | Front left drilled rotor perforation.018
Fra:1 Mem:316.88M (Peak 316.88M) | Time:00:02.04 | Mem:0.00M, Peak:0.00M | Scene, ViewLayer | Synchronizing object | Front left drilled rotor perforation.019
Fra:1 Mem:316.92M (Peak 316.92M) | Time:00:02.04 | Mem:0.00M, Peak:0.00M | Scene, ViewLayer | Synchronizing object | Front left drilled rotor perforation.020
Fra:1 Mem:316.95M (Peak 316.95M) | Time:00:02.04 | Mem:0.00M, Peak:0.00M | Scene, ViewLayer | Synchronizing object | Front left drilled rotor perforation.021
Fra:1 Mem:316.95M (Peak 316.95M) | Time:00:02.04 | Mem:0.00M, Peak:0.00M | Scene, ViewLayer | Synchronizing object | Front left drilled rotor perforation.022
Fra:1 Mem:316.95M (Peak 316.95M) | Time:00:02.04 | Mem:0.00M, Peak:0.00M | Scene, ViewLayer | Synchronizing object | Front left drilled rotor perforation.023
Fra:1 Mem:316.97M (Peak 316.97M) | Time:00:02.04 | Mem:0.00M, Peak:0.00M | Scene, ViewLayer | Synchronizing object | Front left drilled rotor perforation.024
Fra:1 Mem:316.97M (Peak 316.97M) | Time:00:02.04 | Mem:0.00M, Peak:0.00M | Scene, ViewLayer | Synchronizing object | Front left drilled rotor perforation.025
Fra:1 Mem:317.00M (Peak 317.00M) | Time:00:02.04 | Mem:0.00M, Peak:0.00M | Scene, ViewLayer | Synchronizing object | Front left drilled rotor perforation.026
Fra:1 Mem:317.01M (Peak 317.01M) | Time:00:02.04 | Mem:0.00M, Peak:0.00M | Scene, ViewLayer | Synchronizing object | Front left drilled rotor perforation.027
Fra:1 Mem:317.00M (Peak 317.01M) | Time:00:02.04 | Mem:0.00M, Peak:0.00M | Scene, ViewLayer | Synchronizing object | Front left drilled rotor perforation.028
Fra:1 Mem:317.06M (Peak 317.06M) | Time:00:02.04 | Mem:0.00M, Peak:0.00M | Scene, ViewLayer | Synchronizing object | Front left drilled rotor perforation.029
Fra:1 Mem:317.03M (Peak 317.06M) | Time:00:02.04 | Mem:0.00M, Peak:0.00M | Scene, ViewLayer | Synchronizing object | Front left drilled rotor perforation.030
Fra:1 Mem:317.08M (Peak 317.08M) | Time:00:02.04 | Mem:0.00M, Peak:0.00M | Scene, ViewLayer | Synchronizing object | Front left drilled rotor perforation.031
Fra:1 Mem:317.11M (Peak 317.11M) | Time:00:02.04 | Mem:0.00M, Peak:0.00M | Scene, ViewLayer | Synchronizing object | Front left drilled rotor perforation.033
Fra:1 Mem:317.11M (Peak 317.11M) | Time:00:02.04 | Mem:0.00M, Peak:0.00M | Scene, ViewLayer | Synchronizing object | Front left drilled rotor perforation.034
Fra:1 Mem:317.16M (Peak 317.17M) | Time:00:02.04 | Mem:0.00M, Peak:0.00M | Scene, ViewLayer | Synchronizing object | Front left drilled rotor perforation.035
Fra:1 Mem:317.14M (Peak 317.17M) | Time:00:02.04 | Mem:0.00M, Peak:0.00M | Scene, ViewLayer | Synchronizing object | Front left drilled rotor perforation.036
Fra:1 Mem:317.17M (Peak 317.17M) | Time:00:02.04 | Mem:0.00M, Peak:0.00M | Scene, ViewLayer | Synchronizing object | Front left drilled rotor perforation.038
Fra:1 Mem:317.20M (Peak 317.20M) | Time:00:02.05 | Mem:0.00M, Peak:0.00M | Scene, ViewLayer | Synchronizing object | Front left drilled rotor perforation.039
Fra:1 Mem:317.22M (Peak 317.22M) | Time:00:02.05 | Mem:0.00M, Peak:0.00M | Scene, ViewLayer | Synchronizing object | Front left drilled rotor perforation.040
Fra:1 Mem:317.19M (Peak 317.22M) | Time:00:02.05 | Mem:0.00M, Peak:0.00M | Scene, ViewLayer | Synchronizing object | Front left drilled rotor perforation.042
Fra:1 Mem:317.25M (Peak 317.25M) | Time:00:02.05 | Mem:0.00M, Peak:0.00M | Scene, ViewLayer | Synchronizing object | Front left drilled rotor perforation.043
Fra:1 Mem:317.26M (Peak 317.26M) | Time:00:02.05 | Mem:0.00M, Peak:0.00M | Scene, ViewLayer | Synchronizing object | Front left drilled rotor perforation.044
Fra:1 Mem:317.25M (Peak 317.26M) | Time:00:02.05 | Mem:0.00M, Peak:0.00M | Scene, ViewLayer | Synchronizing object | Front left drilled rotor perforation.045
Fra:1 Mem:317.30M (Peak 317.30M) | Time:00:02.05 | Mem:0.00M, Peak:0.00M | Scene, ViewLayer | Synchronizing object | Front left drilled rotor perforation.046
Fra:1 Mem:317.29M (Peak 317.30M) | Time:00:02.05 | Mem:0.00M, Peak:0.00M | Scene, ViewLayer | Synchronizing object | Front left drilled rotor perforation.047
Fra:1 Mem:317.34M (Peak 317.34M) | Time:00:02.05 | Mem:0.00M, Peak:0.00M | Scene, ViewLayer | Synchronizing object | Front left drilled rotor perforation.048
Fra:1 Mem:317.31M (Peak 317.34M) | Time:00:02.05 | Mem:0.00M, Peak:0.00M | Scene, ViewLayer | Synchronizing object | Front left drilled rotor perforation.049
Fra:1 Mem:317.33M (Peak 317.34M) | Time:00:02.05 | Mem:0.00M, Peak:0.00M | Scene, ViewLayer | Synchronizing object | Front left drilled rotor perforation.050
Fra:1 Mem:317.34M (Peak 317.34M) | Time:00:02.05 | Mem:0.00M, Peak:0.00M | Scene, ViewLayer | Synchronizing object | Front left drilled rotor perforation.051
Fra:1 Mem:317.37M (Peak 317.37M) | Time:00:02.05 | Mem:0.00M, Peak:0.00M | Scene, ViewLayer | Synchronizing object | Front left drilled rotor perforation.052
Fra:1 Mem:317.42M (Peak 317.42M) | Time:00:02.05 | Mem:0.00M, Peak:0.00M | Scene, ViewLayer | Synchronizing object | Front left drilled rotor perforation.053
Fra:1 Mem:317.37M (Peak 317.42M) | Time:00:02.05 | Mem:0.00M, Peak:0.00M | Scene, ViewLayer | Synchronizing object | Front left drilled rotor perforation.054
Fra:1 Mem:317.41M (Peak 317.42M) | Time:00:02.05 | Mem:0.00M, Peak:0.00M | Scene, ViewLayer | Synchronizing object | Front left drilled rotor perforation.055
Fra:1 Mem:317.41M (Peak 317.42M) | Time:00:02.05 | Mem:0.00M, Peak:0.00M | Scene, ViewLayer | Synchronizing object | Front left drilled rotor perforation.056
Fra:1 Mem:317.44M (Peak 317.44M) | Time:00:02.05 | Mem:0.00M, Peak:0.00M | Scene, ViewLayer | Synchronizing object | Front left drilled rotor perforation.057
Fra:1 Mem:317.44M (Peak 317.44M) | Time:00:02.05 | Mem:0.00M, Peak:0.00M | Scene, ViewLayer | Synchronizing object | Front left drilled rotor perforation.058
Fra:1 Mem:317.47M (Peak 317.47M) | Time:00:02.05 | Mem:0.00M, Peak:0.00M | Scene, ViewLayer | Synchronizing object | Front left drilled rotor perforation.059
Fra:1 Mem:317.47M (Peak 317.47M) | Time:00:02.05 | Mem:0.00M, Peak:0.00M | Scene, ViewLayer | Synchronizing object | Front left drilled rotor perforation.060
Fra:1 Mem:317.47M (Peak 317.47M) | Time:00:02.05 | Mem:0.00M, Peak:0.00M | Scene, ViewLayer | Synchronizing object | Front left drilled rotor perforation.061
Fra:1 Mem:317.50M (Peak 317.50M) | Time:00:02.05 | Mem:0.00M, Peak:0.00M | Scene, ViewLayer | Synchronizing object | Front left drilled rotor perforation.062
Fra:1 Mem:317.51M (Peak 317.51M) | Time:00:02.05 | Mem:0.00M, Peak:0.00M | Scene, ViewLayer | Synchronizing object | Front left drilled rotor perforation.063
Fra:1 Mem:317.53M (Peak 317.53M) | Time:00:02.05 | Mem:0.00M, Peak:0.00M | Scene, ViewLayer | Synchronizing object | Front left drilled rotor perforation.064
Fra:1 Mem:317.57M (Peak 317.57M) | Time:00:02.05 | Mem:0.00M, Peak:0.00M | Scene, ViewLayer | Synchronizing object | Front left drilled rotor perforation.065
Fra:1 Mem:317.55M (Peak 317.57M) | Time:00:02.05 | Mem:0.00M, Peak:0.00M | Scene, ViewLayer | Synchronizing object | Front left drilled rotor perforation.066
Fra:1 Mem:317.56M (Peak 317.57M) | Time:00:02.05 | Mem:0.00M, Peak:0.00M | Scene, ViewLayer | Synchronizing object | Front left drilled rotor perforation.067
Fra:1 Mem:317.57M (Peak 317.57M) | Time:00:02.05 | Mem:0.00M, Peak:0.00M | Scene, ViewLayer | Synchronizing object | Front left drilled rotor perforation.068
Fra:1 Mem:317.60M (Peak 317.60M) | Time:00:02.05 | Mem:0.00M, Peak:0.00M | Scene, ViewLayer | Synchronizing object | Front left drilled rotor perforation.069
Fra:1 Mem:317.59M (Peak 317.60M) | Time:00:02.05 | Mem:0.00M, Peak:0.00M | Scene, ViewLayer | Synchronizing object | Front left drilled rotor perforation.070
Fra:1 Mem:317.66M (Peak 317.66M) | Time:00:02.05 | Mem:0.00M, Peak:0.00M | Scene, ViewLayer | Synchronizing object | Front left drilled rotor perforation.071
Fra:1 Mem:317.64M (Peak 317.66M) | Time:00:02.05 | Mem:0.00M, Peak:0.00M | Scene, ViewLayer | Synchronizing object | Front left brake disc bell
Fra:1 Mem:317.67M (Peak 317.67M) | Time:00:02.05 | Mem:0.00M, Peak:0.00M | Scene, ViewLayer | Synchronizing object | Front left yellow six-piston caliper
Fra:1 Mem:318.39M (Peak 318.39M) | Time:00:02.05 | Mem:0.00M, Peak:0.00M | Scene, ViewLayer | Synchronizing object | Front left machined split spoke
Fra:1 Mem:318.46M (Peak 318.46M) | Time:00:02.05 | Mem:0.00M, Peak:0.00M | Scene, ViewLayer | Synchronizing object | Front left center mi logo
Fra:1 Mem:318.63M (Peak 318.63M) | Time:00:02.05 | Mem:0.00M, Peak:0.00M | Scene, ViewLayer | Synchronizing object | Front left black spoke pocket
Fra:1 Mem:318.70M (Peak 318.70M) | Time:00:02.05 | Mem:0.00M, Peak:0.00M | Scene, ViewLayer | Synchronizing object | Front left machined split spoke.001
Fra:1 Mem:318.72M (Peak 318.72M) | Time:00:02.05 | Mem:0.00M, Peak:0.00M | Scene, ViewLayer | Synchronizing object | Front left sidewall lettering
Fra:1 Mem:318.78M (Peak 318.78M) | Time:00:02.05 | Mem:0.00M, Peak:0.00M | Scene, ViewLayer | Synchronizing object | Front left sidewall lettering.001
Fra:1 Mem:318.72M (Peak 318.78M) | Time:00:02.05 | Mem:0.00M, Peak:0.00M | Scene, ViewLayer | Synchronizing object | Front left black spoke pocket.001
Fra:1 Mem:318.78M (Peak 318.78M) | Time:00:02.05 | Mem:0.00M, Peak:0.00M | Scene, ViewLayer | Synchronizing object | Front left sidewall lettering.002
Fra:1 Mem:318.89M (Peak 318.89M) | Time:00:02.05 | Mem:0.00M, Peak:0.00M | Scene, ViewLayer | Synchronizing object | Front left machined split spoke.002
Fra:1 Mem:318.91M (Peak 318.91M) | Time:00:02.05 | Mem:0.00M, Peak:0.00M | Scene, ViewLayer | Synchronizing object | Front left black spoke pocket.002
Fra:1 Mem:318.97M (Peak 318.97M) | Time:00:02.05 | Mem:0.00M, Peak:0.00M | Scene, ViewLayer | Synchronizing object | Front left sidewall lettering.003
Fra:1 Mem:318.98M (Peak 318.98M) | Time:00:02.05 | Mem:0.00M, Peak:0.00M | Scene, ViewLayer | Synchronizing object | Front left machined split spoke.003
Fra:1 Mem:318.99M (Peak 318.99M) | Time:00:02.05 | Mem:0.00M, Peak:0.00M | Scene, ViewLayer | Synchronizing object | Front left sidewall lettering.004
Fra:1 Mem:319.04M (Peak 319.04M) | Time:00:02.05 | Mem:0.00M, Peak:0.00M | Scene, ViewLayer | Synchronizing object | Front left black spoke pocket.003
Fra:1 Mem:319.10M (Peak 319.10M) | Time:00:02.05 | Mem:0.00M, Peak:0.00M | Scene, ViewLayer | Synchronizing object | Front left sidewall lettering.005
Fra:1 Mem:319.03M (Peak 319.10M) | Time:00:02.05 | Mem:0.00M, Peak:0.00M | Scene, ViewLayer | Synchronizing object | Front left sidewall lettering.006
Fra:1 Mem:319.07M (Peak 319.10M) | Time:00:02.05 | Mem:0.00M, Peak:0.00M | Scene, ViewLayer | Synchronizing object | Front left machined split spoke.004
Fra:1 Mem:319.05M (Peak 319.10M) | Time:00:02.05 | Mem:0.00M, Peak:0.00M | Scene, ViewLayer | Synchronizing object | Front left sidewall lettering.007
Fra:1 Mem:319.09M (Peak 319.10M) | Time:00:02.05 | Mem:0.00M, Peak:0.00M | Scene, ViewLayer | Synchronizing object | Front left sidewall lettering.008
Fra:1 Mem:319.13M (Peak 319.13M) | Time:00:02.05 | Mem:0.00M, Peak:0.00M | Scene, ViewLayer | Synchronizing object | Front left black spoke pocket.004
Fra:1 Mem:319.21M (Peak 319.21M) | Time:00:02.05 | Mem:0.00M, Peak:0.00M | Scene, ViewLayer | Synchronizing object | Front left machined split spoke.005
Fra:1 Mem:319.23M (Peak 319.23M) | Time:00:02.05 | Mem:0.00M, Peak:0.00M | Scene, ViewLayer | Synchronizing object | Front left sidewall lettering.009
Fra:1 Mem:319.28M (Peak 319.28M) | Time:00:02.05 | Mem:0.00M, Peak:0.00M | Scene, ViewLayer | Synchronizing object | Front left sidewall lettering.010
Fra:1 Mem:319.29M (Peak 319.29M) | Time:00:02.05 | Mem:0.00M, Peak:0.00M | Scene, ViewLayer | Synchronizing object | Front left sidewall lettering.011
Fra:1 Mem:319.36M (Peak 319.36M) | Time:00:02.05 | Mem:0.00M, Peak:0.00M | Scene, ViewLayer | Synchronizing object | Front left black spoke pocket.005
Fra:1 Mem:319.36M (Peak 319.36M) | Time:00:02.05 | Mem:0.00M, Peak:0.00M | Scene, ViewLayer | Synchronizing object | Front left sidewall lettering.012
Fra:1 Mem:319.40M (Peak 319.40M) | Time:00:02.05 | Mem:0.00M, Peak:0.00M | Scene, ViewLayer | Synchronizing object | Front left sidewall lettering.013
Fra:1 Mem:319.42M (Peak 319.42M) | Time:00:02.05 | Mem:0.00M, Peak:0.00M | Scene, ViewLayer | Synchronizing object | Front left sidewall lettering.014
Fra:1 Mem:319.61M (Peak 319.61M) | Time:00:02.06 | Mem:0.00M, Peak:0.00M | Scene, ViewLayer | Synchronizing object | Front left machined split spoke.007
Fra:1 Mem:319.63M (Peak 319.63M) | Time:00:02.06 | Mem:0.00M, Peak:0.00M | Scene, ViewLayer | Synchronizing object | Front left sidewall lettering.015
Fra:1 Mem:319.69M (Peak 319.69M) | Time:00:02.06 | Mem:0.00M, Peak:0.00M | Scene, ViewLayer | Synchronizing object | Front left black spoke pocket.007
Fra:1 Mem:319.74M (Peak 319.74M) | Time:00:02.06 | Mem:0.00M, Peak:0.00M | Scene, ViewLayer | Synchronizing object | Front left sidewall lettering.016
Fra:1 Mem:319.86M (Peak 319.86M) | Time:00:02.06 | Mem:0.00M, Peak:0.00M | Scene, ViewLayer | Synchronizing object | Front left machined split spoke.008
Fra:1 Mem:319.87M (Peak 319.87M) | Time:00:02.06 | Mem:0.00M, Peak:0.00M | Scene, ViewLayer | Synchronizing object | Front left black spoke pocket.008
Fra:1 Mem:319.98M (Peak 319.98M) | Time:00:02.06 | Mem:0.00M, Peak:0.00M | Scene, ViewLayer | Synchronizing object | Front left sidewall lettering.017
Fra:1 Mem:320.05M (Peak 320.05M) | Time:00:02.06 | Mem:0.00M, Peak:0.00M | Scene, ViewLayer | Synchronizing object | Front left machined split spoke.009
Fra:1 Mem:320.08M (Peak 320.08M) | Time:00:02.06 | Mem:0.00M, Peak:0.00M | Scene, ViewLayer | Synchronizing object | Front left black spoke pocket.009
Fra:1 Mem:320.15M (Peak 320.15M) | Time:00:02.06 | Mem:0.00M, Peak:0.00M | Scene, ViewLayer | Synchronizing object | Front left sidewall lettering.018
Fra:1 Mem:320.17M (Peak 320.17M) | Time:00:02.06 | Mem:0.00M, Peak:0.00M | Scene, ViewLayer | Synchronizing object | Front left sidewall lettering.019
Fra:1 Mem:320.15M (Peak 320.17M) | Time:00:02.06 | Mem:0.00M, Peak:0.00M | Scene, ViewLayer | Synchronizing object | Front left center hub
Fra:1 Mem:320.17M (Peak 320.17M) | Time:00:02.06 | Mem:0.00M, Peak:0.00M | Scene, ViewLayer | Synchronizing object | Front left center cap ring
Fra:1 Mem:320.37M (Peak 320.37M) | Time:00:02.06 | Mem:0.00M, Peak:0.00M | Scene, ViewLayer | Synchronizing object | Front left sidewall lettering.021
Fra:1 Mem:320.40M (Peak 320.40M) | Time:00:02.06 | Mem:0.00M, Peak:0.00M | Scene, ViewLayer | Synchronizing object | Front left titanium lug nut
Fra:1 Mem:320.44M (Peak 320.44M) | Time:00:02.06 | Mem:0.00M, Peak:0.00M | Scene, ViewLayer | Synchronizing object | Front left titanium lug nut.001
Fra:1 Mem:320.39M (Peak 320.44M) | Time:00:02.06 | Mem:0.00M, Peak:0.00M | Scene, ViewLayer | Synchronizing object | Front left titanium lug nut.002
Fra:1 Mem:320.41M (Peak 320.44M) | Time:00:02.06 | Mem:0.00M, Peak:0.00M | Scene, ViewLayer | Synchronizing object | Front left titanium lug nut.003
Fra:1 Mem:320.42M (Peak 320.44M) | Time:00:02.06 | Mem:0.00M, Peak:0.00M | Scene, ViewLayer | Synchronizing object | Front left titanium lug nut.004
Fra:1 Mem:320.43M (Peak 320.44M) | Time:00:02.06 | Mem:0.00M, Peak:0.00M | Scene, ViewLayer | Synchronizing object | Front left tire valve
Fra:1 Mem:320.46M (Peak 320.46M) | Time:00:02.06 | Mem:0.00M, Peak:0.00M | Scene, ViewLayer | Synchronizing object | Front right | tire carcass
Fra:1 Mem:320.46M (Peak 320.46M) | Time:00:02.06 | Mem:0.00M, Peak:0.00M | Scene, ViewLayer | Synchronizing object | Front right tire molded sidewall ring.001
Fra:1 Mem:320.63M (Peak 320.63M) | Time:00:02.06 | Mem:0.00M, Peak:0.00M | Scene, ViewLayer | Synchronizing object | Front right tire molded sidewall ring.002
Fra:1 Mem:320.66M (Peak 320.66M) | Time:00:02.06 | Mem:0.00M, Peak:0.00M | Scene, ViewLayer | Synchronizing object | Front right caliper marking
Fra:1 Mem:320.90M (Peak 320.90M) | Time:00:02.06 | Mem:0.00M, Peak:0.00M | Scene, ViewLayer | Synchronizing object | Front right tire molded sidewall ring
Fra:1 Mem:321.62M (Peak 321.62M) | Time:00:02.06 | Mem:0.00M, Peak:0.00M | Scene, ViewLayer | Synchronizing object | Front right directional tread | 792 blocks
Fra:1 Mem:321.67M (Peak 321.67M) | Time:00:02.06 | Mem:0.00M, Peak:0.00M | Scene, ViewLayer | Synchronizing object | Front right cast rim barrel
Fra:1 Mem:322.36M (Peak 322.36M) | Time:00:02.06 | Mem:0.00M, Peak:0.00M | Scene, ViewLayer | Synchronizing object | Front right center mi logo
Fra:1 Mem:322.55M (Peak 322.56M) | Time:00:02.06 | Mem:0.00M, Peak:0.00M | Scene, ViewLayer | Synchronizing object | Front right diamond-cut outer flange
Fra:1 Mem:322.65M (Peak 322.65M) | Time:00:02.06 | Mem:0.00M, Peak:0.00M | Scene, ViewLayer | Synchronizing object | Front right inner rim accent
Fra:1 Mem:322.75M (Peak 322.75M) | Time:00:02.06 | Mem:0.00M, Peak:0.00M | Scene, ViewLayer | Synchronizing object | Front right sidewall lettering
Fra:1 Mem:322.89M (Peak 322.89M) | Time:00:02.06 | Mem:0.00M, Peak:0.00M | Scene, ViewLayer | Synchronizing object | Front right brake rotor
Fra:1 Mem:322.89M (Peak 322.89M) | Time:00:02.06 | Mem:0.00M, Peak:0.00M | Scene, ViewLayer | Synchronizing object | Front right sidewall lettering.001
Fra:1 Mem:322.94M (Peak 322.94M) | Time:00:02.06 | Mem:0.00M, Peak:0.00M | Scene, ViewLayer | Synchronizing object | Front right rotor outer scoring
Fra:1 Mem:323.00M (Peak 323.00M) | Time:00:02.06 | Mem:0.00M, Peak:0.00M | Scene, ViewLayer | Synchronizing object | Front right sidewall lettering.002
Fra:1 Mem:323.28M (Peak 323.28M) | Time:00:02.06 | Mem:0.00M, Peak:0.00M | Scene, ViewLayer | Synchronizing object | Front right drilled rotor perforation
Fra:1 Mem:323.26M (Peak 323.28M) | Time:00:02.06 | Mem:0.00M, Peak:0.00M | Scene, ViewLayer | Synchronizing object | Front right drilled rotor perforation.001
Fra:1 Mem:323.26M (Peak 323.28M) | Time:00:02.06 | Mem:0.00M, Peak:0.00M | Scene, ViewLayer | Synchronizing object | Front right drilled rotor perforation.002
Fra:1 Mem:323.32M (Peak 323.32M) | Time:00:02.07 | Mem:0.00M, Peak:0.00M | Scene, ViewLayer | Synchronizing object | Front right drilled rotor perforation.003
Fra:1 Mem:323.32M (Peak 323.32M) | Time:00:02.07 | Mem:0.00M, Peak:0.00M | Scene, ViewLayer | Synchronizing object | Front right sidewall lettering.003
Fra:1 Mem:323.32M (Peak 323.32M) | Time:00:02.07 | Mem:0.00M, Peak:0.00M | Scene, ViewLayer | Synchronizing object | Front right drilled rotor perforation.004
Fra:1 Mem:323.31M (Peak 323.32M) | Time:00:02.07 | Mem:0.00M, Peak:0.00M | Scene, ViewLayer | Synchronizing object | Front right drilled rotor perforation.005
Fra:1 Mem:323.32M (Peak 323.32M) | Time:00:02.07 | Mem:0.00M, Peak:0.00M | Scene, ViewLayer | Synchronizing object | Front right drilled rotor perforation.006
Fra:1 Mem:323.40M (Peak 323.40M) | Time:00:02.07 | Mem:0.00M, Peak:0.00M | Scene, ViewLayer | Synchronizing object | Front right sidewall lettering.005
Fra:1 Mem:323.37M (Peak 323.40M) | Time:00:02.07 | Mem:0.00M, Peak:0.00M | Scene, ViewLayer | Synchronizing object | Front right drilled rotor perforation.007
Fra:1 Mem:323.38M (Peak 323.40M) | Time:00:02.07 | Mem:0.00M, Peak:0.00M | Scene, ViewLayer | Synchronizing object | Front right drilled rotor perforation.008
Fra:1 Mem:323.40M (Peak 323.40M) | Time:00:02.07 | Mem:0.00M, Peak:0.00M | Scene, ViewLayer | Synchronizing object | Front right sidewall lettering.006
Fra:1 Mem:323.41M (Peak 323.41M) | Time:00:02.07 | Mem:0.00M, Peak:0.00M | Scene, ViewLayer | Synchronizing object | Front right drilled rotor perforation.009
Fra:1 Mem:323.43M (Peak 323.43M) | Time:00:02.07 | Mem:0.00M, Peak:0.00M | Scene, ViewLayer | Synchronizing object | Front right sidewall lettering.007
Fra:1 Mem:323.38M (Peak 323.43M) | Time:00:02.07 | Mem:0.00M, Peak:0.00M | Scene, ViewLayer | Synchronizing object | Front right drilled rotor perforation.010
Fra:1 Mem:323.41M (Peak 323.43M) | Time:00:02.07 | Mem:0.00M, Peak:0.00M | Scene, ViewLayer | Synchronizing object | Front right drilled rotor perforation.011
Fra:1 Mem:323.46M (Peak 323.46M) | Time:00:02.07 | Mem:0.00M, Peak:0.00M | Scene, ViewLayer | Synchronizing object | Front right sidewall lettering.008
Fra:1 Mem:323.52M (Peak 323.52M) | Time:00:02.07 | Mem:0.00M, Peak:0.00M | Scene, ViewLayer | Synchronizing object | Front right drilled rotor perforation.012
Fra:1 Mem:323.52M (Peak 323.52M) | Time:00:02.07 | Mem:0.00M, Peak:0.00M | Scene, ViewLayer | Synchronizing object | Front right drilled rotor perforation.013
Fra:1 Mem:323.56M (Peak 323.56M) | Time:00:02.07 | Mem:0.00M, Peak:0.00M | Scene, ViewLayer | Synchronizing object | Front right sidewall lettering.009
Fra:1 Mem:323.56M (Peak 323.56M) | Time:00:02.07 | Mem:0.00M, Peak:0.00M | Scene, ViewLayer | Synchronizing object | Front right sidewall lettering.010
Fra:1 Mem:323.54M (Peak 323.56M) | Time:00:02.07 | Mem:0.00M, Peak:0.00M | Scene, ViewLayer | Synchronizing object | Front right drilled rotor perforation.015
Fra:1 Mem:323.66M (Peak 323.66M) | Time:00:02.07 | Mem:0.00M, Peak:0.00M | Scene, ViewLayer | Synchronizing object | Front right sidewall lettering.011
Fra:1 Mem:323.62M (Peak 323.66M) | Time:00:02.07 | Mem:0.00M, Peak:0.00M | Scene, ViewLayer | Synchronizing object | Front right drilled rotor perforation.016
Fra:1 Mem:323.67M (Peak 323.67M) | Time:00:02.07 | Mem:0.00M, Peak:0.00M | Scene, ViewLayer | Synchronizing object | Front right drilled rotor perforation.017
Fra:1 Mem:323.76M (Peak 323.76M) | Time:00:02.07 | Mem:0.00M, Peak:0.00M | Scene, ViewLayer | Synchronizing object | Front right drilled rotor perforation.018
Fra:1 Mem:323.75M (Peak 323.76M) | Time:00:02.07 | Mem:0.00M, Peak:0.00M | Scene, ViewLayer | Synchronizing object | Front right drilled rotor perforation.019
Fra:1 Mem:323.78M (Peak 323.78M) | Time:00:02.07 | Mem:0.00M, Peak:0.00M | Scene, ViewLayer | Synchronizing object | Front right sidewall lettering.012
Fra:1 Mem:323.77M (Peak 323.78M) | Time:00:02.07 | Mem:0.00M, Peak:0.00M | Scene, ViewLayer | Synchronizing object | Front right drilled rotor perforation.020
Fra:1 Mem:323.81M (Peak 323.81M) | Time:00:02.07 | Mem:0.00M, Peak:0.00M | Scene, ViewLayer | Synchronizing object | Front right sidewall lettering.013
Fra:1 Mem:323.79M (Peak 323.81M) | Time:00:02.07 | Mem:0.00M, Peak:0.00M | Scene, ViewLayer | Synchronizing object | Front right drilled rotor perforation.021
Fra:1 Mem:323.80M (Peak 323.81M) | Time:00:02.07 | Mem:0.00M, Peak:0.00M | Scene, ViewLayer | Synchronizing object | Front right sidewall lettering.014
Fra:1 Mem:323.84M (Peak 323.84M) | Time:00:02.07 | Mem:0.00M, Peak:0.00M | Scene, ViewLayer | Synchronizing object | Front right drilled rotor perforation.022
Fra:1 Mem:323.99M (Peak 323.99M) | Time:00:02.07 | Mem:0.00M, Peak:0.00M | Scene, ViewLayer | Synchronizing object | Front right drilled rotor perforation.023
Fra:1 Mem:324.02M (Peak 324.02M) | Time:00:02.07 | Mem:0.00M, Peak:0.00M | Scene, ViewLayer | Synchronizing object | Front right sidewall lettering.015
Fra:1 Mem:324.05M (Peak 324.05M) | Time:00:02.07 | Mem:0.00M, Peak:0.00M | Scene, ViewLayer | Synchronizing object | Front right drilled rotor perforation.024
Fra:1 Mem:324.09M (Peak 324.09M) | Time:00:02.07 | Mem:0.00M, Peak:0.00M | Scene, ViewLayer | Synchronizing object | Front right drilled rotor perforation.025
Fra:1 Mem:324.12M (Peak 324.12M) | Time:00:02.07 | Mem:0.00M, Peak:0.00M | Scene, ViewLayer | Synchronizing object | Front right sidewall lettering.016
Fra:1 Mem:324.13M (Peak 324.13M) | Time:00:02.07 | Mem:0.00M, Peak:0.00M | Scene, ViewLayer | Synchronizing object | Front right drilled rotor perforation.026
Fra:1 Mem:324.26M (Peak 324.26M) | Time:00:02.07 | Mem:0.00M, Peak:0.00M | Scene, ViewLayer | Synchronizing object | Front right drilled rotor perforation.027
Fra:1 Mem:324.29M (Peak 324.29M) | Time:00:02.07 | Mem:0.00M, Peak:0.00M | Scene, ViewLayer | Synchronizing object | Front right sidewall lettering.017
Fra:1 Mem:324.40M (Peak 324.40M) | Time:00:02.07 | Mem:0.00M, Peak:0.00M | Scene, ViewLayer | Synchronizing object | Front right drilled rotor perforation.028
Fra:1 Mem:324.45M (Peak 324.45M) | Time:00:02.07 | Mem:0.00M, Peak:0.00M | Scene, ViewLayer | Synchronizing object | Front right sidewall lettering.018
Fra:1 Mem:324.43M (Peak 324.45M) | Time:00:02.07 | Mem:0.00M, Peak:0.00M | Scene, ViewLayer | Synchronizing object | Front right drilled rotor perforation.030
Fra:1 Mem:324.49M (Peak 324.49M) | Time:00:02.07 | Mem:0.00M, Peak:0.00M | Scene, ViewLayer | Synchronizing object | Front right sidewall lettering.019
Fra:1 Mem:324.52M (Peak 324.52M) | Time:00:02.07 | Mem:0.00M, Peak:0.00M | Scene, ViewLayer | Synchronizing object | Front right sidewall lettering.020
Fra:1 Mem:324.50M (Peak 324.52M) | Time:00:02.07 | Mem:0.00M, Peak:0.00M | Scene, ViewLayer | Synchronizing object | Front right drilled rotor perforation.031
Fra:1 Mem:324.51M (Peak 324.52M) | Time:00:02.07 | Mem:0.00M, Peak:0.00M | Scene, ViewLayer | Synchronizing object | Front right sidewall lettering.021
Fra:1 Mem:324.52M (Peak 324.52M) | Time:00:02.07 | Mem:0.00M, Peak:0.00M | Scene, ViewLayer | Synchronizing object | Front right drilled rotor perforation.032
Fra:1 Mem:324.54M (Peak 324.54M) | Time:00:02.07 | Mem:0.00M, Peak:0.00M | Scene, ViewLayer | Synchronizing object | Front right drilled rotor perforation.033
Fra:1 Mem:324.54M (Peak 324.54M) | Time:00:02.07 | Mem:0.00M, Peak:0.00M | Scene, ViewLayer | Synchronizing object | Front right drilled rotor perforation.034
Fra:1 Mem:324.55M (Peak 324.55M) | Time:00:02.07 | Mem:0.00M, Peak:0.00M | Scene, ViewLayer | Synchronizing object | Front right drilled rotor perforation.035
Fra:1 Mem:324.60M (Peak 324.60M) | Time:00:02.07 | Mem:0.00M, Peak:0.00M | Scene, ViewLayer | Synchronizing object | Front right drilled rotor perforation.036
Fra:1 Mem:324.59M (Peak 324.60M) | Time:00:02.07 | Mem:0.00M, Peak:0.00M | Scene, ViewLayer | Synchronizing object | Front right drilled rotor perforation.037
Fra:1 Mem:324.61M (Peak 324.61M) | Time:00:02.07 | Mem:0.00M, Peak:0.00M | Scene, ViewLayer | Synchronizing object | Front right drilled rotor perforation.038
Fra:1 Mem:324.66M (Peak 324.66M) | Time:00:02.07 | Mem:0.00M, Peak:0.00M | Scene, ViewLayer | Synchronizing object | Front right drilled rotor perforation.039
Fra:1 Mem:324.65M (Peak 324.66M) | Time:00:02.07 | Mem:0.00M, Peak:0.00M | Scene, ViewLayer | Synchronizing object | Front right drilled rotor perforation.040
Fra:1 Mem:324.65M (Peak 324.66M) | Time:00:02.07 | Mem:0.00M, Peak:0.00M | Scene, ViewLayer | Synchronizing object | Front right drilled rotor perforation.041
Fra:1 Mem:324.67M (Peak 324.67M) | Time:00:02.07 | Mem:0.00M, Peak:0.00M | Scene, ViewLayer | Synchronizing object | Front right drilled rotor perforation.042
Fra:1 Mem:324.68M (Peak 324.68M) | Time:00:02.07 | Mem:0.00M, Peak:0.00M | Scene, ViewLayer | Synchronizing object | Front right drilled rotor perforation.043
Fra:1 Mem:324.69M (Peak 324.69M) | Time:00:02.07 | Mem:0.00M, Peak:0.00M | Scene, ViewLayer | Synchronizing object | Front right drilled rotor perforation.044
Fra:1 Mem:324.70M (Peak 324.70M) | Time:00:02.08 | Mem:0.00M, Peak:0.00M | Scene, ViewLayer | Synchronizing object | Front right drilled rotor perforation.046
Fra:1 Mem:324.86M (Peak 324.86M) | Time:00:02.08 | Mem:0.00M, Peak:0.00M | Scene, ViewLayer | Synchronizing object | Front right drilled rotor perforation.047
Fra:1 Mem:324.87M (Peak 324.87M) | Time:00:02.08 | Mem:0.00M, Peak:0.00M | Scene, ViewLayer | Synchronizing object | Front right drilled rotor perforation.048
Fra:1 Mem:324.92M (Peak 324.92M) | Time:00:02.09 | Mem:0.00M, Peak:0.00M | Scene, ViewLayer | Synchronizing object | Front right drilled rotor perforation.049
Fra:1 Mem:325.35M (Peak 325.35M) | Time:00:02.09 | Mem:0.00M, Peak:0.00M | Scene, ViewLayer | Synchronizing object | Front right drilled rotor perforation.050
Fra:1 Mem:325.32M (Peak 325.35M) | Time:00:02.09 | Mem:0.00M, Peak:0.00M | Scene, ViewLayer | Synchronizing object | Front right drilled rotor perforation.051
Fra:1 Mem:325.47M (Peak 325.47M) | Time:00:02.09 | Mem:0.00M, Peak:0.00M | Scene, ViewLayer | Synchronizing object | Front right drilled rotor perforation.052
Fra:1 Mem:325.46M (Peak 325.47M) | Time:00:02.09 | Mem:0.00M, Peak:0.00M | Scene, ViewLayer | Synchronizing object | Front right drilled rotor perforation.053
Fra:1 Mem:325.53M (Peak 325.53M) | Time:00:02.09 | Mem:0.00M, Peak:0.00M | Scene, ViewLayer | Synchronizing object | Front right drilled rotor perforation.054
Fra:1 Mem:325.53M (Peak 325.53M) | Time:00:02.09 | Mem:0.00M, Peak:0.00M | Scene, ViewLayer | Synchronizing object | Front right drilled rotor perforation.055
Fra:1 Mem:325.56M (Peak 325.56M) | Time:00:02.09 | Mem:0.00M, Peak:0.00M | Scene, ViewLayer | Synchronizing object | Front right drilled rotor perforation.056
Fra:1 Mem:325.56M (Peak 325.56M) | Time:00:02.09 | Mem:0.00M, Peak:0.00M | Scene, ViewLayer | Synchronizing object | Front right drilled rotor perforation.058
Fra:1 Mem:325.65M (Peak 325.65M) | Time:00:02.09 | Mem:0.00M, Peak:0.00M | Scene, ViewLayer | Synchronizing object | Front right drilled rotor perforation.059
Fra:1 Mem:325.62M (Peak 325.65M) | Time:00:02.09 | Mem:0.00M, Peak:0.00M | Scene, ViewLayer | Synchronizing object | Front right drilled rotor perforation.060
Fra:1 Mem:325.68M (Peak 325.68M) | Time:00:02.09 | Mem:0.00M, Peak:0.00M | Scene, ViewLayer | Synchronizing object | Front right drilled rotor perforation.061
Fra:1 Mem:325.68M (Peak 325.68M) | Time:00:02.09 | Mem:0.00M, Peak:0.00M | Scene, ViewLayer | Synchronizing object | Front right drilled rotor perforation.062
Fra:1 Mem:325.70M (Peak 325.70M) | Time:00:02.09 | Mem:0.00M, Peak:0.00M | Scene, ViewLayer | Synchronizing object | Rear left center mi logo
Fra:1 Mem:325.73M (Peak 325.73M) | Time:00:02.09 | Mem:0.00M, Peak:0.00M | Scene, ViewLayer | Synchronizing object | Front right drilled rotor perforation.063
Fra:1 Mem:325.83M (Peak 325.83M) | Time:00:02.09 | Mem:0.00M, Peak:0.00M | Scene, ViewLayer | Synchronizing object | Front right drilled rotor perforation.064
Fra:1 Mem:325.88M (Peak 325.88M) | Time:00:02.09 | Mem:0.00M, Peak:0.00M | Scene, ViewLayer | Synchronizing object | Front right drilled rotor perforation.065
Fra:1 Mem:325.93M (Peak 325.93M) | Time:00:02.09 | Mem:0.00M, Peak:0.00M | Scene, ViewLayer | Synchronizing object | Front right drilled rotor perforation.066
Fra:1 Mem:325.92M (Peak 325.93M) | Time:00:02.09 | Mem:0.00M, Peak:0.00M | Scene, ViewLayer | Synchronizing object | Front right drilled rotor perforation.068
Fra:1 Mem:325.99M (Peak 325.99M) | Time:00:02.09 | Mem:0.00M, Peak:0.00M | Scene, ViewLayer | Synchronizing object | Rear left sidewall lettering
Fra:1 Mem:326.04M (Peak 326.04M) | Time:00:02.09 | Mem:0.00M, Peak:0.00M | Scene, ViewLayer | Synchronizing object | Front right drilled rotor perforation.069
Fra:1 Mem:326.05M (Peak 326.05M) | Time:00:02.09 | Mem:0.00M, Peak:0.00M | Scene, ViewLayer | Synchronizing object | Front right drilled rotor perforation.070
Fra:1 Mem:326.00M (Peak 326.05M) | Time:00:02.09 | Mem:0.00M, Peak:0.00M | Scene, ViewLayer | Synchronizing object | Front right brake disc bell
Fra:1 Mem:326.02M (Peak 326.05M) | Time:00:02.09 | Mem:0.00M, Peak:0.00M | Scene, ViewLayer | Synchronizing object | Front right drilled rotor perforation.071
Fra:1 Mem:326.12M (Peak 326.12M) | Time:00:02.09 | Mem:0.00M, Peak:0.00M | Scene, ViewLayer | Synchronizing object | Front right yellow six-piston caliper
Fra:1 Mem:326.09M (Peak 326.12M) | Time:00:02.09 | Mem:0.00M, Peak:0.00M | Scene, ViewLayer | Synchronizing object | Front right machined split spoke
Fra:1 Mem:326.23M (Peak 326.23M) | Time:00:02.09 | Mem:0.00M, Peak:0.00M | Scene, ViewLayer | Synchronizing object | Rear left sidewall lettering.002
Fra:1 Mem:326.21M (Peak 326.23M) | Time:00:02.09 | Mem:0.00M, Peak:0.00M | Scene, ViewLayer | Synchronizing object | Front right black spoke pocket
Fra:1 Mem:326.30M (Peak 326.30M) | Time:00:02.09 | Mem:0.00M, Peak:0.00M | Scene, ViewLayer | Synchronizing object | Rear left sidewall lettering.003
Fra:1 Mem:326.33M (Peak 326.33M) | Time:00:02.09 | Mem:0.00M, Peak:0.00M | Scene, ViewLayer | Synchronizing object | Rear left sidewall lettering.004
Fra:1 Mem:326.35M (Peak 326.35M) | Time:00:02.09 | Mem:0.00M, Peak:0.00M | Scene, ViewLayer | Synchronizing object | Rear left sidewall lettering.005
Fra:1 Mem:326.38M (Peak 326.38M) | Time:00:02.09 | Mem:0.00M, Peak:0.00M | Scene, ViewLayer | Synchronizing object | Rear left sidewall lettering.006
Fra:1 Mem:326.38M (Peak 326.38M) | Time:00:02.09 | Mem:0.00M, Peak:0.00M | Scene, ViewLayer | Synchronizing object | Rear left sidewall lettering.007
Fra:1 Mem:326.37M (Peak 326.38M) | Time:00:02.09 | Mem:0.00M, Peak:0.00M | Scene, ViewLayer | Synchronizing object | Rear left sidewall lettering.008
Fra:1 Mem:326.44M (Peak 326.44M) | Time:00:02.09 | Mem:0.00M, Peak:0.00M | Scene, ViewLayer | Synchronizing object | Front right black spoke pocket.001
Fra:1 Mem:326.45M (Peak 326.45M) | Time:00:02.09 | Mem:0.00M, Peak:0.00M | Scene, ViewLayer | Synchronizing object | Rear left sidewall lettering.009
Fra:1 Mem:326.47M (Peak 326.47M) | Time:00:02.09 | Mem:0.00M, Peak:0.00M | Scene, ViewLayer | Synchronizing object | Rear left sidewall lettering.010
Fra:1 Mem:326.51M (Peak 326.51M) | Time:00:02.09 | Mem:0.00M, Peak:0.00M | Scene, ViewLayer | Synchronizing object | Rear left sidewall lettering.011
Fra:1 Mem:326.58M (Peak 326.58M) | Time:00:02.09 | Mem:0.00M, Peak:0.00M | Scene, ViewLayer | Synchronizing object | Front right machined split spoke.002
Fra:1 Mem:326.66M (Peak 326.66M) | Time:00:02.09 | Mem:0.00M, Peak:0.00M | Scene, ViewLayer | Synchronizing object | Rear left sidewall lettering.012
Fra:1 Mem:326.67M (Peak 326.67M) | Time:00:02.09 | Mem:0.00M, Peak:0.00M | Scene, ViewLayer | Synchronizing object | Rear left sidewall lettering.013
Fra:1 Mem:326.67M (Peak 326.67M) | Time:00:02.09 | Mem:0.00M, Peak:0.00M | Scene, ViewLayer | Synchronizing object | Rear left sidewall lettering.014
Fra:1 Mem:326.86M (Peak 326.86M) | Time:00:02.09 | Mem:0.00M, Peak:0.00M | Scene, ViewLayer | Synchronizing object | Rear left sidewall lettering.015
Fra:1 Mem:326.93M (Peak 326.93M) | Time:00:02.09 | Mem:0.00M, Peak:0.00M | Scene, ViewLayer | Synchronizing object | Front right black spoke pocket.002
Fra:1 Mem:327.00M (Peak 327.00M) | Time:00:02.09 | Mem:0.00M, Peak:0.00M | Scene, ViewLayer | Synchronizing object | Rear left sidewall lettering.016
Fra:1 Mem:327.08M (Peak 327.08M) | Time:00:02.09 | Mem:0.00M, Peak:0.00M | Scene, ViewLayer | Synchronizing object | Front right machined split spoke.003
Fra:1 Mem:327.17M (Peak 327.17M) | Time:00:02.09 | Mem:0.00M, Peak:0.00M | Scene, ViewLayer | Synchronizing object | Rear left sidewall lettering.017
Fra:1 Mem:327.27M (Peak 327.27M) | Time:00:02.09 | Mem:0.00M, Peak:0.00M | Scene, ViewLayer | Synchronizing object | Front right machined split spoke.004
Fra:1 Mem:327.25M (Peak 327.27M) | Time:00:02.09 | Mem:0.00M, Peak:0.00M | Scene, ViewLayer | Synchronizing object | Front right black spoke pocket.004
Fra:1 Mem:327.36M (Peak 327.36M) | Time:00:02.09 | Mem:0.00M, Peak:0.00M | Scene, ViewLayer | Synchronizing object | Rear left sidewall lettering.019
Fra:1 Mem:327.33M (Peak 327.36M) | Time:00:02.09 | Mem:0.00M, Peak:0.00M | Scene, ViewLayer | Synchronizing object | Rear left sidewall lettering.020
Fra:1 Mem:327.31M (Peak 327.36M) | Time:00:02.09 | Mem:0.00M, Peak:0.00M | Scene, ViewLayer | Synchronizing object | Front right black spoke pocket.005
Fra:1 Mem:327.34M (Peak 327.36M) | Time:00:02.09 | Mem:0.00M, Peak:0.00M | Scene, ViewLayer | Synchronizing object | Rear left sidewall lettering.021
Fra:1 Mem:327.38M (Peak 327.38M) | Time:00:02.09 | Mem:0.00M, Peak:0.00M | Scene, ViewLayer | Synchronizing object | Front right machined split spoke.006
Fra:1 Mem:327.45M (Peak 327.45M) | Time:00:02.09 | Mem:0.00M, Peak:0.00M | Scene, ViewLayer | Synchronizing object | Front right black spoke pocket.006
Fra:1 Mem:327.47M (Peak 327.47M) | Time:00:02.09 | Mem:0.00M, Peak:0.00M | Scene, ViewLayer | Synchronizing object | Front right machined split spoke.007
Fra:1 Mem:327.50M (Peak 327.50M) | Time:00:02.09 | Mem:0.00M, Peak:0.00M | Scene, ViewLayer | Synchronizing object | Front right black spoke pocket.007
Fra:1 Mem:327.48M (Peak 327.50M) | Time:00:02.09 | Mem:0.00M, Peak:0.00M | Scene, ViewLayer | Synchronizing object | Front right machined split spoke.008
Fra:1 Mem:327.56M (Peak 327.56M) | Time:00:02.09 | Mem:0.00M, Peak:0.00M | Scene, ViewLayer | Synchronizing object | Front right black spoke pocket.008
Fra:1 Mem:327.58M (Peak 327.58M) | Time:00:02.09 | Mem:0.00M, Peak:0.00M | Scene, ViewLayer | Synchronizing object | Front right machined split spoke.009
Fra:1 Mem:327.57M (Peak 327.58M) | Time:00:02.09 | Mem:0.00M, Peak:0.00M | Scene, ViewLayer | Synchronizing object | Front right black spoke pocket.009
Fra:1 Mem:327.61M (Peak 327.61M) | Time:00:02.10 | Mem:0.00M, Peak:0.00M | Scene, ViewLayer | Synchronizing object | Front right center hub
Fra:1 Mem:327.75M (Peak 327.75M) | Time:00:02.10 | Mem:0.00M, Peak:0.00M | Scene, ViewLayer | Synchronizing object | Rear right caliper marking
Fra:1 Mem:327.81M (Peak 327.81M) | Time:00:02.10 | Mem:0.00M, Peak:0.00M | Scene, ViewLayer | Synchronizing object | Front right center cap ring
Fra:1 Mem:328.33M (Peak 328.33M) | Time:00:02.10 | Mem:0.00M, Peak:0.00M | Scene, ViewLayer | Synchronizing object | Front right titanium lug nut
Fra:1 Mem:328.47M (Peak 328.47M) | Time:00:02.10 | Mem:0.00M, Peak:0.00M | Scene, ViewLayer | Synchronizing object | Front right titanium lug nut.001
Fra:1 Mem:328.48M (Peak 328.48M) | Time:00:02.10 | Mem:0.00M, Peak:0.00M | Scene, ViewLayer | Synchronizing object | Front right titanium lug nut.002
Fra:1 Mem:328.48M (Peak 328.48M) | Time:00:02.10 | Mem:0.00M, Peak:0.00M | Scene, ViewLayer | Synchronizing object | Front right titanium lug nut.003
Fra:1 Mem:328.53M (Peak 328.53M) | Time:00:02.10 | Mem:0.00M, Peak:0.00M | Scene, ViewLayer | Synchronizing object | Front right titanium lug nut.004
Fra:1 Mem:328.65M (Peak 328.65M) | Time:00:02.10 | Mem:0.00M, Peak:0.00M | Scene, ViewLayer | Synchronizing object | Front right tire valve
Fra:1 Mem:328.56M (Peak 328.65M) | Time:00:02.10 | Mem:0.00M, Peak:0.00M | Scene, ViewLayer | Synchronizing object | Rear left | tire carcass
Fra:1 Mem:328.68M (Peak 328.68M) | Time:00:02.10 | Mem:0.00M, Peak:0.00M | Scene, ViewLayer | Synchronizing object | Rear left tire molded sidewall ring.001
Fra:1 Mem:328.76M (Peak 328.76M) | Time:00:02.10 | Mem:0.00M, Peak:0.00M | Scene, ViewLayer | Synchronizing object | Rear right center mi logo
Fra:1 Mem:328.88M (Peak 328.88M) | Time:00:02.10 | Mem:0.00M, Peak:0.00M | Scene, ViewLayer | Synchronizing object | Rear left tire molded sidewall ring.002
Fra:1 Mem:329.14M (Peak 329.14M) | Time:00:02.10 | Mem:0.00M, Peak:0.00M | Scene, ViewLayer | Synchronizing object | Rear left tire molded sidewall ring
Fra:1 Mem:329.32M (Peak 329.32M) | Time:00:02.10 | Mem:0.00M, Peak:0.00M | Scene, ViewLayer | Synchronizing object | Rear left directional tread | 792 blocks
Fra:1 Mem:329.75M (Peak 329.75M) | Time:00:02.10 | Mem:0.00M, Peak:0.00M | Scene, ViewLayer | Synchronizing object | Rear right sidewall lettering
Fra:1 Mem:329.97M (Peak 329.97M) | Time:00:02.10 | Mem:0.00M, Peak:0.00M | Scene, ViewLayer | Synchronizing object | Rear right sidewall lettering.001
Fra:1 Mem:329.97M (Peak 329.97M) | Time:00:02.10 | Mem:0.00M, Peak:0.00M | Scene, ViewLayer | Synchronizing object | Rear right sidewall lettering.002
Fra:1 Mem:330.15M (Peak 330.15M) | Time:00:02.10 | Mem:0.00M, Peak:0.00M | Scene, ViewLayer | Synchronizing object | Rear right sidewall lettering.003
Fra:1 Mem:330.16M (Peak 330.16M) | Time:00:02.10 | Mem:0.00M, Peak:0.00M | Scene, ViewLayer | Synchronizing object | Rear left cast rim barrel
Fra:1 Mem:330.18M (Peak 330.18M) | Time:00:02.10 | Mem:0.00M, Peak:0.00M | Scene, ViewLayer | Synchronizing object | Rear right sidewall lettering.004
Fra:1 Mem:330.27M (Peak 330.27M) | Time:00:02.10 | Mem:0.00M, Peak:0.00M | Scene, ViewLayer | Synchronizing object | Rear left diamond-cut outer flange
Fra:1 Mem:330.30M (Peak 330.30M) | Time:00:02.10 | Mem:0.00M, Peak:0.00M | Scene, ViewLayer | Synchronizing object | Rear right sidewall lettering.005
Fra:1 Mem:330.41M (Peak 330.41M) | Time:00:02.10 | Mem:0.00M, Peak:0.00M | Scene, ViewLayer | Synchronizing object | Rear right sidewall lettering.006
Fra:1 Mem:330.42M (Peak 330.42M) | Time:00:02.10 | Mem:0.00M, Peak:0.00M | Scene, ViewLayer | Synchronizing object | Rear right sidewall lettering.007
Fra:1 Mem:330.42M (Peak 330.42M) | Time:00:02.10 | Mem:0.00M, Peak:0.00M | Scene, ViewLayer | Synchronizing object | Rear left inner rim accent
Fra:1 Mem:330.56M (Peak 330.56M) | Time:00:02.10 | Mem:0.00M, Peak:0.00M | Scene, ViewLayer | Synchronizing object | Rear right sidewall lettering.008
Fra:1 Mem:330.56M (Peak 330.56M) | Time:00:02.10 | Mem:0.00M, Peak:0.00M | Scene, ViewLayer | Synchronizing object | Rear left brake rotor
Fra:1 Mem:330.71M (Peak 330.71M) | Time:00:02.10 | Mem:0.00M, Peak:0.00M | Scene, ViewLayer | Synchronizing object | Rear right sidewall lettering.009
Fra:1 Mem:330.75M (Peak 330.75M) | Time:00:02.10 | Mem:0.00M, Peak:0.00M | Scene, ViewLayer | Synchronizing object | Rear right sidewall lettering.010
Fra:1 Mem:330.71M (Peak 330.75M) | Time:00:02.10 | Mem:0.00M, Peak:0.00M | Scene, ViewLayer | Synchronizing object | Rear right sidewall lettering.011
Fra:1 Mem:330.81M (Peak 330.81M) | Time:00:02.10 | Mem:0.00M, Peak:0.00M | Scene, ViewLayer | Synchronizing object | Rear left rotor outer scoring
Fra:1 Mem:330.88M (Peak 330.88M) | Time:00:02.10 | Mem:0.00M, Peak:0.00M | Scene, ViewLayer | Synchronizing object | Rear right sidewall lettering.012
Fra:1 Mem:330.97M (Peak 330.97M) | Time:00:02.10 | Mem:0.00M, Peak:0.00M | Scene, ViewLayer | Synchronizing object | Rear right sidewall lettering.013
Fra:1 Mem:330.97M (Peak 330.97M) | Time:00:02.10 | Mem:0.00M, Peak:0.00M | Scene, ViewLayer | Synchronizing object | Rear right sidewall lettering.014
Fra:1 Mem:331.00M (Peak 331.00M) | Time:00:02.10 | Mem:0.00M, Peak:0.00M | Scene, ViewLayer | Synchronizing object | Rear left drilled rotor perforation
Fra:1 Mem:331.14M (Peak 331.14M) | Time:00:02.10 | Mem:0.00M, Peak:0.00M | Scene, ViewLayer | Synchronizing object | Rear left drilled rotor perforation.001
Fra:1 Mem:331.19M (Peak 331.19M) | Time:00:02.10 | Mem:0.00M, Peak:0.00M | Scene, ViewLayer | Synchronizing object | Rear right sidewall lettering.015
Fra:1 Mem:331.25M (Peak 331.25M) | Time:00:02.10 | Mem:0.00M, Peak:0.00M | Scene, ViewLayer | Synchronizing object | Rear right sidewall lettering.016
Fra:1 Mem:331.27M (Peak 331.27M) | Time:00:02.10 | Mem:0.00M, Peak:0.00M | Scene, ViewLayer | Synchronizing object | Rear left drilled rotor perforation.002
Fra:1 Mem:331.40M (Peak 331.40M) | Time:00:02.10 | Mem:0.00M, Peak:0.00M | Scene, ViewLayer | Synchronizing object | Rear right sidewall lettering.017
Fra:1 Mem:331.52M (Peak 331.52M) | Time:00:02.10 | Mem:0.00M, Peak:0.00M | Scene, ViewLayer | Synchronizing object | Rear left drilled rotor perforation.003
Fra:1 Mem:331.54M (Peak 331.54M) | Time:00:02.10 | Mem:0.00M, Peak:0.00M | Scene, ViewLayer | Synchronizing object | Rear right sidewall lettering.018
Fra:1 Mem:331.57M (Peak 331.57M) | Time:00:02.10 | Mem:0.00M, Peak:0.00M | Scene, ViewLayer | Synchronizing object | Rear right sidewall lettering.019
Fra:1 Mem:331.58M (Peak 331.58M) | Time:00:02.10 | Mem:0.00M, Peak:0.00M | Scene, ViewLayer | Synchronizing object | Rear right sidewall lettering.020
Fra:1 Mem:331.59M (Peak 331.59M) | Time:00:02.10 | Mem:0.00M, Peak:0.00M | Scene, ViewLayer | Synchronizing object | Rear right sidewall lettering.021
Fra:1 Mem:331.58M (Peak 331.59M) | Time:00:02.10 | Mem:0.00M, Peak:0.00M | Scene, ViewLayer | Synchronizing object | Rear left drilled rotor perforation.004
Fra:1 Mem:331.60M (Peak 331.60M) | Time:00:02.10 | Mem:0.00M, Peak:0.00M | Scene, ViewLayer | Synchronizing object | Seat piping
Fra:1 Mem:331.61M (Peak 331.61M) | Time:00:02.10 | Mem:0.00M, Peak:0.00M | Scene, ViewLayer | Synchronizing object | Seat piping.001
Fra:1 Mem:331.62M (Peak 331.62M) | Time:00:02.10 | Mem:0.00M, Peak:0.00M | Scene, ViewLayer | Synchronizing object | Seat piping.002
Fra:1 Mem:331.60M (Peak 331.62M) | Time:00:02.10 | Mem:0.00M, Peak:0.00M | Scene, ViewLayer | Synchronizing object | Rear left drilled rotor perforation.005
Fra:1 Mem:331.62M (Peak 331.62M) | Time:00:02.10 | Mem:0.00M, Peak:0.00M | Scene, ViewLayer | Synchronizing object | Rear left drilled rotor perforation.006
Fra:1 Mem:331.63M (Peak 331.63M) | Time:00:02.10 | Mem:0.00M, Peak:0.00M | Scene, ViewLayer | Synchronizing object | Rear left drilled rotor perforation.007
Fra:1 Mem:331.64M (Peak 331.64M) | Time:00:02.10 | Mem:0.00M, Peak:0.00M | Scene, ViewLayer | Synchronizing object | Rear left drilled rotor perforation.008
Fra:1 Mem:331.66M (Peak 331.66M) | Time:00:02.10 | Mem:0.00M, Peak:0.00M | Scene, ViewLayer | Synchronizing object | Rear left drilled rotor perforation.009
Fra:1 Mem:331.67M (Peak 331.67M) | Time:00:02.10 | Mem:0.00M, Peak:0.00M | Scene, ViewLayer | Synchronizing object | Rear left drilled rotor perforation.010
Fra:1 Mem:331.69M (Peak 331.69M) | Time:00:02.10 | Mem:0.00M, Peak:0.00M | Scene, ViewLayer | Synchronizing object | Rear left drilled rotor perforation.011
Fra:1 Mem:331.70M (Peak 331.70M) | Time:00:02.11 | Mem:0.00M, Peak:0.00M | Scene, ViewLayer | Synchronizing object | Rear left drilled rotor perforation.012
Fra:1 Mem:331.71M (Peak 331.71M) | Time:00:02.11 | Mem:0.00M, Peak:0.00M | Scene, ViewLayer | Synchronizing object | Rear left drilled rotor perforation.013
Fra:1 Mem:331.73M (Peak 331.73M) | Time:00:02.11 | Mem:0.00M, Peak:0.00M | Scene, ViewLayer | Synchronizing object | Rear left drilled rotor perforation.014
Fra:1 Mem:331.74M (Peak 331.74M) | Time:00:02.11 | Mem:0.00M, Peak:0.00M | Scene, ViewLayer | Synchronizing object | Rear left drilled rotor perforation.015
Fra:1 Mem:331.75M (Peak 331.75M) | Time:00:02.11 | Mem:0.00M, Peak:0.00M | Scene, ViewLayer | Synchronizing object | Rear left drilled rotor perforation.016
Fra:1 Mem:331.77M (Peak 331.77M) | Time:00:02.11 | Mem:0.00M, Peak:0.00M | Scene, ViewLayer | Synchronizing object | Rear left drilled rotor perforation.017
Fra:1 Mem:331.78M (Peak 331.78M) | Time:00:02.11 | Mem:0.00M, Peak:0.00M | Scene, ViewLayer | Synchronizing object | Rear left drilled rotor perforation.018
Fra:1 Mem:331.80M (Peak 331.80M) | Time:00:02.11 | Mem:0.00M, Peak:0.00M | Scene, ViewLayer | Synchronizing object | Rear left drilled rotor perforation.019
Fra:1 Mem:331.81M (Peak 331.81M) | Time:00:02.11 | Mem:0.00M, Peak:0.00M | Scene, ViewLayer | Synchronizing object | Rear left drilled rotor perforation.020
Fra:1 Mem:331.82M (Peak 331.82M) | Time:00:02.11 | Mem:0.00M, Peak:0.00M | Scene, ViewLayer | Synchronizing object | Rear left drilled rotor perforation.021
Fra:1 Mem:331.84M (Peak 331.84M) | Time:00:02.11 | Mem:0.00M, Peak:0.00M | Scene, ViewLayer | Synchronizing object | Rear left drilled rotor perforation.022
Fra:1 Mem:331.85M (Peak 331.85M) | Time:00:02.11 | Mem:0.00M, Peak:0.00M | Scene, ViewLayer | Synchronizing object | Rear left drilled rotor perforation.023
Fra:1 Mem:331.87M (Peak 331.87M) | Time:00:02.11 | Mem:0.00M, Peak:0.00M | Scene, ViewLayer | Synchronizing object | Rear left drilled rotor perforation.024
Fra:1 Mem:331.88M (Peak 331.88M) | Time:00:02.11 | Mem:0.00M, Peak:0.00M | Scene, ViewLayer | Synchronizing object | Rear left drilled rotor perforation.025
Fra:1 Mem:331.89M (Peak 331.89M) | Time:00:02.11 | Mem:0.00M, Peak:0.00M | Scene, ViewLayer | Synchronizing object | Rear left drilled rotor perforation.026
Fra:1 Mem:331.92M (Peak 331.92M) | Time:00:02.11 | Mem:0.00M, Peak:0.00M | Scene, ViewLayer | Synchronizing object | Seat piping.004
Fra:1 Mem:331.92M (Peak 331.92M) | Time:00:02.11 | Mem:0.00M, Peak:0.00M | Scene, ViewLayer | Synchronizing object | Seat piping.005
Fra:1 Mem:331.92M (Peak 331.92M) | Time:00:02.11 | Mem:0.00M, Peak:0.00M | Scene, ViewLayer | Synchronizing object | Seat piping.006
Fra:1 Mem:331.93M (Peak 331.93M) | Time:00:02.11 | Mem:0.00M, Peak:0.00M | Scene, ViewLayer | Synchronizing object | Seat piping.007
Fra:1 Mem:331.93M (Peak 331.93M) | Time:00:02.11 | Mem:0.00M, Peak:0.00M | Scene, ViewLayer | Synchronizing object | Steering wheel spokes
Fra:1 Mem:331.94M (Peak 331.94M) | Time:00:02.11 | Mem:0.00M, Peak:0.00M | Scene, ViewLayer | Synchronizing object | Windshield wiper arm
Fra:1 Mem:331.94M (Peak 331.94M) | Time:00:02.11 | Mem:0.00M, Peak:0.00M | Scene, ViewLayer | Synchronizing object | Wiper rubber blade
Fra:1 Mem:331.94M (Peak 331.94M) | Time:00:02.11 | Mem:0.00M, Peak:0.00M | Scene, ViewLayer | Synchronizing object | Windshield wiper arm.001
Fra:1 Mem:331.97M (Peak 331.97M) | Time:00:02.11 | Mem:0.00M, Peak:0.00M | Scene, ViewLayer | Synchronizing object | Wiper rubber blade.001
Fra:1 Mem:331.95M (Peak 331.97M) | Time:00:02.11 | Mem:0.00M, Peak:0.00M | Scene, ViewLayer | Synchronizing object | Rear left drilled rotor perforation.027
Fra:1 Mem:331.96M (Peak 331.97M) | Time:00:02.11 | Mem:0.00M, Peak:0.00M | Scene, ViewLayer | Synchronizing object | Seamless curved studio cyclorama
Fra:1 Mem:332.04M (Peak 332.04M) | Time:00:02.11 | Mem:0.00M, Peak:0.00M | Scene, ViewLayer | Synchronizing object | Rear left drilled rotor perforation.028
Fra:1 Mem:332.06M (Peak 332.06M) | Time:00:02.11 | Mem:0.00M, Peak:0.00M | Scene, ViewLayer | Synchronizing object | Infinite studio floor
Fra:1 Mem:332.08M (Peak 332.08M) | Time:00:02.11 | Mem:0.00M, Peak:0.00M | Scene, ViewLayer | Synchronizing object | Flat aerodynamic underfloor
Fra:1 Mem:332.06M (Peak 332.08M) | Time:00:02.11 | Mem:0.00M, Peak:0.00M | Scene, ViewLayer | Synchronizing object | Rear left drilled rotor perforation.029
Fra:1 Mem:332.13M (Peak 332.13M) | Time:00:02.11 | Mem:0.00M, Peak:0.00M | Scene, ViewLayer | Synchronizing object | Rear left drilled rotor perforation.030
Fra:1 Mem:332.12M (Peak 332.13M) | Time:00:02.11 | Mem:0.00M, Peak:0.00M | Scene, ViewLayer | Synchronizing object | Rear left drilled rotor perforation.031
Fra:1 Mem:332.15M (Peak 332.15M) | Time:00:02.11 | Mem:0.00M, Peak:0.00M | Scene, ViewLayer | Synchronizing object | Roof rear camera blister
Fra:1 Mem:332.15M (Peak 332.15M) | Time:00:02.11 | Mem:0.00M, Peak:0.00M | Scene, ViewLayer | Synchronizing object | Rear left drilled rotor perforation.032
Fra:1 Mem:332.27M (Peak 332.27M) | Time:00:02.11 | Mem:0.00M, Peak:0.00M | Scene, ViewLayer | Synchronizing object | Lidar forward optical aperture
Fra:1 Mem:332.23M (Peak 332.27M) | Time:00:02.11 | Mem:0.00M, Peak:0.00M | Scene, ViewLayer | Synchronizing object | Rear left drilled rotor perforation.033
Fra:1 Mem:332.33M (Peak 332.33M) | Time:00:02.12 | Mem:0.00M, Peak:0.00M | Scene, ViewLayer | Synchronizing object | Roof lidar painted pod
Fra:1 Mem:332.33M (Peak 332.33M) | Time:00:02.12 | Mem:0.00M, Peak:0.00M | Scene, ViewLayer | Synchronizing object | Rear left drilled rotor perforation.034
Fra:1 Mem:332.40M (Peak 332.40M) | Time:00:02.12 | Mem:0.00M, Peak:0.00M | Scene, ViewLayer | Synchronizing object | Cup holder
Fra:1 Mem:332.40M (Peak 332.40M) | Time:00:02.12 | Mem:0.00M, Peak:0.00M | Scene, ViewLayer | Synchronizing object | Rear left drilled rotor perforation.036
Fra:1 Mem:332.45M (Peak 332.45M) | Time:00:02.12 | Mem:0.00M, Peak:0.00M | Scene, ViewLayer | Synchronizing object | Rear left drilled rotor perforation.037
Fra:1 Mem:332.48M (Peak 332.48M) | Time:00:02.12 | Mem:0.00M, Peak:0.00M | Scene, ViewLayer | Synchronizing object | Rear left drilled rotor perforation.038
Fra:1 Mem:332.48M (Peak 332.48M) | Time:00:02.12 | Mem:0.00M, Peak:0.00M | Scene, ViewLayer | Synchronizing object | Rear left drilled rotor perforation.039
Fra:1 Mem:332.56M (Peak 332.56M) | Time:00:02.12 | Mem:0.00M, Peak:0.00M | Scene, ViewLayer | Synchronizing object | Rear left drilled rotor perforation.040
Fra:1 Mem:332.53M (Peak 332.56M) | Time:00:02.12 | Mem:0.00M, Peak:0.00M | Scene, ViewLayer | Synchronizing object | Rear left drilled rotor perforation.041
Fra:1 Mem:332.61M (Peak 332.61M) | Time:00:02.12 | Mem:0.00M, Peak:0.00M | Scene, ViewLayer | Synchronizing object | Rear left drilled rotor perforation.042
Fra:1 Mem:332.54M (Peak 332.61M) | Time:00:02.12 | Mem:0.00M, Peak:0.00M | Scene, ViewLayer | Synchronizing object | Rear left drilled rotor perforation.043
Fra:1 Mem:332.60M (Peak 332.61M) | Time:00:02.12 | Mem:0.00M, Peak:0.00M | Scene, ViewLayer | Synchronizing object | Cup holder.001
Fra:1 Mem:332.56M (Peak 332.61M) | Time:00:02.12 | Mem:0.00M, Peak:0.00M | Scene, ViewLayer | Synchronizing object | Rear left drilled rotor perforation.044
Fra:1 Mem:332.56M (Peak 332.61M) | Time:00:02.12 | Mem:0.00M, Peak:0.00M | Scene, ViewLayer | Synchronizing object | Rear left drilled rotor perforation.045
Fra:1 Mem:332.64M (Peak 332.64M) | Time:00:02.12 | Mem:0.00M, Peak:0.00M | Scene, ViewLayer | Synchronizing object | Rear left drilled rotor perforation.046
Fra:1 Mem:332.65M (Peak 332.65M) | Time:00:02.12 | Mem:0.00M, Peak:0.00M | Scene, ViewLayer | Synchronizing object | Rear left drilled rotor perforation.047
Fra:1 Mem:332.69M (Peak 332.69M) | Time:00:02.12 | Mem:0.00M, Peak:0.00M | Scene, ViewLayer | Synchronizing object | Rear left drilled rotor perforation.048
Fra:1 Mem:332.63M (Peak 332.69M) | Time:00:02.12 | Mem:0.00M, Peak:0.00M | Scene, ViewLayer | Synchronizing object | Rear left drilled rotor perforation.049
Fra:1 Mem:332.65M (Peak 332.69M) | Time:00:02.12 | Mem:0.00M, Peak:0.00M | Scene, ViewLayer | Synchronizing object | Rear left drilled rotor perforation.050
Fra:1 Mem:332.67M (Peak 332.69M) | Time:00:02.12 | Mem:0.00M, Peak:0.00M | Scene, ViewLayer | Synchronizing object | Rear left drilled rotor perforation.051
Fra:1 Mem:332.76M (Peak 332.76M) | Time:00:02.12 | Mem:0.00M, Peak:0.00M | Scene, ViewLayer | Synchronizing object | Rear left drilled rotor perforation.052
Fra:1 Mem:332.76M (Peak 332.76M) | Time:00:02.12 | Mem:0.00M, Peak:0.00M | Scene, ViewLayer | Synchronizing object | Rear left drilled rotor perforation.053
Fra:1 Mem:332.72M (Peak 332.76M) | Time:00:02.12 | Mem:0.00M, Peak:0.00M | Scene, ViewLayer | Synchronizing object | Rear left drilled rotor perforation.054
Fra:1 Mem:332.74M (Peak 332.76M) | Time:00:02.12 | Mem:0.00M, Peak:0.00M | Scene, ViewLayer | Synchronizing object | Rear left drilled rotor perforation.055
Fra:1 Mem:332.75M (Peak 332.76M) | Time:00:02.12 | Mem:0.00M, Peak:0.00M | Scene, ViewLayer | Synchronizing object | Rear left drilled rotor perforation.056
Fra:1 Mem:332.77M (Peak 332.77M) | Time:00:02.12 | Mem:0.00M, Peak:0.00M | Scene, ViewLayer | Synchronizing object | Rear left drilled rotor perforation.057
Fra:1 Mem:332.83M (Peak 332.83M) | Time:00:02.12 | Mem:0.00M, Peak:0.00M | Scene, ViewLayer | Synchronizing object | Rear left drilled rotor perforation.058
Fra:1 Mem:332.80M (Peak 332.83M) | Time:00:02.12 | Mem:0.00M, Peak:0.00M | Scene, ViewLayer | Synchronizing object | Steering center
Fra:1 Mem:332.89M (Peak 332.89M) | Time:00:02.12 | Mem:0.00M, Peak:0.00M | Scene, ViewLayer | Synchronizing object | Rear left drilled rotor perforation.059
Fra:1 Mem:332.87M (Peak 332.89M) | Time:00:02.12 | Mem:0.00M, Peak:0.00M | Scene, ViewLayer | Synchronizing object | Steering wheel
Fra:1 Mem:332.90M (Peak 332.90M) | Time:00:02.12 | Mem:0.00M, Peak:0.00M | Scene, ViewLayer | Synchronizing object | Rear left drilled rotor perforation.060
Fra:1 Mem:332.91M (Peak 332.91M) | Time:00:02.12 | Mem:0.00M, Peak:0.00M | Scene, ViewLayer | Synchronizing object | Rear left drilled rotor perforation.061
Fra:1 Mem:332.92M (Peak 332.92M) | Time:00:02.12 | Mem:0.00M, Peak:0.00M | Scene, ViewLayer | Synchronizing object | Rear left drilled rotor perforation.062
Fra:1 Mem:332.94M (Peak 332.94M) | Time:00:02.12 | Mem:0.00M, Peak:0.00M | Scene, ViewLayer | Synchronizing object | Rear left drilled rotor perforation.063
Fra:1 Mem:333.07M (Peak 333.07M) | Time:00:02.12 | Mem:0.00M, Peak:0.00M | Scene, ViewLayer | Synchronizing object | Screen glass
Fra:1 Mem:333.06M (Peak 333.07M) | Time:00:02.12 | Mem:0.00M, Peak:0.00M | Scene, ViewLayer | Synchronizing object | Rear left drilled rotor perforation.064
Fra:1 Mem:333.12M (Peak 333.12M) | Time:00:02.12 | Mem:0.00M, Peak:0.00M | Scene, ViewLayer | Synchronizing object | Rear left drilled rotor perforation.065
Fra:1 Mem:333.14M (Peak 333.14M) | Time:00:02.12 | Mem:0.00M, Peak:0.00M | Scene, ViewLayer | Synchronizing object | Dashboard center screen
Fra:1 Mem:333.12M (Peak 333.14M) | Time:00:02.13 | Mem:0.00M, Peak:0.00M | Scene, ViewLayer | Synchronizing object | Rear left drilled rotor perforation.066
Fra:1 Mem:333.15M (Peak 333.15M) | Time:00:02.13 | Mem:0.00M, Peak:0.00M | Scene, ViewLayer | Synchronizing object | Rear left drilled rotor perforation.067
Fra:1 Mem:333.15M (Peak 333.15M) | Time:00:02.13 | Mem:0.00M, Peak:0.00M | Scene, ViewLayer | Synchronizing object | Dashboard
Fra:1 Mem:333.18M (Peak 333.18M) | Time:00:02.13 | Mem:0.00M, Peak:0.00M | Scene, ViewLayer | Synchronizing object | Integrated head restraint.003
Fra:1 Mem:333.27M (Peak 333.27M) | Time:00:02.13 | Mem:0.00M, Peak:0.00M | Scene, ViewLayer | Synchronizing object | Contoured seat back
Fra:1 Mem:333.24M (Peak 333.27M) | Time:00:02.13 | Mem:0.00M, Peak:0.00M | Scene, ViewLayer | Synchronizing object | Rear left drilled rotor perforation.068
Fra:1 Mem:333.30M (Peak 333.30M) | Time:00:02.13 | Mem:0.00M, Peak:0.00M | Scene, ViewLayer | Synchronizing object | Rear left drilled rotor perforation.069
Fra:1 Mem:333.28M (Peak 333.30M) | Time:00:02.13 | Mem:0.00M, Peak:0.00M | Scene, ViewLayer | Synchronizing object | Seat cushion.003
Fra:1 Mem:333.31M (Peak 333.31M) | Time:00:02.13 | Mem:0.00M, Peak:0.00M | Scene, ViewLayer | Synchronizing object | Rear left drilled rotor perforation.070
Fra:1 Mem:333.36M (Peak 333.36M) | Time:00:02.13 | Mem:0.00M, Peak:0.00M | Scene, ViewLayer | Synchronizing object | Rear left drilled rotor perforation.071
Fra:1 Mem:333.35M (Peak 333.36M) | Time:00:02.13 | Mem:0.00M, Peak:0.00M | Scene, ViewLayer | Synchronizing object | Integrated head restraint.002
Fra:1 Mem:333.39M (Peak 333.39M) | Time:00:02.13 | Mem:0.00M, Peak:0.00M | Scene, ViewLayer | Synchronizing object | Rear left brake disc bell
Fra:1 Mem:333.41M (Peak 333.41M) | Time:00:02.13 | Mem:0.00M, Peak:0.00M | Scene, ViewLayer | Synchronizing object | Contoured seat back.003
Fra:1 Mem:333.50M (Peak 333.50M) | Time:00:02.13 | Mem:0.00M, Peak:0.00M | Scene, ViewLayer | Synchronizing object | Seat cushion.002
Fra:1 Mem:333.45M (Peak 333.50M) | Time:00:02.13 | Mem:0.00M, Peak:0.00M | Scene, ViewLayer | Synchronizing object | Rear left yellow six-piston caliper
Fra:1 Mem:333.51M (Peak 333.51M) | Time:00:02.13 | Mem:0.00M, Peak:0.00M | Scene, ViewLayer | Synchronizing object | Integrated head restraint.001
Fra:1 Mem:333.53M (Peak 333.53M) | Time:00:02.13 | Mem:0.00M, Peak:0.00M | Scene, ViewLayer | Synchronizing object | Rear left machined split spoke
Fra:1 Mem:333.58M (Peak 333.58M) | Time:00:02.13 | Mem:0.00M, Peak:0.00M | Scene, ViewLayer | Synchronizing object | Rear left black spoke pocket
Fra:1 Mem:333.58M (Peak 333.58M) | Time:00:02.13 | Mem:0.00M, Peak:0.00M | Scene, ViewLayer | Synchronizing object | Contoured seat back.002
Fra:1 Mem:333.65M (Peak 333.65M) | Time:00:02.13 | Mem:0.00M, Peak:0.00M | Scene, ViewLayer | Synchronizing object | Rear left machined split spoke.001
Fra:1 Mem:333.63M (Peak 333.65M) | Time:00:02.13 | Mem:0.00M, Peak:0.00M | Scene, ViewLayer | Synchronizing object | Seat cushion.001
Fra:1 Mem:333.69M (Peak 333.69M) | Time:00:02.13 | Mem:0.00M, Peak:0.00M | Scene, ViewLayer | Synchronizing object | Integrated head restraint
Fra:1 Mem:333.76M (Peak 333.76M) | Time:00:02.13 | Mem:0.00M, Peak:0.00M | Scene, ViewLayer | Synchronizing object | Rear left black spoke pocket.001
Fra:1 Mem:333.78M (Peak 333.78M) | Time:00:02.13 | Mem:0.00M, Peak:0.00M | Scene, ViewLayer | Synchronizing object | Contoured seat back.001
Fra:1 Mem:333.82M (Peak 333.82M) | Time:00:02.13 | Mem:0.00M, Peak:0.00M | Scene, ViewLayer | Synchronizing object | Rear left machined split spoke.002
Fra:1 Mem:333.85M (Peak 333.85M) | Time:00:02.13 | Mem:0.00M, Peak:0.00M | Scene, ViewLayer | Synchronizing object | Seat cushion
Fra:1 Mem:333.88M (Peak 333.88M) | Time:00:02.13 | Mem:0.00M, Peak:0.00M | Scene, ViewLayer | Synchronizing object | Rear left black spoke pocket.002
Fra:1 Mem:333.90M (Peak 333.90M) | Time:00:02.13 | Mem:0.00M, Peak:0.00M | Scene, ViewLayer | Synchronizing object | Rear left machined split spoke.003
Fra:1 Mem:333.88M (Peak 333.90M) | Time:00:02.13 | Mem:0.00M, Peak:0.00M | Scene, ViewLayer | Synchronizing object | Dark cabin tub
Fra:1 Mem:333.93M (Peak 333.93M) | Time:00:02.13 | Mem:0.00M, Peak:0.00M | Scene, ViewLayer | Synchronizing object | Rear left black spoke pocket.003
Fra:1 Mem:333.94M (Peak 333.94M) | Time:00:02.13 | Mem:0.00M, Peak:0.00M | Scene, ViewLayer | Synchronizing object | Rear right tire valve
Fra:1 Mem:333.97M (Peak 333.97M) | Time:00:02.13 | Mem:0.00M, Peak:0.00M | Scene, ViewLayer | Synchronizing object | Rear left machined split spoke.004
Fra:1 Mem:333.97M (Peak 333.97M) | Time:00:02.13 | Mem:0.00M, Peak:0.00M | Scene, ViewLayer | Synchronizing object | Rear right titanium lug nut.004
Fra:1 Mem:334.00M (Peak 334.00M) | Time:00:02.13 | Mem:0.00M, Peak:0.00M | Scene, ViewLayer | Synchronizing object | Rear left black spoke pocket.004
Fra:1 Mem:334.01M (Peak 334.01M) | Time:00:02.13 | Mem:0.00M, Peak:0.00M | Scene, ViewLayer | Synchronizing object | Rear right titanium lug nut.003
Fra:1 Mem:334.02M (Peak 334.02M) | Time:00:02.14 | Mem:0.00M, Peak:0.00M | Scene, ViewLayer | Synchronizing object | Rear right titanium lug nut.002
Fra:1 Mem:334.03M (Peak 334.03M) | Time:00:02.14 | Mem:0.00M, Peak:0.00M | Scene, ViewLayer | Synchronizing object | Rear right titanium lug nut.001
Fra:1 Mem:334.04M (Peak 334.04M) | Time:00:02.14 | Mem:0.00M, Peak:0.00M | Scene, ViewLayer | Synchronizing object | Rear right titanium lug nut
Fra:1 Mem:334.09M (Peak 334.09M) | Time:00:02.14 | Mem:0.00M, Peak:0.00M | Scene, ViewLayer | Synchronizing object | Rear right center cap ring
Fra:1 Mem:334.21M (Peak 334.21M) | Time:00:02.14 | Mem:0.00M, Peak:0.00M | Scene, ViewLayer | Synchronizing object | Rear right center hub
Fra:1 Mem:334.22M (Peak 334.22M) | Time:00:02.14 | Mem:0.00M, Peak:0.00M | Scene, ViewLayer | Synchronizing object | Rear left machined split spoke.005
Fra:1 Mem:334.28M (Peak 334.28M) | Time:00:02.14 | Mem:0.00M, Peak:0.00M | Scene, ViewLayer | Synchronizing object | Rear left black spoke pocket.005
Fra:1 Mem:334.30M (Peak 334.30M) | Time:00:02.14 | Mem:0.00M, Peak:0.00M | Scene, ViewLayer | Synchronizing object | Rear right black spoke pocket.009
Fra:1 Mem:334.30M (Peak 334.30M) | Time:00:02.14 | Mem:0.00M, Peak:0.00M | Scene, ViewLayer | Synchronizing object | Rear right machined split spoke.009
Fra:1 Mem:334.33M (Peak 334.33M) | Time:00:02.14 | Mem:0.00M, Peak:0.00M | Scene, ViewLayer | Synchronizing object | Rear right black spoke pocket.008
Fra:1 Mem:334.37M (Peak 334.37M) | Time:00:02.14 | Mem:0.00M, Peak:0.00M | Scene, ViewLayer | Synchronizing object | Rear left machined split spoke.006
Fra:1 Mem:334.40M (Peak 334.40M) | Time:00:02.15 | Mem:0.00M, Peak:0.00M | Scene, ViewLayer | Synchronizing object | Rear right machined split spoke.008
Fra:1 Mem:334.39M (Peak 334.40M) | Time:00:02.15 | Mem:0.00M, Peak:0.00M | Scene, ViewLayer | Synchronizing object | Rear left black spoke pocket.006
Fra:1 Mem:334.46M (Peak 334.46M) | Time:00:02.15 | Mem:0.00M, Peak:0.00M | Scene, ViewLayer | Synchronizing object | Rear right black spoke pocket.007
Fra:1 Mem:334.49M (Peak 334.49M) | Time:00:02.15 | Mem:0.00M, Peak:0.00M | Scene, ViewLayer | Synchronizing object | Rear left machined split spoke.007
Fra:1 Mem:334.52M (Peak 334.52M) | Time:00:02.15 | Mem:0.00M, Peak:0.00M | Scene, ViewLayer | Synchronizing object | Rear right machined split spoke.007
Fra:1 Mem:334.55M (Peak 334.55M) | Time:00:02.15 | Mem:0.00M, Peak:0.00M | Scene, ViewLayer | Synchronizing object | Rear left black spoke pocket.007
Fra:1 Mem:334.56M (Peak 334.56M) | Time:00:02.15 | Mem:0.00M, Peak:0.00M | Scene, ViewLayer | Synchronizing object | Rear left machined split spoke.008
Fra:1 Mem:334.62M (Peak 334.62M) | Time:00:02.15 | Mem:0.00M, Peak:0.00M | Scene, ViewLayer | Synchronizing object | Rear right black spoke pocket.006
Fra:1 Mem:334.61M (Peak 334.62M) | Time:00:02.15 | Mem:0.00M, Peak:0.00M | Scene, ViewLayer | Synchronizing object | Rear left black spoke pocket.008
Fra:1 Mem:334.63M (Peak 334.63M) | Time:00:02.15 | Mem:0.00M, Peak:0.00M | Scene, ViewLayer | Synchronizing object | Rear left machined split spoke.009
Fra:1 Mem:334.72M (Peak 334.72M) | Time:00:02.15 | Mem:0.00M, Peak:0.00M | Scene, ViewLayer | Synchronizing object | Rear right machined split spoke.006
Fra:1 Mem:334.67M (Peak 334.72M) | Time:00:02.15 | Mem:0.00M, Peak:0.00M | Scene, ViewLayer | Synchronizing object | Rear left black spoke pocket.009
Fra:1 Mem:334.72M (Peak 334.72M) | Time:00:02.15 | Mem:0.00M, Peak:0.00M | Scene, ViewLayer | Synchronizing object | Rear left center hub
Fra:1 Mem:334.84M (Peak 334.84M) | Time:00:02.15 | Mem:0.00M, Peak:0.00M | Scene, ViewLayer | Synchronizing object | Rear right black spoke pocket.005
Fra:1 Mem:334.84M (Peak 334.84M) | Time:00:02.15 | Mem:0.00M, Peak:0.00M | Scene, ViewLayer | Synchronizing object | Rear left center cap ring
Fra:1 Mem:334.82M (Peak 334.84M) | Time:00:02.15 | Mem:0.00M, Peak:0.00M | Scene, ViewLayer | Synchronizing object | Rear left titanium lug nut
Fra:1 Mem:334.92M (Peak 334.92M) | Time:00:02.15 | Mem:0.00M, Peak:0.00M | Scene, ViewLayer | Synchronizing object | Rear right machined split spoke.005
Fra:1 Mem:334.90M (Peak 334.92M) | Time:00:02.15 | Mem:0.00M, Peak:0.00M | Scene, ViewLayer | Synchronizing object | Rear left titanium lug nut.001
Fra:1 Mem:334.90M (Peak 334.92M) | Time:00:02.15 | Mem:0.00M, Peak:0.00M | Scene, ViewLayer | Synchronizing object | Rear left titanium lug nut.002
Fra:1 Mem:335.01M (Peak 335.01M) | Time:00:02.15 | Mem:0.00M, Peak:0.00M | Scene, ViewLayer | Synchronizing object | Rear left titanium lug nut.003
Fra:1 Mem:334.99M (Peak 335.01M) | Time:00:02.15 | Mem:0.00M, Peak:0.00M | Scene, ViewLayer | Synchronizing object | Rear left titanium lug nut.004
Fra:1 Mem:334.99M (Peak 335.01M) | Time:00:02.15 | Mem:0.00M, Peak:0.00M | Scene, ViewLayer | Synchronizing object | Rear left tire valve
Fra:1 Mem:334.95M (Peak 335.01M) | Time:00:02.15 | Mem:0.00M, Peak:0.00M | Scene, ViewLayer | Synchronizing object | Rear right | tire carcass
Fra:1 Mem:335.02M (Peak 335.02M) | Time:00:02.15 | Mem:0.00M, Peak:0.00M | Scene, ViewLayer | Synchronizing object | Rear right tire molded sidewall ring.001
Fra:1 Mem:335.24M (Peak 335.24M) | Time:00:02.15 | Mem:0.00M, Peak:0.00M | Scene, ViewLayer | Synchronizing object | Rear right black spoke pocket.004
Fra:1 Mem:335.27M (Peak 335.27M) | Time:00:02.15 | Mem:0.00M, Peak:0.00M | Scene, ViewLayer | Synchronizing object | Rear right tire molded sidewall ring.002
Fra:1 Mem:335.31M (Peak 335.31M) | Time:00:02.15 | Mem:0.00M, Peak:0.00M | Scene, ViewLayer | Synchronizing object | Rear right tire molded sidewall ring
Fra:1 Mem:335.58M (Peak 335.58M) | Time:00:02.15 | Mem:0.00M, Peak:0.00M | Scene, ViewLayer | Synchronizing object | Rear right directional tread | 792 blocks
Fra:1 Mem:335.67M (Peak 335.67M) | Time:00:02.15 | Mem:0.00M, Peak:0.00M | Scene, ViewLayer | Synchronizing object | Rear right cast rim barrel
Fra:1 Mem:335.65M (Peak 335.67M) | Time:00:02.15 | Mem:0.00M, Peak:0.00M | Scene, ViewLayer | Synchronizing object | Rear right machined split spoke.004
Fra:1 Mem:335.97M (Peak 335.97M) | Time:00:02.15 | Mem:0.00M, Peak:0.00M | Scene, ViewLayer | Synchronizing object | Rear right diamond-cut outer flange
Fra:1 Mem:336.45M (Peak 336.45M) | Time:00:02.15 | Mem:0.00M, Peak:0.00M | Scene, ViewLayer | Synchronizing object | Rear right inner rim accent
Fra:1 Mem:336.53M (Peak 336.53M) | Time:00:02.15 | Mem:0.00M, Peak:0.00M | Scene, ViewLayer | Synchronizing object | Rear right black spoke pocket.003
Fra:1 Mem:336.56M (Peak 336.56M) | Time:00:02.15 | Mem:0.00M, Peak:0.00M | Scene, ViewLayer | Synchronizing object | Rear right brake rotor
Fra:1 Mem:336.64M (Peak 336.64M) | Time:00:02.15 | Mem:0.00M, Peak:0.00M | Scene, ViewLayer | Synchronizing object | Rear right machined split spoke.003
Fra:1 Mem:336.70M (Peak 336.70M) | Time:00:02.15 | Mem:0.00M, Peak:0.00M | Scene, ViewLayer | Synchronizing object | Rear right rotor outer scoring
Fra:1 Mem:336.73M (Peak 336.73M) | Time:00:02.15 | Mem:0.00M, Peak:0.00M | Scene, ViewLayer | Synchronizing object | Rear right drilled rotor perforation.001
Fra:1 Mem:336.84M (Peak 336.84M) | Time:00:02.15 | Mem:0.00M, Peak:0.00M | Scene, ViewLayer | Synchronizing object | Rear right black spoke pocket.002
Fra:1 Mem:336.87M (Peak 336.87M) | Time:00:02.15 | Mem:0.00M, Peak:0.00M | Scene, ViewLayer | Synchronizing object | Rear right machined split spoke.002
Fra:1 Mem:336.90M (Peak 336.90M) | Time:00:02.15 | Mem:0.00M, Peak:0.00M | Scene, ViewLayer | Synchronizing object | Rear right black spoke pocket.001
Fra:1 Mem:336.92M (Peak 336.92M) | Time:00:02.15 | Mem:0.00M, Peak:0.00M | Scene, ViewLayer | Synchronizing object | Rear right machined split spoke.001
Fra:1 Mem:336.95M (Peak 336.95M) | Time:00:02.15 | Mem:0.00M, Peak:0.00M | Scene, ViewLayer | Synchronizing object | Rear right black spoke pocket
Fra:1 Mem:336.95M (Peak 336.95M) | Time:00:02.15 | Mem:0.00M, Peak:0.00M | Scene, ViewLayer | Synchronizing object | Rear right drilled rotor perforation.002
Fra:1 Mem:336.99M (Peak 336.99M) | Time:00:02.15 | Mem:0.00M, Peak:0.00M | Scene, ViewLayer | Synchronizing object | Rear right drilled rotor perforation.003
Fra:1 Mem:336.99M (Peak 336.99M) | Time:00:02.15 | Mem:0.00M, Peak:0.00M | Scene, ViewLayer | Synchronizing object | Rear right drilled rotor perforation.004
Fra:1 Mem:337.03M (Peak 337.03M) | Time:00:02.15 | Mem:0.00M, Peak:0.00M | Scene, ViewLayer | Synchronizing object | Rear right drilled rotor perforation.005
Fra:1 Mem:337.06M (Peak 337.06M) | Time:00:02.15 | Mem:0.00M, Peak:0.00M | Scene, ViewLayer | Synchronizing object | Rear right drilled rotor perforation.006
Fra:1 Mem:337.07M (Peak 337.07M) | Time:00:02.15 | Mem:0.00M, Peak:0.00M | Scene, ViewLayer | Synchronizing object | Rear right drilled rotor perforation.007
Fra:1 Mem:337.06M (Peak 337.07M) | Time:00:02.15 | Mem:0.00M, Peak:0.00M | Scene, ViewLayer | Synchronizing object | Rear right drilled rotor perforation.008
Fra:1 Mem:337.08M (Peak 337.08M) | Time:00:02.15 | Mem:0.00M, Peak:0.00M | Scene, ViewLayer | Synchronizing object | Rear right drilled rotor perforation.009
Fra:1 Mem:337.07M (Peak 337.08M) | Time:00:02.15 | Mem:0.00M, Peak:0.00M | Scene, ViewLayer | Synchronizing object | Rear right drilled rotor perforation.011
Fra:1 Mem:337.10M (Peak 337.10M) | Time:00:02.15 | Mem:0.00M, Peak:0.00M | Scene, ViewLayer | Synchronizing object | Rear right drilled rotor perforation.012
Fra:1 Mem:337.13M (Peak 337.13M) | Time:00:02.15 | Mem:0.00M, Peak:0.00M | Scene, ViewLayer | Synchronizing object | Rear right drilled rotor perforation.013
Fra:1 Mem:337.15M (Peak 337.15M) | Time:00:02.15 | Mem:0.00M, Peak:0.00M | Scene, ViewLayer | Synchronizing object | Rear right drilled rotor perforation.015
Fra:1 Mem:337.20M (Peak 337.20M) | Time:00:02.15 | Mem:0.00M, Peak:0.00M | Scene, ViewLayer | Synchronizing object | Rear right drilled rotor perforation.016
Fra:1 Mem:337.23M (Peak 337.23M) | Time:00:02.15 | Mem:0.00M, Peak:0.00M | Scene, ViewLayer | Synchronizing object | Rear right drilled rotor perforation.017
Fra:1 Mem:337.23M (Peak 337.23M) | Time:00:02.15 | Mem:0.00M, Peak:0.00M | Scene, ViewLayer | Synchronizing object | Rear right drilled rotor perforation.018
Fra:1 Mem:337.28M (Peak 337.28M) | Time:00:02.15 | Mem:0.00M, Peak:0.00M | Scene, ViewLayer | Synchronizing object | Rear right yellow six-piston caliper
Fra:1 Mem:337.22M (Peak 337.28M) | Time:00:02.15 | Mem:0.00M, Peak:0.00M | Scene, ViewLayer | Synchronizing object | Rear right drilled rotor perforation.019
Fra:1 Mem:337.23M (Peak 337.28M) | Time:00:02.15 | Mem:0.00M, Peak:0.00M | Scene, ViewLayer | Synchronizing object | Rear right drilled rotor perforation.020
Fra:1 Mem:337.34M (Peak 337.34M) | Time:00:02.16 | Mem:0.00M, Peak:0.00M | Scene, ViewLayer | Synchronizing object | Rear right drilled rotor perforation.021
Fra:1 Mem:337.27M (Peak 337.34M) | Time:00:02.16 | Mem:0.00M, Peak:0.00M | Scene, ViewLayer | Synchronizing object | Rear right drilled rotor perforation.022
Fra:1 Mem:337.34M (Peak 337.34M) | Time:00:02.16 | Mem:0.00M, Peak:0.00M | Scene, ViewLayer | Synchronizing object | Rear right brake disc bell
Fra:1 Mem:337.32M (Peak 337.34M) | Time:00:02.16 | Mem:0.00M, Peak:0.00M | Scene, ViewLayer | Synchronizing object | Rear right drilled rotor perforation.024
Fra:1 Mem:337.44M (Peak 337.44M) | Time:00:02.16 | Mem:0.00M, Peak:0.00M | Scene, ViewLayer | Synchronizing object | Rear right drilled rotor perforation.025
Fra:1 Mem:337.47M (Peak 337.47M) | Time:00:02.16 | Mem:0.00M, Peak:0.00M | Scene, ViewLayer | Synchronizing object | Rear right drilled rotor perforation.026
Fra:1 Mem:337.47M (Peak 337.47M) | Time:00:02.16 | Mem:0.00M, Peak:0.00M | Scene, ViewLayer | Synchronizing object | Rear right drilled rotor perforation.071
Fra:1 Mem:337.41M (Peak 337.47M) | Time:00:02.16 | Mem:0.00M, Peak:0.00M | Scene, ViewLayer | Synchronizing object | Rear right drilled rotor perforation.027
Fra:1 Mem:337.39M (Peak 337.47M) | Time:00:02.16 | Mem:0.00M, Peak:0.00M | Scene, ViewLayer | Synchronizing object | Rear right drilled rotor perforation.028
Fra:1 Mem:337.45M (Peak 337.47M) | Time:00:02.16 | Mem:0.00M, Peak:0.00M | Scene, ViewLayer | Synchronizing object | Rear right drilled rotor perforation.029
Fra:1 Mem:337.43M (Peak 337.47M) | Time:00:02.16 | Mem:0.00M, Peak:0.00M | Scene, ViewLayer | Synchronizing object | Rear right drilled rotor perforation.030
Fra:1 Mem:337.49M (Peak 337.49M) | Time:00:02.16 | Mem:0.00M, Peak:0.00M | Scene, ViewLayer | Synchronizing object | Rear right drilled rotor perforation.031
Fra:1 Mem:337.50M (Peak 337.50M) | Time:00:02.16 | Mem:0.00M, Peak:0.00M | Scene, ViewLayer | Synchronizing object | Rear right drilled rotor perforation.070
Fra:1 Mem:337.50M (Peak 337.50M) | Time:00:02.16 | Mem:0.00M, Peak:0.00M | Scene, ViewLayer | Synchronizing object | Rear right drilled rotor perforation.032
Fra:1 Mem:337.50M (Peak 337.50M) | Time:00:02.16 | Mem:0.00M, Peak:0.00M | Scene, ViewLayer | Synchronizing object | Rear right drilled rotor perforation.033
Fra:1 Mem:337.54M (Peak 337.54M) | Time:00:02.16 | Mem:0.00M, Peak:0.00M | Scene, ViewLayer | Synchronizing object | Rear right drilled rotor perforation.069
Fra:1 Mem:337.59M (Peak 337.59M) | Time:00:02.16 | Mem:0.00M, Peak:0.00M | Scene, ViewLayer | Synchronizing object | Rear right drilled rotor perforation.034
Fra:1 Mem:337.58M (Peak 337.59M) | Time:00:02.16 | Mem:0.00M, Peak:0.00M | Scene, ViewLayer | Synchronizing object | Rear right drilled rotor perforation.068
Fra:1 Mem:337.60M (Peak 337.60M) | Time:00:02.16 | Mem:0.00M, Peak:0.00M | Scene, ViewLayer | Synchronizing object | Rear right drilled rotor perforation.035
Fra:1 Mem:337.57M (Peak 337.60M) | Time:00:02.16 | Mem:0.00M, Peak:0.00M | Scene, ViewLayer | Synchronizing object | Rear right drilled rotor perforation.067
Fra:1 Mem:337.64M (Peak 337.64M) | Time:00:02.16 | Mem:0.00M, Peak:0.00M | Scene, ViewLayer | Synchronizing object | Rear right drilled rotor perforation.036
Fra:1 Mem:337.61M (Peak 337.64M) | Time:00:02.16 | Mem:0.00M, Peak:0.00M | Scene, ViewLayer | Synchronizing object | Rear right drilled rotor perforation.037
Fra:1 Mem:337.64M (Peak 337.64M) | Time:00:02.16 | Mem:0.00M, Peak:0.00M | Scene, ViewLayer | Synchronizing object | Rear right drilled rotor perforation.038
Fra:1 Mem:337.69M (Peak 337.69M) | Time:00:02.16 | Mem:0.00M, Peak:0.00M | Scene, ViewLayer | Synchronizing object | Rear right drilled rotor perforation.065
Fra:1 Mem:337.65M (Peak 337.69M) | Time:00:02.16 | Mem:0.00M, Peak:0.00M | Scene, ViewLayer | Synchronizing object | Rear right drilled rotor perforation.040
Fra:1 Mem:337.74M (Peak 337.74M) | Time:00:02.16 | Mem:0.00M, Peak:0.00M | Scene, ViewLayer | Synchronizing object | Rear right drilled rotor perforation.041
Fra:1 Mem:337.70M (Peak 337.74M) | Time:00:02.16 | Mem:0.00M, Peak:0.00M | Scene, ViewLayer | Synchronizing object | Rear right drilled rotor perforation.042
Fra:1 Mem:337.77M (Peak 337.77M) | Time:00:02.16 | Mem:0.00M, Peak:0.00M | Scene, ViewLayer | Synchronizing object | Rear right drilled rotor perforation.043
Fra:1 Mem:337.76M (Peak 337.77M) | Time:00:02.16 | Mem:0.00M, Peak:0.00M | Scene, ViewLayer | Synchronizing object | Rear right drilled rotor perforation.044
Fra:1 Mem:337.82M (Peak 337.82M) | Time:00:02.16 | Mem:0.00M, Peak:0.00M | Scene, ViewLayer | Synchronizing object | Rear right drilled rotor perforation.045
Fra:1 Mem:337.83M (Peak 337.83M) | Time:00:02.16 | Mem:0.00M, Peak:0.00M | Scene, ViewLayer | Synchronizing object | Rear right drilled rotor perforation.046
Fra:1 Mem:337.79M (Peak 337.83M) | Time:00:02.16 | Mem:0.00M, Peak:0.00M | Scene, ViewLayer | Synchronizing object | Rear right drilled rotor perforation.063
Fra:1 Mem:337.80M (Peak 337.83M) | Time:00:02.16 | Mem:0.00M, Peak:0.00M | Scene, ViewLayer | Synchronizing object | Rear right drilled rotor perforation.047
Fra:1 Mem:337.83M (Peak 337.83M) | Time:00:02.16 | Mem:0.00M, Peak:0.00M | Scene, ViewLayer | Synchronizing object | Rear right drilled rotor perforation.048
Fra:1 Mem:337.87M (Peak 337.87M) | Time:00:02.16 | Mem:0.00M, Peak:0.00M | Scene, ViewLayer | Synchronizing object | Rear right drilled rotor perforation.049
Fra:1 Mem:337.89M (Peak 337.89M) | Time:00:02.16 | Mem:0.00M, Peak:0.00M | Scene, ViewLayer | Synchronizing object | Rear right drilled rotor perforation.062
Fra:1 Mem:337.87M (Peak 337.89M) | Time:00:02.16 | Mem:0.00M, Peak:0.00M | Scene, ViewLayer | Synchronizing object | Rear right drilled rotor perforation.050
Fra:1 Mem:337.92M (Peak 337.92M) | Time:00:02.16 | Mem:0.00M, Peak:0.00M | Scene, ViewLayer | Synchronizing object | Rear right drilled rotor perforation.061
Fra:1 Mem:337.90M (Peak 337.92M) | Time:00:02.16 | Mem:0.00M, Peak:0.00M | Scene, ViewLayer | Synchronizing object | Rear right drilled rotor perforation.051
Fra:1 Mem:337.96M (Peak 337.96M) | Time:00:02.16 | Mem:0.00M, Peak:0.00M | Scene, ViewLayer | Synchronizing object | Rear right drilled rotor perforation.052
Fra:1 Mem:337.93M (Peak 337.96M) | Time:00:02.16 | Mem:0.00M, Peak:0.00M | Scene, ViewLayer | Synchronizing object | Rear right drilled rotor perforation.053
Fra:1 Mem:337.92M (Peak 337.96M) | Time:00:02.16 | Mem:0.00M, Peak:0.00M | Scene, ViewLayer | Synchronizing object | Rear right drilled rotor perforation.060
Fra:1 Mem:337.96M (Peak 337.96M) | Time:00:02.16 | Mem:0.00M, Peak:0.00M | Scene, ViewLayer | Synchronizing object | Rear right drilled rotor perforation.054
Fra:1 Mem:337.97M (Peak 337.97M) | Time:00:02.16 | Mem:0.00M, Peak:0.00M | Scene, ViewLayer | Synchronizing object | Rear right drilled rotor perforation.055
Fra:1 Mem:337.97M (Peak 337.97M) | Time:00:02.16 | Mem:0.00M, Peak:0.00M | Scene, ViewLayer | Synchronizing object | Rear right drilled rotor perforation.059
Fra:1 Mem:338.05M (Peak 338.05M) | Time:00:02.16 | Mem:0.00M, Peak:0.00M | Scene, ViewLayer | Synchronizing object | Rear right drilled rotor perforation.056
Fra:1 Mem:338.02M (Peak 338.05M) | Time:00:02.16 | Mem:0.00M, Peak:0.00M | Scene, ViewLayer | Synchronizing object | Rear right drilled rotor perforation.058
Fra:1 Mem:338.03M (Peak 338.05M) | Time:00:02.16 | Mem:0.00M, Peak:0.00M | Scene, ViewLayer | Synchronizing object | Rear right drilled rotor perforation.057
Fra:1 Mem:338.02M (Peak 338.05M) | Time:00:02.16 | Mem:0.00M, Peak:0.00M | Scene, ViewLayer | Initializing
Fra:1 Mem:253.18M (Peak 338.05M) | Time:00:02.22 | Mem:0.00M, Peak:0.00M | Scene, ViewLayer | Waiting for render to start
Fra:1 Mem:253.18M (Peak 338.05M) | Time:00:02.22 | Mem:0.00M, Peak:0.00M | Scene, ViewLayer | Loading render kernels (may take a few minutes the first time)
Fra:1 Mem:253.18M (Peak 338.05M) | Time:00:02.22 | Mem:0.00M, Peak:0.00M | Scene, ViewLayer | Updating Scene
Fra:1 Mem:253.18M (Peak 338.05M) | Time:00:02.22 | Mem:0.00M, Peak:0.00M | Scene, ViewLayer | Updating Shaders
Fra:1 Mem:253.19M (Peak 338.05M) | Time:00:02.22 | Mem:0.01M, Peak:0.01M | Scene, ViewLayer | Updating Procedurals
Fra:1 Mem:253.19M (Peak 338.05M) | Time:00:02.22 | Mem:0.01M, Peak:0.01M | Scene, ViewLayer | Updating Background
Fra:1 Mem:253.19M (Peak 338.05M) | Time:00:02.22 | Mem:0.01M, Peak:0.01M | Scene, ViewLayer | Updating Camera
Fra:1 Mem:253.19M (Peak 338.05M) | Time:00:02.22 | Mem:0.01M, Peak:0.01M | Scene, ViewLayer | Updating Meshes Flags
Fra:1 Mem:253.19M (Peak 338.05M) | Time:00:02.22 | Mem:0.01M, Peak:0.01M | Scene, ViewLayer | Updating Objects
Fra:1 Mem:253.19M (Peak 338.05M) | Time:00:02.22 | Mem:0.01M, Peak:0.01M | Scene, ViewLayer | Updating Objects | Copying Transformations to device
Fra:1 Mem:253.35M (Peak 338.05M) | Time:00:02.22 | Mem:0.16M, Peak:0.16M | Scene, ViewLayer | Updating Objects | Applying Static Transformations
Fra:1 Mem:253.35M (Peak 338.05M) | Time:00:02.23 | Mem:0.16M, Peak:0.16M | Scene, ViewLayer | Updating Particle Systems
Fra:1 Mem:253.35M (Peak 338.05M) | Time:00:02.23 | Mem:0.16M, Peak:0.16M | Scene, ViewLayer | Updating Particle Systems | Copying Particles to device
Fra:1 Mem:253.35M (Peak 338.05M) | Time:00:02.23 | Mem:0.16M, Peak:0.16M | Scene, ViewLayer | Updating Meshes
Fra:1 Mem:267.99M (Peak 338.05M) | Time:00:02.28 | Mem:0.16M, Peak:0.16M | Scene, ViewLayer | Updating Mesh | Computing attributes
Fra:1 Mem:274.62M (Peak 338.05M) | Time:00:02.29 | Mem:0.21M, Peak:0.21M | Scene, ViewLayer | Updating Mesh | Copying Attributes to device
Fra:1 Mem:274.51M (Peak 338.05M) | Time:00:02.29 | Mem:6.68M, Peak:6.68M | Scene, ViewLayer | Updating Scene BVH | Building
Fra:1 Mem:274.52M (Peak 338.05M) | Time:00:02.29 | Mem:6.68M, Peak:6.68M | Scene, ViewLayer | Updating Scene BVH | Building BVH
Fra:1 Mem:274.52M (Peak 338.05M) | Time:00:02.29 | Mem:35.96M, Peak:35.96M | Scene, ViewLayer | Updating Scene BVH | Building BVH 0%
Fra:1 Mem:274.52M (Peak 338.05M) | Time:00:02.54 | Mem:95.96M, Peak:95.96M | Scene, ViewLayer | Updating Scene BVH | Building BVH 100%
Fra:1 Mem:274.52M (Peak 338.05M) | Time:00:02.55 | Mem:68.68M, Peak:97.96M | Scene, ViewLayer | Updating Scene BVH | Copying BVH to device
Fra:1 Mem:274.52M (Peak 338.05M) | Time:00:02.55 | Mem:68.68M, Peak:97.96M | Scene, ViewLayer | Updating Mesh | Computing normals
Fra:1 Mem:310.63M (Peak 338.05M) | Time:00:02.61 | Mem:68.68M, Peak:97.96M | Scene, ViewLayer | Updating Mesh | Copying Mesh to device
Fra:1 Mem:310.63M (Peak 338.05M) | Time:00:02.61 | Mem:104.78M, Peak:104.78M | Scene, ViewLayer | Updating Objects Flags
Fra:1 Mem:310.63M (Peak 338.05M) | Time:00:02.61 | Mem:104.79M, Peak:104.79M | Scene, ViewLayer | Updating Primitive Offsets
Fra:1 Mem:310.63M (Peak 338.05M) | Time:00:02.61 | Mem:104.79M, Peak:104.79M | Scene, ViewLayer | Updating Images
Fra:1 Mem:310.63M (Peak 338.05M) | Time:00:02.61 | Mem:104.79M, Peak:104.79M | Scene, ViewLayer | Updating Camera Volume
Fra:1 Mem:310.63M (Peak 338.05M) | Time:00:02.61 | Mem:104.79M, Peak:104.79M | Scene, ViewLayer | Updating Lookup Tables
Fra:1 Mem:310.63M (Peak 338.05M) | Time:00:02.61 | Mem:104.79M, Peak:104.79M | Scene, ViewLayer | Updating Lights
Fra:1 Mem:310.63M (Peak 338.05M) | Time:00:02.61 | Mem:104.79M, Peak:104.79M | Scene, ViewLayer | Updating Lights | Computing distribution
Fra:1 Mem:310.63M (Peak 338.05M) | Time:00:02.61 | Mem:104.79M, Peak:104.79M | Scene, ViewLayer | Updating Lights | Computing tree
Fra:1 Mem:312.28M (Peak 338.05M) | Time:00:02.65 | Mem:106.44M, Peak:106.44M | Scene, ViewLayer | Updating Integrator
Fra:1 Mem:313.28M (Peak 338.05M) | Time:00:02.65 | Mem:107.44M, Peak:107.44M | Scene, ViewLayer | Updating Film
Fra:1 Mem:313.28M (Peak 338.05M) | Time:00:02.65 | Mem:107.44M, Peak:107.44M | Scene, ViewLayer | Updating Lookup Tables
Fra:1 Mem:313.28M (Peak 338.05M) | Time:00:02.65 | Mem:107.45M, Peak:107.45M | Scene, ViewLayer | Updating Baking
Fra:1 Mem:313.28M (Peak 338.05M) | Time:00:02.65 | Mem:107.45M, Peak:107.45M | Scene, ViewLayer | Updating Device | Writing constant memory
Fra:1 Mem:313.29M (Peak 338.05M) | Time:00:02.65 | Mem:107.45M, Peak:107.45M | Scene, ViewLayer | Sample 0/48
Fra:1 Mem:446.90M (Peak 446.90M) | Time:00:11.29 | Remaining:06:46.08 | Mem:241.04M, Peak:241.04M | Scene, ViewLayer | Sample 1/48
Fra:1 Mem:446.90M (Peak 446.90M) | Time:00:43.26 | Remaining:05:49.29 | Mem:241.04M, Peak:241.04M | Scene, ViewLayer | Sample 5/48
Fra:1 Mem:446.90M (Peak 446.90M) | Time:01:14.83 | Remaining:05:12.77 | Mem:241.04M, Peak:241.04M | Scene, ViewLayer | Sample 9/48
Fra:1 Mem:446.90M (Peak 446.90M) | Time:01:41.91 | Remaining:04:27.25 | Mem:241.04M, Peak:241.04M | Scene, ViewLayer | Sample 13/48
Fra:1 Mem:446.90M (Peak 446.90M) | Time:01:59.13 | Remaining:03:52.95 | Mem:241.04M, Peak:241.04M | Scene, ViewLayer | Sample 16/48
Fra:1 Mem:446.90M (Peak 446.90M) | Time:02:11.04 | Remaining:02:59.75 | Mem:241.04M, Peak:241.04M | Scene, ViewLayer | Sample 20/48
Fra:1 Mem:446.90M (Peak 446.90M) | Time:02:21.54 | Remaining:02:18.89 | Mem:241.04M, Peak:241.04M | Scene, ViewLayer | Sample 24/48
Fra:1 Mem:446.90M (Peak 446.90M) | Time:02:30.33 | Remaining:01:45.48 | Mem:241.04M, Peak:241.04M | Scene, ViewLayer | Sample 28/48
Fra:1 Mem:446.90M (Peak 446.90M) | Time:02:42.53 | Remaining:01:19.93 | Mem:241.04M, Peak:241.04M | Scene, ViewLayer | Sample 32/48
Fra:1 Mem:446.90M (Peak 446.90M) | Time:02:56.00 | Remaining:00:34.67 | Mem:241.04M, Peak:241.04M | Scene, ViewLayer | Sample 40/48
Fra:1 Mem:503.15M (Peak 587.53M) | Time:03:17.45 | Mem:241.04M, Peak:241.04M | Scene, ViewLayer | Sample 48/48
Fra:1 Mem:503.15M (Peak 587.53M) | Time:03:17.45 | Mem:241.04M, Peak:241.04M | Scene, ViewLayer | Finished
Saved: 'C:\MyProjects\TempProject (OpenAI)\su7\renders\front_hero.png'
 Time: 03:18.37 (Saving: 00:00.87)

PRODUCTION_RENDER_COMPLETE front_hero
PRODUCTION_RENDER_START rear_hero
Fra:1 Mem:286.49M (Peak 286.49M) | Time:00:01.39 | Mem:0.00M, Peak:0.00M | Scene, ViewLayer | Synchronizing object | Unified aluminum body | welded hood, quarters and bumpers
Fra:1 Mem:290.13M (Peak 290.13M) | Time:00:01.39 | Mem:0.00M, Peak:0.00M | Scene, ViewLayer | Synchronizing object | Window perimeter | satin black surround
Fra:1 Mem:290.17M (Peak 290.17M) | Time:00:01.39 | Mem:0.00M, Peak:0.00M | Scene, ViewLayer | Synchronizing object | Compound curved greenhouse | panoramic glazing
Fra:1 Mem:291.37M (Peak 291.37M) | Time:00:01.39 | Mem:0.00M, Peak:0.00M | Scene, ViewLayer | Synchronizing object | B pillar black trim
Fra:1 Mem:291.41M (Peak 291.41M) | Time:00:01.39 | Mem:0.00M, Peak:0.00M | Scene, ViewLayer | Synchronizing object | B pillar black trim.001
Fra:1 Mem:291.72M (Peak 291.72M) | Time:00:01.39 | Mem:0.00M, Peak:0.00M | Scene, ViewLayer | Synchronizing object | B pillar black trim.002
Fra:1 Mem:291.76M (Peak 291.76M) | Time:00:01.39 | Mem:0.00M, Peak:0.00M | Scene, ViewLayer | Synchronizing object | Rear quarter glass division
Fra:1 Mem:291.79M (Peak 291.79M) | Time:00:01.39 | Mem:0.00M, Peak:0.00M | Scene, ViewLayer | Synchronizing object | Painted continuous A pillar and roof rail
Fra:1 Mem:292.37M (Peak 292.37M) | Time:00:01.39 | Mem:0.00M, Peak:0.00M | Scene, ViewLayer | Synchronizing object | Roof drip molding
Fra:1 Mem:292.55M (Peak 292.55M) | Time:00:01.39 | Mem:0.00M, Peak:0.00M | Scene, ViewLayer | Synchronizing object | Window perimeter | satin black surround.001
Fra:1 Mem:292.76M (Peak 292.76M) | Time:00:01.39 | Mem:0.00M, Peak:0.00M | Scene, ViewLayer | Synchronizing object | B pillar black trim.003
Fra:1 Mem:292.80M (Peak 292.80M) | Time:00:01.39 | Mem:0.00M, Peak:0.00M | Scene, ViewLayer | Synchronizing object | B pillar black trim.004
Fra:1 Mem:292.84M (Peak 292.84M) | Time:00:01.39 | Mem:0.00M, Peak:0.00M | Scene, ViewLayer | Synchronizing object | B pillar black trim.005
Fra:1 Mem:292.88M (Peak 292.88M) | Time:00:01.39 | Mem:0.00M, Peak:0.00M | Scene, ViewLayer | Synchronizing object | Rear quarter glass division.001
Fra:1 Mem:292.91M (Peak 292.91M) | Time:00:01.39 | Mem:0.00M, Peak:0.00M | Scene, ViewLayer | Synchronizing object | Painted continuous A pillar and roof rail.001
Fra:1 Mem:293.22M (Peak 293.22M) | Time:00:01.39 | Mem:0.00M, Peak:0.00M | Scene, ViewLayer | Synchronizing object | Roof drip molding.001
Fra:1 Mem:293.40M (Peak 293.40M) | Time:00:01.39 | Mem:0.00M, Peak:0.00M | Scene, ViewLayer | Synchronizing object | Hood precision shut line
Fra:1 Mem:293.53M (Peak 293.53M) | Time:00:01.39 | Mem:0.00M, Peak:0.00M | Scene, ViewLayer | Synchronizing object | Front door leading gap
Fra:1 Mem:293.59M (Peak 293.59M) | Time:00:01.39 | Mem:0.00M, Peak:0.00M | Scene, ViewLayer | Synchronizing object | B pillar door gap
Fra:1 Mem:293.66M (Peak 293.66M) | Time:00:01.39 | Mem:0.00M, Peak:0.00M | Scene, ViewLayer | Synchronizing object | Rear door trailing gap
Fra:1 Mem:293.73M (Peak 293.73M) | Time:00:01.39 | Mem:0.00M, Peak:0.00M | Scene, ViewLayer | Synchronizing object | Rocker sill
Fra:1 Mem:293.79M (Peak 293.79M) | Time:00:01.39 | Mem:0.00M, Peak:0.00M | Scene, ViewLayer | Synchronizing object | Rocker silver edge
Fra:1 Mem:293.86M (Peak 293.86M) | Time:00:01.39 | Mem:0.00M, Peak:0.00M | Scene, ViewLayer | Synchronizing object | Handle finger undercut
Fra:1 Mem:293.86M (Peak 293.86M) | Time:00:01.39 | Mem:0.00M, Peak:0.00M | Scene, ViewLayer | Synchronizing object | Handle finger undercut.001
Fra:1 Mem:293.86M (Peak 293.86M) | Time:00:01.39 | Mem:0.00M, Peak:0.00M | Scene, ViewLayer | Synchronizing object | Charging door
Fra:1 Mem:293.92M (Peak 293.92M) | Time:00:01.39 | Mem:0.00M, Peak:0.00M | Scene, ViewLayer | Synchronizing object | Smooth continuous side glass
Fra:1 Mem:293.92M (Peak 293.92M) | Time:00:01.39 | Mem:0.00M, Peak:0.00M | Scene, ViewLayer | Synchronizing object | Fender blade polished edge
Fra:1 Mem:294.02M (Peak 294.02M) | Time:00:01.39 | Mem:0.00M, Peak:0.00M | Scene, ViewLayer | Synchronizing object | Mirror stalk
Fra:1 Mem:294.46M (Peak 294.46M) | Time:00:01.39 | Mem:0.00M, Peak:0.00M | Scene, ViewLayer | Synchronizing object | Mirror LED indicator
Fra:1 Mem:294.49M (Peak 294.49M) | Time:00:01.39 | Mem:0.00M, Peak:0.00M | Scene, ViewLayer | Synchronizing object | Smooth continuous side glass.001
Fra:1 Mem:294.60M (Peak 294.60M) | Time:00:01.39 | Mem:0.00M, Peak:0.00M | Scene, ViewLayer | Synchronizing object | Rolled painted wheel arch lip
Fra:1 Mem:295.43M (Peak 295.43M) | Time:00:01.39 | Mem:0.00M, Peak:0.00M | Scene, ViewLayer | Synchronizing object | Wheelhouse dark reveal
Fra:1 Mem:295.67M (Peak 295.67M) | Time:00:01.39 | Mem:0.00M, Peak:0.00M | Scene, ViewLayer | Synchronizing object | Flush door handle recess
Fra:1 Mem:295.54M (Peak 295.67M) | Time:00:01.39 | Mem:0.00M, Peak:0.00M | Scene, ViewLayer | Synchronizing object | Rolled painted wheel arch lip.001
Fra:1 Mem:295.70M (Peak 295.70M) | Time:00:01.40 | Mem:0.00M, Peak:0.00M | Scene, ViewLayer | Synchronizing object | Wheelhouse dark reveal.001
Fra:1 Mem:295.71M (Peak 295.71M) | Time:00:01.40 | Mem:0.00M, Peak:0.00M | Scene, ViewLayer | Synchronizing object | Flush door handle | Aqua Blue
Fra:1 Mem:295.78M (Peak 295.78M) | Time:00:01.40 | Mem:0.00M, Peak:0.00M | Scene, ViewLayer | Synchronizing object | Flush door handle recess.001
Fra:1 Mem:303.19M (Peak 303.19M) | Time:00:01.40 | Mem:0.00M, Peak:0.00M | Scene, ViewLayer | Synchronizing object | Hood precision shut line.001
Fra:1 Mem:303.27M (Peak 303.27M) | Time:00:01.40 | Mem:0.00M, Peak:0.00M | Scene, ViewLayer | Synchronizing object | Flush door handle | Aqua Blue.001
Fra:1 Mem:303.61M (Peak 303.61M) | Time:00:01.40 | Mem:0.00M, Peak:0.00M | Scene, ViewLayer | Synchronizing object | Front fender black air blade
Fra:1 Mem:303.62M (Peak 303.62M) | Time:00:01.40 | Mem:0.00M, Peak:0.00M | Scene, ViewLayer | Synchronizing object | Side camera lens.001
Fra:1 Mem:303.65M (Peak 303.65M) | Time:00:01.40 | Mem:0.00M, Peak:0.00M | Scene, ViewLayer | Synchronizing object | Front door leading gap.001
Fra:1 Mem:303.66M (Peak 303.66M) | Time:00:01.40 | Mem:0.00M, Peak:0.00M | Scene, ViewLayer | Synchronizing object | Mirror black lower housing.001
Fra:1 Mem:303.72M (Peak 303.72M) | Time:00:01.40 | Mem:0.00M, Peak:0.00M | Scene, ViewLayer | Synchronizing object | Mirror painted upper cap.001
Fra:1 Mem:303.85M (Peak 303.85M) | Time:00:01.40 | Mem:0.00M, Peak:0.00M | Scene, ViewLayer | Synchronizing object | B pillar door gap.001
Fra:1 Mem:303.87M (Peak 303.87M) | Time:00:01.40 | Mem:0.00M, Peak:0.00M | Scene, ViewLayer | Synchronizing object | Mirror reflective glass.001
Fra:1 Mem:303.99M (Peak 303.99M) | Time:00:01.40 | Mem:0.00M, Peak:0.00M | Scene, ViewLayer | Synchronizing object | Wheelhouse liner
Fra:1 Mem:303.99M (Peak 303.99M) | Time:00:01.40 | Mem:0.00M, Peak:0.00M | Scene, ViewLayer | Synchronizing object | Rear door trailing gap.001
Fra:1 Mem:304.01M (Peak 304.01M) | Time:00:01.40 | Mem:0.00M, Peak:0.00M | Scene, ViewLayer | Synchronizing object | Wheelhouse liner.001
Fra:1 Mem:304.08M (Peak 304.08M) | Time:00:01.40 | Mem:0.00M, Peak:0.00M | Scene, ViewLayer | Synchronizing object | Rocker sill.001
Fra:1 Mem:304.15M (Peak 304.15M) | Time:00:01.40 | Mem:0.00M, Peak:0.00M | Scene, ViewLayer | Synchronizing object | Rocker silver edge.001
Fra:1 Mem:304.21M (Peak 304.21M) | Time:00:01.40 | Mem:0.00M, Peak:0.00M | Scene, ViewLayer | Synchronizing object | Flush door handle recess.002
Fra:1 Mem:304.22M (Peak 304.22M) | Time:00:01.40 | Mem:0.00M, Peak:0.00M | Scene, ViewLayer | Synchronizing object | Handle finger undercut.002
Fra:1 Mem:306.66M (Peak 306.66M) | Time:00:01.40 | Mem:0.00M, Peak:0.00M | Scene, ViewLayer | Synchronizing object | Handle finger undercut.003
Fra:1 Mem:306.66M (Peak 306.66M) | Time:00:01.40 | Mem:0.00M, Peak:0.00M | Scene, ViewLayer | Synchronizing object | Fender blade polished edge.001
Fra:1 Mem:306.67M (Peak 306.67M) | Time:00:01.40 | Mem:0.00M, Peak:0.00M | Scene, ViewLayer | Synchronizing object | Mirror stalk.001
Fra:1 Mem:306.67M (Peak 306.67M) | Time:00:01.40 | Mem:0.00M, Peak:0.00M | Scene, ViewLayer | Synchronizing object | Mirror LED indicator.001
Fra:1 Mem:306.75M (Peak 306.75M) | Time:00:01.40 | Mem:0.00M, Peak:0.00M | Scene, ViewLayer | Synchronizing object | Rolled painted wheel arch lip.002
Fra:1 Mem:306.87M (Peak 306.87M) | Time:00:01.40 | Mem:0.00M, Peak:0.00M | Scene, ViewLayer | Synchronizing object | Flush door handle | Aqua Blue.002
Fra:1 Mem:306.83M (Peak 306.87M) | Time:00:01.40 | Mem:0.00M, Peak:0.00M | Scene, ViewLayer | Synchronizing object | Wheelhouse dark reveal.002
Fra:1 Mem:306.86M (Peak 306.87M) | Time:00:01.40 | Mem:0.00M, Peak:0.00M | Scene, ViewLayer | Synchronizing object | Flush door handle recess.003
Fra:1 Mem:306.98M (Peak 306.98M) | Time:00:01.40 | Mem:0.00M, Peak:0.00M | Scene, ViewLayer | Synchronizing object | Rolled painted wheel arch lip.003
Fra:1 Mem:307.11M (Peak 307.11M) | Time:00:01.40 | Mem:0.00M, Peak:0.00M | Scene, ViewLayer | Synchronizing object | Flush door handle | Aqua Blue.003
Fra:1 Mem:307.14M (Peak 307.14M) | Time:00:01.40 | Mem:0.00M, Peak:0.00M | Scene, ViewLayer | Synchronizing object | Front fender black air blade.001
Fra:1 Mem:307.17M (Peak 307.17M) | Time:00:01.40 | Mem:0.00M, Peak:0.00M | Scene, ViewLayer | Synchronizing object | Wheelhouse dark reveal.003
Fra:1 Mem:307.11M (Peak 307.17M) | Time:00:01.40 | Mem:0.00M, Peak:0.00M | Scene, ViewLayer | Synchronizing object | Side camera lens
Fra:1 Mem:307.33M (Peak 307.33M) | Time:00:01.40 | Mem:0.00M, Peak:0.00M | Scene, ViewLayer | Synchronizing object | Mirror black lower housing
Fra:1 Mem:307.36M (Peak 307.36M) | Time:00:01.40 | Mem:0.00M, Peak:0.00M | Scene, ViewLayer | Synchronizing object | Headlight rubber gasket
Fra:1 Mem:307.35M (Peak 307.36M) | Time:00:01.40 | Mem:0.00M, Peak:0.00M | Scene, ViewLayer | Synchronizing object | Mirror painted upper cap
Fra:1 Mem:309.90M (Peak 309.91M) | Time:00:01.40 | Mem:0.00M, Peak:0.00M | Scene, ViewLayer | Synchronizing object | Mirror reflective glass
Fra:1 Mem:309.90M (Peak 309.91M) | Time:00:01.40 | Mem:0.00M, Peak:0.00M | Scene, ViewLayer | Synchronizing object | Wheelhouse liner.002
Fra:1 Mem:310.00M (Peak 310.00M) | Time:00:01.40 | Mem:0.00M, Peak:0.00M | Scene, ViewLayer | Synchronizing object | Wheelhouse liner.003
Fra:1 Mem:310.03M (Peak 310.03M) | Time:00:01.40 | Mem:0.00M, Peak:0.00M | Scene, ViewLayer | Synchronizing object | Waterdrop headlight | dark compound-curved optical housing
Fra:1 Mem:310.09M (Peak 310.09M) | Time:00:01.40 | Mem:0.00M, Peak:0.00M | Scene, ViewLayer | Synchronizing object | Signature sweeping diagonal DRL
Fra:1 Mem:310.17M (Peak 310.17M) | Time:00:01.40 | Mem:0.00M, Peak:0.00M | Scene, ViewLayer | Synchronizing object | Lower segmented optical return
Fra:1 Mem:310.22M (Peak 310.22M) | Time:00:01.40 | Mem:0.00M, Peak:0.00M | Scene, ViewLayer | Synchronizing object | Upper arrow DRL accent
Fra:1 Mem:310.26M (Peak 310.26M) | Time:00:01.40 | Mem:0.00M, Peak:0.00M | Scene, ViewLayer | Synchronizing object | Rectangular LED projector surround
Fra:1 Mem:310.33M (Peak 310.33M) | Time:00:01.40 | Mem:0.00M, Peak:0.00M | Scene, ViewLayer | Synchronizing object | Deep projector optic
Fra:1 Mem:310.30M (Peak 310.33M) | Time:00:01.40 | Mem:0.00M, Peak:0.00M | Scene, ViewLayer | Synchronizing object | Corner intake rim
Fra:1 Mem:310.34M (Peak 310.34M) | Time:00:01.40 | Mem:0.00M, Peak:0.00M | Scene, ViewLayer | Synchronizing object | Air curtain inner fin
Fra:1 Mem:310.37M (Peak 310.37M) | Time:00:01.40 | Mem:0.00M, Peak:0.00M | Scene, ViewLayer | Synchronizing object | Headlight rubber gasket.001
Fra:1 Mem:310.38M (Peak 310.38M) | Time:00:01.40 | Mem:0.00M, Peak:0.00M | Scene, ViewLayer | Synchronizing object | Rectangular LED projector surround.001
Fra:1 Mem:310.43M (Peak 310.43M) | Time:00:01.40 | Mem:0.00M, Peak:0.00M | Scene, ViewLayer | Synchronizing object | Headlight polished rim.001
Fra:1 Mem:310.54M (Peak 310.54M) | Time:00:01.40 | Mem:0.00M, Peak:0.00M | Scene, ViewLayer | Synchronizing object | Signature sweeping diagonal DRL.001
Fra:1 Mem:310.60M (Peak 310.60M) | Time:00:01.40 | Mem:0.00M, Peak:0.00M | Scene, ViewLayer | Synchronizing object | Lower segmented optical return.001
Fra:1 Mem:310.59M (Peak 310.60M) | Time:00:01.40 | Mem:0.00M, Peak:0.00M | Scene, ViewLayer | Synchronizing object | Deep projector optic.001
Fra:1 Mem:310.67M (Peak 310.67M) | Time:00:01.40 | Mem:0.00M, Peak:0.00M | Scene, ViewLayer | Synchronizing object | Upper arrow DRL accent.001
Fra:1 Mem:310.68M (Peak 310.68M) | Time:00:01.40 | Mem:0.00M, Peak:0.00M | Scene, ViewLayer | Synchronizing object | Rectangular LED projector surround.002
Fra:1 Mem:310.68M (Peak 310.68M) | Time:00:01.40 | Mem:0.00M, Peak:0.00M | Scene, ViewLayer | Synchronizing object | Corner intake rim.001
Fra:1 Mem:310.71M (Peak 310.71M) | Time:00:01.40 | Mem:0.00M, Peak:0.00M | Scene, ViewLayer | Synchronizing object | Air curtain inner fin.001
Fra:1 Mem:310.71M (Peak 310.71M) | Time:00:01.40 | Mem:0.00M, Peak:0.00M | Scene, ViewLayer | Synchronizing object | Satin front intake frame
Fra:1 Mem:310.74M (Peak 310.74M) | Time:00:01.40 | Mem:0.00M, Peak:0.00M | Scene, ViewLayer | Synchronizing object | Painted intake ring
Fra:1 Mem:310.76M (Peak 310.76M) | Time:00:01.40 | Mem:0.00M, Peak:0.00M | Scene, ViewLayer | Synchronizing object | Painted intake ring.001
Fra:1 Mem:310.78M (Peak 310.78M) | Time:00:01.40 | Mem:0.00M, Peak:0.00M | Scene, ViewLayer | Synchronizing object | Horizontal grille louver
Fra:1 Mem:310.81M (Peak 310.81M) | Time:00:01.40 | Mem:0.00M, Peak:0.00M | Scene, ViewLayer | Synchronizing object | Horizontal grille louver.001
Fra:1 Mem:310.88M (Peak 310.88M) | Time:00:01.40 | Mem:0.00M, Peak:0.00M | Scene, ViewLayer | Synchronizing object | Horizontal grille louver.002
Fra:1 Mem:310.87M (Peak 310.88M) | Time:00:01.40 | Mem:0.00M, Peak:0.00M | Scene, ViewLayer | Synchronizing object | Deep projector optic.002
Fra:1 Mem:310.90M (Peak 310.90M) | Time:00:01.40 | Mem:0.00M, Peak:0.00M | Scene, ViewLayer | Synchronizing object | Rectangular LED projector surround.003
Fra:1 Mem:310.90M (Peak 310.90M) | Time:00:01.40 | Mem:0.00M, Peak:0.00M | Scene, ViewLayer | Synchronizing object | Deep projector optic.003
Fra:1 Mem:310.96M (Peak 310.96M) | Time:00:01.40 | Mem:0.00M, Peak:0.00M | Scene, ViewLayer | Synchronizing object | Vertical corner air curtain
Fra:1 Mem:310.97M (Peak 310.97M) | Time:00:01.41 | Mem:0.00M, Peak:0.00M | Scene, ViewLayer | Synchronizing object | Waterdrop headlight | dark compound-curved optical housing.001
Fra:1 Mem:311.05M (Peak 311.05M) | Time:00:01.41 | Mem:0.00M, Peak:0.00M | Scene, ViewLayer | Synchronizing object | Rectangular LED projector surround.004
Fra:1 Mem:311.05M (Peak 311.05M) | Time:00:01.41 | Mem:0.00M, Peak:0.00M | Scene, ViewLayer | Synchronizing object | Deep projector optic.004
Fra:1 Mem:311.11M (Peak 311.11M) | Time:00:01.41 | Mem:0.00M, Peak:0.00M | Scene, ViewLayer | Synchronizing object | Rectangular LED projector surround.005
Fra:1 Mem:311.18M (Peak 311.18M) | Time:00:01.41 | Mem:0.00M, Peak:0.00M | Scene, ViewLayer | Synchronizing object | Deep projector optic.005
Fra:1 Mem:311.18M (Peak 311.18M) | Time:00:01.41 | Mem:0.00M, Peak:0.00M | Scene, ViewLayer | Synchronizing object | Rectangular LED projector surround.006
Fra:1 Mem:311.20M (Peak 311.20M) | Time:00:01.41 | Mem:0.00M, Peak:0.00M | Scene, ViewLayer | Synchronizing object | Deep projector optic.006
Fra:1 Mem:311.27M (Peak 311.27M) | Time:00:01.41 | Mem:0.00M, Peak:0.00M | Scene, ViewLayer | Synchronizing object | Rectangular LED projector surround.007
Fra:1 Mem:311.24M (Peak 311.27M) | Time:00:01.41 | Mem:0.00M, Peak:0.00M | Scene, ViewLayer | Synchronizing object | Deep projector optic.007
Fra:1 Mem:311.31M (Peak 311.31M) | Time:00:01.41 | Mem:0.00M, Peak:0.00M | Scene, ViewLayer | Synchronizing object | Vertical corner air curtain.001
Fra:1 Mem:311.34M (Peak 311.34M) | Time:00:01.41 | Mem:0.00M, Peak:0.00M | Scene, ViewLayer | Synchronizing object | Wide trapezoidal front lower intake
Fra:1 Mem:311.40M (Peak 311.40M) | Time:00:01.41 | Mem:0.00M, Peak:0.00M | Scene, ViewLayer | Synchronizing object | Sculpted Aqua Blue intake side surround
Fra:1 Mem:311.43M (Peak 311.43M) | Time:00:01.41 | Mem:0.00M, Peak:0.00M | Scene, ViewLayer | Synchronizing object | Sculpted Aqua Blue intake side surround.001
Fra:1 Mem:311.50M (Peak 311.50M) | Time:00:01.41 | Mem:0.00M, Peak:0.00M | Scene, ViewLayer | Synchronizing object | Horizontal grille louver.003
Fra:1 Mem:311.53M (Peak 311.53M) | Time:00:01.41 | Mem:0.00M, Peak:0.00M | Scene, ViewLayer | Synchronizing object | Grille vertical reinforcement
Fra:1 Mem:311.53M (Peak 311.53M) | Time:00:01.41 | Mem:0.00M, Peak:0.00M | Scene, ViewLayer | Synchronizing object | Grille vertical reinforcement.001
Fra:1 Mem:311.53M (Peak 311.53M) | Time:00:01.41 | Mem:0.00M, Peak:0.00M | Scene, ViewLayer | Synchronizing object | Grille vertical reinforcement.002
Fra:1 Mem:311.53M (Peak 311.53M) | Time:00:01.41 | Mem:0.00M, Peak:0.00M | Scene, ViewLayer | Synchronizing object | Grille vertical reinforcement.003
Fra:1 Mem:311.54M (Peak 311.54M) | Time:00:01.41 | Mem:0.00M, Peak:0.00M | Scene, ViewLayer | Synchronizing object | Grille vertical reinforcement.004
Fra:1 Mem:311.54M (Peak 311.54M) | Time:00:01.41 | Mem:0.00M, Peak:0.00M | Scene, ViewLayer | Synchronizing object | Grille vertical reinforcement.005
Fra:1 Mem:311.54M (Peak 311.54M) | Time:00:01.41 | Mem:0.00M, Peak:0.00M | Scene, ViewLayer | Synchronizing object | Grille vertical reinforcement.006
Fra:1 Mem:311.54M (Peak 311.54M) | Time:00:01.41 | Mem:0.00M, Peak:0.00M | Scene, ViewLayer | Synchronizing object | Grille vertical reinforcement.007
Fra:1 Mem:311.54M (Peak 311.54M) | Time:00:01.41 | Mem:0.00M, Peak:0.00M | Scene, ViewLayer | Synchronizing object | Grille vertical reinforcement.008
Fra:1 Mem:311.55M (Peak 311.55M) | Time:00:01.41 | Mem:0.00M, Peak:0.00M | Scene, ViewLayer | Synchronizing object | Grille vertical reinforcement.009
Fra:1 Mem:311.55M (Peak 311.55M) | Time:00:01.41 | Mem:0.00M, Peak:0.00M | Scene, ViewLayer | Synchronizing object | Grille vertical reinforcement.010
Fra:1 Mem:311.55M (Peak 311.55M) | Time:00:01.41 | Mem:0.00M, Peak:0.00M | Scene, ViewLayer | Synchronizing object | Front splitter blade
Fra:1 Mem:311.66M (Peak 311.66M) | Time:00:01.41 | Mem:0.00M, Peak:0.00M | Scene, ViewLayer | Synchronizing object | Front license plate bracket
Fra:1 Mem:311.66M (Peak 311.66M) | Time:00:01.41 | Mem:0.00M, Peak:0.00M | Scene, ViewLayer | Synchronizing object | Front plate lettering
Fra:1 Mem:315.12M (Peak 315.12M) | Time:00:01.41 | Mem:0.00M, Peak:0.00M | Scene, ViewLayer | Synchronizing object | Ultrasonic parking sensor
Fra:1 Mem:315.14M (Peak 315.14M) | Time:00:01.41 | Mem:0.00M, Peak:0.00M | Scene, ViewLayer | Synchronizing object | Hood mi insignia
Fra:1 Mem:312.93M (Peak 315.14M) | Time:00:01.41 | Mem:0.00M, Peak:0.00M | Scene, ViewLayer | Synchronizing object | Ultrasonic parking sensor.001
Fra:1 Mem:315.43M (Peak 315.49M) | Time:00:01.41 | Mem:0.00M, Peak:0.00M | Scene, ViewLayer | Synchronizing object | License plate screw.001
Fra:1 Mem:315.40M (Peak 315.49M) | Time:00:01.41 | Mem:0.00M, Peak:0.00M | Scene, ViewLayer | Synchronizing object | Rear lamp outer seal
Fra:1 Mem:315.53M (Peak 315.53M) | Time:00:01.41 | Mem:0.00M, Peak:0.00M | Scene, ViewLayer | Synchronizing object | Front perception camera
Fra:1 Mem:315.61M (Peak 315.61M) | Time:00:01.41 | Mem:0.00M, Peak:0.00M | Scene, ViewLayer | Synchronizing object | Continuous halo rear LED
Fra:1 Mem:315.62M (Peak 315.62M) | Time:00:01.41 | Mem:0.00M, Peak:0.00M | Scene, ViewLayer | Synchronizing object | Full-width smoked rear lamp housing
Fra:1 Mem:315.69M (Peak 315.69M) | Time:00:01.41 | Mem:0.00M, Peak:0.00M | Scene, ViewLayer | Synchronizing object | Halo rear red optical bed
Fra:1 Mem:315.79M (Peak 315.79M) | Time:00:01.41 | Mem:0.00M, Peak:0.00M | Scene, ViewLayer | Synchronizing object | Lower full-width LED filament
Fra:1 Mem:313.56M (Peak 315.79M) | Time:00:01.41 | Mem:0.00M, Peak:0.00M | Scene, ViewLayer | Synchronizing object | Inner taillight return
Fra:1 Mem:313.56M (Peak 315.79M) | Time:00:01.41 | Mem:0.00M, Peak:0.00M | Scene, ViewLayer | Synchronizing object | Rear bumper side air outlet
Fra:1 Mem:313.56M (Peak 315.79M) | Time:00:01.41 | Mem:0.00M, Peak:0.00M | Scene, ViewLayer | Synchronizing object | Rear vent rim
Fra:1 Mem:313.62M (Peak 315.79M) | Time:00:01.41 | Mem:0.00M, Peak:0.00M | Scene, ViewLayer | Synchronizing object | Trunk panel shut line
Fra:1 Mem:313.69M (Peak 315.79M) | Time:00:01.41 | Mem:0.00M, Peak:0.00M | Scene, ViewLayer | Synchronizing object | Rear lower reflector
Fra:1 Mem:313.71M (Peak 315.79M) | Time:00:01.41 | Mem:0.00M, Peak:0.00M | Scene, ViewLayer | Synchronizing object | Inner taillight return.001
Fra:1 Mem:313.71M (Peak 315.79M) | Time:00:01.41 | Mem:0.00M, Peak:0.00M | Scene, ViewLayer | Synchronizing object | Rear vent rim.001
Fra:1 Mem:313.76M (Peak 315.79M) | Time:00:01.41 | Mem:0.00M, Peak:0.00M | Scene, ViewLayer | Synchronizing object | Rear bumper side air outlet.001
Fra:1 Mem:313.81M (Peak 315.79M) | Time:00:01.41 | Mem:0.00M, Peak:0.00M | Scene, ViewLayer | Synchronizing object | Trunk panel shut line.001
Fra:1 Mem:313.86M (Peak 315.79M) | Time:00:01.41 | Mem:0.00M, Peak:0.00M | Scene, ViewLayer | Synchronizing object | Rear lower reflector.001
Fra:1 Mem:313.87M (Peak 315.79M) | Time:00:01.41 | Mem:0.00M, Peak:0.00M | Scene, ViewLayer | Synchronizing object | Rear diffuser painted buttress
Fra:1 Mem:314.02M (Peak 315.79M) | Time:00:01.41 | Mem:0.00M, Peak:0.00M | Scene, ViewLayer | Synchronizing object | Rear diffuser painted buttress.001
Fra:1 Mem:314.15M (Peak 315.79M) | Time:00:01.41 | Mem:0.00M, Peak:0.00M | Scene, ViewLayer | Synchronizing object | Rear diffuser lower lip
Fra:1 Mem:314.22M (Peak 315.79M) | Time:00:01.41 | Mem:0.00M, Peak:0.00M | Scene, ViewLayer | Synchronizing object | Underfloor diffuser strake
Fra:1 Mem:314.22M (Peak 315.79M) | Time:00:01.41 | Mem:0.00M, Peak:0.00M | Scene, ViewLayer | Synchronizing object | Underfloor diffuser strake.001
Fra:1 Mem:314.30M (Peak 315.79M) | Time:00:01.41 | Mem:0.00M, Peak:0.00M | Scene, ViewLayer | Synchronizing object | Rear plate SU7
Fra:1 Mem:314.31M (Peak 315.79M) | Time:00:01.41 | Mem:0.00M, Peak:0.00M | Scene, ViewLayer | Synchronizing object | Underfloor diffuser strake.002
Fra:1 Mem:314.65M (Peak 315.79M) | Time:00:01.41 | Mem:0.00M, Peak:0.00M | Scene, ViewLayer | Synchronizing object | Underfloor diffuser strake.003
Fra:1 Mem:314.63M (Peak 315.79M) | Time:00:01.41 | Mem:0.00M, Peak:0.00M | Scene, ViewLayer | Synchronizing object | Underfloor diffuser strake.004
Fra:1 Mem:314.71M (Peak 315.79M) | Time:00:01.42 | Mem:0.00M, Peak:0.00M | Scene, ViewLayer | Synchronizing object | Rear plate bracket
Fra:1 Mem:314.71M (Peak 315.79M) | Time:00:01.42 | Mem:0.00M, Peak:0.00M | Scene, ViewLayer | Synchronizing object | Rear license plate
Fra:1 Mem:314.80M (Peak 315.79M) | Time:00:01.42 | Mem:0.00M, Peak:0.00M | Scene, ViewLayer | Synchronizing object | Rear spaced Xiaomi lettering | x
Fra:1 Mem:314.81M (Peak 315.79M) | Time:00:01.42 | Mem:0.00M, Peak:0.00M | Scene, ViewLayer | Synchronizing object | Rear spaced Xiaomi lettering | i
Fra:1 Mem:314.93M (Peak 315.79M) | Time:00:01.42 | Mem:0.00M, Peak:0.00M | Scene, ViewLayer | Synchronizing object | Rear spaced Xiaomi lettering | a
Fra:1 Mem:315.06M (Peak 315.79M) | Time:00:01.42 | Mem:0.00M, Peak:0.00M | Scene, ViewLayer | Synchronizing object | Rear spaced Xiaomi lettering | o
Fra:1 Mem:315.20M (Peak 315.79M) | Time:00:01.42 | Mem:0.00M, Peak:0.00M | Scene, ViewLayer | Synchronizing object | Rear spaced Xiaomi lettering | m
Fra:1 Mem:315.35M (Peak 315.79M) | Time:00:01.42 | Mem:0.00M, Peak:0.00M | Scene, ViewLayer | Synchronizing object | Rear spaced Xiaomi lettering | i.001
Fra:1 Mem:315.42M (Peak 315.79M) | Time:00:01.42 | Mem:0.00M, Peak:0.00M | Scene, ViewLayer | Synchronizing object | Rear model badge
Fra:1 Mem:315.71M (Peak 315.79M) | Time:00:01.42 | Mem:0.00M, Peak:0.00M | Scene, ViewLayer | Synchronizing object | Rear Max badge
Fra:1 Mem:315.99M (Peak 315.99M) | Time:00:01.42 | Mem:0.00M, Peak:0.00M | Scene, ViewLayer | Synchronizing object | Rear manufacturer badge
Fra:1 Mem:316.19M (Peak 316.19M) | Time:00:01.42 | Mem:0.00M, Peak:0.00M | Scene, ViewLayer | Synchronizing object | Integrated rear deck ducktail
Fra:1 Mem:316.32M (Peak 316.32M) | Time:00:01.42 | Mem:0.00M, Peak:0.00M | Scene, ViewLayer | Synchronizing object | Retractable spoiler shut line
Fra:1 Mem:316.41M (Peak 316.41M) | Time:00:01.42 | Mem:0.00M, Peak:0.00M | Scene, ViewLayer | Synchronizing object | Rear parking camera
Fra:1 Mem:316.41M (Peak 316.41M) | Time:00:01.42 | Mem:0.00M, Peak:0.00M | Scene, ViewLayer | Synchronizing object | Front left tire molded sidewall ring.001
Fra:1 Mem:316.70M (Peak 316.70M) | Time:00:01.42 | Mem:0.00M, Peak:0.00M | Scene, ViewLayer | Synchronizing object | Front left tire molded sidewall ring.002
Fra:1 Mem:316.77M (Peak 316.77M) | Time:00:01.42 | Mem:0.00M, Peak:0.00M | Scene, ViewLayer | Synchronizing object | Front left tire molded sidewall ring
Fra:1 Mem:316.82M (Peak 316.82M) | Time:00:01.42 | Mem:0.00M, Peak:0.00M | Scene, ViewLayer | Synchronizing object | Front left directional tread | 792 blocks
Fra:1 Mem:317.24M (Peak 317.24M) | Time:00:01.42 | Mem:0.00M, Peak:0.00M | Scene, ViewLayer | Synchronizing object | Front left cast rim barrel
Fra:1 Mem:317.34M (Peak 317.34M) | Time:00:01.42 | Mem:0.00M, Peak:0.00M | Scene, ViewLayer | Synchronizing object | Front left diamond-cut outer flange
Fra:1 Mem:317.61M (Peak 317.61M) | Time:00:01.42 | Mem:0.00M, Peak:0.00M | Scene, ViewLayer | Synchronizing object | Front left inner rim accent
Fra:1 Mem:317.64M (Peak 317.64M) | Time:00:01.42 | Mem:0.00M, Peak:0.00M | Scene, ViewLayer | Synchronizing object | Front left brake rotor
Fra:1 Mem:317.75M (Peak 317.75M) | Time:00:01.42 | Mem:0.00M, Peak:0.00M | Scene, ViewLayer | Synchronizing object | Front left rotor outer scoring
Fra:1 Mem:317.89M (Peak 317.89M) | Time:00:01.42 | Mem:0.00M, Peak:0.00M | Scene, ViewLayer | Synchronizing object | Front left drilled rotor perforation
Fra:1 Mem:317.91M (Peak 317.91M) | Time:00:01.42 | Mem:0.00M, Peak:0.00M | Scene, ViewLayer | Synchronizing object | Front left drilled rotor perforation.001
Fra:1 Mem:317.94M (Peak 317.94M) | Time:00:01.42 | Mem:0.00M, Peak:0.00M | Scene, ViewLayer | Synchronizing object | Front left drilled rotor perforation.002
Fra:1 Mem:317.96M (Peak 317.96M) | Time:00:01.42 | Mem:0.00M, Peak:0.00M | Scene, ViewLayer | Synchronizing object | Front left drilled rotor perforation.003
Fra:1 Mem:317.94M (Peak 317.96M) | Time:00:01.42 | Mem:0.00M, Peak:0.00M | Scene, ViewLayer | Synchronizing object | Front left drilled rotor perforation.004
Fra:1 Mem:317.95M (Peak 317.96M) | Time:00:01.42 | Mem:0.00M, Peak:0.00M | Scene, ViewLayer | Synchronizing object | Front left drilled rotor perforation.005
Fra:1 Mem:318.01M (Peak 318.01M) | Time:00:01.42 | Mem:0.00M, Peak:0.00M | Scene, ViewLayer | Synchronizing object | Front left drilled rotor perforation.006
Fra:1 Mem:317.97M (Peak 318.01M) | Time:00:01.42 | Mem:0.00M, Peak:0.00M | Scene, ViewLayer | Synchronizing object | Front left drilled rotor perforation.007
Fra:1 Mem:318.00M (Peak 318.01M) | Time:00:01.42 | Mem:0.00M, Peak:0.00M | Scene, ViewLayer | Synchronizing object | Front left drilled rotor perforation.008
Fra:1 Mem:318.04M (Peak 318.04M) | Time:00:01.42 | Mem:0.00M, Peak:0.00M | Scene, ViewLayer | Synchronizing object | Front left drilled rotor perforation.009
Fra:1 Mem:318.07M (Peak 318.07M) | Time:00:01.42 | Mem:0.00M, Peak:0.00M | Scene, ViewLayer | Synchronizing object | Front left drilled rotor perforation.010
Fra:1 Mem:318.01M (Peak 318.07M) | Time:00:01.42 | Mem:0.00M, Peak:0.00M | Scene, ViewLayer | Synchronizing object | Front left drilled rotor perforation.011
Fra:1 Mem:318.04M (Peak 318.07M) | Time:00:01.42 | Mem:0.00M, Peak:0.00M | Scene, ViewLayer | Synchronizing object | Front left drilled rotor perforation.012
Fra:1 Mem:318.20M (Peak 318.20M) | Time:00:01.42 | Mem:0.00M, Peak:0.00M | Scene, ViewLayer | Synchronizing object | Front left drilled rotor perforation.013
Fra:1 Mem:318.24M (Peak 318.24M) | Time:00:01.42 | Mem:0.00M, Peak:0.00M | Scene, ViewLayer | Synchronizing object | Front left drilled rotor perforation.014
Fra:1 Mem:318.22M (Peak 318.24M) | Time:00:01.42 | Mem:0.00M, Peak:0.00M | Scene, ViewLayer | Synchronizing object | Front left drilled rotor perforation.015
Fra:1 Mem:318.26M (Peak 318.26M) | Time:00:01.42 | Mem:0.00M, Peak:0.00M | Scene, ViewLayer | Synchronizing object | Front left drilled rotor perforation.016
Fra:1 Mem:318.56M (Peak 318.56M) | Time:00:01.42 | Mem:0.00M, Peak:0.00M | Scene, ViewLayer | Synchronizing object | Front left drilled rotor perforation.017
Fra:1 Mem:318.67M (Peak 318.67M) | Time:00:01.42 | Mem:0.00M, Peak:0.00M | Scene, ViewLayer | Synchronizing object | Front left drilled rotor perforation.019
Fra:1 Mem:318.69M (Peak 318.69M) | Time:00:01.42 | Mem:0.00M, Peak:0.00M | Scene, ViewLayer | Synchronizing object | Front left drilled rotor perforation.018
Fra:1 Mem:318.81M (Peak 318.81M) | Time:00:01.43 | Mem:0.00M, Peak:0.00M | Scene, ViewLayer | Synchronizing object | Front left drilled rotor perforation.020
Fra:1 Mem:318.82M (Peak 318.82M) | Time:00:01.43 | Mem:0.00M, Peak:0.00M | Scene, ViewLayer | Synchronizing object | Front left drilled rotor perforation.021
Fra:1 Mem:318.84M (Peak 318.84M) | Time:00:01.43 | Mem:0.00M, Peak:0.00M | Scene, ViewLayer | Synchronizing object | Front left drilled rotor perforation.022
Fra:1 Mem:318.86M (Peak 318.86M) | Time:00:01.43 | Mem:0.00M, Peak:0.00M | Scene, ViewLayer | Synchronizing object | Front left drilled rotor perforation.023
Fra:1 Mem:318.86M (Peak 318.86M) | Time:00:01.43 | Mem:0.00M, Peak:0.00M | Scene, ViewLayer | Synchronizing object | Front left drilled rotor perforation.024
Fra:1 Mem:318.90M (Peak 318.90M) | Time:00:01.43 | Mem:0.00M, Peak:0.00M | Scene, ViewLayer | Synchronizing object | Front left drilled rotor perforation.025
Fra:1 Mem:318.86M (Peak 318.90M) | Time:00:01.43 | Mem:0.00M, Peak:0.00M | Scene, ViewLayer | Synchronizing object | Front left drilled rotor perforation.027
Fra:1 Mem:319.08M (Peak 319.08M) | Time:00:01.43 | Mem:0.00M, Peak:0.00M | Scene, ViewLayer | Synchronizing object | Front left drilled rotor perforation.028
Fra:1 Mem:319.01M (Peak 319.08M) | Time:00:01.43 | Mem:0.00M, Peak:0.00M | Scene, ViewLayer | Synchronizing object | Front left drilled rotor perforation.029
Fra:1 Mem:318.99M (Peak 319.08M) | Time:00:01.43 | Mem:0.00M, Peak:0.00M | Scene, ViewLayer | Synchronizing object | Front left drilled rotor perforation.030
Fra:1 Mem:319.01M (Peak 319.08M) | Time:00:01.43 | Mem:0.00M, Peak:0.00M | Scene, ViewLayer | Synchronizing object | Front left drilled rotor perforation.031
Fra:1 Mem:319.04M (Peak 319.08M) | Time:00:01.43 | Mem:0.00M, Peak:0.00M | Scene, ViewLayer | Synchronizing object | Front left center mi logo
Fra:1 Mem:319.00M (Peak 319.08M) | Time:00:01.43 | Mem:0.00M, Peak:0.00M | Scene, ViewLayer | Synchronizing object | Front left drilled rotor perforation.033
Fra:1 Mem:319.28M (Peak 319.28M) | Time:00:01.43 | Mem:0.00M, Peak:0.00M | Scene, ViewLayer | Synchronizing object | Front left drilled rotor perforation.034
Fra:1 Mem:319.27M (Peak 319.28M) | Time:00:01.43 | Mem:0.00M, Peak:0.00M | Scene, ViewLayer | Synchronizing object | Front left drilled rotor perforation.035
Fra:1 Mem:319.29M (Peak 319.29M) | Time:00:01.43 | Mem:0.00M, Peak:0.00M | Scene, ViewLayer | Synchronizing object | Front left drilled rotor perforation.036
Fra:1 Mem:319.31M (Peak 319.31M) | Time:00:01.43 | Mem:0.00M, Peak:0.00M | Scene, ViewLayer | Synchronizing object | Front left sidewall lettering
Fra:1 Mem:319.37M (Peak 319.37M) | Time:00:01.43 | Mem:0.00M, Peak:0.00M | Scene, ViewLayer | Synchronizing object | Front left drilled rotor perforation.037
Fra:1 Mem:319.38M (Peak 319.38M) | Time:00:01.43 | Mem:0.00M, Peak:0.00M | Scene, ViewLayer | Synchronizing object | Front left drilled rotor perforation.038
Fra:1 Mem:319.41M (Peak 319.41M) | Time:00:01.43 | Mem:0.00M, Peak:0.00M | Scene, ViewLayer | Synchronizing object | Front left sidewall lettering.002
Fra:1 Mem:319.40M (Peak 319.41M) | Time:00:01.43 | Mem:0.00M, Peak:0.00M | Scene, ViewLayer | Synchronizing object | Front left drilled rotor perforation.039
Fra:1 Mem:319.48M (Peak 319.48M) | Time:00:01.43 | Mem:0.00M, Peak:0.00M | Scene, ViewLayer | Synchronizing object | Front left drilled rotor perforation.040
Fra:1 Mem:319.52M (Peak 319.52M) | Time:00:01.43 | Mem:0.00M, Peak:0.00M | Scene, ViewLayer | Synchronizing object | Front left drilled rotor perforation.041
Fra:1 Mem:319.52M (Peak 319.52M) | Time:00:01.43 | Mem:0.00M, Peak:0.00M | Scene, ViewLayer | Synchronizing object | Front left drilled rotor perforation.042
Fra:1 Mem:319.63M (Peak 319.63M) | Time:00:01.43 | Mem:0.00M, Peak:0.00M | Scene, ViewLayer | Synchronizing object | Front left sidewall lettering.003
Fra:1 Mem:319.61M (Peak 319.63M) | Time:00:01.43 | Mem:0.00M, Peak:0.00M | Scene, ViewLayer | Synchronizing object | Front left drilled rotor perforation.043
Fra:1 Mem:319.61M (Peak 319.63M) | Time:00:01.43 | Mem:0.00M, Peak:0.00M | Scene, ViewLayer | Synchronizing object | Front left drilled rotor perforation.044
Fra:1 Mem:319.62M (Peak 319.63M) | Time:00:01.43 | Mem:0.00M, Peak:0.00M | Scene, ViewLayer | Synchronizing object | Front left sidewall lettering.004
Fra:1 Mem:319.68M (Peak 319.68M) | Time:00:01.43 | Mem:0.00M, Peak:0.00M | Scene, ViewLayer | Synchronizing object | Front left sidewall lettering.005
Fra:1 Mem:319.64M (Peak 319.68M) | Time:00:01.43 | Mem:0.00M, Peak:0.00M | Scene, ViewLayer | Synchronizing object | Front left sidewall lettering.006
Fra:1 Mem:319.66M (Peak 319.68M) | Time:00:01.43 | Mem:0.00M, Peak:0.00M | Scene, ViewLayer | Synchronizing object | Front left drilled rotor perforation.046
Fra:1 Mem:319.64M (Peak 319.68M) | Time:00:01.43 | Mem:0.00M, Peak:0.00M | Scene, ViewLayer | Synchronizing object | Front left sidewall lettering.007
Fra:1 Mem:319.67M (Peak 319.68M) | Time:00:01.43 | Mem:0.00M, Peak:0.00M | Scene, ViewLayer | Synchronizing object | Front left sidewall lettering.008
Fra:1 Mem:319.71M (Peak 319.71M) | Time:00:01.43 | Mem:0.00M, Peak:0.00M | Scene, ViewLayer | Synchronizing object | Front left drilled rotor perforation.047
Fra:1 Mem:319.78M (Peak 319.78M) | Time:00:01.43 | Mem:0.00M, Peak:0.00M | Scene, ViewLayer | Synchronizing object | Front left drilled rotor perforation.048
Fra:1 Mem:319.78M (Peak 319.78M) | Time:00:01.43 | Mem:0.00M, Peak:0.00M | Scene, ViewLayer | Synchronizing object | Front left sidewall lettering.009
Fra:1 Mem:319.83M (Peak 319.83M) | Time:00:01.43 | Mem:0.00M, Peak:0.00M | Scene, ViewLayer | Synchronizing object | Front left sidewall lettering.010
Fra:1 Mem:319.86M (Peak 319.86M) | Time:00:01.43 | Mem:0.00M, Peak:0.00M | Scene, ViewLayer | Synchronizing object | Front left drilled rotor perforation.050
Fra:1 Mem:319.86M (Peak 319.86M) | Time:00:01.43 | Mem:0.00M, Peak:0.00M | Scene, ViewLayer | Synchronizing object | Front left sidewall lettering.011
Fra:1 Mem:319.86M (Peak 319.86M) | Time:00:01.43 | Mem:0.00M, Peak:0.00M | Scene, ViewLayer | Synchronizing object | Front left drilled rotor perforation.051
Fra:1 Mem:320.00M (Peak 320.00M) | Time:00:01.43 | Mem:0.00M, Peak:0.00M | Scene, ViewLayer | Synchronizing object | Front left drilled rotor perforation.052
Fra:1 Mem:319.96M (Peak 320.00M) | Time:00:01.43 | Mem:0.00M, Peak:0.00M | Scene, ViewLayer | Synchronizing object | Front left drilled rotor perforation.054
Fra:1 Mem:319.97M (Peak 320.00M) | Time:00:01.43 | Mem:0.00M, Peak:0.00M | Scene, ViewLayer | Synchronizing object | Front left sidewall lettering.012
Fra:1 Mem:320.03M (Peak 320.03M) | Time:00:01.43 | Mem:0.00M, Peak:0.00M | Scene, ViewLayer | Synchronizing object | Front left sidewall lettering.013
Fra:1 Mem:320.12M (Peak 320.12M) | Time:00:01.43 | Mem:0.00M, Peak:0.00M | Scene, ViewLayer | Synchronizing object | Front left sidewall lettering.014
Fra:1 Mem:320.05M (Peak 320.12M) | Time:00:01.43 | Mem:0.00M, Peak:0.00M | Scene, ViewLayer | Synchronizing object | Front left drilled rotor perforation.055
Fra:1 Mem:320.18M (Peak 320.18M) | Time:00:01.43 | Mem:0.00M, Peak:0.00M | Scene, ViewLayer | Synchronizing object | Front left drilled rotor perforation.057
Fra:1 Mem:320.26M (Peak 320.26M) | Time:00:01.43 | Mem:0.00M, Peak:0.00M | Scene, ViewLayer | Synchronizing object | Front left drilled rotor perforation.058
Fra:1 Mem:320.27M (Peak 320.27M) | Time:00:01.43 | Mem:0.00M, Peak:0.00M | Scene, ViewLayer | Synchronizing object | Front left sidewall lettering.015
Fra:1 Mem:320.36M (Peak 320.36M) | Time:00:01.43 | Mem:0.00M, Peak:0.00M | Scene, ViewLayer | Synchronizing object | Front left drilled rotor perforation.059
Fra:1 Mem:320.34M (Peak 320.36M) | Time:00:01.43 | Mem:0.00M, Peak:0.00M | Scene, ViewLayer | Synchronizing object | Front left drilled rotor perforation.060
Fra:1 Mem:320.34M (Peak 320.36M) | Time:00:01.43 | Mem:0.00M, Peak:0.00M | Scene, ViewLayer | Synchronizing object | Front left drilled rotor perforation.061
Fra:1 Mem:320.48M (Peak 320.48M) | Time:00:01.43 | Mem:0.00M, Peak:0.00M | Scene, ViewLayer | Synchronizing object | Front left drilled rotor perforation.062
Fra:1 Mem:320.52M (Peak 320.52M) | Time:00:01.43 | Mem:0.00M, Peak:0.00M | Scene, ViewLayer | Synchronizing object | Front left drilled rotor perforation.063
Fra:1 Mem:320.56M (Peak 320.56M) | Time:00:01.43 | Mem:0.00M, Peak:0.00M | Scene, ViewLayer | Synchronizing object | Front left drilled rotor perforation.064
Fra:1 Mem:320.56M (Peak 320.56M) | Time:00:01.43 | Mem:0.00M, Peak:0.00M | Scene, ViewLayer | Synchronizing object | Front left sidewall lettering.017
Fra:1 Mem:320.59M (Peak 320.59M) | Time:00:01.43 | Mem:0.00M, Peak:0.00M | Scene, ViewLayer | Synchronizing object | Front left drilled rotor perforation.066
Fra:1 Mem:320.75M (Peak 320.75M) | Time:00:01.43 | Mem:0.00M, Peak:0.00M | Scene, ViewLayer | Synchronizing object | Front left drilled rotor perforation.067
Fra:1 Mem:320.73M (Peak 320.75M) | Time:00:01.43 | Mem:0.00M, Peak:0.00M | Scene, ViewLayer | Synchronizing object | Front left drilled rotor perforation.068
Fra:1 Mem:320.72M (Peak 320.75M) | Time:00:01.43 | Mem:0.00M, Peak:0.00M | Scene, ViewLayer | Synchronizing object | Front left drilled rotor perforation.069
Fra:1 Mem:320.81M (Peak 320.81M) | Time:00:01.43 | Mem:0.00M, Peak:0.00M | Scene, ViewLayer | Synchronizing object | Front left sidewall lettering.019
Fra:1 Mem:320.80M (Peak 320.81M) | Time:00:01.43 | Mem:0.00M, Peak:0.00M | Scene, ViewLayer | Synchronizing object | Front left sidewall lettering.020
Fra:1 Mem:320.81M (Peak 320.81M) | Time:00:01.43 | Mem:0.00M, Peak:0.00M | Scene, ViewLayer | Synchronizing object | Front left sidewall lettering.021
Fra:1 Mem:320.82M (Peak 320.82M) | Time:00:01.43 | Mem:0.00M, Peak:0.00M | Scene, ViewLayer | Synchronizing object | Front left drilled rotor perforation.070
Fra:1 Mem:320.79M (Peak 320.82M) | Time:00:01.43 | Mem:0.00M, Peak:0.00M | Scene, ViewLayer | Synchronizing object | Front left brake disc bell
Fra:1 Mem:320.86M (Peak 320.86M) | Time:00:01.43 | Mem:0.00M, Peak:0.00M | Scene, ViewLayer | Synchronizing object | Front left yellow six-piston caliper
Fra:1 Mem:320.95M (Peak 320.95M) | Time:00:01.43 | Mem:0.00M, Peak:0.00M | Scene, ViewLayer | Synchronizing object | Front left machined split spoke
Fra:1 Mem:321.01M (Peak 321.01M) | Time:00:01.43 | Mem:0.00M, Peak:0.00M | Scene, ViewLayer | Synchronizing object | Front left black spoke pocket
Fra:1 Mem:320.94M (Peak 321.01M) | Time:00:01.43 | Mem:0.00M, Peak:0.00M | Scene, ViewLayer | Synchronizing object | Front left machined split spoke.001
Fra:1 Mem:320.95M (Peak 321.01M) | Time:00:01.43 | Mem:0.00M, Peak:0.00M | Scene, ViewLayer | Synchronizing object | Front left black spoke pocket.001
Fra:1 Mem:320.97M (Peak 321.01M) | Time:00:01.43 | Mem:0.00M, Peak:0.00M | Scene, ViewLayer | Synchronizing object | Front left machined split spoke.002
Fra:1 Mem:321.07M (Peak 321.07M) | Time:00:01.43 | Mem:0.00M, Peak:0.00M | Scene, ViewLayer | Synchronizing object | Front right caliper marking
Fra:1 Mem:321.18M (Peak 321.18M) | Time:00:01.43 | Mem:0.00M, Peak:0.00M | Scene, ViewLayer | Synchronizing object | Front left black spoke pocket.002
Fra:1 Mem:321.50M (Peak 321.50M) | Time:00:01.43 | Mem:0.00M, Peak:0.00M | Scene, ViewLayer | Synchronizing object | Front left machined split spoke.003
Fra:1 Mem:321.75M (Peak 321.75M) | Time:00:01.43 | Mem:0.00M, Peak:0.00M | Scene, ViewLayer | Synchronizing object | Front left black spoke pocket.003
Fra:1 Mem:321.82M (Peak 321.82M) | Time:00:01.43 | Mem:0.00M, Peak:0.00M | Scene, ViewLayer | Synchronizing object | Front left machined split spoke.004
Fra:1 Mem:321.89M (Peak 321.89M) | Time:00:01.43 | Mem:0.00M, Peak:0.00M | Scene, ViewLayer | Synchronizing object | Front right center mi logo
Fra:1 Mem:322.08M (Peak 322.08M) | Time:00:01.43 | Mem:0.00M, Peak:0.00M | Scene, ViewLayer | Synchronizing object | Front right sidewall lettering
Fra:1 Mem:322.10M (Peak 322.10M) | Time:00:01.43 | Mem:0.00M, Peak:0.00M | Scene, ViewLayer | Synchronizing object | Front right sidewall lettering.001
Fra:1 Mem:322.10M (Peak 322.10M) | Time:00:01.43 | Mem:0.00M, Peak:0.00M | Scene, ViewLayer | Synchronizing object | Front right sidewall lettering.002
Fra:1 Mem:322.23M (Peak 322.23M) | Time:00:01.43 | Mem:0.00M, Peak:0.00M | Scene, ViewLayer | Synchronizing object | Front right sidewall lettering.003
Fra:1 Mem:322.23M (Peak 322.23M) | Time:00:01.43 | Mem:0.00M, Peak:0.00M | Scene, ViewLayer | Synchronizing object | Front left black spoke pocket.005
Fra:1 Mem:322.23M (Peak 322.23M) | Time:00:01.43 | Mem:0.00M, Peak:0.00M | Scene, ViewLayer | Synchronizing object | Front right sidewall lettering.004
Fra:1 Mem:322.30M (Peak 322.30M) | Time:00:01.43 | Mem:0.00M, Peak:0.00M | Scene, ViewLayer | Synchronizing object | Front right sidewall lettering.005
Fra:1 Mem:322.30M (Peak 322.30M) | Time:00:01.43 | Mem:0.00M, Peak:0.00M | Scene, ViewLayer | Synchronizing object | Front right sidewall lettering.006
Fra:1 Mem:322.31M (Peak 322.31M) | Time:00:01.43 | Mem:0.00M, Peak:0.00M | Scene, ViewLayer | Synchronizing object | Front right sidewall lettering.007
Fra:1 Mem:322.29M (Peak 322.31M) | Time:00:01.44 | Mem:0.00M, Peak:0.00M | Scene, ViewLayer | Synchronizing object | Front left machined split spoke.006
Fra:1 Mem:322.30M (Peak 322.31M) | Time:00:01.44 | Mem:0.00M, Peak:0.00M | Scene, ViewLayer | Synchronizing object | Front right sidewall lettering.008
Fra:1 Mem:322.50M (Peak 322.50M) | Time:00:01.44 | Mem:0.00M, Peak:0.00M | Scene, ViewLayer | Synchronizing object | Front right sidewall lettering.009
Fra:1 Mem:322.46M (Peak 322.50M) | Time:00:01.44 | Mem:0.00M, Peak:0.00M | Scene, ViewLayer | Synchronizing object | Front right sidewall lettering.010
Fra:1 Mem:322.46M (Peak 322.50M) | Time:00:01.44 | Mem:0.00M, Peak:0.00M | Scene, ViewLayer | Synchronizing object | Front right sidewall lettering.011
Fra:1 Mem:322.63M (Peak 322.63M) | Time:00:01.44 | Mem:0.00M, Peak:0.00M | Scene, ViewLayer | Synchronizing object | Front right sidewall lettering.012
Fra:1 Mem:322.61M (Peak 322.63M) | Time:00:01.44 | Mem:0.00M, Peak:0.00M | Scene, ViewLayer | Synchronizing object | Front left black spoke pocket.006
Fra:1 Mem:322.61M (Peak 322.63M) | Time:00:01.44 | Mem:0.00M, Peak:0.00M | Scene, ViewLayer | Synchronizing object | Front left machined split spoke.007
Fra:1 Mem:322.66M (Peak 322.66M) | Time:00:01.44 | Mem:0.00M, Peak:0.00M | Scene, ViewLayer | Synchronizing object | Front right sidewall lettering.013
Fra:1 Mem:322.73M (Peak 322.73M) | Time:00:01.44 | Mem:0.00M, Peak:0.00M | Scene, ViewLayer | Synchronizing object | Front right sidewall lettering.014
Fra:1 Mem:322.71M (Peak 322.73M) | Time:00:01.44 | Mem:0.00M, Peak:0.00M | Scene, ViewLayer | Synchronizing object | Front left black spoke pocket.007
Fra:1 Mem:322.88M (Peak 322.88M) | Time:00:01.44 | Mem:0.00M, Peak:0.00M | Scene, ViewLayer | Synchronizing object | Front left machined split spoke.008
Fra:1 Mem:322.95M (Peak 322.95M) | Time:00:01.44 | Mem:0.00M, Peak:0.00M | Scene, ViewLayer | Synchronizing object | Front right sidewall lettering.015
Fra:1 Mem:322.94M (Peak 322.95M) | Time:00:01.44 | Mem:0.00M, Peak:0.00M | Scene, ViewLayer | Synchronizing object | Front left black spoke pocket.008
Fra:1 Mem:323.06M (Peak 323.06M) | Time:00:01.44 | Mem:0.00M, Peak:0.00M | Scene, ViewLayer | Synchronizing object | Front right sidewall lettering.016
Fra:1 Mem:323.14M (Peak 323.14M) | Time:00:01.44 | Mem:0.00M, Peak:0.00M | Scene, ViewLayer | Synchronizing object | Front left machined split spoke.009
Fra:1 Mem:323.17M (Peak 323.17M) | Time:00:01.44 | Mem:0.00M, Peak:0.00M | Scene, ViewLayer | Synchronizing object | Front right sidewall lettering.017
Fra:1 Mem:323.28M (Peak 323.28M) | Time:00:01.44 | Mem:0.00M, Peak:0.00M | Scene, ViewLayer | Synchronizing object | Front left center hub
Fra:1 Mem:323.35M (Peak 323.35M) | Time:00:01.44 | Mem:0.00M, Peak:0.00M | Scene, ViewLayer | Synchronizing object | Front right sidewall lettering.018
Fra:1 Mem:323.42M (Peak 323.42M) | Time:00:01.44 | Mem:0.00M, Peak:0.00M | Scene, ViewLayer | Synchronizing object | Front left center cap ring
Fra:1 Mem:323.40M (Peak 323.42M) | Time:00:01.44 | Mem:0.00M, Peak:0.00M | Scene, ViewLayer | Synchronizing object | Front right sidewall lettering.019
Fra:1 Mem:323.49M (Peak 323.49M) | Time:00:01.44 | Mem:0.00M, Peak:0.00M | Scene, ViewLayer | Synchronizing object | Front right sidewall lettering.020
Fra:1 Mem:323.51M (Peak 323.51M) | Time:00:01.44 | Mem:0.00M, Peak:0.00M | Scene, ViewLayer | Synchronizing object | Front right sidewall lettering.021
Fra:1 Mem:323.50M (Peak 323.51M) | Time:00:01.44 | Mem:0.00M, Peak:0.00M | Scene, ViewLayer | Synchronizing object | Front left titanium lug nut
Fra:1 Mem:323.53M (Peak 323.53M) | Time:00:01.44 | Mem:0.00M, Peak:0.00M | Scene, ViewLayer | Synchronizing object | Front left titanium lug nut.001
Fra:1 Mem:323.52M (Peak 323.53M) | Time:00:01.44 | Mem:0.00M, Peak:0.00M | Scene, ViewLayer | Synchronizing object | Front left titanium lug nut.002
Fra:1 Mem:323.56M (Peak 323.56M) | Time:00:01.44 | Mem:0.00M, Peak:0.00M | Scene, ViewLayer | Synchronizing object | Front left titanium lug nut.004
Fra:1 Mem:323.60M (Peak 323.60M) | Time:00:01.44 | Mem:0.00M, Peak:0.00M | Scene, ViewLayer | Synchronizing object | Front left tire valve
Fra:1 Mem:323.60M (Peak 323.60M) | Time:00:01.44 | Mem:0.00M, Peak:0.00M | Scene, ViewLayer | Synchronizing object | Front right | tire carcass
Fra:1 Mem:323.61M (Peak 323.61M) | Time:00:01.44 | Mem:0.00M, Peak:0.00M | Scene, ViewLayer | Synchronizing object | Front right tire molded sidewall ring.001
Fra:1 Mem:323.81M (Peak 323.81M) | Time:00:01.44 | Mem:0.00M, Peak:0.00M | Scene, ViewLayer | Synchronizing object | Front right tire molded sidewall ring.002
Fra:1 Mem:323.79M (Peak 323.81M) | Time:00:01.44 | Mem:0.00M, Peak:0.00M | Scene, ViewLayer | Synchronizing object | Front right directional tread | 792 blocks
Fra:1 Mem:324.32M (Peak 324.32M) | Time:00:01.44 | Mem:0.00M, Peak:0.00M | Scene, ViewLayer | Synchronizing object | Front right cast rim barrel
Fra:1 Mem:324.47M (Peak 324.47M) | Time:00:01.44 | Mem:0.00M, Peak:0.00M | Scene, ViewLayer | Synchronizing object | Front right diamond-cut outer flange
Fra:1 Mem:324.68M (Peak 324.68M) | Time:00:01.44 | Mem:0.00M, Peak:0.00M | Scene, ViewLayer | Synchronizing object | Front right inner rim accent
Fra:1 Mem:324.80M (Peak 324.80M) | Time:00:01.44 | Mem:0.00M, Peak:0.00M | Scene, ViewLayer | Synchronizing object | Front right brake rotor
Fra:1 Mem:324.88M (Peak 324.88M) | Time:00:01.44 | Mem:0.00M, Peak:0.00M | Scene, ViewLayer | Synchronizing object | Front right rotor outer scoring
Fra:1 Mem:325.03M (Peak 325.03M) | Time:00:01.44 | Mem:0.00M, Peak:0.00M | Scene, ViewLayer | Synchronizing object | Front right drilled rotor perforation
Fra:1 Mem:325.00M (Peak 325.03M) | Time:00:01.44 | Mem:0.00M, Peak:0.00M | Scene, ViewLayer | Synchronizing object | Rear left caliper marking
Fra:1 Mem:325.10M (Peak 325.10M) | Time:00:01.44 | Mem:0.00M, Peak:0.00M | Scene, ViewLayer | Synchronizing object | Front right drilled rotor perforation.001
Fra:1 Mem:325.39M (Peak 325.39M) | Time:00:01.44 | Mem:0.00M, Peak:0.00M | Scene, ViewLayer | Synchronizing object | Front right drilled rotor perforation.002
Fra:1 Mem:325.63M (Peak 325.63M) | Time:00:01.44 | Mem:0.00M, Peak:0.00M | Scene, ViewLayer | Synchronizing object | Front right drilled rotor perforation.003
Fra:1 Mem:325.69M (Peak 325.69M) | Time:00:01.44 | Mem:0.00M, Peak:0.00M | Scene, ViewLayer | Synchronizing object | Front right drilled rotor perforation.004
Fra:1 Mem:325.71M (Peak 325.71M) | Time:00:01.44 | Mem:0.00M, Peak:0.00M | Scene, ViewLayer | Synchronizing object | Front right drilled rotor perforation.005
Fra:1 Mem:325.72M (Peak 325.72M) | Time:00:01.44 | Mem:0.00M, Peak:0.00M | Scene, ViewLayer | Synchronizing object | Front right drilled rotor perforation.006
Fra:1 Mem:325.75M (Peak 325.75M) | Time:00:01.44 | Mem:0.00M, Peak:0.00M | Scene, ViewLayer | Synchronizing object | Front right drilled rotor perforation.007
Fra:1 Mem:325.77M (Peak 325.77M) | Time:00:01.44 | Mem:0.00M, Peak:0.00M | Scene, ViewLayer | Synchronizing object | Rear left center mi logo
Fra:1 Mem:325.87M (Peak 325.87M) | Time:00:01.44 | Mem:0.00M, Peak:0.00M | Scene, ViewLayer | Synchronizing object | Front right drilled rotor perforation.008
Fra:1 Mem:326.00M (Peak 326.00M) | Time:00:01.44 | Mem:0.00M, Peak:0.00M | Scene, ViewLayer | Synchronizing object | Front right drilled rotor perforation.009
Fra:1 Mem:326.02M (Peak 326.02M) | Time:00:01.44 | Mem:0.00M, Peak:0.00M | Scene, ViewLayer | Synchronizing object | Front right drilled rotor perforation.010
Fra:1 Mem:326.02M (Peak 326.02M) | Time:00:01.44 | Mem:0.00M, Peak:0.00M | Scene, ViewLayer | Synchronizing object | Rear left sidewall lettering
Fra:1 Mem:326.05M (Peak 326.05M) | Time:00:01.44 | Mem:0.00M, Peak:0.00M | Scene, ViewLayer | Synchronizing object | Rear left sidewall lettering.001
Fra:1 Mem:326.08M (Peak 326.08M) | Time:00:01.44 | Mem:0.00M, Peak:0.00M | Scene, ViewLayer | Synchronizing object | Rear left sidewall lettering.002
Fra:1 Mem:326.09M (Peak 326.09M) | Time:00:01.44 | Mem:0.00M, Peak:0.00M | Scene, ViewLayer | Synchronizing object | Front right drilled rotor perforation.012
Fra:1 Mem:326.20M (Peak 326.20M) | Time:00:01.44 | Mem:0.00M, Peak:0.00M | Scene, ViewLayer | Synchronizing object | Front right drilled rotor perforation.013
Fra:1 Mem:326.26M (Peak 326.26M) | Time:00:01.44 | Mem:0.00M, Peak:0.00M | Scene, ViewLayer | Synchronizing object | Rear left sidewall lettering.003
Fra:1 Mem:326.27M (Peak 326.27M) | Time:00:01.44 | Mem:0.00M, Peak:0.00M | Scene, ViewLayer | Synchronizing object | Front right drilled rotor perforation.014
Fra:1 Mem:326.28M (Peak 326.28M) | Time:00:01.44 | Mem:0.00M, Peak:0.00M | Scene, ViewLayer | Synchronizing object | Rear left sidewall lettering.004
Fra:1 Mem:326.30M (Peak 326.30M) | Time:00:01.44 | Mem:0.00M, Peak:0.00M | Scene, ViewLayer | Synchronizing object | Rear left sidewall lettering.005
Fra:1 Mem:326.33M (Peak 326.33M) | Time:00:01.44 | Mem:0.00M, Peak:0.00M | Scene, ViewLayer | Synchronizing object | Rear left sidewall lettering.006
Fra:1 Mem:326.34M (Peak 326.34M) | Time:00:01.44 | Mem:0.00M, Peak:0.00M | Scene, ViewLayer | Synchronizing object | Rear left sidewall lettering.007
Fra:1 Mem:326.32M (Peak 326.34M) | Time:00:01.44 | Mem:0.00M, Peak:0.00M | Scene, ViewLayer | Synchronizing object | Front right drilled rotor perforation.016
Fra:1 Mem:326.32M (Peak 326.34M) | Time:00:01.44 | Mem:0.00M, Peak:0.00M | Scene, ViewLayer | Synchronizing object | Front right drilled rotor perforation.018
Fra:1 Mem:326.34M (Peak 326.34M) | Time:00:01.44 | Mem:0.00M, Peak:0.00M | Scene, ViewLayer | Synchronizing object | Rear left sidewall lettering.008
Fra:1 Mem:326.46M (Peak 326.46M) | Time:00:01.44 | Mem:0.00M, Peak:0.00M | Scene, ViewLayer | Synchronizing object | Front right drilled rotor perforation.019
Fra:1 Mem:326.48M (Peak 326.48M) | Time:00:01.44 | Mem:0.00M, Peak:0.00M | Scene, ViewLayer | Synchronizing object | Rear left sidewall lettering.009
Fra:1 Mem:326.46M (Peak 326.48M) | Time:00:01.44 | Mem:0.00M, Peak:0.00M | Scene, ViewLayer | Synchronizing object | Front right drilled rotor perforation.021
Fra:1 Mem:326.48M (Peak 326.48M) | Time:00:01.44 | Mem:0.00M, Peak:0.00M | Scene, ViewLayer | Synchronizing object | Rear left sidewall lettering.010
Fra:1 Mem:326.55M (Peak 326.55M) | Time:00:01.44 | Mem:0.00M, Peak:0.00M | Scene, ViewLayer | Synchronizing object | Rear left sidewall lettering.011
Fra:1 Mem:326.50M (Peak 326.55M) | Time:00:01.44 | Mem:0.00M, Peak:0.00M | Scene, ViewLayer | Synchronizing object | Front right drilled rotor perforation.023
Fra:1 Mem:326.62M (Peak 326.62M) | Time:00:01.44 | Mem:0.00M, Peak:0.00M | Scene, ViewLayer | Synchronizing object | Front right drilled rotor perforation.024
Fra:1 Mem:326.67M (Peak 326.67M) | Time:00:01.44 | Mem:0.00M, Peak:0.00M | Scene, ViewLayer | Synchronizing object | Front right drilled rotor perforation.025
Fra:1 Mem:326.72M (Peak 326.72M) | Time:00:01.44 | Mem:0.00M, Peak:0.00M | Scene, ViewLayer | Synchronizing object | Front right drilled rotor perforation.026
Fra:1 Mem:326.70M (Peak 326.72M) | Time:00:01.44 | Mem:0.00M, Peak:0.00M | Scene, ViewLayer | Synchronizing object | Front right drilled rotor perforation.027
Fra:1 Mem:326.72M (Peak 326.72M) | Time:00:01.44 | Mem:0.00M, Peak:0.00M | Scene, ViewLayer | Synchronizing object | Rear left sidewall lettering.012
Fra:1 Mem:326.73M (Peak 326.73M) | Time:00:01.44 | Mem:0.00M, Peak:0.00M | Scene, ViewLayer | Synchronizing object | Front right drilled rotor perforation.028
Fra:1 Mem:326.79M (Peak 326.79M) | Time:00:01.45 | Mem:0.00M, Peak:0.00M | Scene, ViewLayer | Synchronizing object | Rear left sidewall lettering.013
Fra:1 Mem:326.83M (Peak 326.83M) | Time:00:01.45 | Mem:0.00M, Peak:0.00M | Scene, ViewLayer | Synchronizing object | Rear left sidewall lettering.014
Fra:1 Mem:326.80M (Peak 326.83M) | Time:00:01.45 | Mem:0.00M, Peak:0.00M | Scene, ViewLayer | Synchronizing object | Front right drilled rotor perforation.029
Fra:1 Mem:326.91M (Peak 326.91M) | Time:00:01.45 | Mem:0.00M, Peak:0.00M | Scene, ViewLayer | Synchronizing object | Front right drilled rotor perforation.030
Fra:1 Mem:326.92M (Peak 326.92M) | Time:00:01.45 | Mem:0.00M, Peak:0.00M | Scene, ViewLayer | Synchronizing object | Front right drilled rotor perforation.031
Fra:1 Mem:327.02M (Peak 327.02M) | Time:00:01.45 | Mem:0.00M, Peak:0.00M | Scene, ViewLayer | Synchronizing object | Rear left sidewall lettering.015
Fra:1 Mem:327.08M (Peak 327.08M) | Time:00:01.45 | Mem:0.00M, Peak:0.00M | Scene, ViewLayer | Synchronizing object | Front right drilled rotor perforation.032
Fra:1 Mem:327.09M (Peak 327.09M) | Time:00:01.45 | Mem:0.00M, Peak:0.00M | Scene, ViewLayer | Synchronizing object | Rear left sidewall lettering.016
Fra:1 Mem:327.09M (Peak 327.09M) | Time:00:01.45 | Mem:0.00M, Peak:0.00M | Scene, ViewLayer | Synchronizing object | Front right drilled rotor perforation.033
Fra:1 Mem:327.19M (Peak 327.19M) | Time:00:01.45 | Mem:0.00M, Peak:0.00M | Scene, ViewLayer | Synchronizing object | Front right drilled rotor perforation.034
Fra:1 Mem:327.24M (Peak 327.24M) | Time:00:01.45 | Mem:0.00M, Peak:0.00M | Scene, ViewLayer | Synchronizing object | Rear left sidewall lettering.017
Fra:1 Mem:327.25M (Peak 327.25M) | Time:00:01.45 | Mem:0.00M, Peak:0.00M | Scene, ViewLayer | Synchronizing object | Front right drilled rotor perforation.035
Fra:1 Mem:327.34M (Peak 327.34M) | Time:00:01.45 | Mem:0.00M, Peak:0.00M | Scene, ViewLayer | Synchronizing object | Front right drilled rotor perforation.036
Fra:1 Mem:327.37M (Peak 327.37M) | Time:00:01.45 | Mem:0.00M, Peak:0.00M | Scene, ViewLayer | Synchronizing object | Front right drilled rotor perforation.037
Fra:1 Mem:327.37M (Peak 327.37M) | Time:00:01.45 | Mem:0.00M, Peak:0.00M | Scene, ViewLayer | Synchronizing object | Rear left sidewall lettering.018
Fra:1 Mem:327.46M (Peak 327.46M) | Time:00:01.45 | Mem:0.00M, Peak:0.00M | Scene, ViewLayer | Synchronizing object | Rear left sidewall lettering.019
Fra:1 Mem:327.45M (Peak 327.46M) | Time:00:01.45 | Mem:0.00M, Peak:0.00M | Scene, ViewLayer | Synchronizing object | Rear left sidewall lettering.020
Fra:1 Mem:327.42M (Peak 327.46M) | Time:00:01.45 | Mem:0.00M, Peak:0.00M | Scene, ViewLayer | Synchronizing object | Front right drilled rotor perforation.038
Fra:1 Mem:327.42M (Peak 327.46M) | Time:00:01.45 | Mem:0.00M, Peak:0.00M | Scene, ViewLayer | Synchronizing object | Rear left sidewall lettering.021
Fra:1 Mem:327.42M (Peak 327.46M) | Time:00:01.45 | Mem:0.00M, Peak:0.00M | Scene, ViewLayer | Synchronizing object | Front right drilled rotor perforation.039
Fra:1 Mem:327.48M (Peak 327.48M) | Time:00:01.45 | Mem:0.00M, Peak:0.00M | Scene, ViewLayer | Synchronizing object | Front right drilled rotor perforation.040
Fra:1 Mem:327.48M (Peak 327.48M) | Time:00:01.45 | Mem:0.00M, Peak:0.00M | Scene, ViewLayer | Synchronizing object | Front right drilled rotor perforation.041
Fra:1 Mem:327.49M (Peak 327.49M) | Time:00:01.45 | Mem:0.00M, Peak:0.00M | Scene, ViewLayer | Synchronizing object | Front right drilled rotor perforation.042
Fra:1 Mem:327.50M (Peak 327.50M) | Time:00:01.45 | Mem:0.00M, Peak:0.00M | Scene, ViewLayer | Synchronizing object | Front right drilled rotor perforation.043
Fra:1 Mem:327.53M (Peak 327.53M) | Time:00:01.45 | Mem:0.00M, Peak:0.00M | Scene, ViewLayer | Synchronizing object | Front right drilled rotor perforation.044
Fra:1 Mem:327.52M (Peak 327.53M) | Time:00:01.45 | Mem:0.00M, Peak:0.00M | Scene, ViewLayer | Synchronizing object | Front right drilled rotor perforation.045
Fra:1 Mem:327.58M (Peak 327.58M) | Time:00:01.45 | Mem:0.00M, Peak:0.00M | Scene, ViewLayer | Synchronizing object | Rear right caliper marking
Fra:1 Mem:327.56M (Peak 327.58M) | Time:00:01.45 | Mem:0.00M, Peak:0.00M | Scene, ViewLayer | Synchronizing object | Front right drilled rotor perforation.046
Fra:1 Mem:327.95M (Peak 327.95M) | Time:00:01.45 | Mem:0.00M, Peak:0.00M | Scene, ViewLayer | Synchronizing object | Front right drilled rotor perforation.047
Fra:1 Mem:328.12M (Peak 328.12M) | Time:00:01.45 | Mem:0.00M, Peak:0.00M | Scene, ViewLayer | Synchronizing object | Front right drilled rotor perforation.048
Fra:1 Mem:328.23M (Peak 328.23M) | Time:00:01.45 | Mem:0.00M, Peak:0.00M | Scene, ViewLayer | Synchronizing object | Front right drilled rotor perforation.049
Fra:1 Mem:328.25M (Peak 328.25M) | Time:00:01.45 | Mem:0.00M, Peak:0.00M | Scene, ViewLayer | Synchronizing object | Front right drilled rotor perforation.050
Fra:1 Mem:328.27M (Peak 328.27M) | Time:00:01.45 | Mem:0.00M, Peak:0.00M | Scene, ViewLayer | Synchronizing object | Front right drilled rotor perforation.051
Fra:1 Mem:328.28M (Peak 328.28M) | Time:00:01.45 | Mem:0.00M, Peak:0.00M | Scene, ViewLayer | Synchronizing object | Front right drilled rotor perforation.052
Fra:1 Mem:328.30M (Peak 328.30M) | Time:00:01.45 | Mem:0.00M, Peak:0.00M | Scene, ViewLayer | Synchronizing object | Front right drilled rotor perforation.053
Fra:1 Mem:328.31M (Peak 328.31M) | Time:00:01.45 | Mem:0.00M, Peak:0.00M | Scene, ViewLayer | Synchronizing object | Front right drilled rotor perforation.054
Fra:1 Mem:328.37M (Peak 328.37M) | Time:00:01.45 | Mem:0.00M, Peak:0.00M | Scene, ViewLayer | Synchronizing object | Front right drilled rotor perforation.055
Fra:1 Mem:328.38M (Peak 328.38M) | Time:00:01.45 | Mem:0.00M, Peak:0.00M | Scene, ViewLayer | Synchronizing object | Front right drilled rotor perforation.056
Fra:1 Mem:328.40M (Peak 328.40M) | Time:00:01.45 | Mem:0.00M, Peak:0.00M | Scene, ViewLayer | Synchronizing object | Front right drilled rotor perforation.057
Fra:1 Mem:328.39M (Peak 328.40M) | Time:00:01.45 | Mem:0.00M, Peak:0.00M | Scene, ViewLayer | Synchronizing object | Front right drilled rotor perforation.058
Fra:1 Mem:328.41M (Peak 328.41M) | Time:00:01.45 | Mem:0.00M, Peak:0.00M | Scene, ViewLayer | Synchronizing object | Front right drilled rotor perforation.059
Fra:1 Mem:328.43M (Peak 328.43M) | Time:00:01.45 | Mem:0.00M, Peak:0.00M | Scene, ViewLayer | Synchronizing object | Rear right center mi logo
Fra:1 Mem:328.66M (Peak 328.66M) | Time:00:01.45 | Mem:0.00M, Peak:0.00M | Scene, ViewLayer | Synchronizing object | Rear right sidewall lettering
Fra:1 Mem:328.65M (Peak 328.66M) | Time:00:01.45 | Mem:0.00M, Peak:0.00M | Scene, ViewLayer | Synchronizing object | Front right drilled rotor perforation.060
Fra:1 Mem:328.69M (Peak 328.69M) | Time:00:01.45 | Mem:0.00M, Peak:0.00M | Scene, ViewLayer | Synchronizing object | Rear right sidewall lettering.001
Fra:1 Mem:328.73M (Peak 328.73M) | Time:00:01.45 | Mem:0.00M, Peak:0.00M | Scene, ViewLayer | Synchronizing object | Rear right sidewall lettering.002
Fra:1 Mem:328.72M (Peak 328.73M) | Time:00:01.45 | Mem:0.00M, Peak:0.00M | Scene, ViewLayer | Synchronizing object | Front right drilled rotor perforation.061
Fra:1 Mem:328.84M (Peak 328.84M) | Time:00:01.45 | Mem:0.00M, Peak:0.00M | Scene, ViewLayer | Synchronizing object | Rear right sidewall lettering.003
Fra:1 Mem:328.86M (Peak 328.86M) | Time:00:01.45 | Mem:0.00M, Peak:0.00M | Scene, ViewLayer | Synchronizing object | Front right drilled rotor perforation.062
Fra:1 Mem:328.87M (Peak 328.87M) | Time:00:01.45 | Mem:0.00M, Peak:0.00M | Scene, ViewLayer | Synchronizing object | Rear right sidewall lettering.004
Fra:1 Mem:328.89M (Peak 328.89M) | Time:00:01.45 | Mem:0.00M, Peak:0.00M | Scene, ViewLayer | Synchronizing object | Front right drilled rotor perforation.063
Fra:1 Mem:328.91M (Peak 328.91M) | Time:00:01.45 | Mem:0.00M, Peak:0.00M | Scene, ViewLayer | Synchronizing object | Rear right sidewall lettering.005
Fra:1 Mem:328.91M (Peak 328.91M) | Time:00:01.45 | Mem:0.00M, Peak:0.00M | Scene, ViewLayer | Synchronizing object | Front right drilled rotor perforation.064
Fra:1 Mem:328.97M (Peak 328.97M) | Time:00:01.45 | Mem:0.00M, Peak:0.00M | Scene, ViewLayer | Synchronizing object | Rear right sidewall lettering.006
Fra:1 Mem:328.95M (Peak 328.97M) | Time:00:01.45 | Mem:0.00M, Peak:0.00M | Scene, ViewLayer | Synchronizing object | Front right drilled rotor perforation.065
Fra:1 Mem:328.95M (Peak 328.97M) | Time:00:01.45 | Mem:0.00M, Peak:0.00M | Scene, ViewLayer | Synchronizing object | Rear right sidewall lettering.007
Fra:1 Mem:328.98M (Peak 328.98M) | Time:00:01.45 | Mem:0.00M, Peak:0.00M | Scene, ViewLayer | Synchronizing object | Front right drilled rotor perforation.066
Fra:1 Mem:329.01M (Peak 329.01M) | Time:00:01.45 | Mem:0.00M, Peak:0.00M | Scene, ViewLayer | Synchronizing object | Rear right sidewall lettering.008
Fra:1 Mem:329.05M (Peak 329.05M) | Time:00:01.45 | Mem:0.00M, Peak:0.00M | Scene, ViewLayer | Synchronizing object | Front right drilled rotor perforation.067
Fra:1 Mem:329.07M (Peak 329.07M) | Time:00:01.45 | Mem:0.00M, Peak:0.00M | Scene, ViewLayer | Synchronizing object | Front right drilled rotor perforation.068
Fra:1 Mem:329.08M (Peak 329.08M) | Time:00:01.45 | Mem:0.00M, Peak:0.00M | Scene, ViewLayer | Synchronizing object | Rear right sidewall lettering.009
Fra:1 Mem:329.13M (Peak 329.13M) | Time:00:01.45 | Mem:0.00M, Peak:0.00M | Scene, ViewLayer | Synchronizing object | Front right drilled rotor perforation.069
Fra:1 Mem:329.12M (Peak 329.13M) | Time:00:01.45 | Mem:0.00M, Peak:0.00M | Scene, ViewLayer | Synchronizing object | Front right drilled rotor perforation.070
Fra:1 Mem:329.13M (Peak 329.13M) | Time:00:01.45 | Mem:0.00M, Peak:0.00M | Scene, ViewLayer | Synchronizing object | Front right drilled rotor perforation.071
Fra:1 Mem:329.11M (Peak 329.13M) | Time:00:01.45 | Mem:0.00M, Peak:0.00M | Scene, ViewLayer | Synchronizing object | Front right brake disc bell
Fra:1 Mem:329.14M (Peak 329.14M) | Time:00:01.45 | Mem:0.00M, Peak:0.00M | Scene, ViewLayer | Synchronizing object | Rear right sidewall lettering.011
Fra:1 Mem:329.36M (Peak 329.36M) | Time:00:01.45 | Mem:0.00M, Peak:0.00M | Scene, ViewLayer | Synchronizing object | Rear right sidewall lettering.012
Fra:1 Mem:329.39M (Peak 329.39M) | Time:00:01.45 | Mem:0.00M, Peak:0.00M | Scene, ViewLayer | Synchronizing object | Front right yellow six-piston caliper
Fra:1 Mem:329.41M (Peak 329.41M) | Time:00:01.45 | Mem:0.00M, Peak:0.00M | Scene, ViewLayer | Synchronizing object | Rear right sidewall lettering.013
Fra:1 Mem:329.46M (Peak 329.46M) | Time:00:01.45 | Mem:0.00M, Peak:0.00M | Scene, ViewLayer | Synchronizing object | Rear right sidewall lettering.014
Fra:1 Mem:329.57M (Peak 329.57M) | Time:00:01.45 | Mem:0.00M, Peak:0.00M | Scene, ViewLayer | Synchronizing object | Front right machined split spoke
Fra:1 Mem:329.56M (Peak 329.57M) | Time:00:01.46 | Mem:0.00M, Peak:0.00M | Scene, ViewLayer | Synchronizing object | Rear right sidewall lettering.015
Fra:1 Mem:329.64M (Peak 329.64M) | Time:00:01.46 | Mem:0.00M, Peak:0.00M | Scene, ViewLayer | Synchronizing object | Front right black spoke pocket
Fra:1 Mem:329.65M (Peak 329.65M) | Time:00:01.46 | Mem:0.00M, Peak:0.00M | Scene, ViewLayer | Synchronizing object | Rear right sidewall lettering.016
Fra:1 Mem:329.82M (Peak 329.82M) | Time:00:01.46 | Mem:0.00M, Peak:0.00M | Scene, ViewLayer | Synchronizing object | Front right machined split spoke.001
Fra:1 Mem:329.87M (Peak 329.87M) | Time:00:01.46 | Mem:0.00M, Peak:0.00M | Scene, ViewLayer | Synchronizing object | Front right black spoke pocket.001
Fra:1 Mem:329.88M (Peak 329.88M) | Time:00:01.46 | Mem:0.00M, Peak:0.00M | Scene, ViewLayer | Synchronizing object | Rear right sidewall lettering.017
Fra:1 Mem:329.93M (Peak 329.93M) | Time:00:01.46 | Mem:0.00M, Peak:0.00M | Scene, ViewLayer | Synchronizing object | Front right machined split spoke.002
Fra:1 Mem:330.07M (Peak 330.07M) | Time:00:01.46 | Mem:0.00M, Peak:0.00M | Scene, ViewLayer | Synchronizing object | Front right black spoke pocket.002
Fra:1 Mem:330.10M (Peak 330.10M) | Time:00:01.46 | Mem:0.00M, Peak:0.00M | Scene, ViewLayer | Synchronizing object | Front right machined split spoke.003
Fra:1 Mem:330.05M (Peak 330.10M) | Time:00:01.46 | Mem:0.00M, Peak:0.00M | Scene, ViewLayer | Synchronizing object | Rear right sidewall lettering.018
Fra:1 Mem:330.18M (Peak 330.18M) | Time:00:01.46 | Mem:0.00M, Peak:0.00M | Scene, ViewLayer | Synchronizing object | Rear right sidewall lettering.019
Fra:1 Mem:330.11M (Peak 330.18M) | Time:00:01.46 | Mem:0.00M, Peak:0.00M | Scene, ViewLayer | Synchronizing object | Front right black spoke pocket.003
Fra:1 Mem:330.15M (Peak 330.18M) | Time:00:01.46 | Mem:0.00M, Peak:0.00M | Scene, ViewLayer | Synchronizing object | Rear right sidewall lettering.020
Fra:1 Mem:330.17M (Peak 330.18M) | Time:00:01.46 | Mem:0.00M, Peak:0.00M | Scene, ViewLayer | Synchronizing object | Front right machined split spoke.004
Fra:1 Mem:330.14M (Peak 330.18M) | Time:00:01.46 | Mem:0.00M, Peak:0.00M | Scene, ViewLayer | Synchronizing object | Front right black spoke pocket.004
Fra:1 Mem:330.17M (Peak 330.18M) | Time:00:01.46 | Mem:0.00M, Peak:0.00M | Scene, ViewLayer | Synchronizing object | Seat piping
Fra:1 Mem:330.18M (Peak 330.18M) | Time:00:01.46 | Mem:0.00M, Peak:0.00M | Scene, ViewLayer | Synchronizing object | Front right machined split spoke.005
Fra:1 Mem:330.19M (Peak 330.19M) | Time:00:01.46 | Mem:0.00M, Peak:0.00M | Scene, ViewLayer | Synchronizing object | Seat piping.001
Fra:1 Mem:330.22M (Peak 330.22M) | Time:00:01.46 | Mem:0.00M, Peak:0.00M | Scene, ViewLayer | Synchronizing object | Front right black spoke pocket.005
Fra:1 Mem:330.17M (Peak 330.22M) | Time:00:01.46 | Mem:0.00M, Peak:0.00M | Scene, ViewLayer | Synchronizing object | Seat piping.002
Fra:1 Mem:330.24M (Peak 330.24M) | Time:00:01.46 | Mem:0.00M, Peak:0.00M | Scene, ViewLayer | Synchronizing object | Seat piping.003
Fra:1 Mem:330.24M (Peak 330.24M) | Time:00:01.46 | Mem:0.00M, Peak:0.00M | Scene, ViewLayer | Synchronizing object | Front right machined split spoke.006
Fra:1 Mem:330.23M (Peak 330.24M) | Time:00:01.46 | Mem:0.00M, Peak:0.00M | Scene, ViewLayer | Synchronizing object | Seat piping.004
Fra:1 Mem:330.33M (Peak 330.33M) | Time:00:01.46 | Mem:0.00M, Peak:0.00M | Scene, ViewLayer | Synchronizing object | Seat piping.005
Fra:1 Mem:330.29M (Peak 330.33M) | Time:00:01.46 | Mem:0.00M, Peak:0.00M | Scene, ViewLayer | Synchronizing object | Seat piping.006
Fra:1 Mem:330.29M (Peak 330.33M) | Time:00:01.46 | Mem:0.00M, Peak:0.00M | Scene, ViewLayer | Synchronizing object | Front right black spoke pocket.006
Fra:1 Mem:330.31M (Peak 330.33M) | Time:00:01.46 | Mem:0.00M, Peak:0.00M | Scene, ViewLayer | Synchronizing object | Front right machined split spoke.007
Fra:1 Mem:330.43M (Peak 330.43M) | Time:00:01.46 | Mem:0.00M, Peak:0.00M | Scene, ViewLayer | Synchronizing object | Steering wheel spokes
Fra:1 Mem:330.38M (Peak 330.43M) | Time:00:01.46 | Mem:0.00M, Peak:0.00M | Scene, ViewLayer | Synchronizing object | Windshield wiper arm
Fra:1 Mem:330.43M (Peak 330.43M) | Time:00:01.46 | Mem:0.00M, Peak:0.00M | Scene, ViewLayer | Synchronizing object | Wiper rubber blade
Fra:1 Mem:330.40M (Peak 330.43M) | Time:00:01.46 | Mem:0.00M, Peak:0.00M | Scene, ViewLayer | Synchronizing object | Front right black spoke pocket.007
Fra:1 Mem:330.35M (Peak 330.43M) | Time:00:01.46 | Mem:0.00M, Peak:0.00M | Scene, ViewLayer | Synchronizing object | Front right machined split spoke.008
Fra:1 Mem:330.38M (Peak 330.43M) | Time:00:01.46 | Mem:0.00M, Peak:0.00M | Scene, ViewLayer | Synchronizing object | Front right black spoke pocket.008
Fra:1 Mem:330.49M (Peak 330.49M) | Time:00:01.46 | Mem:0.00M, Peak:0.00M | Scene, ViewLayer | Synchronizing object | Wiper rubber blade.001
Fra:1 Mem:330.48M (Peak 330.49M) | Time:00:01.46 | Mem:0.00M, Peak:0.00M | Scene, ViewLayer | Synchronizing object | Front right machined split spoke.009
Fra:1 Mem:330.47M (Peak 330.49M) | Time:00:01.46 | Mem:0.00M, Peak:0.00M | Scene, ViewLayer | Synchronizing object | Front right black spoke pocket.009
Fra:1 Mem:330.58M (Peak 330.58M) | Time:00:01.46 | Mem:0.00M, Peak:0.00M | Scene, ViewLayer | Synchronizing object | Seamless curved studio cyclorama
Fra:1 Mem:330.59M (Peak 330.59M) | Time:00:01.46 | Mem:0.00M, Peak:0.00M | Scene, ViewLayer | Synchronizing object | Front right center hub
Fra:1 Mem:330.59M (Peak 330.59M) | Time:00:01.46 | Mem:0.00M, Peak:0.00M | Scene, ViewLayer | Synchronizing object | Front right center cap ring
Fra:1 Mem:330.62M (Peak 330.62M) | Time:00:01.46 | Mem:0.00M, Peak:0.00M | Scene, ViewLayer | Synchronizing object | Infinite studio floor
Fra:1 Mem:330.68M (Peak 330.68M) | Time:00:01.46 | Mem:0.00M, Peak:0.00M | Scene, ViewLayer | Synchronizing object | Flat aerodynamic underfloor
Fra:1 Mem:330.80M (Peak 330.80M) | Time:00:01.46 | Mem:0.00M, Peak:0.00M | Scene, ViewLayer | Synchronizing object | Front right titanium lug nut
Fra:1 Mem:330.81M (Peak 330.81M) | Time:00:01.46 | Mem:0.00M, Peak:0.00M | Scene, ViewLayer | Synchronizing object | Front right titanium lug nut.001
Fra:1 Mem:330.85M (Peak 330.85M) | Time:00:01.46 | Mem:0.00M, Peak:0.00M | Scene, ViewLayer | Synchronizing object | Front right titanium lug nut.002
Fra:1 Mem:330.85M (Peak 330.85M) | Time:00:01.46 | Mem:0.00M, Peak:0.00M | Scene, ViewLayer | Synchronizing object | Front right titanium lug nut.003
Fra:1 Mem:330.83M (Peak 330.85M) | Time:00:01.46 | Mem:0.00M, Peak:0.00M | Scene, ViewLayer | Synchronizing object | Roof rear camera blister
Fra:1 Mem:330.79M (Peak 330.85M) | Time:00:01.46 | Mem:0.00M, Peak:0.00M | Scene, ViewLayer | Synchronizing object | Front right titanium lug nut.004
Fra:1 Mem:330.85M (Peak 330.85M) | Time:00:01.46 | Mem:0.00M, Peak:0.00M | Scene, ViewLayer | Synchronizing object | Rear left | tire carcass
Fra:1 Mem:330.87M (Peak 330.87M) | Time:00:01.46 | Mem:0.00M, Peak:0.00M | Scene, ViewLayer | Synchronizing object | Lidar forward optical aperture
Fra:1 Mem:331.04M (Peak 331.04M) | Time:00:01.46 | Mem:0.00M, Peak:0.00M | Scene, ViewLayer | Synchronizing object | Rear left tire molded sidewall ring.001
Fra:1 Mem:331.04M (Peak 331.04M) | Time:00:01.46 | Mem:0.00M, Peak:0.00M | Scene, ViewLayer | Synchronizing object | Roof lidar painted pod
Fra:1 Mem:331.32M (Peak 331.32M) | Time:00:01.46 | Mem:0.00M, Peak:0.00M | Scene, ViewLayer | Synchronizing object | Rear left tire molded sidewall ring
Fra:1 Mem:331.38M (Peak 331.38M) | Time:00:01.46 | Mem:0.00M, Peak:0.00M | Scene, ViewLayer | Synchronizing object | Rear left directional tread | 792 blocks
Fra:1 Mem:331.39M (Peak 331.39M) | Time:00:01.46 | Mem:0.00M, Peak:0.00M | Scene, ViewLayer | Synchronizing object | Rear left cast rim barrel
Fra:1 Mem:331.79M (Peak 331.79M) | Time:00:01.46 | Mem:0.00M, Peak:0.00M | Scene, ViewLayer | Synchronizing object | Rear left diamond-cut outer flange
Fra:1 Mem:331.83M (Peak 331.83M) | Time:00:01.46 | Mem:0.00M, Peak:0.00M | Scene, ViewLayer | Synchronizing object | Rear left inner rim accent
Fra:1 Mem:331.96M (Peak 331.96M) | Time:00:01.46 | Mem:0.00M, Peak:0.00M | Scene, ViewLayer | Synchronizing object | Cup holder
Fra:1 Mem:332.20M (Peak 332.20M) | Time:00:01.46 | Mem:0.00M, Peak:0.00M | Scene, ViewLayer | Synchronizing object | Rear left brake rotor
Fra:1 Mem:332.33M (Peak 332.33M) | Time:00:01.46 | Mem:0.00M, Peak:0.00M | Scene, ViewLayer | Synchronizing object | Rear left rotor outer scoring
Fra:1 Mem:332.57M (Peak 332.57M) | Time:00:01.46 | Mem:0.00M, Peak:0.00M | Scene, ViewLayer | Synchronizing object | Rear left drilled rotor perforation
Fra:1 Mem:332.45M (Peak 332.57M) | Time:00:01.46 | Mem:0.00M, Peak:0.00M | Scene, ViewLayer | Synchronizing object | Rear left drilled rotor perforation.001
Fra:1 Mem:332.48M (Peak 332.57M) | Time:00:01.46 | Mem:0.00M, Peak:0.00M | Scene, ViewLayer | Synchronizing object | Rear left drilled rotor perforation.002
Fra:1 Mem:332.47M (Peak 332.57M) | Time:00:01.46 | Mem:0.00M, Peak:0.00M | Scene, ViewLayer | Synchronizing object | Rear left drilled rotor perforation.003
Fra:1 Mem:332.46M (Peak 332.57M) | Time:00:01.46 | Mem:0.00M, Peak:0.00M | Scene, ViewLayer | Synchronizing object | Rear left drilled rotor perforation.004
Fra:1 Mem:332.46M (Peak 332.57M) | Time:00:01.46 | Mem:0.00M, Peak:0.00M | Scene, ViewLayer | Synchronizing object | Rear left drilled rotor perforation.005
Fra:1 Mem:332.48M (Peak 332.57M) | Time:00:01.46 | Mem:0.00M, Peak:0.00M | Scene, ViewLayer | Synchronizing object | Rear left drilled rotor perforation.006
Fra:1 Mem:332.45M (Peak 332.57M) | Time:00:01.46 | Mem:0.00M, Peak:0.00M | Scene, ViewLayer | Synchronizing object | Cup holder.001
Fra:1 Mem:332.61M (Peak 332.61M) | Time:00:01.46 | Mem:0.00M, Peak:0.00M | Scene, ViewLayer | Synchronizing object | Rear left drilled rotor perforation.009
Fra:1 Mem:332.59M (Peak 332.61M) | Time:00:01.46 | Mem:0.00M, Peak:0.00M | Scene, ViewLayer | Synchronizing object | Rear left drilled rotor perforation.010
Fra:1 Mem:332.60M (Peak 332.61M) | Time:00:01.46 | Mem:0.00M, Peak:0.00M | Scene, ViewLayer | Synchronizing object | Rear left drilled rotor perforation.011
Fra:1 Mem:332.60M (Peak 332.61M) | Time:00:01.46 | Mem:0.00M, Peak:0.00M | Scene, ViewLayer | Synchronizing object | Rear left drilled rotor perforation.012
Fra:1 Mem:332.60M (Peak 332.61M) | Time:00:01.46 | Mem:0.00M, Peak:0.00M | Scene, ViewLayer | Synchronizing object | Rear left drilled rotor perforation.013
Fra:1 Mem:332.71M (Peak 332.71M) | Time:00:01.46 | Mem:0.00M, Peak:0.00M | Scene, ViewLayer | Synchronizing object | Rear left drilled rotor perforation.014
Fra:1 Mem:332.67M (Peak 332.71M) | Time:00:01.46 | Mem:0.00M, Peak:0.00M | Scene, ViewLayer | Synchronizing object | Rear left drilled rotor perforation.015
Fra:1 Mem:332.71M (Peak 332.71M) | Time:00:01.46 | Mem:0.00M, Peak:0.00M | Scene, ViewLayer | Synchronizing object | Rear left drilled rotor perforation.016
Fra:1 Mem:332.69M (Peak 332.71M) | Time:00:01.46 | Mem:0.00M, Peak:0.00M | Scene, ViewLayer | Synchronizing object | Rear left drilled rotor perforation.017
Fra:1 Mem:332.69M (Peak 332.71M) | Time:00:01.46 | Mem:0.00M, Peak:0.00M | Scene, ViewLayer | Synchronizing object | Rear left drilled rotor perforation.018
Fra:1 Mem:332.69M (Peak 332.71M) | Time:00:01.46 | Mem:0.00M, Peak:0.00M | Scene, ViewLayer | Synchronizing object | Center tunnel
Fra:1 Mem:332.75M (Peak 332.75M) | Time:00:01.46 | Mem:0.00M, Peak:0.00M | Scene, ViewLayer | Synchronizing object | Rear left drilled rotor perforation.019
Fra:1 Mem:332.69M (Peak 332.75M) | Time:00:01.46 | Mem:0.00M, Peak:0.00M | Scene, ViewLayer | Synchronizing object | Rear left drilled rotor perforation.020
Fra:1 Mem:332.77M (Peak 332.77M) | Time:00:01.46 | Mem:0.00M, Peak:0.00M | Scene, ViewLayer | Synchronizing object | Rear left drilled rotor perforation.021
Fra:1 Mem:332.77M (Peak 332.77M) | Time:00:01.46 | Mem:0.00M, Peak:0.00M | Scene, ViewLayer | Synchronizing object | Rear left drilled rotor perforation.022
Fra:1 Mem:332.81M (Peak 332.81M) | Time:00:01.46 | Mem:0.00M, Peak:0.00M | Scene, ViewLayer | Synchronizing object | Rear left drilled rotor perforation.023
Fra:1 Mem:332.83M (Peak 332.83M) | Time:00:01.46 | Mem:0.00M, Peak:0.00M | Scene, ViewLayer | Synchronizing object | Rear left drilled rotor perforation.024
Fra:1 Mem:332.82M (Peak 332.83M) | Time:00:01.46 | Mem:0.00M, Peak:0.00M | Scene, ViewLayer | Synchronizing object | Rear left drilled rotor perforation.025
Fra:1 Mem:332.84M (Peak 332.84M) | Time:00:01.46 | Mem:0.00M, Peak:0.00M | Scene, ViewLayer | Synchronizing object | Rear left drilled rotor perforation.026
Fra:1 Mem:332.90M (Peak 332.90M) | Time:00:01.46 | Mem:0.00M, Peak:0.00M | Scene, ViewLayer | Synchronizing object | Rear left drilled rotor perforation.027
Fra:1 Mem:332.86M (Peak 332.90M) | Time:00:01.46 | Mem:0.00M, Peak:0.00M | Scene, ViewLayer | Synchronizing object | Rear left drilled rotor perforation.028
Fra:1 Mem:332.90M (Peak 332.90M) | Time:00:01.46 | Mem:0.00M, Peak:0.00M | Scene, ViewLayer | Synchronizing object | Rear left drilled rotor perforation.029
Fra:1 Mem:332.91M (Peak 332.91M) | Time:00:01.46 | Mem:0.00M, Peak:0.00M | Scene, ViewLayer | Synchronizing object | Rear left drilled rotor perforation.030
Fra:1 Mem:332.91M (Peak 332.91M) | Time:00:01.46 | Mem:0.00M, Peak:0.00M | Scene, ViewLayer | Synchronizing object | Rear left drilled rotor perforation.031
Fra:1 Mem:332.94M (Peak 332.94M) | Time:00:01.46 | Mem:0.00M, Peak:0.00M | Scene, ViewLayer | Synchronizing object | Rear left drilled rotor perforation.032
Fra:1 Mem:332.97M (Peak 332.97M) | Time:00:01.46 | Mem:0.00M, Peak:0.00M | Scene, ViewLayer | Synchronizing object | Rear left drilled rotor perforation.033
Fra:1 Mem:332.92M (Peak 332.97M) | Time:00:01.46 | Mem:0.00M, Peak:0.00M | Scene, ViewLayer | Synchronizing object | Rear left drilled rotor perforation.035
Fra:1 Mem:332.99M (Peak 332.99M) | Time:00:01.46 | Mem:0.00M, Peak:0.00M | Scene, ViewLayer | Synchronizing object | Rear left drilled rotor perforation.036
Fra:1 Mem:332.98M (Peak 332.99M) | Time:00:01.46 | Mem:0.00M, Peak:0.00M | Scene, ViewLayer | Synchronizing object | Rear left drilled rotor perforation.037
Fra:1 Mem:332.96M (Peak 332.99M) | Time:00:01.46 | Mem:0.00M, Peak:0.00M | Scene, ViewLayer | Synchronizing object | Rear left drilled rotor perforation.038
Fra:1 Mem:333.02M (Peak 333.02M) | Time:00:01.46 | Mem:0.00M, Peak:0.00M | Scene, ViewLayer | Synchronizing object | Rear left drilled rotor perforation.039
Fra:1 Mem:332.99M (Peak 333.02M) | Time:00:01.46 | Mem:0.00M, Peak:0.00M | Scene, ViewLayer | Synchronizing object | Rear left drilled rotor perforation.040
Fra:1 Mem:333.05M (Peak 333.05M) | Time:00:01.46 | Mem:0.00M, Peak:0.00M | Scene, ViewLayer | Synchronizing object | Rear left drilled rotor perforation.041
Fra:1 Mem:333.04M (Peak 333.05M) | Time:00:01.46 | Mem:0.00M, Peak:0.00M | Scene, ViewLayer | Synchronizing object | Rear left drilled rotor perforation.042
Fra:1 Mem:333.04M (Peak 333.05M) | Time:00:01.47 | Mem:0.00M, Peak:0.00M | Scene, ViewLayer | Synchronizing object | Rear left drilled rotor perforation.043
Fra:1 Mem:333.10M (Peak 333.10M) | Time:00:01.47 | Mem:0.00M, Peak:0.00M | Scene, ViewLayer | Synchronizing object | Rear left drilled rotor perforation.044
Fra:1 Mem:333.07M (Peak 333.10M) | Time:00:01.47 | Mem:0.00M, Peak:0.00M | Scene, ViewLayer | Synchronizing object | Rear left drilled rotor perforation.045
Fra:1 Mem:333.13M (Peak 333.13M) | Time:00:01.47 | Mem:0.00M, Peak:0.00M | Scene, ViewLayer | Synchronizing object | Rear left drilled rotor perforation.046
Fra:1 Mem:333.10M (Peak 333.13M) | Time:00:01.47 | Mem:0.00M, Peak:0.00M | Scene, ViewLayer | Synchronizing object | Rear left drilled rotor perforation.047
Fra:1 Mem:333.11M (Peak 333.13M) | Time:00:01.47 | Mem:0.00M, Peak:0.00M | Scene, ViewLayer | Synchronizing object | Rear left drilled rotor perforation.048
Fra:1 Mem:333.16M (Peak 333.16M) | Time:00:01.47 | Mem:0.00M, Peak:0.00M | Scene, ViewLayer | Synchronizing object | Rear left drilled rotor perforation.049
Fra:1 Mem:333.16M (Peak 333.16M) | Time:00:01.47 | Mem:0.00M, Peak:0.00M | Scene, ViewLayer | Synchronizing object | Rear left drilled rotor perforation.050
Fra:1 Mem:333.19M (Peak 333.19M) | Time:00:01.47 | Mem:0.00M, Peak:0.00M | Scene, ViewLayer | Synchronizing object | Rear left drilled rotor perforation.051
Fra:1 Mem:333.21M (Peak 333.21M) | Time:00:01.47 | Mem:0.00M, Peak:0.00M | Scene, ViewLayer | Synchronizing object | Rear left drilled rotor perforation.052
Fra:1 Mem:333.18M (Peak 333.21M) | Time:00:01.47 | Mem:0.00M, Peak:0.00M | Scene, ViewLayer | Synchronizing object | Rear left drilled rotor perforation.054
Fra:1 Mem:333.28M (Peak 333.28M) | Time:00:01.47 | Mem:0.00M, Peak:0.00M | Scene, ViewLayer | Synchronizing object | Rear left drilled rotor perforation.055
Fra:1 Mem:333.26M (Peak 333.28M) | Time:00:01.47 | Mem:0.00M, Peak:0.00M | Scene, ViewLayer | Synchronizing object | Rear left drilled rotor perforation.056
Fra:1 Mem:333.27M (Peak 333.28M) | Time:00:01.47 | Mem:0.00M, Peak:0.00M | Scene, ViewLayer | Synchronizing object | Rear left drilled rotor perforation.057
Fra:1 Mem:333.33M (Peak 333.33M) | Time:00:01.47 | Mem:0.00M, Peak:0.00M | Scene, ViewLayer | Synchronizing object | Rear left drilled rotor perforation.058
Fra:1 Mem:333.29M (Peak 333.33M) | Time:00:01.47 | Mem:0.00M, Peak:0.00M | Scene, ViewLayer | Synchronizing object | Rear left drilled rotor perforation.059
Fra:1 Mem:333.35M (Peak 333.35M) | Time:00:01.47 | Mem:0.00M, Peak:0.00M | Scene, ViewLayer | Synchronizing object | Rear left drilled rotor perforation.060
Fra:1 Mem:333.34M (Peak 333.35M) | Time:00:01.47 | Mem:0.00M, Peak:0.00M | Scene, ViewLayer | Synchronizing object | Rear left drilled rotor perforation.061
Fra:1 Mem:333.33M (Peak 333.35M) | Time:00:01.47 | Mem:0.00M, Peak:0.00M | Scene, ViewLayer | Synchronizing object | Rear left drilled rotor perforation.062
Fra:1 Mem:333.37M (Peak 333.37M) | Time:00:01.47 | Mem:0.00M, Peak:0.00M | Scene, ViewLayer | Synchronizing object | Rear left drilled rotor perforation.063
Fra:1 Mem:333.36M (Peak 333.37M) | Time:00:01.47 | Mem:0.00M, Peak:0.00M | Scene, ViewLayer | Synchronizing object | Rear left drilled rotor perforation.064
Fra:1 Mem:333.39M (Peak 333.39M) | Time:00:01.47 | Mem:0.00M, Peak:0.00M | Scene, ViewLayer | Synchronizing object | Rear left drilled rotor perforation.065
Fra:1 Mem:333.43M (Peak 333.43M) | Time:00:01.47 | Mem:0.00M, Peak:0.00M | Scene, ViewLayer | Synchronizing object | Rear left drilled rotor perforation.066
Fra:1 Mem:333.40M (Peak 333.43M) | Time:00:01.47 | Mem:0.00M, Peak:0.00M | Scene, ViewLayer | Synchronizing object | Rear left drilled rotor perforation.067
Fra:1 Mem:333.43M (Peak 333.43M) | Time:00:01.47 | Mem:0.00M, Peak:0.00M | Scene, ViewLayer | Synchronizing object | Rear left drilled rotor perforation.068
Fra:1 Mem:333.48M (Peak 333.48M) | Time:00:01.47 | Mem:0.00M, Peak:0.00M | Scene, ViewLayer | Synchronizing object | Rear left drilled rotor perforation.069
Fra:1 Mem:333.47M (Peak 333.48M) | Time:00:01.47 | Mem:0.00M, Peak:0.00M | Scene, ViewLayer | Synchronizing object | Rear left drilled rotor perforation.070
Fra:1 Mem:333.46M (Peak 333.48M) | Time:00:01.47 | Mem:0.00M, Peak:0.00M | Scene, ViewLayer | Synchronizing object | Rear left drilled rotor perforation.071
Fra:1 Mem:333.50M (Peak 333.50M) | Time:00:01.47 | Mem:0.00M, Peak:0.00M | Scene, ViewLayer | Synchronizing object | Rear left brake disc bell
Fra:1 Mem:333.48M (Peak 333.50M) | Time:00:01.47 | Mem:0.00M, Peak:0.00M | Scene, ViewLayer | Synchronizing object | Rear left yellow six-piston caliper
Fra:1 Mem:333.58M (Peak 333.58M) | Time:00:01.47 | Mem:0.00M, Peak:0.00M | Scene, ViewLayer | Synchronizing object | Rear left machined split spoke
Fra:1 Mem:333.54M (Peak 333.58M) | Time:00:01.47 | Mem:0.00M, Peak:0.00M | Scene, ViewLayer | Synchronizing object | Rear left black spoke pocket
Fra:1 Mem:333.58M (Peak 333.58M) | Time:00:01.47 | Mem:0.00M, Peak:0.00M | Scene, ViewLayer | Synchronizing object | Rear left machined split spoke.001
Fra:1 Mem:333.60M (Peak 333.60M) | Time:00:01.47 | Mem:0.00M, Peak:0.00M | Scene, ViewLayer | Synchronizing object | Steering center
Fra:1 Mem:333.58M (Peak 333.60M) | Time:00:01.47 | Mem:0.00M, Peak:0.00M | Scene, ViewLayer | Synchronizing object | Rear left machined split spoke.002
Fra:1 Mem:333.64M (Peak 333.64M) | Time:00:01.47 | Mem:0.00M, Peak:0.00M | Scene, ViewLayer | Synchronizing object | Steering wheel
Fra:1 Mem:333.63M (Peak 333.64M) | Time:00:01.47 | Mem:0.00M, Peak:0.00M | Scene, ViewLayer | Synchronizing object | Rear left black spoke pocket.002
Fra:1 Mem:333.81M (Peak 333.81M) | Time:00:01.47 | Mem:0.00M, Peak:0.00M | Scene, ViewLayer | Synchronizing object | Screen glass
Fra:1 Mem:333.88M (Peak 333.88M) | Time:00:01.47 | Mem:0.00M, Peak:0.00M | Scene, ViewLayer | Synchronizing object | Rear left machined split spoke.003
Fra:1 Mem:333.86M (Peak 333.88M) | Time:00:01.47 | Mem:0.00M, Peak:0.00M | Scene, ViewLayer | Synchronizing object | Rear left black spoke pocket.003
Fra:1 Mem:333.88M (Peak 333.88M) | Time:00:01.47 | Mem:0.00M, Peak:0.00M | Scene, ViewLayer | Synchronizing object | Dashboard center screen
Fra:1 Mem:333.94M (Peak 333.94M) | Time:00:01.47 | Mem:0.00M, Peak:0.00M | Scene, ViewLayer | Synchronizing object | Rear left machined split spoke.004
Fra:1 Mem:333.96M (Peak 333.96M) | Time:00:01.47 | Mem:0.00M, Peak:0.00M | Scene, ViewLayer | Synchronizing object | Rear left black spoke pocket.004
Fra:1 Mem:334.00M (Peak 334.00M) | Time:00:01.47 | Mem:0.00M, Peak:0.00M | Scene, ViewLayer | Synchronizing object | Dashboard
Fra:1 Mem:334.01M (Peak 334.01M) | Time:00:01.47 | Mem:0.00M, Peak:0.00M | Scene, ViewLayer | Synchronizing object | Rear left machined split spoke.005
Fra:1 Mem:334.04M (Peak 334.04M) | Time:00:01.47 | Mem:0.00M, Peak:0.00M | Scene, ViewLayer | Synchronizing object | Rear left black spoke pocket.005
Fra:1 Mem:334.09M (Peak 334.09M) | Time:00:01.47 | Mem:0.00M, Peak:0.00M | Scene, ViewLayer | Synchronizing object | Rear left machined split spoke.006
Fra:1 Mem:334.13M (Peak 334.13M) | Time:00:01.47 | Mem:0.00M, Peak:0.00M | Scene, ViewLayer | Synchronizing object | Rear left black spoke pocket.006
Fra:1 Mem:334.11M (Peak 334.13M) | Time:00:01.47 | Mem:0.00M, Peak:0.00M | Scene, ViewLayer | Synchronizing object | Integrated head restraint.003
Fra:1 Mem:334.13M (Peak 334.13M) | Time:00:01.47 | Mem:0.00M, Peak:0.00M | Scene, ViewLayer | Synchronizing object | Rear left machined split spoke.007
Fra:1 Mem:334.20M (Peak 334.20M) | Time:00:01.47 | Mem:0.00M, Peak:0.00M | Scene, ViewLayer | Synchronizing object | Rear left black spoke pocket.007
Fra:1 Mem:334.19M (Peak 334.20M) | Time:00:01.47 | Mem:0.00M, Peak:0.00M | Scene, ViewLayer | Synchronizing object | Rear left machined split spoke.008
Fra:1 Mem:334.21M (Peak 334.21M) | Time:00:01.47 | Mem:0.00M, Peak:0.00M | Scene, ViewLayer | Synchronizing object | Rear left black spoke pocket.008
Fra:1 Mem:334.26M (Peak 334.26M) | Time:00:01.47 | Mem:0.00M, Peak:0.00M | Scene, ViewLayer | Synchronizing object | Contoured seat back
Fra:1 Mem:334.27M (Peak 334.27M) | Time:00:01.47 | Mem:0.00M, Peak:0.00M | Scene, ViewLayer | Synchronizing object | Rear left machined split spoke.009
Fra:1 Mem:334.32M (Peak 334.32M) | Time:00:01.47 | Mem:0.00M, Peak:0.00M | Scene, ViewLayer | Synchronizing object | Rear left black spoke pocket.009
Fra:1 Mem:334.32M (Peak 334.32M) | Time:00:01.47 | Mem:0.00M, Peak:0.00M | Scene, ViewLayer | Synchronizing object | Rear left center hub
Fra:1 Mem:334.46M (Peak 334.46M) | Time:00:01.47 | Mem:0.00M, Peak:0.00M | Scene, ViewLayer | Synchronizing object | Rear left center cap ring
Fra:1 Mem:334.47M (Peak 334.47M) | Time:00:01.47 | Mem:0.00M, Peak:0.00M | Scene, ViewLayer | Synchronizing object | Seat cushion.003
Fra:1 Mem:334.54M (Peak 334.54M) | Time:00:01.47 | Mem:0.00M, Peak:0.00M | Scene, ViewLayer | Synchronizing object | Rear left titanium lug nut
Fra:1 Mem:334.50M (Peak 334.54M) | Time:00:01.47 | Mem:0.00M, Peak:0.00M | Scene, ViewLayer | Synchronizing object | Rear left titanium lug nut.001
Fra:1 Mem:334.57M (Peak 334.57M) | Time:00:01.47 | Mem:0.00M, Peak:0.00M | Scene, ViewLayer | Synchronizing object | Rear left titanium lug nut.002
Fra:1 Mem:334.61M (Peak 334.61M) | Time:00:01.47 | Mem:0.00M, Peak:0.00M | Scene, ViewLayer | Synchronizing object | Rear left titanium lug nut.003
Fra:1 Mem:334.54M (Peak 334.61M) | Time:00:01.47 | Mem:0.00M, Peak:0.00M | Scene, ViewLayer | Synchronizing object | Rear left titanium lug nut.004
Fra:1 Mem:334.59M (Peak 334.61M) | Time:00:01.47 | Mem:0.00M, Peak:0.00M | Scene, ViewLayer | Synchronizing object | Rear left tire valve
Fra:1 Mem:334.54M (Peak 334.61M) | Time:00:01.47 | Mem:0.00M, Peak:0.00M | Scene, ViewLayer | Synchronizing object | Rear right tire molded sidewall ring.001
Fra:1 Mem:334.58M (Peak 334.61M) | Time:00:01.47 | Mem:0.00M, Peak:0.00M | Scene, ViewLayer | Synchronizing object | Integrated head restraint.002
Fra:1 Mem:334.82M (Peak 334.82M) | Time:00:01.47 | Mem:0.00M, Peak:0.00M | Scene, ViewLayer | Synchronizing object | Rear right tire molded sidewall ring.002
Fra:1 Mem:334.84M (Peak 334.84M) | Time:00:01.47 | Mem:0.00M, Peak:0.00M | Scene, ViewLayer | Synchronizing object | Rear right tire molded sidewall ring
Fra:1 Mem:334.99M (Peak 334.99M) | Time:00:01.47 | Mem:0.00M, Peak:0.00M | Scene, ViewLayer | Synchronizing object | Rear right directional tread | 792 blocks
Fra:1 Mem:335.05M (Peak 335.05M) | Time:00:01.47 | Mem:0.00M, Peak:0.00M | Scene, ViewLayer | Synchronizing object | Rear right diamond-cut outer flange
Fra:1 Mem:335.48M (Peak 335.48M) | Time:00:01.48 | Mem:0.00M, Peak:0.00M | Scene, ViewLayer | Synchronizing object | Rear right inner rim accent
Fra:1 Mem:335.61M (Peak 335.61M) | Time:00:01.48 | Mem:0.00M, Peak:0.00M | Scene, ViewLayer | Synchronizing object | Contoured seat back.003
Fra:1 Mem:335.73M (Peak 335.73M) | Time:00:01.48 | Mem:0.00M, Peak:0.00M | Scene, ViewLayer | Synchronizing object | Rear right brake rotor
Fra:1 Mem:335.85M (Peak 335.85M) | Time:00:01.48 | Mem:0.00M, Peak:0.00M | Scene, ViewLayer | Synchronizing object | Rear right rotor outer scoring
Fra:1 Mem:336.01M (Peak 336.01M) | Time:00:01.48 | Mem:0.00M, Peak:0.00M | Scene, ViewLayer | Synchronizing object | Seat cushion.002
Fra:1 Mem:336.03M (Peak 336.03M) | Time:00:01.48 | Mem:0.00M, Peak:0.00M | Scene, ViewLayer | Synchronizing object | Rear right drilled rotor perforation
Fra:1 Mem:336.18M (Peak 336.18M) | Time:00:01.48 | Mem:0.00M, Peak:0.00M | Scene, ViewLayer | Synchronizing object | Rear right drilled rotor perforation.001
Fra:1 Mem:336.03M (Peak 336.18M) | Time:00:01.48 | Mem:0.00M, Peak:0.00M | Scene, ViewLayer | Synchronizing object | Integrated head restraint.001
Fra:1 Mem:336.05M (Peak 336.18M) | Time:00:01.48 | Mem:0.00M, Peak:0.00M | Scene, ViewLayer | Synchronizing object | Rear right drilled rotor perforation.003
Fra:1 Mem:336.17M (Peak 336.18M) | Time:00:01.48 | Mem:0.00M, Peak:0.00M | Scene, ViewLayer | Synchronizing object | Rear right drilled rotor perforation.004
Fra:1 Mem:336.18M (Peak 336.18M) | Time:00:01.48 | Mem:0.00M, Peak:0.00M | Scene, ViewLayer | Synchronizing object | Rear right drilled rotor perforation.005
Fra:1 Mem:336.17M (Peak 336.18M) | Time:00:01.48 | Mem:0.00M, Peak:0.00M | Scene, ViewLayer | Synchronizing object | Rear right drilled rotor perforation.006
Fra:1 Mem:336.22M (Peak 336.22M) | Time:00:01.48 | Mem:0.00M, Peak:0.00M | Scene, ViewLayer | Synchronizing object | Contoured seat back.002
Fra:1 Mem:336.15M (Peak 336.22M) | Time:00:01.48 | Mem:0.00M, Peak:0.00M | Scene, ViewLayer | Synchronizing object | Rear right drilled rotor perforation.007
Fra:1 Mem:336.26M (Peak 336.26M) | Time:00:01.48 | Mem:0.00M, Peak:0.00M | Scene, ViewLayer | Synchronizing object | Rear right drilled rotor perforation.008
Fra:1 Mem:336.26M (Peak 336.26M) | Time:00:01.48 | Mem:0.00M, Peak:0.00M | Scene, ViewLayer | Synchronizing object | Rear right drilled rotor perforation.009
Fra:1 Mem:336.30M (Peak 336.30M) | Time:00:01.48 | Mem:0.00M, Peak:0.00M | Scene, ViewLayer | Synchronizing object | Rear right drilled rotor perforation.010
Fra:1 Mem:336.29M (Peak 336.30M) | Time:00:01.48 | Mem:0.00M, Peak:0.00M | Scene, ViewLayer | Synchronizing object | Rear right drilled rotor perforation.011
Fra:1 Mem:336.27M (Peak 336.30M) | Time:00:01.48 | Mem:0.00M, Peak:0.00M | Scene, ViewLayer | Synchronizing object | Seat cushion.001
Fra:1 Mem:336.27M (Peak 336.30M) | Time:00:01.48 | Mem:0.00M, Peak:0.00M | Scene, ViewLayer | Synchronizing object | Rear right drilled rotor perforation.012
Fra:1 Mem:336.40M (Peak 336.40M) | Time:00:01.48 | Mem:0.00M, Peak:0.00M | Scene, ViewLayer | Synchronizing object | Rear right drilled rotor perforation.013
Fra:1 Mem:336.30M (Peak 336.40M) | Time:00:01.48 | Mem:0.00M, Peak:0.00M | Scene, ViewLayer | Synchronizing object | Rear right drilled rotor perforation.015
Fra:1 Mem:336.33M (Peak 336.40M) | Time:00:01.48 | Mem:0.00M, Peak:0.00M | Scene, ViewLayer | Synchronizing object | Integrated head restraint
Fra:1 Mem:336.44M (Peak 336.44M) | Time:00:01.48 | Mem:0.00M, Peak:0.00M | Scene, ViewLayer | Synchronizing object | Rear right drilled rotor perforation.016
Fra:1 Mem:336.47M (Peak 336.47M) | Time:00:01.48 | Mem:0.00M, Peak:0.00M | Scene, ViewLayer | Synchronizing object | Rear right drilled rotor perforation.017
Fra:1 Mem:336.46M (Peak 336.47M) | Time:00:01.48 | Mem:0.00M, Peak:0.00M | Scene, ViewLayer | Synchronizing object | Rear right drilled rotor perforation.018
Fra:1 Mem:336.42M (Peak 336.47M) | Time:00:01.48 | Mem:0.00M, Peak:0.00M | Scene, ViewLayer | Synchronizing object | Rear right drilled rotor perforation.019
Fra:1 Mem:336.47M (Peak 336.47M) | Time:00:01.48 | Mem:0.00M, Peak:0.00M | Scene, ViewLayer | Synchronizing object | Contoured seat back.001
Fra:1 Mem:336.50M (Peak 336.50M) | Time:00:01.48 | Mem:0.00M, Peak:0.00M | Scene, ViewLayer | Synchronizing object | Rear right drilled rotor perforation.020
Fra:1 Mem:336.52M (Peak 336.52M) | Time:00:01.48 | Mem:0.00M, Peak:0.00M | Scene, ViewLayer | Synchronizing object | Rear right drilled rotor perforation.021
Fra:1 Mem:336.49M (Peak 336.52M) | Time:00:01.48 | Mem:0.00M, Peak:0.00M | Scene, ViewLayer | Synchronizing object | Rear right drilled rotor perforation.022
Fra:1 Mem:336.56M (Peak 336.56M) | Time:00:01.48 | Mem:0.00M, Peak:0.00M | Scene, ViewLayer | Synchronizing object | Rear right drilled rotor perforation.023
Fra:1 Mem:336.54M (Peak 336.56M) | Time:00:01.48 | Mem:0.00M, Peak:0.00M | Scene, ViewLayer | Synchronizing object | Seat cushion
Fra:1 Mem:336.61M (Peak 336.61M) | Time:00:01.48 | Mem:0.00M, Peak:0.00M | Scene, ViewLayer | Synchronizing object | Rear right drilled rotor perforation.024
Fra:1 Mem:336.61M (Peak 336.61M) | Time:00:01.48 | Mem:0.00M, Peak:0.00M | Scene, ViewLayer | Synchronizing object | Rear right drilled rotor perforation.025
Fra:1 Mem:336.60M (Peak 336.61M) | Time:00:01.48 | Mem:0.00M, Peak:0.00M | Scene, ViewLayer | Synchronizing object | Rear right drilled rotor perforation.026
Fra:1 Mem:336.67M (Peak 336.67M) | Time:00:01.48 | Mem:0.00M, Peak:0.00M | Scene, ViewLayer | Synchronizing object | Rear right drilled rotor perforation.027
Fra:1 Mem:336.62M (Peak 336.67M) | Time:00:01.48 | Mem:0.00M, Peak:0.00M | Scene, ViewLayer | Synchronizing object | Rear right drilled rotor perforation.028
Fra:1 Mem:336.64M (Peak 336.67M) | Time:00:01.48 | Mem:0.00M, Peak:0.00M | Scene, ViewLayer | Synchronizing object | Rear right drilled rotor perforation.029
Fra:1 Mem:336.63M (Peak 336.67M) | Time:00:01.48 | Mem:0.00M, Peak:0.00M | Scene, ViewLayer | Synchronizing object | Rear right drilled rotor perforation.030
Fra:1 Mem:336.68M (Peak 336.68M) | Time:00:01.48 | Mem:0.00M, Peak:0.00M | Scene, ViewLayer | Synchronizing object | Rear right drilled rotor perforation.031
Fra:1 Mem:336.68M (Peak 336.68M) | Time:00:01.48 | Mem:0.00M, Peak:0.00M | Scene, ViewLayer | Synchronizing object | Rear right drilled rotor perforation.032
Fra:1 Mem:336.69M (Peak 336.69M) | Time:00:01.48 | Mem:0.00M, Peak:0.00M | Scene, ViewLayer | Synchronizing object | Rear right drilled rotor perforation.033
Fra:1 Mem:336.72M (Peak 336.72M) | Time:00:01.48 | Mem:0.00M, Peak:0.00M | Scene, ViewLayer | Synchronizing object | Rear right drilled rotor perforation.034
Fra:1 Mem:336.72M (Peak 336.72M) | Time:00:01.48 | Mem:0.00M, Peak:0.00M | Scene, ViewLayer | Synchronizing object | Rear right drilled rotor perforation.035
Fra:1 Mem:336.75M (Peak 336.75M) | Time:00:01.48 | Mem:0.00M, Peak:0.00M | Scene, ViewLayer | Synchronizing object | Rear right drilled rotor perforation.036
Fra:1 Mem:336.72M (Peak 336.75M) | Time:00:01.48 | Mem:0.00M, Peak:0.00M | Scene, ViewLayer | Synchronizing object | Rear right drilled rotor perforation.037
Fra:1 Mem:336.76M (Peak 336.76M) | Time:00:01.48 | Mem:0.00M, Peak:0.00M | Scene, ViewLayer | Synchronizing object | Rear right drilled rotor perforation.038
Fra:1 Mem:336.77M (Peak 336.77M) | Time:00:01.48 | Mem:0.00M, Peak:0.00M | Scene, ViewLayer | Synchronizing object | Rear right drilled rotor perforation.039
Fra:1 Mem:336.78M (Peak 336.78M) | Time:00:01.48 | Mem:0.00M, Peak:0.00M | Scene, ViewLayer | Synchronizing object | Rear right drilled rotor perforation.040
Fra:1 Mem:336.77M (Peak 336.78M) | Time:00:01.48 | Mem:0.00M, Peak:0.00M | Scene, ViewLayer | Synchronizing object | Rear right drilled rotor perforation.041
Fra:1 Mem:336.81M (Peak 336.81M) | Time:00:01.48 | Mem:0.00M, Peak:0.00M | Scene, ViewLayer | Synchronizing object | Rear right drilled rotor perforation.043
Fra:1 Mem:336.80M (Peak 336.81M) | Time:00:01.48 | Mem:0.00M, Peak:0.00M | Scene, ViewLayer | Synchronizing object | Rear right drilled rotor perforation.044
Fra:1 Mem:336.93M (Peak 336.93M) | Time:00:01.48 | Mem:0.00M, Peak:0.00M | Scene, ViewLayer | Synchronizing object | Rear right drilled rotor perforation.045
Fra:1 Mem:336.93M (Peak 336.93M) | Time:00:01.48 | Mem:0.00M, Peak:0.00M | Scene, ViewLayer | Synchronizing object | Rear right drilled rotor perforation.046
Fra:1 Mem:336.93M (Peak 336.93M) | Time:00:01.48 | Mem:0.00M, Peak:0.00M | Scene, ViewLayer | Synchronizing object | Rear right tire valve
Fra:1 Mem:336.91M (Peak 336.93M) | Time:00:01.48 | Mem:0.00M, Peak:0.00M | Scene, ViewLayer | Synchronizing object | Rear right drilled rotor perforation.047
Fra:1 Mem:336.91M (Peak 336.93M) | Time:00:01.48 | Mem:0.00M, Peak:0.00M | Scene, ViewLayer | Synchronizing object | Rear right drilled rotor perforation.048
Fra:1 Mem:336.99M (Peak 336.99M) | Time:00:01.48 | Mem:0.00M, Peak:0.00M | Scene, ViewLayer | Synchronizing object | Rear right titanium lug nut.004
Fra:1 Mem:336.98M (Peak 336.99M) | Time:00:01.48 | Mem:0.00M, Peak:0.00M | Scene, ViewLayer | Synchronizing object | Rear right drilled rotor perforation.049
Fra:1 Mem:337.00M (Peak 337.00M) | Time:00:01.48 | Mem:0.00M, Peak:0.00M | Scene, ViewLayer | Synchronizing object | Rear right titanium lug nut.003
Fra:1 Mem:336.97M (Peak 337.00M) | Time:00:01.48 | Mem:0.00M, Peak:0.00M | Scene, ViewLayer | Synchronizing object | Rear right drilled rotor perforation.050
Fra:1 Mem:336.98M (Peak 337.00M) | Time:00:01.48 | Mem:0.00M, Peak:0.00M | Scene, ViewLayer | Synchronizing object | Rear right drilled rotor perforation.052
Fra:1 Mem:336.96M (Peak 337.00M) | Time:00:01.48 | Mem:0.00M, Peak:0.00M | Scene, ViewLayer | Synchronizing object | Rear right titanium lug nut.002
Fra:1 Mem:337.04M (Peak 337.04M) | Time:00:01.48 | Mem:0.00M, Peak:0.00M | Scene, ViewLayer | Synchronizing object | Rear right drilled rotor perforation.053
Fra:1 Mem:337.04M (Peak 337.04M) | Time:00:01.48 | Mem:0.00M, Peak:0.00M | Scene, ViewLayer | Synchronizing object | Rear right titanium lug nut.001
Fra:1 Mem:337.01M (Peak 337.04M) | Time:00:01.48 | Mem:0.00M, Peak:0.00M | Scene, ViewLayer | Synchronizing object | Rear right drilled rotor perforation.054
Fra:1 Mem:337.02M (Peak 337.04M) | Time:00:01.48 | Mem:0.00M, Peak:0.00M | Scene, ViewLayer | Synchronizing object | Rear right drilled rotor perforation.055
Fra:1 Mem:337.11M (Peak 337.11M) | Time:00:01.48 | Mem:0.00M, Peak:0.00M | Scene, ViewLayer | Synchronizing object | Rear right drilled rotor perforation.056
Fra:1 Mem:337.10M (Peak 337.11M) | Time:00:01.48 | Mem:0.00M, Peak:0.00M | Scene, ViewLayer | Synchronizing object | Rear right drilled rotor perforation.057
Fra:1 Mem:337.09M (Peak 337.11M) | Time:00:01.48 | Mem:0.00M, Peak:0.00M | Scene, ViewLayer | Synchronizing object | Rear right drilled rotor perforation.058
Fra:1 Mem:337.11M (Peak 337.11M) | Time:00:01.48 | Mem:0.00M, Peak:0.00M | Scene, ViewLayer | Synchronizing object | Rear right drilled rotor perforation.059
Fra:1 Mem:337.11M (Peak 337.11M) | Time:00:01.48 | Mem:0.00M, Peak:0.00M | Scene, ViewLayer | Synchronizing object | Rear right drilled rotor perforation.060
Fra:1 Mem:337.18M (Peak 337.18M) | Time:00:01.48 | Mem:0.00M, Peak:0.00M | Scene, ViewLayer | Synchronizing object | Rear right drilled rotor perforation.061
Fra:1 Mem:337.19M (Peak 337.19M) | Time:00:01.48 | Mem:0.00M, Peak:0.00M | Scene, ViewLayer | Synchronizing object | Rear right drilled rotor perforation.062
Fra:1 Mem:337.17M (Peak 337.19M) | Time:00:01.49 | Mem:0.00M, Peak:0.00M | Scene, ViewLayer | Synchronizing object | Rear right drilled rotor perforation.063
Fra:1 Mem:337.25M (Peak 337.25M) | Time:00:01.49 | Mem:0.00M, Peak:0.00M | Scene, ViewLayer | Synchronizing object | Rear right drilled rotor perforation.064
Fra:1 Mem:337.20M (Peak 337.25M) | Time:00:01.49 | Mem:0.00M, Peak:0.00M | Scene, ViewLayer | Synchronizing object | Rear right center cap ring
Fra:1 Mem:337.29M (Peak 337.29M) | Time:00:01.49 | Mem:0.00M, Peak:0.00M | Scene, ViewLayer | Synchronizing object | Rear right drilled rotor perforation.065
Fra:1 Mem:337.36M (Peak 337.36M) | Time:00:01.49 | Mem:0.00M, Peak:0.00M | Scene, ViewLayer | Synchronizing object | Rear right center hub
Fra:1 Mem:337.34M (Peak 337.36M) | Time:00:01.49 | Mem:0.00M, Peak:0.00M | Scene, ViewLayer | Synchronizing object | Rear right drilled rotor perforation.066
Fra:1 Mem:337.39M (Peak 337.39M) | Time:00:01.49 | Mem:0.00M, Peak:0.00M | Scene, ViewLayer | Synchronizing object | Rear right drilled rotor perforation.067
Fra:1 Mem:337.43M (Peak 337.43M) | Time:00:01.49 | Mem:0.00M, Peak:0.00M | Scene, ViewLayer | Synchronizing object | Rear right drilled rotor perforation.068
Fra:1 Mem:337.49M (Peak 337.49M) | Time:00:01.49 | Mem:0.00M, Peak:0.00M | Scene, ViewLayer | Synchronizing object | Rear right drilled rotor perforation.069
Fra:1 Mem:337.46M (Peak 337.49M) | Time:00:01.49 | Mem:0.00M, Peak:0.00M | Scene, ViewLayer | Synchronizing object | Rear right drilled rotor perforation.071
Fra:1 Mem:337.46M (Peak 337.49M) | Time:00:01.49 | Mem:0.00M, Peak:0.00M | Scene, ViewLayer | Synchronizing object | Rear right black spoke pocket.009
Fra:1 Mem:337.46M (Peak 337.49M) | Time:00:01.49 | Mem:0.00M, Peak:0.00M | Scene, ViewLayer | Synchronizing object | Rear right brake disc bell
Fra:1 Mem:337.50M (Peak 337.50M) | Time:00:01.49 | Mem:0.00M, Peak:0.00M | Scene, ViewLayer | Synchronizing object | Rear right yellow six-piston caliper
Fra:1 Mem:337.60M (Peak 337.60M) | Time:00:01.49 | Mem:0.00M, Peak:0.00M | Scene, ViewLayer | Synchronizing object | Rear right machined split spoke
Fra:1 Mem:337.66M (Peak 337.66M) | Time:00:01.49 | Mem:0.00M, Peak:0.00M | Scene, ViewLayer | Synchronizing object | Rear right machined split spoke.009
Fra:1 Mem:337.66M (Peak 337.66M) | Time:00:01.49 | Mem:0.00M, Peak:0.00M | Scene, ViewLayer | Synchronizing object | Rear right black spoke pocket
Fra:1 Mem:337.63M (Peak 337.66M) | Time:00:01.49 | Mem:0.00M, Peak:0.00M | Scene, ViewLayer | Synchronizing object | Rear right machined split spoke.001
Fra:1 Mem:337.66M (Peak 337.66M) | Time:00:01.49 | Mem:0.00M, Peak:0.00M | Scene, ViewLayer | Synchronizing object | Rear right black spoke pocket.001
Fra:1 Mem:337.68M (Peak 337.68M) | Time:00:01.49 | Mem:0.00M, Peak:0.00M | Scene, ViewLayer | Synchronizing object | Rear right black spoke pocket.008
Fra:1 Mem:337.68M (Peak 337.68M) | Time:00:01.49 | Mem:0.00M, Peak:0.00M | Scene, ViewLayer | Synchronizing object | Rear right machined split spoke.002
Fra:1 Mem:337.75M (Peak 337.75M) | Time:00:01.49 | Mem:0.00M, Peak:0.00M | Scene, ViewLayer | Synchronizing object | Rear right black spoke pocket.002
Fra:1 Mem:337.79M (Peak 337.79M) | Time:00:01.49 | Mem:0.00M, Peak:0.00M | Scene, ViewLayer | Synchronizing object | Rear right machined split spoke.008
Fra:1 Mem:337.80M (Peak 337.80M) | Time:00:01.49 | Mem:0.00M, Peak:0.00M | Scene, ViewLayer | Synchronizing object | Rear right machined split spoke.003
Fra:1 Mem:337.82M (Peak 337.82M) | Time:00:01.49 | Mem:0.00M, Peak:0.00M | Scene, ViewLayer | Synchronizing object | Rear right black spoke pocket.003
Fra:1 Mem:337.81M (Peak 337.82M) | Time:00:01.49 | Mem:0.00M, Peak:0.00M | Scene, ViewLayer | Synchronizing object | Rear right black spoke pocket.007
Fra:1 Mem:337.85M (Peak 337.85M) | Time:00:01.49 | Mem:0.00M, Peak:0.00M | Scene, ViewLayer | Synchronizing object | Rear right machined split spoke.004
Fra:1 Mem:337.93M (Peak 337.93M) | Time:00:01.49 | Mem:0.00M, Peak:0.00M | Scene, ViewLayer | Synchronizing object | Rear right black spoke pocket.004
Fra:1 Mem:337.91M (Peak 337.93M) | Time:00:01.49 | Mem:0.00M, Peak:0.00M | Scene, ViewLayer | Synchronizing object | Rear right machined split spoke.005
Fra:1 Mem:337.93M (Peak 337.93M) | Time:00:01.49 | Mem:0.00M, Peak:0.00M | Scene, ViewLayer | Synchronizing object | Rear right machined split spoke.007
Fra:1 Mem:338.01M (Peak 338.01M) | Time:00:01.49 | Mem:0.00M, Peak:0.00M | Scene, ViewLayer | Synchronizing object | Rear right black spoke pocket.005
Fra:1 Mem:337.98M (Peak 338.01M) | Time:00:01.49 | Mem:0.00M, Peak:0.00M | Scene, ViewLayer | Synchronizing object | Rear right machined split spoke.006
Fra:1 Mem:338.07M (Peak 338.07M) | Time:00:01.49 | Mem:0.00M, Peak:0.00M | Scene, ViewLayer | Synchronizing object | Rear right black spoke pocket.006
Fra:1 Mem:338.02M (Peak 338.07M) | Time:00:01.49 | Mem:0.00M, Peak:0.00M | Scene, ViewLayer | Initializing
Fra:1 Mem:253.18M (Peak 338.07M) | Time:00:01.54 | Mem:0.00M, Peak:0.00M | Scene, ViewLayer | Waiting for render to start
Fra:1 Mem:253.18M (Peak 338.07M) | Time:00:01.54 | Mem:0.00M, Peak:0.00M | Scene, ViewLayer | Loading render kernels (may take a few minutes the first time)
Fra:1 Mem:253.18M (Peak 338.07M) | Time:00:01.54 | Mem:0.00M, Peak:0.00M | Scene, ViewLayer | Updating Scene
Fra:1 Mem:253.18M (Peak 338.07M) | Time:00:01.54 | Mem:0.00M, Peak:0.00M | Scene, ViewLayer | Updating Shaders
Fra:1 Mem:253.19M (Peak 338.07M) | Time:00:01.54 | Mem:0.01M, Peak:0.01M | Scene, ViewLayer | Updating Procedurals
Fra:1 Mem:253.19M (Peak 338.07M) | Time:00:01.54 | Mem:0.01M, Peak:0.01M | Scene, ViewLayer | Updating Background
Fra:1 Mem:253.19M (Peak 338.07M) | Time:00:01.54 | Mem:0.01M, Peak:0.01M | Scene, ViewLayer | Updating Camera
Fra:1 Mem:253.19M (Peak 338.07M) | Time:00:01.54 | Mem:0.01M, Peak:0.01M | Scene, ViewLayer | Updating Meshes Flags
Fra:1 Mem:253.19M (Peak 338.07M) | Time:00:01.54 | Mem:0.01M, Peak:0.01M | Scene, ViewLayer | Updating Objects
Fra:1 Mem:253.19M (Peak 338.07M) | Time:00:01.54 | Mem:0.01M, Peak:0.01M | Scene, ViewLayer | Updating Objects | Copying Transformations to device
Fra:1 Mem:253.35M (Peak 338.07M) | Time:00:01.54 | Mem:0.16M, Peak:0.16M | Scene, ViewLayer | Updating Objects | Applying Static Transformations
Fra:1 Mem:253.35M (Peak 338.07M) | Time:00:01.54 | Mem:0.16M, Peak:0.16M | Scene, ViewLayer | Updating Particle Systems
Fra:1 Mem:253.35M (Peak 338.07M) | Time:00:01.54 | Mem:0.16M, Peak:0.16M | Scene, ViewLayer | Updating Particle Systems | Copying Particles to device
Fra:1 Mem:253.35M (Peak 338.07M) | Time:00:01.54 | Mem:0.16M, Peak:0.16M | Scene, ViewLayer | Updating Meshes
Fra:1 Mem:267.99M (Peak 338.07M) | Time:00:01.58 | Mem:0.16M, Peak:0.16M | Scene, ViewLayer | Updating Mesh | Computing attributes
Fra:1 Mem:274.62M (Peak 338.07M) | Time:00:01.58 | Mem:0.21M, Peak:0.21M | Scene, ViewLayer | Updating Mesh | Copying Attributes to device
Fra:1 Mem:274.51M (Peak 338.07M) | Time:00:01.58 | Mem:6.68M, Peak:6.68M | Scene, ViewLayer | Updating Scene BVH | Building
Fra:1 Mem:274.52M (Peak 338.07M) | Time:00:01.58 | Mem:6.68M, Peak:6.68M | Scene, ViewLayer | Updating Scene BVH | Building BVH
Fra:1 Mem:274.52M (Peak 338.07M) | Time:00:01.58 | Mem:35.96M, Peak:35.96M | Scene, ViewLayer | Updating Scene BVH | Building BVH 0%
Fra:1 Mem:274.52M (Peak 338.07M) | Time:00:01.78 | Mem:68.68M, Peak:97.96M | Scene, ViewLayer | Updating Scene BVH | Copying BVH to device
Fra:1 Mem:274.52M (Peak 338.07M) | Time:00:01.78 | Mem:68.68M, Peak:97.96M | Scene, ViewLayer | Updating Mesh | Computing normals
Fra:1 Mem:310.63M (Peak 338.07M) | Time:00:01.82 | Mem:68.68M, Peak:97.96M | Scene, ViewLayer | Updating Mesh | Copying Mesh to device
Fra:1 Mem:310.63M (Peak 338.07M) | Time:00:01.82 | Mem:104.78M, Peak:104.78M | Scene, ViewLayer | Updating Objects Flags
Fra:1 Mem:310.63M (Peak 338.07M) | Time:00:01.82 | Mem:104.79M, Peak:104.79M | Scene, ViewLayer | Updating Primitive Offsets
Fra:1 Mem:310.63M (Peak 338.07M) | Time:00:01.82 | Mem:104.79M, Peak:104.79M | Scene, ViewLayer | Updating Images
Fra:1 Mem:310.63M (Peak 338.07M) | Time:00:01.82 | Mem:104.79M, Peak:104.79M | Scene, ViewLayer | Updating Camera Volume
Fra:1 Mem:310.63M (Peak 338.07M) | Time:00:01.82 | Mem:104.79M, Peak:104.79M | Scene, ViewLayer | Updating Lookup Tables
Fra:1 Mem:310.63M (Peak 338.07M) | Time:00:01.82 | Mem:104.79M, Peak:104.79M | Scene, ViewLayer | Updating Lights
Fra:1 Mem:310.63M (Peak 338.07M) | Time:00:01.82 | Mem:104.79M, Peak:104.79M | Scene, ViewLayer | Updating Lights | Computing distribution
Fra:1 Mem:310.63M (Peak 338.07M) | Time:00:01.82 | Mem:104.79M, Peak:104.79M | Scene, ViewLayer | Updating Lights | Computing tree
Fra:1 Mem:312.28M (Peak 338.07M) | Time:00:01.87 | Mem:106.44M, Peak:106.44M | Scene, ViewLayer | Updating Integrator
Fra:1 Mem:313.28M (Peak 338.07M) | Time:00:01.87 | Mem:107.44M, Peak:107.44M | Scene, ViewLayer | Updating Film
Fra:1 Mem:313.28M (Peak 338.07M) | Time:00:01.87 | Mem:107.44M, Peak:107.44M | Scene, ViewLayer | Updating Lookup Tables
Fra:1 Mem:313.28M (Peak 338.07M) | Time:00:01.87 | Mem:107.45M, Peak:107.45M | Scene, ViewLayer | Updating Baking
Fra:1 Mem:313.28M (Peak 338.07M) | Time:00:01.87 | Mem:107.45M, Peak:107.45M | Scene, ViewLayer | Updating Device | Writing constant memory
Fra:1 Mem:313.29M (Peak 338.07M) | Time:00:01.87 | Mem:107.45M, Peak:107.45M | Scene, ViewLayer | Sample 0/48
Fra:1 Mem:446.90M (Peak 446.90M) | Time:00:07.30 | Remaining:04:15.16 | Mem:241.04M, Peak:241.04M | Scene, ViewLayer | Sample 1/48
Fra:1 Mem:446.90M (Peak 446.90M) | Time:00:26.35 | Remaining:03:30.54 | Mem:241.04M, Peak:241.04M | Scene, ViewLayer | Sample 5/48
Fra:1 Mem:446.90M (Peak 446.90M) | Time:01:10.32 | Remaining:03:04.28 | Mem:241.04M, Peak:241.04M | Scene, ViewLayer | Sample 13/48
Fra:1 Mem:446.90M (Peak 446.90M) | Time:01:24.16 | Remaining:02:44.58 | Mem:241.04M, Peak:241.04M | Scene, ViewLayer | Sample 16/48
Fra:1 Mem:446.90M (Peak 446.90M) | Time:01:29.90 | Remaining:02:03.24 | Mem:241.04M, Peak:241.04M | Scene, ViewLayer | Sample 20/48
Fra:1 Mem:446.90M (Peak 446.90M) | Time:01:41.69 | Remaining:01:11.30 | Mem:241.04M, Peak:241.04M | Scene, ViewLayer | Sample 28/48
Fra:1 Mem:446.90M (Peak 446.90M) | Time:01:47.55 | Remaining:00:52.84 | Mem:241.04M, Peak:241.04M | Scene, ViewLayer | Sample 32/48
Fra:1 Mem:446.90M (Peak 446.90M) | Time:01:53.10 | Remaining:00:22.24 | Mem:241.04M, Peak:241.04M | Scene, ViewLayer | Sample 40/48
Fra:1 Mem:503.15M (Peak 587.53M) | Time:02:07.26 | Mem:241.04M, Peak:241.04M | Scene, ViewLayer | Sample 48/48
Fra:1 Mem:503.15M (Peak 587.53M) | Time:02:07.26 | Mem:241.04M, Peak:241.04M | Scene, ViewLayer | Finished
Saved: 'C:\MyProjects\TempProject (OpenAI)\su7\renders\rear_hero.png'
 Time: 02:07.73 (Saving: 00:00.43)

PRODUCTION_RENDER_COMPLETE rear_hero
PRODUCTION_RENDER_START side
Fra:1 Mem:286.49M (Peak 286.49M) | Time:00:01.29 | Mem:0.00M, Peak:0.00M | Scene, ViewLayer | Synchronizing object | Unified aluminum body | welded hood, quarters and bumpers
Fra:1 Mem:290.13M (Peak 290.13M) | Time:00:01.29 | Mem:0.00M, Peak:0.00M | Scene, ViewLayer | Synchronizing object | Window perimeter | satin black surround
Fra:1 Mem:291.90M (Peak 291.90M) | Time:00:01.29 | Mem:0.00M, Peak:0.00M | Scene, ViewLayer | Synchronizing object | B pillar black trim
Fra:1 Mem:291.94M (Peak 291.94M) | Time:00:01.29 | Mem:0.00M, Peak:0.00M | Scene, ViewLayer | Synchronizing object | B pillar black trim.001
Fra:1 Mem:291.98M (Peak 291.98M) | Time:00:01.29 | Mem:0.00M, Peak:0.00M | Scene, ViewLayer | Synchronizing object | B pillar black trim.002
Fra:1 Mem:292.02M (Peak 292.02M) | Time:00:01.29 | Mem:0.00M, Peak:0.00M | Scene, ViewLayer | Synchronizing object | Rear quarter glass division
Fra:1 Mem:292.06M (Peak 292.06M) | Time:00:01.29 | Mem:0.00M, Peak:0.00M | Scene, ViewLayer | Synchronizing object | Painted continuous A pillar and roof rail
Fra:1 Mem:292.37M (Peak 292.37M) | Time:00:01.29 | Mem:0.00M, Peak:0.00M | Scene, ViewLayer | Synchronizing object | Roof drip molding
Fra:1 Mem:292.57M (Peak 292.57M) | Time:00:01.29 | Mem:0.00M, Peak:0.00M | Scene, ViewLayer | Synchronizing object | Smooth continuous side glass
Fra:1 Mem:293.23M (Peak 293.23M) | Time:00:01.30 | Mem:0.00M, Peak:0.00M | Scene, ViewLayer | Synchronizing object | Window perimeter | satin black surround.001
Fra:1 Mem:301.01M (Peak 301.01M) | Time:00:01.30 | Mem:0.00M, Peak:0.00M | Scene, ViewLayer | Synchronizing object | B pillar black trim.003
Fra:1 Mem:301.05M (Peak 301.05M) | Time:00:01.30 | Mem:0.00M, Peak:0.00M | Scene, ViewLayer | Synchronizing object | B pillar black trim.004
Fra:1 Mem:301.07M (Peak 301.07M) | Time:00:01.30 | Mem:0.00M, Peak:0.00M | Scene, ViewLayer | Synchronizing object | Smooth continuous side glass.001
Fra:1 Mem:301.20M (Peak 301.20M) | Time:00:01.30 | Mem:0.00M, Peak:0.00M | Scene, ViewLayer | Synchronizing object | B pillar black trim.005
Fra:1 Mem:301.68M (Peak 301.68M) | Time:00:01.30 | Mem:0.00M, Peak:0.00M | Scene, ViewLayer | Synchronizing object | Rear quarter glass division.001
Fra:1 Mem:301.85M (Peak 301.85M) | Time:00:01.30 | Mem:0.00M, Peak:0.00M | Scene, ViewLayer | Synchronizing object | Painted continuous A pillar and roof rail.001
Fra:1 Mem:304.59M (Peak 304.59M) | Time:00:01.30 | Mem:0.00M, Peak:0.00M | Scene, ViewLayer | Synchronizing object | Roof drip molding.001
Fra:1 Mem:304.76M (Peak 304.76M) | Time:00:01.30 | Mem:0.00M, Peak:0.00M | Scene, ViewLayer | Synchronizing object | Hood precision shut line
Fra:1 Mem:304.89M (Peak 304.89M) | Time:00:01.30 | Mem:0.00M, Peak:0.00M | Scene, ViewLayer | Synchronizing object | Front door leading gap
Fra:1 Mem:307.38M (Peak 307.38M) | Time:00:01.30 | Mem:0.00M, Peak:0.00M | Scene, ViewLayer | Synchronizing object | B pillar door gap
Fra:1 Mem:307.45M (Peak 307.45M) | Time:00:01.30 | Mem:0.00M, Peak:0.00M | Scene, ViewLayer | Synchronizing object | Rear door trailing gap
Fra:1 Mem:307.52M (Peak 307.52M) | Time:00:01.30 | Mem:0.00M, Peak:0.00M | Scene, ViewLayer | Synchronizing object | Rocker sill
Fra:1 Mem:307.58M (Peak 307.58M) | Time:00:01.30 | Mem:0.00M, Peak:0.00M | Scene, ViewLayer | Synchronizing object | Rocker silver edge
Fra:1 Mem:307.65M (Peak 307.65M) | Time:00:01.30 | Mem:0.00M, Peak:0.00M | Scene, ViewLayer | Synchronizing object | Flush door handle recess
Fra:1 Mem:307.65M (Peak 307.65M) | Time:00:01.30 | Mem:0.00M, Peak:0.00M | Scene, ViewLayer | Synchronizing object | Flush door handle | Aqua Blue
Fra:1 Mem:307.74M (Peak 307.74M) | Time:00:01.30 | Mem:0.00M, Peak:0.00M | Scene, ViewLayer | Synchronizing object | Handle finger undercut
Fra:1 Mem:307.73M (Peak 307.74M) | Time:00:01.30 | Mem:0.00M, Peak:0.00M | Scene, ViewLayer | Synchronizing object | Handle finger undercut.001
Fra:1 Mem:307.77M (Peak 307.77M) | Time:00:01.30 | Mem:0.00M, Peak:0.00M | Scene, ViewLayer | Synchronizing object | Charging door
Fra:1 Mem:307.72M (Peak 307.77M) | Time:00:01.30 | Mem:0.00M, Peak:0.00M | Scene, ViewLayer | Synchronizing object | Flush door handle | Aqua Blue.001
Fra:1 Mem:307.93M (Peak 307.93M) | Time:00:01.30 | Mem:0.00M, Peak:0.00M | Scene, ViewLayer | Synchronizing object | Fender blade polished edge
Fra:1 Mem:307.87M (Peak 307.93M) | Time:00:01.30 | Mem:0.00M, Peak:0.00M | Scene, ViewLayer | Synchronizing object | Front fender black air blade
Fra:1 Mem:307.84M (Peak 307.93M) | Time:00:01.30 | Mem:0.00M, Peak:0.00M | Scene, ViewLayer | Synchronizing object | Side camera lens.001
Fra:1 Mem:307.91M (Peak 307.93M) | Time:00:01.30 | Mem:0.00M, Peak:0.00M | Scene, ViewLayer | Synchronizing object | Mirror black lower housing.001
Fra:1 Mem:307.95M (Peak 307.95M) | Time:00:01.30 | Mem:0.00M, Peak:0.00M | Scene, ViewLayer | Synchronizing object | Mirror LED indicator
Fra:1 Mem:307.99M (Peak 307.99M) | Time:00:01.30 | Mem:0.00M, Peak:0.00M | Scene, ViewLayer | Synchronizing object | Mirror painted upper cap.001
Fra:1 Mem:308.07M (Peak 308.07M) | Time:00:01.30 | Mem:0.00M, Peak:0.00M | Scene, ViewLayer | Synchronizing object | Mirror reflective glass.001
Fra:1 Mem:308.15M (Peak 308.15M) | Time:00:01.30 | Mem:0.00M, Peak:0.00M | Scene, ViewLayer | Synchronizing object | Rolled painted wheel arch lip
Fra:1 Mem:308.26M (Peak 308.26M) | Time:00:01.30 | Mem:0.00M, Peak:0.00M | Scene, ViewLayer | Synchronizing object | Wheelhouse dark reveal
Fra:1 Mem:308.36M (Peak 308.36M) | Time:00:01.30 | Mem:0.00M, Peak:0.00M | Scene, ViewLayer | Synchronizing object | Wheelhouse liner
Fra:1 Mem:308.37M (Peak 308.37M) | Time:00:01.30 | Mem:0.00M, Peak:0.00M | Scene, ViewLayer | Synchronizing object | Rolled painted wheel arch lip.001
Fra:1 Mem:308.48M (Peak 308.48M) | Time:00:01.30 | Mem:0.00M, Peak:0.00M | Scene, ViewLayer | Synchronizing object | Wheelhouse dark reveal.001
Fra:1 Mem:308.59M (Peak 308.59M) | Time:00:01.30 | Mem:0.00M, Peak:0.00M | Scene, ViewLayer | Synchronizing object | Wheelhouse liner.001
Fra:1 Mem:308.59M (Peak 308.59M) | Time:00:01.30 | Mem:0.00M, Peak:0.00M | Scene, ViewLayer | Synchronizing object | Hood precision shut line.001
Fra:1 Mem:308.73M (Peak 308.73M) | Time:00:01.30 | Mem:0.00M, Peak:0.00M | Scene, ViewLayer | Synchronizing object | Front door leading gap.001
Fra:1 Mem:308.80M (Peak 308.80M) | Time:00:01.30 | Mem:0.00M, Peak:0.00M | Scene, ViewLayer | Synchronizing object | B pillar door gap.001
Fra:1 Mem:308.86M (Peak 308.86M) | Time:00:01.30 | Mem:0.00M, Peak:0.00M | Scene, ViewLayer | Synchronizing object | Rear door trailing gap.001
Fra:1 Mem:308.93M (Peak 308.93M) | Time:00:01.31 | Mem:0.00M, Peak:0.00M | Scene, ViewLayer | Synchronizing object | Rocker sill.001
Fra:1 Mem:309.00M (Peak 309.00M) | Time:00:01.31 | Mem:0.00M, Peak:0.00M | Scene, ViewLayer | Synchronizing object | Rocker silver edge.001
Fra:1 Mem:309.06M (Peak 309.06M) | Time:00:01.31 | Mem:0.00M, Peak:0.00M | Scene, ViewLayer | Synchronizing object | Flush door handle recess.002
Fra:1 Mem:309.08M (Peak 309.08M) | Time:00:01.31 | Mem:0.00M, Peak:0.00M | Scene, ViewLayer | Synchronizing object | Handle finger undercut.002
Fra:1 Mem:309.13M (Peak 309.13M) | Time:00:01.31 | Mem:0.00M, Peak:0.00M | Scene, ViewLayer | Synchronizing object | Flush door handle | Aqua Blue.002
Fra:1 Mem:309.12M (Peak 309.13M) | Time:00:01.31 | Mem:0.00M, Peak:0.00M | Scene, ViewLayer | Synchronizing object | Handle finger undercut.003
Fra:1 Mem:309.11M (Peak 309.13M) | Time:00:01.31 | Mem:0.00M, Peak:0.00M | Scene, ViewLayer | Synchronizing object | Flush door handle recess.003
Fra:1 Mem:309.14M (Peak 309.14M) | Time:00:01.31 | Mem:0.00M, Peak:0.00M | Scene, ViewLayer | Synchronizing object | Fender blade polished edge.001
Fra:1 Mem:309.24M (Peak 309.24M) | Time:00:01.31 | Mem:0.00M, Peak:0.00M | Scene, ViewLayer | Synchronizing object | Mirror stalk.001
Fra:1 Mem:309.15M (Peak 309.24M) | Time:00:01.31 | Mem:0.00M, Peak:0.00M | Scene, ViewLayer | Synchronizing object | Flush door handle | Aqua Blue.003
Fra:1 Mem:309.19M (Peak 309.24M) | Time:00:01.31 | Mem:0.00M, Peak:0.00M | Scene, ViewLayer | Synchronizing object | Mirror LED indicator.001
Fra:1 Mem:309.27M (Peak 309.27M) | Time:00:01.31 | Mem:0.00M, Peak:0.00M | Scene, ViewLayer | Synchronizing object | Rolled painted wheel arch lip.002
Fra:1 Mem:309.29M (Peak 309.29M) | Time:00:01.31 | Mem:0.00M, Peak:0.00M | Scene, ViewLayer | Synchronizing object | Front fender black air blade.001
Fra:1 Mem:309.38M (Peak 309.38M) | Time:00:01.31 | Mem:0.00M, Peak:0.00M | Scene, ViewLayer | Synchronizing object | Side camera lens
Fra:1 Mem:309.41M (Peak 309.41M) | Time:00:01.31 | Mem:0.00M, Peak:0.00M | Scene, ViewLayer | Synchronizing object | Wheelhouse dark reveal.002
Fra:1 Mem:309.43M (Peak 309.43M) | Time:00:01.31 | Mem:0.00M, Peak:0.00M | Scene, ViewLayer | Synchronizing object | Mirror painted upper cap
Fra:1 Mem:309.65M (Peak 309.65M) | Time:00:01.31 | Mem:0.00M, Peak:0.00M | Scene, ViewLayer | Synchronizing object | Mirror reflective glass
Fra:1 Mem:309.72M (Peak 309.72M) | Time:00:01.31 | Mem:0.00M, Peak:0.00M | Scene, ViewLayer | Synchronizing object | Rolled painted wheel arch lip.003
Fra:1 Mem:309.82M (Peak 309.82M) | Time:00:01.31 | Mem:0.00M, Peak:0.00M | Scene, ViewLayer | Synchronizing object | Wheelhouse liner.002
Fra:1 Mem:309.84M (Peak 309.84M) | Time:00:01.31 | Mem:0.00M, Peak:0.00M | Scene, ViewLayer | Synchronizing object | Wheelhouse dark reveal.003
Fra:1 Mem:309.95M (Peak 309.95M) | Time:00:01.31 | Mem:0.00M, Peak:0.00M | Scene, ViewLayer | Synchronizing object | Wheelhouse liner.003
Fra:1 Mem:309.95M (Peak 309.95M) | Time:00:01.31 | Mem:0.00M, Peak:0.00M | Scene, ViewLayer | Synchronizing object | Waterdrop headlight | dark compound-curved optical housing
Fra:1 Mem:310.08M (Peak 310.08M) | Time:00:01.31 | Mem:0.00M, Peak:0.00M | Scene, ViewLayer | Synchronizing object | Headlight polished rim
Fra:1 Mem:310.12M (Peak 310.12M) | Time:00:01.31 | Mem:0.00M, Peak:0.00M | Scene, ViewLayer | Synchronizing object | Signature sweeping diagonal DRL
Fra:1 Mem:312.60M (Peak 312.60M) | Time:00:01.31 | Mem:0.00M, Peak:0.00M | Scene, ViewLayer | Synchronizing object | Lower segmented optical return
Fra:1 Mem:312.65M (Peak 312.65M) | Time:00:01.31 | Mem:0.00M, Peak:0.00M | Scene, ViewLayer | Synchronizing object | Upper arrow DRL accent
Fra:1 Mem:310.26M (Peak 312.65M) | Time:00:01.31 | Mem:0.00M, Peak:0.00M | Scene, ViewLayer | Synchronizing object | Rectangular LED projector surround
Fra:1 Mem:312.70M (Peak 312.70M) | Time:00:01.31 | Mem:0.00M, Peak:0.00M | Scene, ViewLayer | Synchronizing object | Corner intake rim
Fra:1 Mem:312.74M (Peak 312.74M) | Time:00:01.31 | Mem:0.00M, Peak:0.00M | Scene, ViewLayer | Synchronizing object | Air curtain inner fin
Fra:1 Mem:312.74M (Peak 312.74M) | Time:00:01.31 | Mem:0.00M, Peak:0.00M | Scene, ViewLayer | Synchronizing object | Rectangular LED projector surround.001
Fra:1 Mem:312.75M (Peak 312.75M) | Time:00:01.31 | Mem:0.00M, Peak:0.00M | Scene, ViewLayer | Synchronizing object | Headlight rubber gasket.001
Fra:1 Mem:310.43M (Peak 312.75M) | Time:00:01.31 | Mem:0.00M, Peak:0.00M | Scene, ViewLayer | Synchronizing object | Headlight polished rim.001
Fra:1 Mem:310.44M (Peak 312.75M) | Time:00:01.31 | Mem:0.00M, Peak:0.00M | Scene, ViewLayer | Synchronizing object | Deep projector optic.001
Fra:1 Mem:310.43M (Peak 312.75M) | Time:00:01.31 | Mem:0.00M, Peak:0.00M | Scene, ViewLayer | Synchronizing object | Signature sweeping diagonal DRL.001
Fra:1 Mem:310.56M (Peak 312.75M) | Time:00:01.31 | Mem:0.00M, Peak:0.00M | Scene, ViewLayer | Synchronizing object | Lower segmented optical return.001
Fra:1 Mem:310.56M (Peak 312.75M) | Time:00:01.31 | Mem:0.00M, Peak:0.00M | Scene, ViewLayer | Synchronizing object | Rectangular LED projector surround.002
Fra:1 Mem:310.59M (Peak 312.75M) | Time:00:01.31 | Mem:0.00M, Peak:0.00M | Scene, ViewLayer | Synchronizing object | Deep projector optic.002
Fra:1 Mem:310.63M (Peak 312.75M) | Time:00:01.31 | Mem:0.00M, Peak:0.00M | Scene, ViewLayer | Synchronizing object | Rectangular LED projector surround.003
Fra:1 Mem:310.70M (Peak 312.75M) | Time:00:01.31 | Mem:0.00M, Peak:0.00M | Scene, ViewLayer | Synchronizing object | Deep projector optic.003
Fra:1 Mem:310.68M (Peak 312.75M) | Time:00:01.31 | Mem:0.00M, Peak:0.00M | Scene, ViewLayer | Synchronizing object | Vertical corner air curtain
Fra:1 Mem:310.82M (Peak 312.75M) | Time:00:01.31 | Mem:0.00M, Peak:0.00M | Scene, ViewLayer | Synchronizing object | Waterdrop headlight | dark compound-curved optical housing.001
Fra:1 Mem:310.86M (Peak 312.75M) | Time:00:01.31 | Mem:0.00M, Peak:0.00M | Scene, ViewLayer | Synchronizing object | Corner intake rim.001
Fra:1 Mem:310.87M (Peak 312.75M) | Time:00:01.31 | Mem:0.00M, Peak:0.00M | Scene, ViewLayer | Synchronizing object | Rectangular LED projector surround.004
Fra:1 Mem:310.88M (Peak 312.75M) | Time:00:01.31 | Mem:0.00M, Peak:0.00M | Scene, ViewLayer | Synchronizing object | Deep projector optic.004
Fra:1 Mem:310.90M (Peak 312.75M) | Time:00:01.31 | Mem:0.00M, Peak:0.00M | Scene, ViewLayer | Synchronizing object | Air curtain inner fin.001
Fra:1 Mem:310.97M (Peak 312.75M) | Time:00:01.31 | Mem:0.00M, Peak:0.00M | Scene, ViewLayer | Synchronizing object | Satin front intake frame
Fra:1 Mem:311.05M (Peak 312.75M) | Time:00:01.31 | Mem:0.00M, Peak:0.00M | Scene, ViewLayer | Synchronizing object | Painted intake ring
Fra:1 Mem:311.06M (Peak 312.75M) | Time:00:01.31 | Mem:0.00M, Peak:0.00M | Scene, ViewLayer | Synchronizing object | Painted intake ring.001
Fra:1 Mem:311.04M (Peak 312.75M) | Time:00:01.31 | Mem:0.00M, Peak:0.00M | Scene, ViewLayer | Synchronizing object | Horizontal grille louver
Fra:1 Mem:311.08M (Peak 312.75M) | Time:00:01.31 | Mem:0.00M, Peak:0.00M | Scene, ViewLayer | Synchronizing object | Horizontal grille louver.001
Fra:1 Mem:311.07M (Peak 312.75M) | Time:00:01.31 | Mem:0.00M, Peak:0.00M | Scene, ViewLayer | Synchronizing object | Rectangular LED projector surround.005
Fra:1 Mem:311.13M (Peak 312.75M) | Time:00:01.31 | Mem:0.00M, Peak:0.00M | Scene, ViewLayer | Synchronizing object | Horizontal grille louver.002
Fra:1 Mem:311.13M (Peak 312.75M) | Time:00:01.31 | Mem:0.00M, Peak:0.00M | Scene, ViewLayer | Synchronizing object | Deep projector optic.005
Fra:1 Mem:311.13M (Peak 312.75M) | Time:00:01.31 | Mem:0.00M, Peak:0.00M | Scene, ViewLayer | Synchronizing object | Horizontal grille louver.003
Fra:1 Mem:311.30M (Peak 312.75M) | Time:00:01.31 | Mem:0.00M, Peak:0.00M | Scene, ViewLayer | Synchronizing object | Grille vertical reinforcement
Fra:1 Mem:311.26M (Peak 312.75M) | Time:00:01.31 | Mem:0.00M, Peak:0.00M | Scene, ViewLayer | Synchronizing object | Grille vertical reinforcement.001
Fra:1 Mem:311.26M (Peak 312.75M) | Time:00:01.31 | Mem:0.00M, Peak:0.00M | Scene, ViewLayer | Synchronizing object | Grille vertical reinforcement.002
Fra:1 Mem:311.32M (Peak 312.75M) | Time:00:01.31 | Mem:0.00M, Peak:0.00M | Scene, ViewLayer | Synchronizing object | Rectangular LED projector surround.006
Fra:1 Mem:311.35M (Peak 312.75M) | Time:00:01.31 | Mem:0.00M, Peak:0.00M | Scene, ViewLayer | Synchronizing object | Grille vertical reinforcement.003
Fra:1 Mem:311.34M (Peak 312.75M) | Time:00:01.31 | Mem:0.00M, Peak:0.00M | Scene, ViewLayer | Synchronizing object | Deep projector optic.006
Fra:1 Mem:311.34M (Peak 312.75M) | Time:00:01.31 | Mem:0.00M, Peak:0.00M | Scene, ViewLayer | Synchronizing object | Grille vertical reinforcement.004
Fra:1 Mem:311.39M (Peak 312.75M) | Time:00:01.31 | Mem:0.00M, Peak:0.00M | Scene, ViewLayer | Synchronizing object | Rectangular LED projector surround.007
Fra:1 Mem:311.33M (Peak 312.75M) | Time:00:01.31 | Mem:0.00M, Peak:0.00M | Scene, ViewLayer | Synchronizing object | Grille vertical reinforcement.005
Fra:1 Mem:311.33M (Peak 312.75M) | Time:00:01.31 | Mem:0.00M, Peak:0.00M | Scene, ViewLayer | Synchronizing object | Deep projector optic.007
Fra:1 Mem:311.40M (Peak 312.75M) | Time:00:01.31 | Mem:0.00M, Peak:0.00M | Scene, ViewLayer | Synchronizing object | Vertical corner air curtain.001
Fra:1 Mem:311.48M (Peak 312.75M) | Time:00:01.31 | Mem:0.00M, Peak:0.00M | Scene, ViewLayer | Synchronizing object | Grille vertical reinforcement.007
Fra:1 Mem:311.48M (Peak 312.75M) | Time:00:01.31 | Mem:0.00M, Peak:0.00M | Scene, ViewLayer | Synchronizing object | Grille vertical reinforcement.008
Fra:1 Mem:311.45M (Peak 312.75M) | Time:00:01.31 | Mem:0.00M, Peak:0.00M | Scene, ViewLayer | Synchronizing object | Wide trapezoidal front lower intake
Fra:1 Mem:311.43M (Peak 312.75M) | Time:00:01.31 | Mem:0.00M, Peak:0.00M | Scene, ViewLayer | Synchronizing object | Grille vertical reinforcement.009
Fra:1 Mem:311.48M (Peak 312.75M) | Time:00:01.31 | Mem:0.00M, Peak:0.00M | Scene, ViewLayer | Synchronizing object | Sculpted Aqua Blue intake side surround.001
Fra:1 Mem:311.48M (Peak 312.75M) | Time:00:01.31 | Mem:0.00M, Peak:0.00M | Scene, ViewLayer | Synchronizing object | Grille vertical reinforcement.010
Fra:1 Mem:311.52M (Peak 312.75M) | Time:00:01.31 | Mem:0.00M, Peak:0.00M | Scene, ViewLayer | Synchronizing object | Front splitter blade
Fra:1 Mem:311.66M (Peak 312.75M) | Time:00:01.31 | Mem:0.00M, Peak:0.00M | Scene, ViewLayer | Synchronizing object | Front license plate bracket
Fra:1 Mem:311.66M (Peak 312.75M) | Time:00:01.31 | Mem:0.00M, Peak:0.00M | Scene, ViewLayer | Synchronizing object | Front plate lettering
Fra:1 Mem:312.70M (Peak 312.85M) | Time:00:01.32 | Mem:0.00M, Peak:0.00M | Scene, ViewLayer | Synchronizing object | Ultrasonic parking sensor
Fra:1 Mem:312.70M (Peak 312.85M) | Time:00:01.32 | Mem:0.00M, Peak:0.00M | Scene, ViewLayer | Synchronizing object | Hood mi insignia
Fra:1 Mem:312.90M (Peak 312.90M) | Time:00:01.32 | Mem:0.00M, Peak:0.00M | Scene, ViewLayer | Synchronizing object | License plate screw.001
Fra:1 Mem:313.00M (Peak 313.00M) | Time:00:01.32 | Mem:0.00M, Peak:0.00M | Scene, ViewLayer | Synchronizing object | Xiaomi hood emblem
Fra:1 Mem:313.05M (Peak 313.05M) | Time:00:01.32 | Mem:0.00M, Peak:0.00M | Scene, ViewLayer | Synchronizing object | Front perception camera
Fra:1 Mem:313.05M (Peak 313.05M) | Time:00:01.32 | Mem:0.00M, Peak:0.00M | Scene, ViewLayer | Synchronizing object | Rear lamp outer seal
Fra:1 Mem:313.25M (Peak 313.25M) | Time:00:01.32 | Mem:0.00M, Peak:0.00M | Scene, ViewLayer | Synchronizing object | Continuous halo rear LED
Fra:1 Mem:313.25M (Peak 313.25M) | Time:00:01.32 | Mem:0.00M, Peak:0.00M | Scene, ViewLayer | Synchronizing object | Halo rear red optical bed
Fra:1 Mem:313.38M (Peak 313.38M) | Time:00:01.32 | Mem:0.00M, Peak:0.00M | Scene, ViewLayer | Synchronizing object | Lower full-width LED filament
Fra:1 Mem:313.56M (Peak 313.56M) | Time:00:01.32 | Mem:0.00M, Peak:0.00M | Scene, ViewLayer | Synchronizing object | Inner taillight return
Fra:1 Mem:313.56M (Peak 313.56M) | Time:00:01.32 | Mem:0.00M, Peak:0.00M | Scene, ViewLayer | Synchronizing object | Rear bumper side air outlet
Fra:1 Mem:313.57M (Peak 313.57M) | Time:00:01.32 | Mem:0.00M, Peak:0.00M | Scene, ViewLayer | Synchronizing object | Rear vent rim
Fra:1 Mem:313.62M (Peak 313.62M) | Time:00:01.32 | Mem:0.00M, Peak:0.00M | Scene, ViewLayer | Synchronizing object | Trunk panel shut line
Fra:1 Mem:313.69M (Peak 313.69M) | Time:00:01.32 | Mem:0.00M, Peak:0.00M | Scene, ViewLayer | Synchronizing object | Rear lower reflector
Fra:1 Mem:313.69M (Peak 313.69M) | Time:00:01.32 | Mem:0.00M, Peak:0.00M | Scene, ViewLayer | Synchronizing object | Inner taillight return.001
Fra:1 Mem:313.71M (Peak 313.71M) | Time:00:01.32 | Mem:0.00M, Peak:0.00M | Scene, ViewLayer | Synchronizing object | Rear vent rim.001
Fra:1 Mem:313.79M (Peak 313.79M) | Time:00:01.32 | Mem:0.00M, Peak:0.00M | Scene, ViewLayer | Synchronizing object | Trunk panel shut line.001
Fra:1 Mem:313.85M (Peak 313.85M) | Time:00:01.32 | Mem:0.00M, Peak:0.00M | Scene, ViewLayer | Synchronizing object | Rear bumper side air outlet.001
Fra:1 Mem:313.89M (Peak 313.89M) | Time:00:01.32 | Mem:0.00M, Peak:0.00M | Scene, ViewLayer | Synchronizing object | Rear diffuser painted buttress
Fra:1 Mem:313.91M (Peak 313.91M) | Time:00:01.32 | Mem:0.00M, Peak:0.00M | Scene, ViewLayer | Synchronizing object | Rear lower reflector.001
Fra:1 Mem:313.96M (Peak 313.96M) | Time:00:01.32 | Mem:0.00M, Peak:0.00M | Scene, ViewLayer | Synchronizing object | Rear diffuser black valance
Fra:1 Mem:314.01M (Peak 314.01M) | Time:00:01.32 | Mem:0.00M, Peak:0.00M | Scene, ViewLayer | Synchronizing object | Rear diffuser painted buttress.001
Fra:1 Mem:314.11M (Peak 314.11M) | Time:00:01.32 | Mem:0.00M, Peak:0.00M | Scene, ViewLayer | Synchronizing object | Rear diffuser lower lip
Fra:1 Mem:314.22M (Peak 314.22M) | Time:00:01.32 | Mem:0.00M, Peak:0.00M | Scene, ViewLayer | Synchronizing object | Underfloor diffuser strake
Fra:1 Mem:314.22M (Peak 314.22M) | Time:00:01.32 | Mem:0.00M, Peak:0.00M | Scene, ViewLayer | Synchronizing object | Underfloor diffuser strake.002
Fra:1 Mem:314.24M (Peak 314.24M) | Time:00:01.32 | Mem:0.00M, Peak:0.00M | Scene, ViewLayer | Synchronizing object | Rear plate SU7
Fra:1 Mem:314.50M (Peak 314.50M) | Time:00:01.32 | Mem:0.00M, Peak:0.00M | Scene, ViewLayer | Synchronizing object | Underfloor diffuser strake.003
Fra:1 Mem:314.59M (Peak 314.59M) | Time:00:01.32 | Mem:0.00M, Peak:0.00M | Scene, ViewLayer | Synchronizing object | Underfloor diffuser strake.004
Fra:1 Mem:314.66M (Peak 314.66M) | Time:00:01.32 | Mem:0.00M, Peak:0.00M | Scene, ViewLayer | Synchronizing object | Rear plate bracket
Fra:1 Mem:314.83M (Peak 314.83M) | Time:00:01.32 | Mem:0.00M, Peak:0.00M | Scene, ViewLayer | Synchronizing object | Rear license plate
Fra:1 Mem:314.70M (Peak 314.83M) | Time:00:01.32 | Mem:0.00M, Peak:0.00M | Scene, ViewLayer | Synchronizing object | Rear spaced Xiaomi lettering | x
Fra:1 Mem:314.81M (Peak 314.83M) | Time:00:01.32 | Mem:0.00M, Peak:0.00M | Scene, ViewLayer | Synchronizing object | Rear spaced Xiaomi lettering | i
Fra:1 Mem:314.82M (Peak 314.83M) | Time:00:01.32 | Mem:0.00M, Peak:0.00M | Scene, ViewLayer | Synchronizing object | Rear spaced Xiaomi lettering | a
Fra:1 Mem:315.06M (Peak 315.06M) | Time:00:01.32 | Mem:0.00M, Peak:0.00M | Scene, ViewLayer | Synchronizing object | Rear spaced Xiaomi lettering | o
Fra:1 Mem:315.20M (Peak 315.20M) | Time:00:01.32 | Mem:0.00M, Peak:0.00M | Scene, ViewLayer | Synchronizing object | Rear spaced Xiaomi lettering | m
Fra:1 Mem:315.35M (Peak 315.35M) | Time:00:01.32 | Mem:0.00M, Peak:0.00M | Scene, ViewLayer | Synchronizing object | Rear spaced Xiaomi lettering | i.001
Fra:1 Mem:315.42M (Peak 315.42M) | Time:00:01.32 | Mem:0.00M, Peak:0.00M | Scene, ViewLayer | Synchronizing object | Rear model badge
Fra:1 Mem:315.71M (Peak 315.71M) | Time:00:01.32 | Mem:0.00M, Peak:0.00M | Scene, ViewLayer | Synchronizing object | Rear Max badge
Fra:1 Mem:315.99M (Peak 315.99M) | Time:00:01.32 | Mem:0.00M, Peak:0.00M | Scene, ViewLayer | Synchronizing object | Rear manufacturer badge
Fra:1 Mem:316.19M (Peak 316.19M) | Time:00:01.32 | Mem:0.00M, Peak:0.00M | Scene, ViewLayer | Synchronizing object | Integrated rear deck ducktail
Fra:1 Mem:316.32M (Peak 316.32M) | Time:00:01.32 | Mem:0.00M, Peak:0.00M | Scene, ViewLayer | Synchronizing object | Retractable spoiler shut line
Fra:1 Mem:316.42M (Peak 316.42M) | Time:00:01.33 | Mem:0.00M, Peak:0.00M | Scene, ViewLayer | Synchronizing object | Rear parking camera
Fra:1 Mem:316.49M (Peak 316.49M) | Time:00:01.33 | Mem:0.00M, Peak:0.00M | Scene, ViewLayer | Synchronizing object | Front left | tire carcass
Fra:1 Mem:316.62M (Peak 316.62M) | Time:00:01.33 | Mem:0.00M, Peak:0.00M | Scene, ViewLayer | Synchronizing object | Front left tire molded sidewall ring.001
Fra:1 Mem:316.62M (Peak 316.62M) | Time:00:01.33 | Mem:0.00M, Peak:0.00M | Scene, ViewLayer | Synchronizing object | Front left tire molded sidewall ring.002
Fra:1 Mem:316.72M (Peak 316.72M) | Time:00:01.33 | Mem:0.00M, Peak:0.00M | Scene, ViewLayer | Synchronizing object | Front left caliper marking
Fra:1 Mem:316.96M (Peak 316.96M) | Time:00:01.33 | Mem:0.00M, Peak:0.00M | Scene, ViewLayer | Synchronizing object | Front left directional tread | 792 blocks
Fra:1 Mem:316.96M (Peak 316.96M) | Time:00:01.33 | Mem:0.00M, Peak:0.00M | Scene, ViewLayer | Synchronizing object | Front left tire molded sidewall ring
Fra:1 Mem:317.57M (Peak 317.57M) | Time:00:01.33 | Mem:0.00M, Peak:0.00M | Scene, ViewLayer | Synchronizing object | Front left cast rim barrel
Fra:1 Mem:318.04M (Peak 318.04M) | Time:00:01.33 | Mem:0.00M, Peak:0.00M | Scene, ViewLayer | Synchronizing object | Front left diamond-cut outer flange
Fra:1 Mem:318.25M (Peak 318.25M) | Time:00:01.33 | Mem:0.00M, Peak:0.00M | Scene, ViewLayer | Synchronizing object | Front left inner rim accent
Fra:1 Mem:318.34M (Peak 318.34M) | Time:00:01.33 | Mem:0.00M, Peak:0.00M | Scene, ViewLayer | Synchronizing object | Front left brake rotor
Fra:1 Mem:318.40M (Peak 318.40M) | Time:00:01.33 | Mem:0.00M, Peak:0.00M | Scene, ViewLayer | Synchronizing object | Front left rotor outer scoring
Fra:1 Mem:318.65M (Peak 318.65M) | Time:00:01.33 | Mem:0.00M, Peak:0.00M | Scene, ViewLayer | Synchronizing object | Front left drilled rotor perforation
Fra:1 Mem:318.58M (Peak 318.65M) | Time:00:01.33 | Mem:0.00M, Peak:0.00M | Scene, ViewLayer | Synchronizing object | Front left drilled rotor perforation.001
Fra:1 Mem:318.63M (Peak 318.65M) | Time:00:01.33 | Mem:0.00M, Peak:0.00M | Scene, ViewLayer | Synchronizing object | Front left drilled rotor perforation.002
Fra:1 Mem:318.61M (Peak 318.65M) | Time:00:01.33 | Mem:0.00M, Peak:0.00M | Scene, ViewLayer | Synchronizing object | Front left drilled rotor perforation.003
Fra:1 Mem:318.63M (Peak 318.65M) | Time:00:01.33 | Mem:0.00M, Peak:0.00M | Scene, ViewLayer | Synchronizing object | Front left drilled rotor perforation.004
Fra:1 Mem:318.63M (Peak 318.65M) | Time:00:01.33 | Mem:0.00M, Peak:0.00M | Scene, ViewLayer | Synchronizing object | Front left drilled rotor perforation.005
Fra:1 Mem:318.67M (Peak 318.67M) | Time:00:01.33 | Mem:0.00M, Peak:0.00M | Scene, ViewLayer | Synchronizing object | Front left drilled rotor perforation.006
Fra:1 Mem:318.69M (Peak 318.69M) | Time:00:01.33 | Mem:0.00M, Peak:0.00M | Scene, ViewLayer | Synchronizing object | Front left drilled rotor perforation.007
Fra:1 Mem:318.71M (Peak 318.71M) | Time:00:01.33 | Mem:0.00M, Peak:0.00M | Scene, ViewLayer | Synchronizing object | Front left drilled rotor perforation.008
Fra:1 Mem:318.69M (Peak 318.71M) | Time:00:01.33 | Mem:0.00M, Peak:0.00M | Scene, ViewLayer | Synchronizing object | Front left drilled rotor perforation.009
Fra:1 Mem:318.76M (Peak 318.76M) | Time:00:01.33 | Mem:0.00M, Peak:0.00M | Scene, ViewLayer | Synchronizing object | Front left center mi logo
Fra:1 Mem:318.73M (Peak 318.76M) | Time:00:01.33 | Mem:0.00M, Peak:0.00M | Scene, ViewLayer | Synchronizing object | Front left drilled rotor perforation.010
Fra:1 Mem:318.71M (Peak 318.76M) | Time:00:01.33 | Mem:0.00M, Peak:0.00M | Scene, ViewLayer | Synchronizing object | Front left drilled rotor perforation.011
Fra:1 Mem:318.75M (Peak 318.76M) | Time:00:01.33 | Mem:0.00M, Peak:0.00M | Scene, ViewLayer | Synchronizing object | Front left drilled rotor perforation.012
Fra:1 Mem:318.79M (Peak 318.79M) | Time:00:01.33 | Mem:0.00M, Peak:0.00M | Scene, ViewLayer | Synchronizing object | Front left drilled rotor perforation.013
Fra:1 Mem:318.82M (Peak 318.82M) | Time:00:01.33 | Mem:0.00M, Peak:0.00M | Scene, ViewLayer | Synchronizing object | Front left drilled rotor perforation.014
Fra:1 Mem:318.90M (Peak 318.90M) | Time:00:01.33 | Mem:0.00M, Peak:0.00M | Scene, ViewLayer | Synchronizing object | Front left drilled rotor perforation.015
Fra:1 Mem:318.96M (Peak 318.96M) | Time:00:01.33 | Mem:0.00M, Peak:0.00M | Scene, ViewLayer | Synchronizing object | Front left drilled rotor perforation.016
Fra:1 Mem:318.98M (Peak 318.98M) | Time:00:01.33 | Mem:0.00M, Peak:0.00M | Scene, ViewLayer | Synchronizing object | Front left drilled rotor perforation.017
Fra:1 Mem:319.00M (Peak 319.00M) | Time:00:01.33 | Mem:0.00M, Peak:0.00M | Scene, ViewLayer | Synchronizing object | Front left drilled rotor perforation.018
Fra:1 Mem:319.06M (Peak 319.06M) | Time:00:01.33 | Mem:0.00M, Peak:0.00M | Scene, ViewLayer | Synchronizing object | Front left drilled rotor perforation.019
Fra:1 Mem:319.04M (Peak 319.06M) | Time:00:01.33 | Mem:0.00M, Peak:0.00M | Scene, ViewLayer | Synchronizing object | Front left drilled rotor perforation.021
Fra:1 Mem:319.12M (Peak 319.12M) | Time:00:01.33 | Mem:0.00M, Peak:0.00M | Scene, ViewLayer | Synchronizing object | Front left drilled rotor perforation.022
Fra:1 Mem:319.19M (Peak 319.19M) | Time:00:01.33 | Mem:0.00M, Peak:0.00M | Scene, ViewLayer | Synchronizing object | Front left drilled rotor perforation.023
Fra:1 Mem:319.12M (Peak 319.19M) | Time:00:01.33 | Mem:0.00M, Peak:0.00M | Scene, ViewLayer | Synchronizing object | Front left drilled rotor perforation.024
Fra:1 Mem:319.15M (Peak 319.19M) | Time:00:01.33 | Mem:0.00M, Peak:0.00M | Scene, ViewLayer | Synchronizing object | Front left drilled rotor perforation.025
Fra:1 Mem:319.18M (Peak 319.19M) | Time:00:01.33 | Mem:0.00M, Peak:0.00M | Scene, ViewLayer | Synchronizing object | Front left drilled rotor perforation.026
Fra:1 Mem:319.17M (Peak 319.19M) | Time:00:01.33 | Mem:0.00M, Peak:0.00M | Scene, ViewLayer | Synchronizing object | Front left drilled rotor perforation.027
Fra:1 Mem:319.18M (Peak 319.19M) | Time:00:01.33 | Mem:0.00M, Peak:0.00M | Scene, ViewLayer | Synchronizing object | Front left drilled rotor perforation.028
Fra:1 Mem:319.21M (Peak 319.21M) | Time:00:01.33 | Mem:0.00M, Peak:0.00M | Scene, ViewLayer | Synchronizing object | Front left drilled rotor perforation.029
Fra:1 Mem:319.24M (Peak 319.24M) | Time:00:01.33 | Mem:0.00M, Peak:0.00M | Scene, ViewLayer | Synchronizing object | Front left drilled rotor perforation.030
Fra:1 Mem:319.23M (Peak 319.24M) | Time:00:01.33 | Mem:0.00M, Peak:0.00M | Scene, ViewLayer | Synchronizing object | Front left drilled rotor perforation.031
Fra:1 Mem:319.23M (Peak 319.24M) | Time:00:01.33 | Mem:0.00M, Peak:0.00M | Scene, ViewLayer | Synchronizing object | Front left drilled rotor perforation.032
Fra:1 Mem:319.25M (Peak 319.25M) | Time:00:01.33 | Mem:0.00M, Peak:0.00M | Scene, ViewLayer | Synchronizing object | Front left sidewall lettering
Fra:1 Mem:319.28M (Peak 319.28M) | Time:00:01.33 | Mem:0.00M, Peak:0.00M | Scene, ViewLayer | Synchronizing object | Front left drilled rotor perforation.033
Fra:1 Mem:319.33M (Peak 319.33M) | Time:00:01.33 | Mem:0.00M, Peak:0.00M | Scene, ViewLayer | Synchronizing object | Front left drilled rotor perforation.034
Fra:1 Mem:319.33M (Peak 319.33M) | Time:00:01.33 | Mem:0.00M, Peak:0.00M | Scene, ViewLayer | Synchronizing object | Front left drilled rotor perforation.035
Fra:1 Mem:319.34M (Peak 319.34M) | Time:00:01.33 | Mem:0.00M, Peak:0.00M | Scene, ViewLayer | Synchronizing object | Front left drilled rotor perforation.036
Fra:1 Mem:319.34M (Peak 319.34M) | Time:00:01.33 | Mem:0.00M, Peak:0.00M | Scene, ViewLayer | Synchronizing object | Front left drilled rotor perforation.037
Fra:1 Mem:319.39M (Peak 319.39M) | Time:00:01.33 | Mem:0.00M, Peak:0.00M | Scene, ViewLayer | Synchronizing object | Front left sidewall lettering.001
Fra:1 Mem:319.39M (Peak 319.39M) | Time:00:01.33 | Mem:0.00M, Peak:0.00M | Scene, ViewLayer | Synchronizing object | Front left drilled rotor perforation.038
Fra:1 Mem:319.34M (Peak 319.39M) | Time:00:01.33 | Mem:0.00M, Peak:0.00M | Scene, ViewLayer | Synchronizing object | Front left drilled rotor perforation.039
Fra:1 Mem:319.36M (Peak 319.39M) | Time:00:01.33 | Mem:0.00M, Peak:0.00M | Scene, ViewLayer | Synchronizing object | Front left drilled rotor perforation.040
Fra:1 Mem:319.43M (Peak 319.43M) | Time:00:01.33 | Mem:0.00M, Peak:0.00M | Scene, ViewLayer | Synchronizing object | Front left drilled rotor perforation.041
Fra:1 Mem:319.44M (Peak 319.44M) | Time:00:01.33 | Mem:0.00M, Peak:0.00M | Scene, ViewLayer | Synchronizing object | Front left sidewall lettering.002
Fra:1 Mem:319.46M (Peak 319.46M) | Time:00:01.33 | Mem:0.00M, Peak:0.00M | Scene, ViewLayer | Synchronizing object | Front left drilled rotor perforation.043
Fra:1 Mem:319.61M (Peak 319.61M) | Time:00:01.33 | Mem:0.00M, Peak:0.00M | Scene, ViewLayer | Synchronizing object | Front left drilled rotor perforation.044
Fra:1 Mem:319.62M (Peak 319.62M) | Time:00:01.33 | Mem:0.00M, Peak:0.00M | Scene, ViewLayer | Synchronizing object | Front left drilled rotor perforation.045
Fra:1 Mem:319.63M (Peak 319.63M) | Time:00:01.33 | Mem:0.00M, Peak:0.00M | Scene, ViewLayer | Synchronizing object | Front left sidewall lettering.003
Fra:1 Mem:319.63M (Peak 319.63M) | Time:00:01.33 | Mem:0.00M, Peak:0.00M | Scene, ViewLayer | Synchronizing object | Front left drilled rotor perforation.046
Fra:1 Mem:319.65M (Peak 319.65M) | Time:00:01.33 | Mem:0.00M, Peak:0.00M | Scene, ViewLayer | Synchronizing object | Front left sidewall lettering.004
Fra:1 Mem:319.67M (Peak 319.67M) | Time:00:01.33 | Mem:0.00M, Peak:0.00M | Scene, ViewLayer | Synchronizing object | Front left drilled rotor perforation.048
Fra:1 Mem:319.76M (Peak 319.76M) | Time:00:01.33 | Mem:0.00M, Peak:0.00M | Scene, ViewLayer | Synchronizing object | Front left sidewall lettering.005
Fra:1 Mem:319.72M (Peak 319.76M) | Time:00:01.33 | Mem:0.00M, Peak:0.00M | Scene, ViewLayer | Synchronizing object | Front left sidewall lettering.006
Fra:1 Mem:319.72M (Peak 319.76M) | Time:00:01.33 | Mem:0.00M, Peak:0.00M | Scene, ViewLayer | Synchronizing object | Front left drilled rotor perforation.049
Fra:1 Mem:319.68M (Peak 319.76M) | Time:00:01.33 | Mem:0.00M, Peak:0.00M | Scene, ViewLayer | Synchronizing object | Front left drilled rotor perforation.050
Fra:1 Mem:319.71M (Peak 319.76M) | Time:00:01.33 | Mem:0.00M, Peak:0.00M | Scene, ViewLayer | Synchronizing object | Front left drilled rotor perforation.051
Fra:1 Mem:319.78M (Peak 319.78M) | Time:00:01.33 | Mem:0.00M, Peak:0.00M | Scene, ViewLayer | Synchronizing object | Front left sidewall lettering.008
Fra:1 Mem:319.77M (Peak 319.78M) | Time:00:01.33 | Mem:0.00M, Peak:0.00M | Scene, ViewLayer | Synchronizing object | Front left drilled rotor perforation.052
Fra:1 Mem:319.81M (Peak 319.81M) | Time:00:01.33 | Mem:0.00M, Peak:0.00M | Scene, ViewLayer | Synchronizing object | Front left drilled rotor perforation.054
Fra:1 Mem:319.85M (Peak 319.85M) | Time:00:01.34 | Mem:0.00M, Peak:0.00M | Scene, ViewLayer | Synchronizing object | Front left sidewall lettering.009
Fra:1 Mem:319.90M (Peak 319.90M) | Time:00:01.34 | Mem:0.00M, Peak:0.00M | Scene, ViewLayer | Synchronizing object | Front left sidewall lettering.010
Fra:1 Mem:319.88M (Peak 319.90M) | Time:00:01.34 | Mem:0.00M, Peak:0.00M | Scene, ViewLayer | Synchronizing object | Front left sidewall lettering.011
Fra:1 Mem:319.91M (Peak 319.91M) | Time:00:01.34 | Mem:0.00M, Peak:0.00M | Scene, ViewLayer | Synchronizing object | Front left drilled rotor perforation.056
Fra:1 Mem:319.90M (Peak 319.91M) | Time:00:01.34 | Mem:0.00M, Peak:0.00M | Scene, ViewLayer | Synchronizing object | Front left drilled rotor perforation.057
Fra:1 Mem:320.08M (Peak 320.08M) | Time:00:01.34 | Mem:0.00M, Peak:0.00M | Scene, ViewLayer | Synchronizing object | Front left sidewall lettering.012
Fra:1 Mem:320.08M (Peak 320.08M) | Time:00:01.34 | Mem:0.00M, Peak:0.00M | Scene, ViewLayer | Synchronizing object | Front left drilled rotor perforation.058
Fra:1 Mem:320.05M (Peak 320.08M) | Time:00:01.34 | Mem:0.00M, Peak:0.00M | Scene, ViewLayer | Synchronizing object | Front left drilled rotor perforation.060
Fra:1 Mem:320.07M (Peak 320.08M) | Time:00:01.34 | Mem:0.00M, Peak:0.00M | Scene, ViewLayer | Synchronizing object | Front left sidewall lettering.013
Fra:1 Mem:320.09M (Peak 320.09M) | Time:00:01.34 | Mem:0.00M, Peak:0.00M | Scene, ViewLayer | Synchronizing object | Front left sidewall lettering.014
Fra:1 Mem:320.19M (Peak 320.19M) | Time:00:01.34 | Mem:0.00M, Peak:0.00M | Scene, ViewLayer | Synchronizing object | Front left drilled rotor perforation.061
Fra:1 Mem:320.28M (Peak 320.28M) | Time:00:01.34 | Mem:0.00M, Peak:0.00M | Scene, ViewLayer | Synchronizing object | Front left drilled rotor perforation.062
Fra:1 Mem:320.35M (Peak 320.35M) | Time:00:01.34 | Mem:0.00M, Peak:0.00M | Scene, ViewLayer | Synchronizing object | Front left sidewall lettering.015
Fra:1 Mem:320.39M (Peak 320.39M) | Time:00:01.34 | Mem:0.00M, Peak:0.00M | Scene, ViewLayer | Synchronizing object | Front left drilled rotor perforation.063
Fra:1 Mem:320.44M (Peak 320.44M) | Time:00:01.34 | Mem:0.00M, Peak:0.00M | Scene, ViewLayer | Synchronizing object | Front left sidewall lettering.016
Fra:1 Mem:320.47M (Peak 320.47M) | Time:00:01.34 | Mem:0.00M, Peak:0.00M | Scene, ViewLayer | Synchronizing object | Front left drilled rotor perforation.064
Fra:1 Mem:320.58M (Peak 320.58M) | Time:00:01.34 | Mem:0.00M, Peak:0.00M | Scene, ViewLayer | Synchronizing object | Front left drilled rotor perforation.065
Fra:1 Mem:320.55M (Peak 320.58M) | Time:00:01.34 | Mem:0.00M, Peak:0.00M | Scene, ViewLayer | Synchronizing object | Front left sidewall lettering.017
Fra:1 Mem:320.66M (Peak 320.66M) | Time:00:01.34 | Mem:0.00M, Peak:0.00M | Scene, ViewLayer | Synchronizing object | Front left drilled rotor perforation.068
Fra:1 Mem:320.73M (Peak 320.73M) | Time:00:01.34 | Mem:0.00M, Peak:0.00M | Scene, ViewLayer | Synchronizing object | Front left drilled rotor perforation.069
Fra:1 Mem:320.72M (Peak 320.73M) | Time:00:01.34 | Mem:0.00M, Peak:0.00M | Scene, ViewLayer | Synchronizing object | Front left drilled rotor perforation.070
Fra:1 Mem:320.78M (Peak 320.78M) | Time:00:01.34 | Mem:0.00M, Peak:0.00M | Scene, ViewLayer | Synchronizing object | Front left sidewall lettering.018
Fra:1 Mem:320.79M (Peak 320.79M) | Time:00:01.34 | Mem:0.00M, Peak:0.00M | Scene, ViewLayer | Synchronizing object | Front left brake disc bell
Fra:1 Mem:320.79M (Peak 320.79M) | Time:00:01.34 | Mem:0.00M, Peak:0.00M | Scene, ViewLayer | Synchronizing object | Front left sidewall lettering.019
Fra:1 Mem:320.83M (Peak 320.83M) | Time:00:01.34 | Mem:0.00M, Peak:0.00M | Scene, ViewLayer | Synchronizing object | Front left yellow six-piston caliper
Fra:1 Mem:320.84M (Peak 320.84M) | Time:00:01.34 | Mem:0.00M, Peak:0.00M | Scene, ViewLayer | Synchronizing object | Front left sidewall lettering.020
Fra:1 Mem:320.88M (Peak 320.88M) | Time:00:01.34 | Mem:0.00M, Peak:0.00M | Scene, ViewLayer | Synchronizing object | Front left machined split spoke
Fra:1 Mem:320.94M (Peak 320.94M) | Time:00:01.34 | Mem:0.00M, Peak:0.00M | Scene, ViewLayer | Synchronizing object | Front left sidewall lettering.021
Fra:1 Mem:320.99M (Peak 320.99M) | Time:00:01.34 | Mem:0.00M, Peak:0.00M | Scene, ViewLayer | Synchronizing object | Front left black spoke pocket
Fra:1 Mem:320.91M (Peak 320.99M) | Time:00:01.34 | Mem:0.00M, Peak:0.00M | Scene, ViewLayer | Synchronizing object | Front left black spoke pocket.001
Fra:1 Mem:321.06M (Peak 321.06M) | Time:00:01.34 | Mem:0.00M, Peak:0.00M | Scene, ViewLayer | Synchronizing object | Front left machined split spoke.002
Fra:1 Mem:321.06M (Peak 321.06M) | Time:00:01.34 | Mem:0.00M, Peak:0.00M | Scene, ViewLayer | Synchronizing object | Front left black spoke pocket.002
Fra:1 Mem:321.06M (Peak 321.06M) | Time:00:01.34 | Mem:0.00M, Peak:0.00M | Scene, ViewLayer | Synchronizing object | Front left machined split spoke.003
Fra:1 Mem:321.13M (Peak 321.13M) | Time:00:01.34 | Mem:0.00M, Peak:0.00M | Scene, ViewLayer | Synchronizing object | Front right caliper marking
Fra:1 Mem:321.25M (Peak 321.25M) | Time:00:01.34 | Mem:0.00M, Peak:0.00M | Scene, ViewLayer | Synchronizing object | Front left black spoke pocket.003
Fra:1 Mem:321.59M (Peak 321.59M) | Time:00:01.34 | Mem:0.00M, Peak:0.00M | Scene, ViewLayer | Synchronizing object | Front left machined split spoke.004
Fra:1 Mem:321.58M (Peak 321.59M) | Time:00:01.34 | Mem:0.00M, Peak:0.00M | Scene, ViewLayer | Synchronizing object | Front left black spoke pocket.004
Fra:1 Mem:321.86M (Peak 321.86M) | Time:00:01.34 | Mem:0.00M, Peak:0.00M | Scene, ViewLayer | Synchronizing object | Front left machined split spoke.005
Fra:1 Mem:321.86M (Peak 321.86M) | Time:00:01.34 | Mem:0.00M, Peak:0.00M | Scene, ViewLayer | Synchronizing object | Front left black spoke pocket.005
Fra:1 Mem:321.88M (Peak 321.88M) | Time:00:01.34 | Mem:0.00M, Peak:0.00M | Scene, ViewLayer | Synchronizing object | Front left machined split spoke.006
Fra:1 Mem:321.94M (Peak 321.94M) | Time:00:01.34 | Mem:0.00M, Peak:0.00M | Scene, ViewLayer | Synchronizing object | Front left black spoke pocket.006
Fra:1 Mem:322.01M (Peak 322.01M) | Time:00:01.34 | Mem:0.00M, Peak:0.00M | Scene, ViewLayer | Synchronizing object | Front left machined split spoke.007
Fra:1 Mem:322.04M (Peak 322.04M) | Time:00:01.34 | Mem:0.00M, Peak:0.00M | Scene, ViewLayer | Synchronizing object | Front left black spoke pocket.007
Fra:1 Mem:322.03M (Peak 322.04M) | Time:00:01.34 | Mem:0.00M, Peak:0.00M | Scene, ViewLayer | Synchronizing object | Front left machined split spoke.008
Fra:1 Mem:322.07M (Peak 322.07M) | Time:00:01.34 | Mem:0.00M, Peak:0.00M | Scene, ViewLayer | Synchronizing object | Front left black spoke pocket.008
Fra:1 Mem:322.08M (Peak 322.08M) | Time:00:01.34 | Mem:0.00M, Peak:0.00M | Scene, ViewLayer | Synchronizing object | Front left machined split spoke.009
Fra:1 Mem:322.11M (Peak 322.11M) | Time:00:01.34 | Mem:0.00M, Peak:0.00M | Scene, ViewLayer | Synchronizing object | Front left black spoke pocket.009
Fra:1 Mem:322.14M (Peak 322.14M) | Time:00:01.34 | Mem:0.00M, Peak:0.00M | Scene, ViewLayer | Synchronizing object | Front left center hub
Fra:1 Mem:322.14M (Peak 322.14M) | Time:00:01.34 | Mem:0.00M, Peak:0.00M | Scene, ViewLayer | Synchronizing object | Front left titanium lug nut
Fra:1 Mem:322.15M (Peak 322.15M) | Time:00:01.34 | Mem:0.00M, Peak:0.00M | Scene, ViewLayer | Synchronizing object | Front right center mi logo
Fra:1 Mem:322.49M (Peak 322.49M) | Time:00:01.34 | Mem:0.00M, Peak:0.00M | Scene, ViewLayer | Synchronizing object | Front left titanium lug nut.001
Fra:1 Mem:322.52M (Peak 322.52M) | Time:00:01.34 | Mem:0.00M, Peak:0.00M | Scene, ViewLayer | Synchronizing object | Front left titanium lug nut.002
Fra:1 Mem:322.52M (Peak 322.52M) | Time:00:01.34 | Mem:0.00M, Peak:0.00M | Scene, ViewLayer | Synchronizing object | Front left titanium lug nut.003
Fra:1 Mem:322.52M (Peak 322.52M) | Time:00:01.34 | Mem:0.00M, Peak:0.00M | Scene, ViewLayer | Synchronizing object | Front left titanium lug nut.004
Fra:1 Mem:322.56M (Peak 322.56M) | Time:00:01.34 | Mem:0.00M, Peak:0.00M | Scene, ViewLayer | Synchronizing object | Front left tire valve
Fra:1 Mem:322.53M (Peak 322.56M) | Time:00:01.34 | Mem:0.00M, Peak:0.00M | Scene, ViewLayer | Synchronizing object | Front right | tire carcass
Fra:1 Mem:322.66M (Peak 322.66M) | Time:00:01.34 | Mem:0.00M, Peak:0.00M | Scene, ViewLayer | Synchronizing object | Front right tire molded sidewall ring.001
Fra:1 Mem:322.78M (Peak 322.78M) | Time:00:01.34 | Mem:0.00M, Peak:0.00M | Scene, ViewLayer | Synchronizing object | Front right tire molded sidewall ring.002
Fra:1 Mem:322.86M (Peak 322.86M) | Time:00:01.34 | Mem:0.00M, Peak:0.00M | Scene, ViewLayer | Synchronizing object | Front right directional tread | 792 blocks
Fra:1 Mem:322.86M (Peak 322.86M) | Time:00:01.34 | Mem:0.00M, Peak:0.00M | Scene, ViewLayer | Synchronizing object | Front right cast rim barrel
Fra:1 Mem:323.48M (Peak 323.48M) | Time:00:01.34 | Mem:0.00M, Peak:0.00M | Scene, ViewLayer | Synchronizing object | Front right diamond-cut outer flange
Fra:1 Mem:323.49M (Peak 323.49M) | Time:00:01.34 | Mem:0.00M, Peak:0.00M | Scene, ViewLayer | Synchronizing object | Front right sidewall lettering.001
Fra:1 Mem:323.57M (Peak 323.57M) | Time:00:01.34 | Mem:0.00M, Peak:0.00M | Scene, ViewLayer | Synchronizing object | Front right sidewall lettering.002
Fra:1 Mem:323.70M (Peak 323.70M) | Time:00:01.34 | Mem:0.00M, Peak:0.00M | Scene, ViewLayer | Synchronizing object | Front right inner rim accent
Fra:1 Mem:323.96M (Peak 323.96M) | Time:00:01.34 | Mem:0.00M, Peak:0.00M | Scene, ViewLayer | Synchronizing object | Front right brake rotor
Fra:1 Mem:323.99M (Peak 323.99M) | Time:00:01.34 | Mem:0.00M, Peak:0.00M | Scene, ViewLayer | Synchronizing object | Front right sidewall lettering.003
Fra:1 Mem:323.95M (Peak 323.99M) | Time:00:01.34 | Mem:0.00M, Peak:0.00M | Scene, ViewLayer | Synchronizing object | Front right rotor outer scoring
Fra:1 Mem:323.96M (Peak 323.99M) | Time:00:01.34 | Mem:0.00M, Peak:0.00M | Scene, ViewLayer | Synchronizing object | Front right sidewall lettering.004
Fra:1 Mem:324.09M (Peak 324.09M) | Time:00:01.34 | Mem:0.00M, Peak:0.00M | Scene, ViewLayer | Synchronizing object | Front right drilled rotor perforation
Fra:1 Mem:324.10M (Peak 324.10M) | Time:00:01.34 | Mem:0.00M, Peak:0.00M | Scene, ViewLayer | Synchronizing object | Front right drilled rotor perforation.001
Fra:1 Mem:324.16M (Peak 324.16M) | Time:00:01.34 | Mem:0.00M, Peak:0.00M | Scene, ViewLayer | Synchronizing object | Front right sidewall lettering.006
Fra:1 Mem:324.20M (Peak 324.20M) | Time:00:01.34 | Mem:0.00M, Peak:0.00M | Scene, ViewLayer | Synchronizing object | Front right sidewall lettering.007
Fra:1 Mem:324.30M (Peak 324.30M) | Time:00:01.35 | Mem:0.00M, Peak:0.00M | Scene, ViewLayer | Synchronizing object | Front right sidewall lettering.008
Fra:1 Mem:324.27M (Peak 324.30M) | Time:00:01.35 | Mem:0.00M, Peak:0.00M | Scene, ViewLayer | Synchronizing object | Front right drilled rotor perforation.002
Fra:1 Mem:324.25M (Peak 324.30M) | Time:00:01.35 | Mem:0.00M, Peak:0.00M | Scene, ViewLayer | Synchronizing object | Front right drilled rotor perforation.003
Fra:1 Mem:324.27M (Peak 324.30M) | Time:00:01.35 | Mem:0.00M, Peak:0.00M | Scene, ViewLayer | Synchronizing object | Front right drilled rotor perforation.004
Fra:1 Mem:324.26M (Peak 324.30M) | Time:00:01.35 | Mem:0.00M, Peak:0.00M | Scene, ViewLayer | Synchronizing object | Front right sidewall lettering.010
Fra:1 Mem:324.32M (Peak 324.32M) | Time:00:01.35 | Mem:0.00M, Peak:0.00M | Scene, ViewLayer | Synchronizing object | Front right sidewall lettering.011
Fra:1 Mem:324.30M (Peak 324.32M) | Time:00:01.35 | Mem:0.00M, Peak:0.00M | Scene, ViewLayer | Synchronizing object | Front right drilled rotor perforation.005
Fra:1 Mem:324.46M (Peak 324.46M) | Time:00:01.35 | Mem:0.00M, Peak:0.00M | Scene, ViewLayer | Synchronizing object | Front right drilled rotor perforation.006
Fra:1 Mem:324.50M (Peak 324.50M) | Time:00:01.35 | Mem:0.00M, Peak:0.00M | Scene, ViewLayer | Synchronizing object | Front right sidewall lettering.012
Fra:1 Mem:324.49M (Peak 324.50M) | Time:00:01.35 | Mem:0.00M, Peak:0.00M | Scene, ViewLayer | Synchronizing object | Front right sidewall lettering.013
Fra:1 Mem:324.46M (Peak 324.50M) | Time:00:01.35 | Mem:0.00M, Peak:0.00M | Scene, ViewLayer | Synchronizing object | Front right drilled rotor perforation.008
Fra:1 Mem:324.48M (Peak 324.50M) | Time:00:01.35 | Mem:0.00M, Peak:0.00M | Scene, ViewLayer | Synchronizing object | Front right drilled rotor perforation.009
Fra:1 Mem:324.66M (Peak 324.66M) | Time:00:01.35 | Mem:0.00M, Peak:0.00M | Scene, ViewLayer | Synchronizing object | Front right drilled rotor perforation.010
Fra:1 Mem:324.68M (Peak 324.68M) | Time:00:01.35 | Mem:0.00M, Peak:0.00M | Scene, ViewLayer | Synchronizing object | Front right drilled rotor perforation.012
Fra:1 Mem:324.78M (Peak 324.78M) | Time:00:01.35 | Mem:0.00M, Peak:0.00M | Scene, ViewLayer | Synchronizing object | Front right drilled rotor perforation.013
Fra:1 Mem:324.74M (Peak 324.78M) | Time:00:01.35 | Mem:0.00M, Peak:0.00M | Scene, ViewLayer | Synchronizing object | Front right sidewall lettering.015
Fra:1 Mem:324.85M (Peak 324.85M) | Time:00:01.35 | Mem:0.00M, Peak:0.00M | Scene, ViewLayer | Synchronizing object | Front right drilled rotor perforation.014
Fra:1 Mem:324.88M (Peak 324.88M) | Time:00:01.35 | Mem:0.00M, Peak:0.00M | Scene, ViewLayer | Synchronizing object | Front right sidewall lettering.016
Fra:1 Mem:324.92M (Peak 324.92M) | Time:00:01.35 | Mem:0.00M, Peak:0.00M | Scene, ViewLayer | Synchronizing object | Front right drilled rotor perforation.015
Fra:1 Mem:324.88M (Peak 324.92M) | Time:00:01.35 | Mem:0.00M, Peak:0.00M | Scene, ViewLayer | Synchronizing object | Front right drilled rotor perforation.016
Fra:1 Mem:325.01M (Peak 325.01M) | Time:00:01.35 | Mem:0.00M, Peak:0.00M | Scene, ViewLayer | Synchronizing object | Front right drilled rotor perforation.017
Fra:1 Mem:325.02M (Peak 325.02M) | Time:00:01.35 | Mem:0.00M, Peak:0.00M | Scene, ViewLayer | Synchronizing object | Front right drilled rotor perforation.018
Fra:1 Mem:325.09M (Peak 325.09M) | Time:00:01.35 | Mem:0.00M, Peak:0.00M | Scene, ViewLayer | Synchronizing object | Front right sidewall lettering.017
Fra:1 Mem:325.11M (Peak 325.11M) | Time:00:01.35 | Mem:0.00M, Peak:0.00M | Scene, ViewLayer | Synchronizing object | Front right drilled rotor perforation.019
Fra:1 Mem:325.13M (Peak 325.13M) | Time:00:01.35 | Mem:0.00M, Peak:0.00M | Scene, ViewLayer | Synchronizing object | Front right drilled rotor perforation.020
Fra:1 Mem:325.23M (Peak 325.23M) | Time:00:01.35 | Mem:0.00M, Peak:0.00M | Scene, ViewLayer | Synchronizing object | Front right drilled rotor perforation.021
Fra:1 Mem:325.23M (Peak 325.23M) | Time:00:01.35 | Mem:0.00M, Peak:0.00M | Scene, ViewLayer | Synchronizing object | Front right sidewall lettering.018
Fra:1 Mem:325.22M (Peak 325.23M) | Time:00:01.35 | Mem:0.00M, Peak:0.00M | Scene, ViewLayer | Synchronizing object | Front right drilled rotor perforation.022
Fra:1 Mem:325.22M (Peak 325.23M) | Time:00:01.35 | Mem:0.00M, Peak:0.00M | Scene, ViewLayer | Synchronizing object | Front right drilled rotor perforation.023
Fra:1 Mem:325.31M (Peak 325.31M) | Time:00:01.35 | Mem:0.00M, Peak:0.00M | Scene, ViewLayer | Synchronizing object | Front right drilled rotor perforation.024
Fra:1 Mem:325.26M (Peak 325.31M) | Time:00:01.35 | Mem:0.00M, Peak:0.00M | Scene, ViewLayer | Synchronizing object | Front right drilled rotor perforation.025
Fra:1 Mem:325.26M (Peak 325.31M) | Time:00:01.35 | Mem:0.00M, Peak:0.00M | Scene, ViewLayer | Synchronizing object | Front right drilled rotor perforation.026
Fra:1 Mem:325.29M (Peak 325.31M) | Time:00:01.35 | Mem:0.00M, Peak:0.00M | Scene, ViewLayer | Synchronizing object | Front right drilled rotor perforation.027
Fra:1 Mem:325.28M (Peak 325.31M) | Time:00:01.35 | Mem:0.00M, Peak:0.00M | Scene, ViewLayer | Synchronizing object | Front right drilled rotor perforation.028
Fra:1 Mem:325.31M (Peak 325.31M) | Time:00:01.35 | Mem:0.00M, Peak:0.00M | Scene, ViewLayer | Synchronizing object | Front right sidewall lettering.020
Fra:1 Mem:325.37M (Peak 325.37M) | Time:00:01.35 | Mem:0.00M, Peak:0.00M | Scene, ViewLayer | Synchronizing object | Front right sidewall lettering.021
Fra:1 Mem:325.33M (Peak 325.37M) | Time:00:01.35 | Mem:0.00M, Peak:0.00M | Scene, ViewLayer | Synchronizing object | Front right drilled rotor perforation.031
Fra:1 Mem:325.39M (Peak 325.38M) | Time:00:01.35 | Mem:0.00M, Peak:0.00M | Scene, ViewLayer | Synchronizing object | Front right drilled rotor perforation.032
Fra:1 Mem:325.42M (Peak 325.42M) | Time:00:01.35 | Mem:0.00M, Peak:0.00M | Scene, ViewLayer | Synchronizing object | Front right drilled rotor perforation.033
Fra:1 Mem:325.42M (Peak 325.42M) | Time:00:01.35 | Mem:0.00M, Peak:0.00M | Scene, ViewLayer | Synchronizing object | Front right drilled rotor perforation.034
Fra:1 Mem:325.44M (Peak 325.44M) | Time:00:01.35 | Mem:0.00M, Peak:0.00M | Scene, ViewLayer | Synchronizing object | Front right drilled rotor perforation.035
Fra:1 Mem:325.48M (Peak 325.48M) | Time:00:01.35 | Mem:0.00M, Peak:0.00M | Scene, ViewLayer | Synchronizing object | Front right drilled rotor perforation.036
Fra:1 Mem:325.47M (Peak 325.48M) | Time:00:01.35 | Mem:0.00M, Peak:0.00M | Scene, ViewLayer | Synchronizing object | Front right drilled rotor perforation.037
Fra:1 Mem:325.49M (Peak 325.49M) | Time:00:01.35 | Mem:0.00M, Peak:0.00M | Scene, ViewLayer | Synchronizing object | Front right drilled rotor perforation.038
Fra:1 Mem:325.51M (Peak 325.51M) | Time:00:01.35 | Mem:0.00M, Peak:0.00M | Scene, ViewLayer | Synchronizing object | Front right drilled rotor perforation.039
Fra:1 Mem:325.52M (Peak 325.52M) | Time:00:01.35 | Mem:0.00M, Peak:0.00M | Scene, ViewLayer | Synchronizing object | Front right drilled rotor perforation.040
Fra:1 Mem:325.54M (Peak 325.54M) | Time:00:01.35 | Mem:0.00M, Peak:0.00M | Scene, ViewLayer | Synchronizing object | Front right drilled rotor perforation.041
Fra:1 Mem:325.55M (Peak 325.55M) | Time:00:01.35 | Mem:0.00M, Peak:0.00M | Scene, ViewLayer | Synchronizing object | Front right drilled rotor perforation.042
Fra:1 Mem:325.52M (Peak 325.55M) | Time:00:01.35 | Mem:0.00M, Peak:0.00M | Scene, ViewLayer | Synchronizing object | Front right drilled rotor perforation.044
Fra:1 Mem:325.60M (Peak 325.60M) | Time:00:01.35 | Mem:0.00M, Peak:0.00M | Scene, ViewLayer | Synchronizing object | Rear left caliper marking
Fra:1 Mem:325.57M (Peak 325.60M) | Time:00:01.35 | Mem:0.00M, Peak:0.00M | Scene, ViewLayer | Synchronizing object | Front right drilled rotor perforation.046
Fra:1 Mem:325.75M (Peak 325.75M) | Time:00:01.35 | Mem:0.00M, Peak:0.00M | Scene, ViewLayer | Synchronizing object | Front right drilled rotor perforation.047
Fra:1 Mem:325.74M (Peak 325.75M) | Time:00:01.35 | Mem:0.00M, Peak:0.00M | Scene, ViewLayer | Synchronizing object | Front right drilled rotor perforation.048
Fra:1 Mem:326.20M (Peak 326.20M) | Time:00:01.35 | Mem:0.00M, Peak:0.00M | Scene, ViewLayer | Synchronizing object | Front right drilled rotor perforation.049
Fra:1 Mem:326.18M (Peak 326.20M) | Time:00:01.35 | Mem:0.00M, Peak:0.00M | Scene, ViewLayer | Synchronizing object | Front right drilled rotor perforation.050
Fra:1 Mem:326.34M (Peak 326.34M) | Time:00:01.35 | Mem:0.00M, Peak:0.00M | Scene, ViewLayer | Synchronizing object | Front right drilled rotor perforation.051
Fra:1 Mem:326.34M (Peak 326.34M) | Time:00:01.35 | Mem:0.00M, Peak:0.00M | Scene, ViewLayer | Synchronizing object | Front right drilled rotor perforation.052
Fra:1 Mem:326.40M (Peak 326.40M) | Time:00:01.35 | Mem:0.00M, Peak:0.00M | Scene, ViewLayer | Synchronizing object | Front right drilled rotor perforation.053
Fra:1 Mem:326.35M (Peak 326.40M) | Time:00:01.35 | Mem:0.00M, Peak:0.00M | Scene, ViewLayer | Synchronizing object | Front right drilled rotor perforation.054
Fra:1 Mem:326.37M (Peak 326.40M) | Time:00:01.35 | Mem:0.00M, Peak:0.00M | Scene, ViewLayer | Synchronizing object | Front right drilled rotor perforation.055
Fra:1 Mem:326.44M (Peak 326.44M) | Time:00:01.35 | Mem:0.00M, Peak:0.00M | Scene, ViewLayer | Synchronizing object | Front right drilled rotor perforation.056
Fra:1 Mem:326.44M (Peak 326.44M) | Time:00:01.35 | Mem:0.00M, Peak:0.00M | Scene, ViewLayer | Synchronizing object | Front right drilled rotor perforation.057
Fra:1 Mem:326.45M (Peak 326.45M) | Time:00:01.35 | Mem:0.00M, Peak:0.00M | Scene, ViewLayer | Synchronizing object | Front right drilled rotor perforation.058
Fra:1 Mem:326.58M (Peak 326.58M) | Time:00:01.35 | Mem:0.00M, Peak:0.00M | Scene, ViewLayer | Synchronizing object | Front right drilled rotor perforation.059
Fra:1 Mem:326.45M (Peak 326.58M) | Time:00:01.35 | Mem:0.00M, Peak:0.00M | Scene, ViewLayer | Synchronizing object | Front right drilled rotor perforation.060
Fra:1 Mem:326.48M (Peak 326.58M) | Time:00:01.35 | Mem:0.00M, Peak:0.00M | Scene, ViewLayer | Synchronizing object | Front right drilled rotor perforation.061
Fra:1 Mem:326.50M (Peak 326.58M) | Time:00:01.35 | Mem:0.00M, Peak:0.00M | Scene, ViewLayer | Synchronizing object | Front right drilled rotor perforation.062
Fra:1 Mem:326.58M (Peak 326.58M) | Time:00:01.35 | Mem:0.00M, Peak:0.00M | Scene, ViewLayer | Synchronizing object | Front right drilled rotor perforation.063
Fra:1 Mem:326.55M (Peak 326.58M) | Time:00:01.35 | Mem:0.00M, Peak:0.00M | Scene, ViewLayer | Synchronizing object | Rear left center mi logo
Fra:1 Mem:326.53M (Peak 326.58M) | Time:00:01.35 | Mem:0.00M, Peak:0.00M | Scene, ViewLayer | Synchronizing object | Front right drilled rotor perforation.065
Fra:1 Mem:326.63M (Peak 326.63M) | Time:00:01.35 | Mem:0.00M, Peak:0.00M | Scene, ViewLayer | Synchronizing object | Front right drilled rotor perforation.066
Fra:1 Mem:326.81M (Peak 326.81M) | Time:00:01.35 | Mem:0.00M, Peak:0.00M | Scene, ViewLayer | Synchronizing object | Front right drilled rotor perforation.067
Fra:1 Mem:326.80M (Peak 326.81M) | Time:00:01.35 | Mem:0.00M, Peak:0.00M | Scene, ViewLayer | Synchronizing object | Front right drilled rotor perforation.069
Fra:1 Mem:326.86M (Peak 326.86M) | Time:00:01.35 | Mem:0.00M, Peak:0.00M | Scene, ViewLayer | Synchronizing object | Front right drilled rotor perforation.070
Fra:1 Mem:326.95M (Peak 326.95M) | Time:00:01.35 | Mem:0.00M, Peak:0.00M | Scene, ViewLayer | Synchronizing object | Rear left sidewall lettering
Fra:1 Mem:326.89M (Peak 326.95M) | Time:00:01.35 | Mem:0.00M, Peak:0.00M | Scene, ViewLayer | Synchronizing object | Front right drilled rotor perforation.071
Fra:1 Mem:326.88M (Peak 326.95M) | Time:00:01.35 | Mem:0.00M, Peak:0.00M | Scene, ViewLayer | Synchronizing object | Rear left sidewall lettering.001
Fra:1 Mem:326.93M (Peak 326.95M) | Time:00:01.35 | Mem:0.00M, Peak:0.00M | Scene, ViewLayer | Synchronizing object | Front right machined split spoke
Fra:1 Mem:327.05M (Peak 327.05M) | Time:00:01.35 | Mem:0.00M, Peak:0.00M | Scene, ViewLayer | Synchronizing object | Rear left sidewall lettering.002
Fra:1 Mem:327.25M (Peak 327.25M) | Time:00:01.35 | Mem:0.00M, Peak:0.00M | Scene, ViewLayer | Synchronizing object | Front right black spoke pocket
Fra:1 Mem:327.16M (Peak 327.25M) | Time:00:01.35 | Mem:0.00M, Peak:0.00M | Scene, ViewLayer | Synchronizing object | Front right machined split spoke.001
Fra:1 Mem:327.19M (Peak 327.25M) | Time:00:01.35 | Mem:0.00M, Peak:0.00M | Scene, ViewLayer | Synchronizing object | Rear left sidewall lettering.003
Fra:1 Mem:327.25M (Peak 327.25M) | Time:00:01.35 | Mem:0.00M, Peak:0.00M | Scene, ViewLayer | Synchronizing object | Front right black spoke pocket.001
Fra:1 Mem:327.18M (Peak 327.25M) | Time:00:01.35 | Mem:0.00M, Peak:0.00M | Scene, ViewLayer | Synchronizing object | Rear left sidewall lettering.004
Fra:1 Mem:327.30M (Peak 327.30M) | Time:00:01.35 | Mem:0.00M, Peak:0.00M | Scene, ViewLayer | Synchronizing object | Front right machined split spoke.002
Fra:1 Mem:327.33M (Peak 327.33M) | Time:00:01.35 | Mem:0.00M, Peak:0.00M | Scene, ViewLayer | Synchronizing object | Rear left sidewall lettering.005
Fra:1 Mem:327.33M (Peak 327.33M) | Time:00:01.35 | Mem:0.00M, Peak:0.00M | Scene, ViewLayer | Synchronizing object | Front right black spoke pocket.002
Fra:1 Mem:327.37M (Peak 327.37M) | Time:00:01.35 | Mem:0.00M, Peak:0.00M | Scene, ViewLayer | Synchronizing object | Rear left sidewall lettering.006
Fra:1 Mem:327.32M (Peak 327.37M) | Time:00:01.35 | Mem:0.00M, Peak:0.00M | Scene, ViewLayer | Synchronizing object | Front right black spoke pocket.003
Fra:1 Mem:327.36M (Peak 327.37M) | Time:00:01.35 | Mem:0.00M, Peak:0.00M | Scene, ViewLayer | Synchronizing object | Rear left sidewall lettering.007
Fra:1 Mem:327.35M (Peak 327.37M) | Time:00:01.35 | Mem:0.00M, Peak:0.00M | Scene, ViewLayer | Synchronizing object | Rear left sidewall lettering.008
Fra:1 Mem:327.52M (Peak 327.52M) | Time:00:01.35 | Mem:0.00M, Peak:0.00M | Scene, ViewLayer | Synchronizing object | Front right machined split spoke.004
Fra:1 Mem:327.47M (Peak 327.52M) | Time:00:01.35 | Mem:0.00M, Peak:0.00M | Scene, ViewLayer | Synchronizing object | Rear left sidewall lettering.009
Fra:1 Mem:327.55M (Peak 327.55M) | Time:00:01.35 | Mem:0.00M, Peak:0.00M | Scene, ViewLayer | Synchronizing object | Rear left sidewall lettering.010
Fra:1 Mem:327.48M (Peak 327.55M) | Time:00:01.35 | Mem:0.00M, Peak:0.00M | Scene, ViewLayer | Synchronizing object | Front right black spoke pocket.004
Fra:1 Mem:327.52M (Peak 327.55M) | Time:00:01.35 | Mem:0.00M, Peak:0.00M | Scene, ViewLayer | Synchronizing object | Rear left sidewall lettering.011
Fra:1 Mem:327.51M (Peak 327.55M) | Time:00:01.35 | Mem:0.00M, Peak:0.00M | Scene, ViewLayer | Synchronizing object | Front right black spoke pocket.005
Fra:1 Mem:327.75M (Peak 327.75M) | Time:00:01.35 | Mem:0.00M, Peak:0.00M | Scene, ViewLayer | Synchronizing object | Front right machined split spoke.006
Fra:1 Mem:327.73M (Peak 327.75M) | Time:00:01.35 | Mem:0.00M, Peak:0.00M | Scene, ViewLayer | Synchronizing object | Front right black spoke pocket.006
Fra:1 Mem:327.84M (Peak 327.84M) | Time:00:01.35 | Mem:0.00M, Peak:0.00M | Scene, ViewLayer | Synchronizing object | Rear left sidewall lettering.012
Fra:1 Mem:327.80M (Peak 327.84M) | Time:00:01.35 | Mem:0.00M, Peak:0.00M | Scene, ViewLayer | Synchronizing object | Front right machined split spoke.007
Fra:1 Mem:327.81M (Peak 327.84M) | Time:00:01.35 | Mem:0.00M, Peak:0.00M | Scene, ViewLayer | Synchronizing object | Rear left sidewall lettering.013
Fra:1 Mem:327.83M (Peak 327.84M) | Time:00:01.35 | Mem:0.00M, Peak:0.00M | Scene, ViewLayer | Synchronizing object | Front right machined split spoke.008
Fra:1 Mem:327.88M (Peak 327.88M) | Time:00:01.35 | Mem:0.00M, Peak:0.00M | Scene, ViewLayer | Synchronizing object | Rear left sidewall lettering.014
Fra:1 Mem:327.92M (Peak 327.92M) | Time:00:01.36 | Mem:0.00M, Peak:0.00M | Scene, ViewLayer | Synchronizing object | Front right black spoke pocket.008
Fra:1 Mem:328.07M (Peak 328.07M) | Time:00:01.36 | Mem:0.00M, Peak:0.00M | Scene, ViewLayer | Synchronizing object | Front right machined split spoke.009
Fra:1 Mem:328.08M (Peak 328.08M) | Time:00:01.36 | Mem:0.00M, Peak:0.00M | Scene, ViewLayer | Synchronizing object | Front right black spoke pocket.009
Fra:1 Mem:328.11M (Peak 328.11M) | Time:00:01.36 | Mem:0.00M, Peak:0.00M | Scene, ViewLayer | Synchronizing object | Rear left sidewall lettering.015
Fra:1 Mem:328.16M (Peak 328.16M) | Time:00:01.36 | Mem:0.00M, Peak:0.00M | Scene, ViewLayer | Synchronizing object | Front right center cap ring
Fra:1 Mem:328.29M (Peak 328.29M) | Time:00:01.36 | Mem:0.00M, Peak:0.00M | Scene, ViewLayer | Synchronizing object | Front right titanium lug nut
Fra:1 Mem:328.27M (Peak 328.29M) | Time:00:01.36 | Mem:0.00M, Peak:0.00M | Scene, ViewLayer | Synchronizing object | Rear left sidewall lettering.016
Fra:1 Mem:328.49M (Peak 328.49M) | Time:00:01.36 | Mem:0.00M, Peak:0.00M | Scene, ViewLayer | Synchronizing object | Front right titanium lug nut.002
Fra:1 Mem:328.47M (Peak 328.49M) | Time:00:01.36 | Mem:0.00M, Peak:0.00M | Scene, ViewLayer | Synchronizing object | Rear left sidewall lettering.017
Fra:1 Mem:328.49M (Peak 328.49M) | Time:00:01.36 | Mem:0.00M, Peak:0.00M | Scene, ViewLayer | Synchronizing object | Front right titanium lug nut.003
Fra:1 Mem:328.50M (Peak 328.50M) | Time:00:01.36 | Mem:0.00M, Peak:0.00M | Scene, ViewLayer | Synchronizing object | Front right titanium lug nut.004
Fra:1 Mem:328.51M (Peak 328.51M) | Time:00:01.36 | Mem:0.00M, Peak:0.00M | Scene, ViewLayer | Synchronizing object | Front right tire valve
Fra:1 Mem:328.52M (Peak 328.52M) | Time:00:01.36 | Mem:0.00M, Peak:0.00M | Scene, ViewLayer | Synchronizing object | Rear left | tire carcass
Fra:1 Mem:328.73M (Peak 328.73M) | Time:00:01.36 | Mem:0.00M, Peak:0.00M | Scene, ViewLayer | Synchronizing object | Rear left tire molded sidewall ring.001
Fra:1 Mem:328.85M (Peak 328.85M) | Time:00:01.36 | Mem:0.00M, Peak:0.00M | Scene, ViewLayer | Synchronizing object | Rear left sidewall lettering.018
Fra:1 Mem:328.87M (Peak 328.87M) | Time:00:01.36 | Mem:0.00M, Peak:0.00M | Scene, ViewLayer | Synchronizing object | Rear left tire molded sidewall ring.002
Fra:1 Mem:328.87M (Peak 328.87M) | Time:00:01.36 | Mem:0.00M, Peak:0.00M | Scene, ViewLayer | Synchronizing object | Rear left sidewall lettering.019
Fra:1 Mem:328.97M (Peak 328.97M) | Time:00:01.36 | Mem:0.00M, Peak:0.00M | Scene, ViewLayer | Synchronizing object | Rear left sidewall lettering.020
Fra:1 Mem:328.97M (Peak 328.97M) | Time:00:01.36 | Mem:0.00M, Peak:0.00M | Scene, ViewLayer | Synchronizing object | Rear left tire molded sidewall ring
Fra:1 Mem:329.01M (Peak 329.01M) | Time:00:01.36 | Mem:0.00M, Peak:0.00M | Scene, ViewLayer | Synchronizing object | Rear left directional tread | 792 blocks
Fra:1 Mem:329.09M (Peak 329.09M) | Time:00:01.36 | Mem:0.00M, Peak:0.00M | Scene, ViewLayer | Synchronizing object | Rear left cast rim barrel
Fra:1 Mem:329.19M (Peak 329.19M) | Time:00:01.36 | Mem:0.00M, Peak:0.00M | Scene, ViewLayer | Synchronizing object | Rear left sidewall lettering.021
Fra:1 Mem:329.45M (Peak 329.45M) | Time:00:01.36 | Mem:0.00M, Peak:0.00M | Scene, ViewLayer | Synchronizing object | Rear left diamond-cut outer flange
Fra:1 Mem:329.53M (Peak 329.53M) | Time:00:01.36 | Mem:0.00M, Peak:0.00M | Scene, ViewLayer | Synchronizing object | Rear left inner rim accent
Fra:1 Mem:329.89M (Peak 329.89M) | Time:00:01.36 | Mem:0.00M, Peak:0.00M | Scene, ViewLayer | Synchronizing object | Rear left brake rotor
Fra:1 Mem:329.98M (Peak 329.98M) | Time:00:01.36 | Mem:0.00M, Peak:0.00M | Scene, ViewLayer | Synchronizing object | Rear left rotor outer scoring
Fra:1 Mem:330.14M (Peak 330.14M) | Time:00:01.36 | Mem:0.00M, Peak:0.00M | Scene, ViewLayer | Synchronizing object | Rear left drilled rotor perforation
Fra:1 Mem:330.07M (Peak 330.14M) | Time:00:01.36 | Mem:0.00M, Peak:0.00M | Scene, ViewLayer | Synchronizing object | Rear left drilled rotor perforation.001
Fra:1 Mem:330.08M (Peak 330.14M) | Time:00:01.36 | Mem:0.00M, Peak:0.00M | Scene, ViewLayer | Synchronizing object | Rear left drilled rotor perforation.002
Fra:1 Mem:330.14M (Peak 330.14M) | Time:00:01.36 | Mem:0.00M, Peak:0.00M | Scene, ViewLayer | Synchronizing object | Rear left drilled rotor perforation.003
Fra:1 Mem:330.13M (Peak 330.14M) | Time:00:01.36 | Mem:0.00M, Peak:0.00M | Scene, ViewLayer | Synchronizing object | Rear left drilled rotor perforation.004
Fra:1 Mem:330.13M (Peak 330.14M) | Time:00:01.36 | Mem:0.00M, Peak:0.00M | Scene, ViewLayer | Synchronizing object | Rear left drilled rotor perforation.005
Fra:1 Mem:330.20M (Peak 330.20M) | Time:00:01.36 | Mem:0.00M, Peak:0.00M | Scene, ViewLayer | Synchronizing object | Rear left drilled rotor perforation.006
Fra:1 Mem:330.21M (Peak 330.21M) | Time:00:01.36 | Mem:0.00M, Peak:0.00M | Scene, ViewLayer | Synchronizing object | Rear left drilled rotor perforation.007
Fra:1 Mem:330.19M (Peak 330.21M) | Time:00:01.36 | Mem:0.00M, Peak:0.00M | Scene, ViewLayer | Synchronizing object | Rear left drilled rotor perforation.008
Fra:1 Mem:330.19M (Peak 330.21M) | Time:00:01.36 | Mem:0.00M, Peak:0.00M | Scene, ViewLayer | Synchronizing object | Rear left drilled rotor perforation.009
Fra:1 Mem:330.26M (Peak 330.26M) | Time:00:01.36 | Mem:0.00M, Peak:0.00M | Scene, ViewLayer | Synchronizing object | Rear left drilled rotor perforation.010
Fra:1 Mem:330.22M (Peak 330.26M) | Time:00:01.36 | Mem:0.00M, Peak:0.00M | Scene, ViewLayer | Synchronizing object | Rear left drilled rotor perforation.011
Fra:1 Mem:330.24M (Peak 330.26M) | Time:00:01.36 | Mem:0.00M, Peak:0.00M | Scene, ViewLayer | Synchronizing object | Rear left drilled rotor perforation.012
Fra:1 Mem:330.26M (Peak 330.26M) | Time:00:01.36 | Mem:0.00M, Peak:0.00M | Scene, ViewLayer | Synchronizing object | Rear left drilled rotor perforation.013
Fra:1 Mem:330.29M (Peak 330.29M) | Time:00:01.36 | Mem:0.00M, Peak:0.00M | Scene, ViewLayer | Synchronizing object | Rear left drilled rotor perforation.014
Fra:1 Mem:330.26M (Peak 330.29M) | Time:00:01.36 | Mem:0.00M, Peak:0.00M | Scene, ViewLayer | Synchronizing object | Rear left drilled rotor perforation.016
Fra:1 Mem:330.49M (Peak 330.49M) | Time:00:01.36 | Mem:0.00M, Peak:0.00M | Scene, ViewLayer | Synchronizing object | Rear left drilled rotor perforation.017
Fra:1 Mem:330.78M (Peak 330.78M) | Time:00:01.36 | Mem:0.00M, Peak:0.00M | Scene, ViewLayer | Synchronizing object | Rear left drilled rotor perforation.018
Fra:1 Mem:330.88M (Peak 330.88M) | Time:00:01.36 | Mem:0.00M, Peak:0.00M | Scene, ViewLayer | Synchronizing object | Rear left drilled rotor perforation.019
Fra:1 Mem:330.99M (Peak 330.99M) | Time:00:01.36 | Mem:0.00M, Peak:0.00M | Scene, ViewLayer | Synchronizing object | Rear left drilled rotor perforation.020
Fra:1 Mem:330.99M (Peak 330.99M) | Time:00:01.36 | Mem:0.00M, Peak:0.00M | Scene, ViewLayer | Synchronizing object | Rear left drilled rotor perforation.022
Fra:1 Mem:331.07M (Peak 331.07M) | Time:00:01.36 | Mem:0.00M, Peak:0.00M | Scene, ViewLayer | Synchronizing object | Rear left drilled rotor perforation.023
Fra:1 Mem:331.06M (Peak 331.07M) | Time:00:01.36 | Mem:0.00M, Peak:0.00M | Scene, ViewLayer | Synchronizing object | Rear left drilled rotor perforation.024
Fra:1 Mem:331.11M (Peak 331.11M) | Time:00:01.36 | Mem:0.00M, Peak:0.00M | Scene, ViewLayer | Synchronizing object | Rear left drilled rotor perforation.025
Fra:1 Mem:331.13M (Peak 331.13M) | Time:00:01.36 | Mem:0.00M, Peak:0.00M | Scene, ViewLayer | Synchronizing object | Rear left drilled rotor perforation.026
Fra:1 Mem:331.13M (Peak 331.13M) | Time:00:01.36 | Mem:0.00M, Peak:0.00M | Scene, ViewLayer | Synchronizing object | Rear left drilled rotor perforation.027
Fra:1 Mem:331.14M (Peak 331.14M) | Time:00:01.36 | Mem:0.00M, Peak:0.00M | Scene, ViewLayer | Synchronizing object | Rear left drilled rotor perforation.028
Fra:1 Mem:331.17M (Peak 331.17M) | Time:00:01.36 | Mem:0.00M, Peak:0.00M | Scene, ViewLayer | Synchronizing object | Rear left drilled rotor perforation.029
Fra:1 Mem:331.15M (Peak 331.17M) | Time:00:01.36 | Mem:0.00M, Peak:0.00M | Scene, ViewLayer | Synchronizing object | Rear left drilled rotor perforation.031
Fra:1 Mem:331.22M (Peak 331.22M) | Time:00:01.36 | Mem:0.00M, Peak:0.00M | Scene, ViewLayer | Synchronizing object | Rear right center mi logo
Fra:1 Mem:331.34M (Peak 331.34M) | Time:00:01.36 | Mem:0.00M, Peak:0.00M | Scene, ViewLayer | Synchronizing object | Rear left drilled rotor perforation.032
Fra:1 Mem:331.39M (Peak 331.39M) | Time:00:01.36 | Mem:0.00M, Peak:0.00M | Scene, ViewLayer | Synchronizing object | Rear left drilled rotor perforation.033
Fra:1 Mem:331.43M (Peak 331.43M) | Time:00:01.36 | Mem:0.00M, Peak:0.00M | Scene, ViewLayer | Synchronizing object | Rear left drilled rotor perforation.034
Fra:1 Mem:331.46M (Peak 331.46M) | Time:00:01.37 | Mem:0.00M, Peak:0.00M | Scene, ViewLayer | Synchronizing object | Rear left drilled rotor perforation.035
Fra:1 Mem:331.46M (Peak 331.46M) | Time:00:01.37 | Mem:0.00M, Peak:0.00M | Scene, ViewLayer | Synchronizing object | Rear left drilled rotor perforation.037
Fra:1 Mem:331.49M (Peak 331.49M) | Time:00:01.37 | Mem:0.00M, Peak:0.00M | Scene, ViewLayer | Synchronizing object | Rear right sidewall lettering
Fra:1 Mem:331.59M (Peak 331.59M) | Time:00:01.37 | Mem:0.00M, Peak:0.00M | Scene, ViewLayer | Synchronizing object | Rear right sidewall lettering.001
Fra:1 Mem:331.56M (Peak 331.59M) | Time:00:01.37 | Mem:0.00M, Peak:0.00M | Scene, ViewLayer | Synchronizing object | Rear left drilled rotor perforation.038
Fra:1 Mem:331.58M (Peak 331.59M) | Time:00:01.37 | Mem:0.00M, Peak:0.00M | Scene, ViewLayer | Synchronizing object | Rear left drilled rotor perforation.039
Fra:1 Mem:331.59M (Peak 331.59M) | Time:00:01.37 | Mem:0.00M, Peak:0.00M | Scene, ViewLayer | Synchronizing object | Rear right sidewall lettering.002
Fra:1 Mem:331.63M (Peak 331.63M) | Time:00:01.37 | Mem:0.00M, Peak:0.00M | Scene, ViewLayer | Synchronizing object | Rear left drilled rotor perforation.040
Fra:1 Mem:331.72M (Peak 331.72M) | Time:00:01.37 | Mem:0.00M, Peak:0.00M | Scene, ViewLayer | Synchronizing object | Rear left drilled rotor perforation.041
Fra:1 Mem:331.71M (Peak 331.72M) | Time:00:01.37 | Mem:0.00M, Peak:0.00M | Scene, ViewLayer | Synchronizing object | Rear left drilled rotor perforation.042
Fra:1 Mem:331.78M (Peak 331.78M) | Time:00:01.37 | Mem:0.00M, Peak:0.00M | Scene, ViewLayer | Synchronizing object | Rear right sidewall lettering.003
Fra:1 Mem:331.81M (Peak 331.81M) | Time:00:01.37 | Mem:0.00M, Peak:0.00M | Scene, ViewLayer | Synchronizing object | Rear left drilled rotor perforation.043
Fra:1 Mem:331.78M (Peak 331.81M) | Time:00:01.37 | Mem:0.00M, Peak:0.00M | Scene, ViewLayer | Synchronizing object | Rear left drilled rotor perforation.044
Fra:1 Mem:331.79M (Peak 331.81M) | Time:00:01.37 | Mem:0.00M, Peak:0.00M | Scene, ViewLayer | Synchronizing object | Rear left drilled rotor perforation.045
Fra:1 Mem:331.81M (Peak 331.81M) | Time:00:01.37 | Mem:0.00M, Peak:0.00M | Scene, ViewLayer | Synchronizing object | Rear right sidewall lettering.005
Fra:1 Mem:331.89M (Peak 331.89M) | Time:00:01.37 | Mem:0.00M, Peak:0.00M | Scene, ViewLayer | Synchronizing object | Rear right sidewall lettering.006
Fra:1 Mem:331.86M (Peak 331.89M) | Time:00:01.37 | Mem:0.00M, Peak:0.00M | Scene, ViewLayer | Synchronizing object | Rear right sidewall lettering.007
Fra:1 Mem:331.85M (Peak 331.89M) | Time:00:01.37 | Mem:0.00M, Peak:0.00M | Scene, ViewLayer | Synchronizing object | Rear left drilled rotor perforation.047
Fra:1 Mem:331.84M (Peak 331.89M) | Time:00:01.37 | Mem:0.00M, Peak:0.00M | Scene, ViewLayer | Synchronizing object | Rear left drilled rotor perforation.048
Fra:1 Mem:331.86M (Peak 331.89M) | Time:00:01.37 | Mem:0.00M, Peak:0.00M | Scene, ViewLayer | Synchronizing object | Rear right sidewall lettering.008
Fra:1 Mem:331.97M (Peak 331.97M) | Time:00:01.37 | Mem:0.00M, Peak:0.00M | Scene, ViewLayer | Synchronizing object | Rear left drilled rotor perforation.049
Fra:1 Mem:331.96M (Peak 331.97M) | Time:00:01.37 | Mem:0.00M, Peak:0.00M | Scene, ViewLayer | Synchronizing object | Rear right sidewall lettering.009
Fra:1 Mem:332.04M (Peak 332.04M) | Time:00:01.37 | Mem:0.00M, Peak:0.00M | Scene, ViewLayer | Synchronizing object | Rear right sidewall lettering.010
Fra:1 Mem:332.05M (Peak 332.05M) | Time:00:01.37 | Mem:0.00M, Peak:0.00M | Scene, ViewLayer | Synchronizing object | Rear right sidewall lettering.011
Fra:1 Mem:332.03M (Peak 332.05M) | Time:00:01.37 | Mem:0.00M, Peak:0.00M | Scene, ViewLayer | Synchronizing object | Rear left drilled rotor perforation.052
Fra:1 Mem:332.10M (Peak 332.10M) | Time:00:01.37 | Mem:0.00M, Peak:0.00M | Scene, ViewLayer | Synchronizing object | Rear left drilled rotor perforation.053
Fra:1 Mem:332.19M (Peak 332.19M) | Time:00:01.37 | Mem:0.00M, Peak:0.00M | Scene, ViewLayer | Synchronizing object | Rear left drilled rotor perforation.054
Fra:1 Mem:332.22M (Peak 332.22M) | Time:00:01.37 | Mem:0.00M, Peak:0.00M | Scene, ViewLayer | Synchronizing object | Rear left drilled rotor perforation.055
Fra:1 Mem:332.21M (Peak 332.22M) | Time:00:01.37 | Mem:0.00M, Peak:0.00M | Scene, ViewLayer | Synchronizing object | Rear left drilled rotor perforation.056
Fra:1 Mem:332.25M (Peak 332.25M) | Time:00:01.37 | Mem:0.00M, Peak:0.00M | Scene, ViewLayer | Synchronizing object | Rear right sidewall lettering.013
Fra:1 Mem:332.29M (Peak 332.29M) | Time:00:01.37 | Mem:0.00M, Peak:0.00M | Scene, ViewLayer | Synchronizing object | Rear right sidewall lettering.014
Fra:1 Mem:332.42M (Peak 332.42M) | Time:00:01.37 | Mem:0.00M, Peak:0.00M | Scene, ViewLayer | Synchronizing object | Rear left drilled rotor perforation.057
Fra:1 Mem:332.40M (Peak 332.42M) | Time:00:01.37 | Mem:0.00M, Peak:0.00M | Scene, ViewLayer | Synchronizing object | Rear left drilled rotor perforation.059
Fra:1 Mem:332.45M (Peak 332.45M) | Time:00:01.37 | Mem:0.00M, Peak:0.00M | Scene, ViewLayer | Synchronizing object | Rear right sidewall lettering.015
Fra:1 Mem:332.61M (Peak 332.61M) | Time:00:01.37 | Mem:0.00M, Peak:0.00M | Scene, ViewLayer | Synchronizing object | Rear right sidewall lettering.016
Fra:1 Mem:332.61M (Peak 332.61M) | Time:00:01.37 | Mem:0.00M, Peak:0.00M | Scene, ViewLayer | Synchronizing object | Rear left drilled rotor perforation.060
Fra:1 Mem:332.69M (Peak 332.69M) | Time:00:01.37 | Mem:0.00M, Peak:0.00M | Scene, ViewLayer | Synchronizing object | Rear left drilled rotor perforation.061
Fra:1 Mem:332.67M (Peak 332.69M) | Time:00:01.37 | Mem:0.00M, Peak:0.00M | Scene, ViewLayer | Synchronizing object | Rear left drilled rotor perforation.063
Fra:1 Mem:332.69M (Peak 332.69M) | Time:00:01.37 | Mem:0.00M, Peak:0.00M | Scene, ViewLayer | Synchronizing object | Rear right sidewall lettering.017
Fra:1 Mem:332.89M (Peak 332.89M) | Time:00:01.37 | Mem:0.00M, Peak:0.00M | Scene, ViewLayer | Synchronizing object | Rear left drilled rotor perforation.064
Fra:1 Mem:332.89M (Peak 332.89M) | Time:00:01.37 | Mem:0.00M, Peak:0.00M | Scene, ViewLayer | Synchronizing object | Rear right sidewall lettering.018
Fra:1 Mem:332.88M (Peak 332.89M) | Time:00:01.37 | Mem:0.00M, Peak:0.00M | Scene, ViewLayer | Synchronizing object | Rear left drilled rotor perforation.065
Fra:1 Mem:332.89M (Peak 332.89M) | Time:00:01.37 | Mem:0.00M, Peak:0.00M | Scene, ViewLayer | Synchronizing object | Rear left drilled rotor perforation.066
Fra:1 Mem:332.93M (Peak 332.93M) | Time:00:01.37 | Mem:0.00M, Peak:0.00M | Scene, ViewLayer | Synchronizing object | Rear left drilled rotor perforation.067
Fra:1 Mem:332.96M (Peak 332.96M) | Time:00:01.37 | Mem:0.00M, Peak:0.00M | Scene, ViewLayer | Synchronizing object | Rear left drilled rotor perforation.068
Fra:1 Mem:332.92M (Peak 332.96M) | Time:00:01.37 | Mem:0.00M, Peak:0.00M | Scene, ViewLayer | Synchronizing object | Rear left drilled rotor perforation.069
Fra:1 Mem:332.96M (Peak 332.96M) | Time:00:01.37 | Mem:0.00M, Peak:0.00M | Scene, ViewLayer | Synchronizing object | Rear left drilled rotor perforation.070
Fra:1 Mem:333.01M (Peak 333.01M) | Time:00:01.37 | Mem:0.00M, Peak:0.00M | Scene, ViewLayer | Synchronizing object | Rear right sidewall lettering.020
Fra:1 Mem:332.97M (Peak 333.01M) | Time:00:01.37 | Mem:0.00M, Peak:0.00M | Scene, ViewLayer | Synchronizing object | Rear left drilled rotor perforation.071
Fra:1 Mem:332.97M (Peak 333.01M) | Time:00:01.37 | Mem:0.00M, Peak:0.00M | Scene, ViewLayer | Synchronizing object | Rear left yellow six-piston caliper
Fra:1 Mem:333.15M (Peak 333.15M) | Time:00:01.37 | Mem:0.00M, Peak:0.00M | Scene, ViewLayer | Synchronizing object | Rear right sidewall lettering.021
Fra:1 Mem:333.11M (Peak 333.15M) | Time:00:01.37 | Mem:0.00M, Peak:0.00M | Scene, ViewLayer | Synchronizing object | Rear left machined split spoke
Fra:1 Mem:333.11M (Peak 333.15M) | Time:00:01.37 | Mem:0.00M, Peak:0.00M | Scene, ViewLayer | Synchronizing object | Rear left black spoke pocket
Fra:1 Mem:333.22M (Peak 333.22M) | Time:00:01.37 | Mem:0.00M, Peak:0.00M | Scene, ViewLayer | Synchronizing object | Seat piping
Fra:1 Mem:333.23M (Peak 333.23M) | Time:00:01.37 | Mem:0.00M, Peak:0.00M | Scene, ViewLayer | Synchronizing object | Rear left machined split spoke.001
Fra:1 Mem:333.14M (Peak 333.23M) | Time:00:01.37 | Mem:0.00M, Peak:0.00M | Scene, ViewLayer | Synchronizing object | Rear left black spoke pocket.001
Fra:1 Mem:333.19M (Peak 333.23M) | Time:00:01.37 | Mem:0.00M, Peak:0.00M | Scene, ViewLayer | Synchronizing object | Seat piping.001
Fra:1 Mem:333.24M (Peak 333.24M) | Time:00:01.37 | Mem:0.00M, Peak:0.00M | Scene, ViewLayer | Synchronizing object | Rear left machined split spoke.002
Fra:1 Mem:333.31M (Peak 333.31M) | Time:00:01.37 | Mem:0.00M, Peak:0.00M | Scene, ViewLayer | Synchronizing object | Seat piping.002
Fra:1 Mem:333.22M (Peak 333.31M) | Time:00:01.37 | Mem:0.00M, Peak:0.00M | Scene, ViewLayer | Synchronizing object | Seat piping.003
Fra:1 Mem:333.24M (Peak 333.31M) | Time:00:01.37 | Mem:0.00M, Peak:0.00M | Scene, ViewLayer | Synchronizing object | Rear left black spoke pocket.002
Fra:1 Mem:333.27M (Peak 333.31M) | Time:00:01.37 | Mem:0.00M, Peak:0.00M | Scene, ViewLayer | Synchronizing object | Seat piping.004
Fra:1 Mem:333.30M (Peak 333.31M) | Time:00:01.37 | Mem:0.00M, Peak:0.00M | Scene, ViewLayer | Synchronizing object | Seat piping.005
Fra:1 Mem:333.27M (Peak 333.31M) | Time:00:01.37 | Mem:0.00M, Peak:0.00M | Scene, ViewLayer | Synchronizing object | Rear left machined split spoke.003
Fra:1 Mem:333.25M (Peak 333.31M) | Time:00:01.37 | Mem:0.00M, Peak:0.00M | Scene, ViewLayer | Synchronizing object | Seat piping.006
Fra:1 Mem:333.35M (Peak 333.35M) | Time:00:01.37 | Mem:0.00M, Peak:0.00M | Scene, ViewLayer | Synchronizing object | Seat piping.007
Fra:1 Mem:333.34M (Peak 333.35M) | Time:00:01.37 | Mem:0.00M, Peak:0.00M | Scene, ViewLayer | Synchronizing object | Rear left black spoke pocket.003
Fra:1 Mem:333.33M (Peak 333.35M) | Time:00:01.37 | Mem:0.00M, Peak:0.00M | Scene, ViewLayer | Synchronizing object | Steering wheel spokes
Fra:1 Mem:333.35M (Peak 333.35M) | Time:00:01.37 | Mem:0.00M, Peak:0.00M | Scene, ViewLayer | Synchronizing object | Rear left black spoke pocket.004
Fra:1 Mem:333.37M (Peak 333.37M) | Time:00:01.37 | Mem:0.00M, Peak:0.00M | Scene, ViewLayer | Synchronizing object | Windshield wiper arm
Fra:1 Mem:333.41M (Peak 333.41M) | Time:00:01.37 | Mem:0.00M, Peak:0.00M | Scene, ViewLayer | Synchronizing object | Wiper rubber blade
Fra:1 Mem:333.41M (Peak 333.41M) | Time:00:01.37 | Mem:0.00M, Peak:0.00M | Scene, ViewLayer | Synchronizing object | Windshield wiper arm.001
Fra:1 Mem:333.43M (Peak 333.43M) | Time:00:01.37 | Mem:0.00M, Peak:0.00M | Scene, ViewLayer | Synchronizing object | Wiper rubber blade.001
Fra:1 Mem:333.41M (Peak 333.43M) | Time:00:01.37 | Mem:0.00M, Peak:0.00M | Scene, ViewLayer | Synchronizing object | Rear left machined split spoke.005
Fra:1 Mem:333.39M (Peak 333.43M) | Time:00:01.37 | Mem:0.00M, Peak:0.00M | Scene, ViewLayer | Synchronizing object | Rear left machined split spoke.006
Fra:1 Mem:333.48M (Peak 333.48M) | Time:00:01.37 | Mem:0.00M, Peak:0.00M | Scene, ViewLayer | Synchronizing object | Seamless curved studio cyclorama
Fra:1 Mem:333.52M (Peak 333.52M) | Time:00:01.37 | Mem:0.00M, Peak:0.00M | Scene, ViewLayer | Synchronizing object | Infinite studio floor
Fra:1 Mem:333.50M (Peak 333.52M) | Time:00:01.37 | Mem:0.00M, Peak:0.00M | Scene, ViewLayer | Synchronizing object | Flat aerodynamic underfloor
Fra:1 Mem:333.50M (Peak 333.52M) | Time:00:01.37 | Mem:0.00M, Peak:0.00M | Scene, ViewLayer | Synchronizing object | Rear left machined split spoke.007
Fra:1 Mem:333.56M (Peak 333.56M) | Time:00:01.37 | Mem:0.00M, Peak:0.00M | Scene, ViewLayer | Synchronizing object | Rear left black spoke pocket.007
Fra:1 Mem:333.58M (Peak 333.58M) | Time:00:01.37 | Mem:0.00M, Peak:0.00M | Scene, ViewLayer | Synchronizing object | Rear left machined split spoke.008
Fra:1 Mem:333.61M (Peak 333.61M) | Time:00:01.37 | Mem:0.00M, Peak:0.00M | Scene, ViewLayer | Synchronizing object | Rear left black spoke pocket.008
Fra:1 Mem:333.63M (Peak 333.63M) | Time:00:01.37 | Mem:0.00M, Peak:0.00M | Scene, ViewLayer | Synchronizing object | Rear left machined split spoke.009
Fra:1 Mem:333.83M (Peak 333.83M) | Time:00:01.37 | Mem:0.00M, Peak:0.00M | Scene, ViewLayer | Synchronizing object | Lidar forward optical aperture
Fra:1 Mem:333.89M (Peak 333.89M) | Time:00:01.37 | Mem:0.00M, Peak:0.00M | Scene, ViewLayer | Synchronizing object | Roof lidar painted pod
Fra:1 Mem:333.86M (Peak 333.89M) | Time:00:01.37 | Mem:0.00M, Peak:0.00M | Scene, ViewLayer | Synchronizing object | Rear left center hub
Fra:1 Mem:334.04M (Peak 334.04M) | Time:00:01.38 | Mem:0.00M, Peak:0.00M | Scene, ViewLayer | Synchronizing object | Cup holder
Fra:1 Mem:334.04M (Peak 334.04M) | Time:00:01.38 | Mem:0.00M, Peak:0.00M | Scene, ViewLayer | Synchronizing object | Rear left center cap ring
Fra:1 Mem:334.12M (Peak 334.12M) | Time:00:01.38 | Mem:0.00M, Peak:0.00M | Scene, ViewLayer | Synchronizing object | Rear left titanium lug nut
Fra:1 Mem:334.13M (Peak 334.13M) | Time:00:01.38 | Mem:0.00M, Peak:0.00M | Scene, ViewLayer | Synchronizing object | Rear left titanium lug nut.001
Fra:1 Mem:334.23M (Peak 334.23M) | Time:00:01.38 | Mem:0.00M, Peak:0.00M | Scene, ViewLayer | Synchronizing object | Rear left titanium lug nut.002
Fra:1 Mem:334.16M (Peak 334.23M) | Time:00:01.38 | Mem:0.00M, Peak:0.00M | Scene, ViewLayer | Synchronizing object | Cup holder.001
Fra:1 Mem:334.18M (Peak 334.23M) | Time:00:01.38 | Mem:0.00M, Peak:0.00M | Scene, ViewLayer | Synchronizing object | Rear left titanium lug nut.003
Fra:1 Mem:334.20M (Peak 334.23M) | Time:00:01.38 | Mem:0.00M, Peak:0.00M | Scene, ViewLayer | Synchronizing object | Rear left tire valve
Fra:1 Mem:334.27M (Peak 334.27M) | Time:00:01.38 | Mem:0.00M, Peak:0.00M | Scene, ViewLayer | Synchronizing object | Rear right | tire carcass
Fra:1 Mem:334.23M (Peak 334.27M) | Time:00:01.38 | Mem:0.00M, Peak:0.00M | Scene, ViewLayer | Synchronizing object | Center tunnel
Fra:1 Mem:334.32M (Peak 334.32M) | Time:00:01.38 | Mem:0.00M, Peak:0.00M | Scene, ViewLayer | Synchronizing object | Rear right tire molded sidewall ring.001
Fra:1 Mem:334.38M (Peak 334.38M) | Time:00:01.38 | Mem:0.00M, Peak:0.00M | Scene, ViewLayer | Synchronizing object | Rear right tire molded sidewall ring.002
Fra:1 Mem:334.40M (Peak 334.40M) | Time:00:01.38 | Mem:0.00M, Peak:0.00M | Scene, ViewLayer | Synchronizing object | Rear right tire molded sidewall ring
Fra:1 Mem:334.64M (Peak 334.64M) | Time:00:01.38 | Mem:0.00M, Peak:0.00M | Scene, ViewLayer | Synchronizing object | Steering center
Fra:1 Mem:334.66M (Peak 334.66M) | Time:00:01.38 | Mem:0.00M, Peak:0.00M | Scene, ViewLayer | Synchronizing object | Rear right directional tread | 792 blocks
Fra:1 Mem:334.71M (Peak 334.71M) | Time:00:01.38 | Mem:0.00M, Peak:0.00M | Scene, ViewLayer | Synchronizing object | Rear right cast rim barrel
Fra:1 Mem:334.81M (Peak 334.81M) | Time:00:01.38 | Mem:0.00M, Peak:0.00M | Scene, ViewLayer | Synchronizing object | Rear right diamond-cut outer flange
Fra:1 Mem:334.90M (Peak 334.90M) | Time:00:01.38 | Mem:0.00M, Peak:0.00M | Scene, ViewLayer | Synchronizing object | Rear right inner rim accent
Fra:1 Mem:335.24M (Peak 335.24M) | Time:00:01.38 | Mem:0.00M, Peak:0.00M | Scene, ViewLayer | Synchronizing object | Rear right brake rotor
Fra:1 Mem:335.55M (Peak 335.55M) | Time:00:01.38 | Mem:0.00M, Peak:0.00M | Scene, ViewLayer | Synchronizing object | Steering wheel
Fra:1 Mem:335.56M (Peak 335.56M) | Time:00:01.38 | Mem:0.00M, Peak:0.00M | Scene, ViewLayer | Synchronizing object | Rear right rotor outer scoring
Fra:1 Mem:335.82M (Peak 335.82M) | Time:00:01.38 | Mem:0.00M, Peak:0.00M | Scene, ViewLayer | Synchronizing object | Screen glass
Fra:1 Mem:335.74M (Peak 335.82M) | Time:00:01.38 | Mem:0.00M, Peak:0.00M | Scene, ViewLayer | Synchronizing object | Rear right drilled rotor perforation
Fra:1 Mem:335.82M (Peak 335.82M) | Time:00:01.38 | Mem:0.00M, Peak:0.00M | Scene, ViewLayer | Synchronizing object | Rear right drilled rotor perforation.001
Fra:1 Mem:335.90M (Peak 335.90M) | Time:00:01.38 | Mem:0.00M, Peak:0.00M | Scene, ViewLayer | Synchronizing object | Rear right drilled rotor perforation.002
Fra:1 Mem:335.84M (Peak 335.90M) | Time:00:01.38 | Mem:0.00M, Peak:0.00M | Scene, ViewLayer | Synchronizing object | Rear right drilled rotor perforation.003
Fra:1 Mem:335.83M (Peak 335.90M) | Time:00:01.38 | Mem:0.00M, Peak:0.00M | Scene, ViewLayer | Synchronizing object | Dashboard center screen
Fra:1 Mem:335.93M (Peak 335.93M) | Time:00:01.38 | Mem:0.00M, Peak:0.00M | Scene, ViewLayer | Synchronizing object | Rear right drilled rotor perforation.004
Fra:1 Mem:335.89M (Peak 335.93M) | Time:00:01.38 | Mem:0.00M, Peak:0.00M | Scene, ViewLayer | Synchronizing object | Rear right drilled rotor perforation.005
Fra:1 Mem:335.92M (Peak 335.93M) | Time:00:01.38 | Mem:0.00M, Peak:0.00M | Scene, ViewLayer | Synchronizing object | Rear right drilled rotor perforation.006
Fra:1 Mem:335.89M (Peak 335.93M) | Time:00:01.38 | Mem:0.00M, Peak:0.00M | Scene, ViewLayer | Synchronizing object | Dashboard
Fra:1 Mem:335.95M (Peak 335.95M) | Time:00:01.38 | Mem:0.00M, Peak:0.00M | Scene, ViewLayer | Synchronizing object | Rear right drilled rotor perforation.008
Fra:1 Mem:335.94M (Peak 335.95M) | Time:00:01.38 | Mem:0.00M, Peak:0.00M | Scene, ViewLayer | Synchronizing object | Integrated head restraint.003
Fra:1 Mem:335.95M (Peak 335.95M) | Time:00:01.38 | Mem:0.00M, Peak:0.00M | Scene, ViewLayer | Synchronizing object | Rear right drilled rotor perforation.009
Fra:1 Mem:335.95M (Peak 335.95M) | Time:00:01.38 | Mem:0.00M, Peak:0.00M | Scene, ViewLayer | Synchronizing object | Rear right drilled rotor perforation.010
Fra:1 Mem:336.05M (Peak 336.05M) | Time:00:01.38 | Mem:0.00M, Peak:0.00M | Scene, ViewLayer | Synchronizing object | Rear right drilled rotor perforation.011
Fra:1 Mem:336.00M (Peak 336.05M) | Time:00:01.38 | Mem:0.00M, Peak:0.00M | Scene, ViewLayer | Synchronizing object | Contoured seat back
Fra:1 Mem:336.11M (Peak 336.11M) | Time:00:01.38 | Mem:0.00M, Peak:0.00M | Scene, ViewLayer | Synchronizing object | Rear right drilled rotor perforation.013
Fra:1 Mem:336.08M (Peak 336.11M) | Time:00:01.38 | Mem:0.00M, Peak:0.00M | Scene, ViewLayer | Synchronizing object | Seat cushion.003
Fra:1 Mem:336.12M (Peak 336.12M) | Time:00:01.38 | Mem:0.00M, Peak:0.00M | Scene, ViewLayer | Synchronizing object | Rear right drilled rotor perforation.014
Fra:1 Mem:336.12M (Peak 336.12M) | Time:00:01.38 | Mem:0.00M, Peak:0.00M | Scene, ViewLayer | Synchronizing object | Rear right drilled rotor perforation.015
Fra:1 Mem:336.15M (Peak 336.15M) | Time:00:01.38 | Mem:0.00M, Peak:0.00M | Scene, ViewLayer | Synchronizing object | Rear right drilled rotor perforation.016
Fra:1 Mem:336.17M (Peak 336.17M) | Time:00:01.38 | Mem:0.00M, Peak:0.00M | Scene, ViewLayer | Synchronizing object | Integrated head restraint.002
Fra:1 Mem:336.18M (Peak 336.18M) | Time:00:01.38 | Mem:0.00M, Peak:0.00M | Scene, ViewLayer | Synchronizing object | Rear right drilled rotor perforation.017
Fra:1 Mem:336.25M (Peak 336.25M) | Time:00:01.38 | Mem:0.00M, Peak:0.00M | Scene, ViewLayer | Synchronizing object | Rear right drilled rotor perforation.018
Fra:1 Mem:336.24M (Peak 336.25M) | Time:00:01.38 | Mem:0.00M, Peak:0.00M | Scene, ViewLayer | Synchronizing object | Contoured seat back.003
Fra:1 Mem:336.23M (Peak 336.25M) | Time:00:01.38 | Mem:0.00M, Peak:0.00M | Scene, ViewLayer | Synchronizing object | Rear right drilled rotor perforation.019
Fra:1 Mem:336.30M (Peak 336.30M) | Time:00:01.38 | Mem:0.00M, Peak:0.00M | Scene, ViewLayer | Synchronizing object | Rear right drilled rotor perforation.020
Fra:1 Mem:336.32M (Peak 336.32M) | Time:00:01.38 | Mem:0.00M, Peak:0.00M | Scene, ViewLayer | Synchronizing object | Seat cushion.002
Fra:1 Mem:336.34M (Peak 336.34M) | Time:00:01.38 | Mem:0.00M, Peak:0.00M | Scene, ViewLayer | Synchronizing object | Rear right drilled rotor perforation.021
Fra:1 Mem:336.33M (Peak 336.34M) | Time:00:01.38 | Mem:0.00M, Peak:0.00M | Scene, ViewLayer | Synchronizing object | Integrated head restraint.001
Fra:1 Mem:336.33M (Peak 336.34M) | Time:00:01.38 | Mem:0.00M, Peak:0.00M | Scene, ViewLayer | Synchronizing object | Rear right drilled rotor perforation.022
Fra:1 Mem:336.34M (Peak 336.34M) | Time:00:01.38 | Mem:0.00M, Peak:0.00M | Scene, ViewLayer | Synchronizing object | Rear right drilled rotor perforation.023
Fra:1 Mem:336.42M (Peak 336.42M) | Time:00:01.38 | Mem:0.00M, Peak:0.00M | Scene, ViewLayer | Synchronizing object | Contoured seat back.002
Fra:1 Mem:336.40M (Peak 336.42M) | Time:00:01.38 | Mem:0.00M, Peak:0.00M | Scene, ViewLayer | Synchronizing object | Rear right drilled rotor perforation.024
Fra:1 Mem:336.47M (Peak 336.47M) | Time:00:01.38 | Mem:0.00M, Peak:0.00M | Scene, ViewLayer | Synchronizing object | Rear right drilled rotor perforation.025
Fra:1 Mem:336.43M (Peak 336.47M) | Time:00:01.38 | Mem:0.00M, Peak:0.00M | Scene, ViewLayer | Synchronizing object | Seat cushion.001
Fra:1 Mem:336.47M (Peak 336.47M) | Time:00:01.38 | Mem:0.00M, Peak:0.00M | Scene, ViewLayer | Synchronizing object | Rear right drilled rotor perforation.027
Fra:1 Mem:336.54M (Peak 336.54M) | Time:00:01.38 | Mem:0.00M, Peak:0.00M | Scene, ViewLayer | Synchronizing object | Rear right drilled rotor perforation.028
Fra:1 Mem:336.53M (Peak 336.54M) | Time:00:01.38 | Mem:0.00M, Peak:0.00M | Scene, ViewLayer | Synchronizing object | Integrated head restraint
Fra:1 Mem:336.64M (Peak 336.64M) | Time:00:01.38 | Mem:0.00M, Peak:0.00M | Scene, ViewLayer | Synchronizing object | Rear right drilled rotor perforation.029
Fra:1 Mem:336.62M (Peak 336.64M) | Time:00:01.38 | Mem:0.00M, Peak:0.00M | Scene, ViewLayer | Synchronizing object | Rear right drilled rotor perforation.030
Fra:1 Mem:336.63M (Peak 336.64M) | Time:00:01.38 | Mem:0.00M, Peak:0.00M | Scene, ViewLayer | Synchronizing object | Rear right drilled rotor perforation.031
Fra:1 Mem:336.66M (Peak 336.66M) | Time:00:01.38 | Mem:0.00M, Peak:0.00M | Scene, ViewLayer | Synchronizing object | Rear right drilled rotor perforation.032
Fra:1 Mem:336.62M (Peak 336.66M) | Time:00:01.38 | Mem:0.00M, Peak:0.00M | Scene, ViewLayer | Synchronizing object | Contoured seat back.001
Fra:1 Mem:336.62M (Peak 336.66M) | Time:00:01.38 | Mem:0.00M, Peak:0.00M | Scene, ViewLayer | Synchronizing object | Rear right drilled rotor perforation.033
Fra:1 Mem:336.68M (Peak 336.68M) | Time:00:01.38 | Mem:0.00M, Peak:0.00M | Scene, ViewLayer | Synchronizing object | Rear right drilled rotor perforation.034
Fra:1 Mem:336.72M (Peak 336.72M) | Time:00:01.38 | Mem:0.00M, Peak:0.00M | Scene, ViewLayer | Synchronizing object | Seat cushion
Fra:1 Mem:336.70M (Peak 336.72M) | Time:00:01.38 | Mem:0.00M, Peak:0.00M | Scene, ViewLayer | Synchronizing object | Rear right drilled rotor perforation.035
Fra:1 Mem:336.73M (Peak 336.73M) | Time:00:01.38 | Mem:0.00M, Peak:0.00M | Scene, ViewLayer | Synchronizing object | Rear right drilled rotor perforation.036
Fra:1 Mem:336.78M (Peak 336.78M) | Time:00:01.38 | Mem:0.00M, Peak:0.00M | Scene, ViewLayer | Synchronizing object | Rear right drilled rotor perforation.037
Fra:1 Mem:336.75M (Peak 336.78M) | Time:00:01.38 | Mem:0.00M, Peak:0.00M | Scene, ViewLayer | Synchronizing object | Rear right drilled rotor perforation.038
Fra:1 Mem:336.76M (Peak 336.78M) | Time:00:01.38 | Mem:0.00M, Peak:0.00M | Scene, ViewLayer | Synchronizing object | Dark cabin tub
Fra:1 Mem:336.80M (Peak 336.80M) | Time:00:01.38 | Mem:0.00M, Peak:0.00M | Scene, ViewLayer | Synchronizing object | Rear right drilled rotor perforation.039
Fra:1 Mem:336.81M (Peak 336.81M) | Time:00:01.38 | Mem:0.00M, Peak:0.00M | Scene, ViewLayer | Synchronizing object | Rear right drilled rotor perforation.041
Fra:1 Mem:336.87M (Peak 336.87M) | Time:00:01.38 | Mem:0.00M, Peak:0.00M | Scene, ViewLayer | Synchronizing object | Rear right drilled rotor perforation.042
Fra:1 Mem:336.88M (Peak 336.88M) | Time:00:01.38 | Mem:0.00M, Peak:0.00M | Scene, ViewLayer | Synchronizing object | Rear right drilled rotor perforation.043
Fra:1 Mem:336.84M (Peak 336.88M) | Time:00:01.38 | Mem:0.00M, Peak:0.00M | Scene, ViewLayer | Synchronizing object | Rear right drilled rotor perforation.044
Fra:1 Mem:336.90M (Peak 336.90M) | Time:00:01.38 | Mem:0.00M, Peak:0.00M | Scene, ViewLayer | Synchronizing object | Rear right drilled rotor perforation.045
Fra:1 Mem:336.89M (Peak 336.90M) | Time:00:01.38 | Mem:0.00M, Peak:0.00M | Scene, ViewLayer | Synchronizing object | Rear right drilled rotor perforation.046
Fra:1 Mem:336.95M (Peak 336.95M) | Time:00:01.38 | Mem:0.00M, Peak:0.00M | Scene, ViewLayer | Synchronizing object | Rear right titanium lug nut.004
Fra:1 Mem:336.93M (Peak 336.95M) | Time:00:01.38 | Mem:0.00M, Peak:0.00M | Scene, ViewLayer | Synchronizing object | Rear right drilled rotor perforation.047
Fra:1 Mem:336.93M (Peak 336.95M) | Time:00:01.38 | Mem:0.00M, Peak:0.00M | Scene, ViewLayer | Synchronizing object | Rear right drilled rotor perforation.048
Fra:1 Mem:336.96M (Peak 336.96M) | Time:00:01.38 | Mem:0.00M, Peak:0.00M | Scene, ViewLayer | Synchronizing object | Rear right drilled rotor perforation.049
Fra:1 Mem:336.95M (Peak 336.96M) | Time:00:01.38 | Mem:0.00M, Peak:0.00M | Scene, ViewLayer | Synchronizing object | Rear right titanium lug nut.003
Fra:1 Mem:336.97M (Peak 336.97M) | Time:00:01.38 | Mem:0.00M, Peak:0.00M | Scene, ViewLayer | Synchronizing object | Rear right drilled rotor perforation.051
Fra:1 Mem:337.02M (Peak 337.02M) | Time:00:01.38 | Mem:0.00M, Peak:0.00M | Scene, ViewLayer | Synchronizing object | Rear right drilled rotor perforation.052
Fra:1 Mem:337.03M (Peak 337.03M) | Time:00:01.38 | Mem:0.00M, Peak:0.00M | Scene, ViewLayer | Synchronizing object | Rear right drilled rotor perforation.053
Fra:1 Mem:337.06M (Peak 337.06M) | Time:00:01.38 | Mem:0.00M, Peak:0.00M | Scene, ViewLayer | Synchronizing object | Rear right titanium lug nut.002
Fra:1 Mem:337.06M (Peak 337.06M) | Time:00:01.38 | Mem:0.00M, Peak:0.00M | Scene, ViewLayer | Synchronizing object | Rear right drilled rotor perforation.054
Fra:1 Mem:337.04M (Peak 337.06M) | Time:00:01.38 | Mem:0.00M, Peak:0.00M | Scene, ViewLayer | Synchronizing object | Rear right drilled rotor perforation.055
Fra:1 Mem:337.12M (Peak 337.12M) | Time:00:01.38 | Mem:0.00M, Peak:0.00M | Scene, ViewLayer | Synchronizing object | Rear right drilled rotor perforation.056
Fra:1 Mem:337.08M (Peak 337.12M) | Time:00:01.38 | Mem:0.00M, Peak:0.00M | Scene, ViewLayer | Synchronizing object | Rear right titanium lug nut.001
Fra:1 Mem:337.08M (Peak 337.12M) | Time:00:01.38 | Mem:0.00M, Peak:0.00M | Scene, ViewLayer | Synchronizing object | Rear right drilled rotor perforation.058
Fra:1 Mem:337.14M (Peak 337.14M) | Time:00:01.38 | Mem:0.00M, Peak:0.00M | Scene, ViewLayer | Synchronizing object | Rear right drilled rotor perforation.059
Fra:1 Mem:337.15M (Peak 337.15M) | Time:00:01.38 | Mem:0.00M, Peak:0.00M | Scene, ViewLayer | Synchronizing object | Rear right titanium lug nut
Fra:1 Mem:337.18M (Peak 337.18M) | Time:00:01.38 | Mem:0.00M, Peak:0.00M | Scene, ViewLayer | Synchronizing object | Rear right drilled rotor perforation.060
Fra:1 Mem:337.16M (Peak 337.18M) | Time:00:01.38 | Mem:0.00M, Peak:0.00M | Scene, ViewLayer | Synchronizing object | Rear right drilled rotor perforation.061
Fra:1 Mem:337.18M (Peak 337.18M) | Time:00:01.38 | Mem:0.00M, Peak:0.00M | Scene, ViewLayer | Synchronizing object | Rear right drilled rotor perforation.062
Fra:1 Mem:337.19M (Peak 337.19M) | Time:00:01.38 | Mem:0.00M, Peak:0.00M | Scene, ViewLayer | Synchronizing object | Rear right center cap ring
Fra:1 Mem:337.25M (Peak 337.25M) | Time:00:01.38 | Mem:0.00M, Peak:0.00M | Scene, ViewLayer | Synchronizing object | Rear right drilled rotor perforation.063
Fra:1 Mem:337.34M (Peak 337.34M) | Time:00:01.38 | Mem:0.00M, Peak:0.00M | Scene, ViewLayer | Synchronizing object | Rear right drilled rotor perforation.064
Fra:1 Mem:337.35M (Peak 337.35M) | Time:00:01.38 | Mem:0.00M, Peak:0.00M | Scene, ViewLayer | Synchronizing object | Rear right drilled rotor perforation.065
Fra:1 Mem:337.32M (Peak 337.35M) | Time:00:01.38 | Mem:0.00M, Peak:0.00M | Scene, ViewLayer | Synchronizing object | Rear right center hub
Fra:1 Mem:337.33M (Peak 337.35M) | Time:00:01.38 | Mem:0.00M, Peak:0.00M | Scene, ViewLayer | Synchronizing object | Rear right drilled rotor perforation.066
Fra:1 Mem:337.44M (Peak 337.44M) | Time:00:01.39 | Mem:0.00M, Peak:0.00M | Scene, ViewLayer | Synchronizing object | Rear right drilled rotor perforation.067
Fra:1 Mem:337.41M (Peak 337.44M) | Time:00:01.39 | Mem:0.00M, Peak:0.00M | Scene, ViewLayer | Synchronizing object | Rear right drilled rotor perforation.068
Fra:1 Mem:337.44M (Peak 337.44M) | Time:00:01.39 | Mem:0.00M, Peak:0.00M | Scene, ViewLayer | Synchronizing object | Rear right drilled rotor perforation.069
Fra:1 Mem:337.51M (Peak 337.51M) | Time:00:01.39 | Mem:0.00M, Peak:0.00M | Scene, ViewLayer | Synchronizing object | Rear right drilled rotor perforation.070
Fra:1 Mem:337.54M (Peak 337.54M) | Time:00:01.39 | Mem:0.00M, Peak:0.00M | Scene, ViewLayer | Synchronizing object | Rear right drilled rotor perforation.071
Fra:1 Mem:337.48M (Peak 337.54M) | Time:00:01.39 | Mem:0.00M, Peak:0.00M | Scene, ViewLayer | Synchronizing object | Rear right brake disc bell
Fra:1 Mem:337.47M (Peak 337.54M) | Time:00:01.39 | Mem:0.00M, Peak:0.00M | Scene, ViewLayer | Synchronizing object | Rear right black spoke pocket.009
Fra:1 Mem:337.51M (Peak 337.54M) | Time:00:01.39 | Mem:0.00M, Peak:0.00M | Scene, ViewLayer | Synchronizing object | Rear right machined split spoke
Fra:1 Mem:337.58M (Peak 337.58M) | Time:00:01.39 | Mem:0.00M, Peak:0.00M | Scene, ViewLayer | Synchronizing object | Rear right machined split spoke.009
Fra:1 Mem:337.57M (Peak 337.58M) | Time:00:01.39 | Mem:0.00M, Peak:0.00M | Scene, ViewLayer | Synchronizing object | Rear right black spoke pocket
Fra:1 Mem:337.71M (Peak 337.71M) | Time:00:01.39 | Mem:0.00M, Peak:0.00M | Scene, ViewLayer | Synchronizing object | Rear right machined split spoke.001
Fra:1 Mem:337.70M (Peak 337.71M) | Time:00:01.39 | Mem:0.00M, Peak:0.00M | Scene, ViewLayer | Synchronizing object | Rear right black spoke pocket.001
Fra:1 Mem:337.68M (Peak 337.71M) | Time:00:01.39 | Mem:0.00M, Peak:0.00M | Scene, ViewLayer | Synchronizing object | Rear right machined split spoke.002
Fra:1 Mem:337.65M (Peak 337.71M) | Time:00:01.39 | Mem:0.00M, Peak:0.00M | Scene, ViewLayer | Synchronizing object | Rear right black spoke pocket.002
Fra:1 Mem:337.81M (Peak 337.81M) | Time:00:01.39 | Mem:0.00M, Peak:0.00M | Scene, ViewLayer | Synchronizing object | Rear right machined split spoke.003
Fra:1 Mem:337.82M (Peak 337.82M) | Time:00:01.39 | Mem:0.00M, Peak:0.00M | Scene, ViewLayer | Synchronizing object | Rear right black spoke pocket.003
Fra:1 Mem:337.80M (Peak 337.82M) | Time:00:01.39 | Mem:0.00M, Peak:0.00M | Scene, ViewLayer | Synchronizing object | Rear right machined split spoke.004
Fra:1 Mem:337.88M (Peak 337.88M) | Time:00:01.39 | Mem:0.00M, Peak:0.00M | Scene, ViewLayer | Synchronizing object | Rear right black spoke pocket.007
Fra:1 Mem:337.82M (Peak 337.88M) | Time:00:01.39 | Mem:0.00M, Peak:0.00M | Scene, ViewLayer | Synchronizing object | Rear right machined split spoke.005
Fra:1 Mem:337.86M (Peak 337.88M) | Time:00:01.39 | Mem:0.00M, Peak:0.00M | Scene, ViewLayer | Synchronizing object | Rear right machined split spoke.007
Fra:1 Mem:337.93M (Peak 337.93M) | Time:00:01.39 | Mem:0.00M, Peak:0.00M | Scene, ViewLayer | Synchronizing object | Rear right black spoke pocket.005
Fra:1 Mem:337.94M (Peak 337.94M) | Time:00:01.39 | Mem:0.00M, Peak:0.00M | Scene, ViewLayer | Synchronizing object | Rear right black spoke pocket.006
Fra:1 Mem:337.97M (Peak 337.97M) | Time:00:01.39 | Mem:0.00M, Peak:0.00M | Scene, ViewLayer | Synchronizing object | Rear right machined split spoke.006
Fra:1 Mem:338.02M (Peak 338.02M) | Time:00:01.39 | Mem:0.00M, Peak:0.00M | Scene, ViewLayer | Initializing
Fra:1 Mem:253.18M (Peak 338.02M) | Time:00:01.43 | Mem:0.00M, Peak:0.00M | Scene, ViewLayer | Waiting for render to start
Fra:1 Mem:253.18M (Peak 338.02M) | Time:00:01.43 | Mem:0.00M, Peak:0.00M | Scene, ViewLayer | Loading render kernels (may take a few minutes the first time)
Fra:1 Mem:253.18M (Peak 338.02M) | Time:00:01.43 | Mem:0.00M, Peak:0.00M | Scene, ViewLayer | Updating Scene
Fra:1 Mem:253.18M (Peak 338.02M) | Time:00:01.43 | Mem:0.00M, Peak:0.00M | Scene, ViewLayer | Updating Shaders
Fra:1 Mem:253.19M (Peak 338.02M) | Time:00:01.43 | Mem:0.01M, Peak:0.01M | Scene, ViewLayer | Updating Procedurals
Fra:1 Mem:253.19M (Peak 338.02M) | Time:00:01.43 | Mem:0.01M, Peak:0.01M | Scene, ViewLayer | Updating Background
Fra:1 Mem:253.19M (Peak 338.02M) | Time:00:01.43 | Mem:0.01M, Peak:0.01M | Scene, ViewLayer | Updating Camera
Fra:1 Mem:253.19M (Peak 338.02M) | Time:00:01.43 | Mem:0.01M, Peak:0.01M | Scene, ViewLayer | Updating Meshes Flags
Fra:1 Mem:253.19M (Peak 338.02M) | Time:00:01.43 | Mem:0.01M, Peak:0.01M | Scene, ViewLayer | Updating Objects
Fra:1 Mem:253.19M (Peak 338.02M) | Time:00:01.43 | Mem:0.01M, Peak:0.01M | Scene, ViewLayer | Updating Objects | Copying Transformations to device
Fra:1 Mem:253.35M (Peak 338.02M) | Time:00:01.43 | Mem:0.16M, Peak:0.16M | Scene, ViewLayer | Updating Objects | Applying Static Transformations
Fra:1 Mem:253.35M (Peak 338.02M) | Time:00:01.44 | Mem:0.16M, Peak:0.16M | Scene, ViewLayer | Updating Particle Systems
Fra:1 Mem:253.35M (Peak 338.02M) | Time:00:01.44 | Mem:0.16M, Peak:0.16M | Scene, ViewLayer | Updating Particle Systems | Copying Particles to device
Fra:1 Mem:253.35M (Peak 338.02M) | Time:00:01.44 | Mem:0.16M, Peak:0.16M | Scene, ViewLayer | Updating Meshes
Fra:1 Mem:267.99M (Peak 338.02M) | Time:00:01.47 | Mem:0.16M, Peak:0.16M | Scene, ViewLayer | Updating Mesh | Computing attributes
Fra:1 Mem:274.62M (Peak 338.02M) | Time:00:01.48 | Mem:0.21M, Peak:0.21M | Scene, ViewLayer | Updating Mesh | Copying Attributes to device
Fra:1 Mem:274.51M (Peak 338.02M) | Time:00:01.48 | Mem:6.68M, Peak:6.68M | Scene, ViewLayer | Updating Scene BVH | Building
Fra:1 Mem:274.52M (Peak 338.02M) | Time:00:01.48 | Mem:6.68M, Peak:6.68M | Scene, ViewLayer | Updating Scene BVH | Building BVH
Fra:1 Mem:274.52M (Peak 338.02M) | Time:00:01.48 | Mem:35.96M, Peak:35.96M | Scene, ViewLayer | Updating Scene BVH | Building BVH 0%
Fra:1 Mem:274.52M (Peak 338.02M) | Time:00:01.63 | Mem:68.68M, Peak:97.96M | Scene, ViewLayer | Updating Scene BVH | Copying BVH to device
Fra:1 Mem:274.52M (Peak 338.02M) | Time:00:01.63 | Mem:68.68M, Peak:97.96M | Scene, ViewLayer | Updating Mesh | Computing normals
Fra:1 Mem:310.63M (Peak 338.02M) | Time:00:01.66 | Mem:68.68M, Peak:97.96M | Scene, ViewLayer | Updating Mesh | Copying Mesh to device
Fra:1 Mem:310.63M (Peak 338.02M) | Time:00:01.66 | Mem:104.78M, Peak:104.78M | Scene, ViewLayer | Updating Objects Flags
Fra:1 Mem:310.63M (Peak 338.02M) | Time:00:01.66 | Mem:104.79M, Peak:104.79M | Scene, ViewLayer | Updating Primitive Offsets
Fra:1 Mem:310.63M (Peak 338.02M) | Time:00:01.66 | Mem:104.79M, Peak:104.79M | Scene, ViewLayer | Updating Images
Fra:1 Mem:310.63M (Peak 338.02M) | Time:00:01.66 | Mem:104.79M, Peak:104.79M | Scene, ViewLayer | Updating Camera Volume
Fra:1 Mem:310.63M (Peak 338.02M) | Time:00:01.66 | Mem:104.79M, Peak:104.79M | Scene, ViewLayer | Updating Lookup Tables
Fra:1 Mem:310.63M (Peak 338.02M) | Time:00:01.66 | Mem:104.79M, Peak:104.79M | Scene, ViewLayer | Updating Lights
Fra:1 Mem:310.63M (Peak 338.02M) | Time:00:01.66 | Mem:104.79M, Peak:104.79M | Scene, ViewLayer | Updating Lights | Computing distribution
Fra:1 Mem:310.63M (Peak 338.02M) | Time:00:01.66 | Mem:104.79M, Peak:104.79M | Scene, ViewLayer | Updating Lights | Computing tree
Fra:1 Mem:312.28M (Peak 338.02M) | Time:00:01.69 | Mem:106.44M, Peak:106.44M | Scene, ViewLayer | Updating Integrator
Fra:1 Mem:313.28M (Peak 338.02M) | Time:00:01.69 | Mem:107.44M, Peak:107.44M | Scene, ViewLayer | Updating Film
Fra:1 Mem:313.28M (Peak 338.02M) | Time:00:01.69 | Mem:107.44M, Peak:107.44M | Scene, ViewLayer | Updating Lookup Tables
Fra:1 Mem:313.28M (Peak 338.02M) | Time:00:01.69 | Mem:107.45M, Peak:107.45M | Scene, ViewLayer | Updating Baking
Fra:1 Mem:313.28M (Peak 338.02M) | Time:00:01.69 | Mem:107.45M, Peak:107.45M | Scene, ViewLayer | Updating Device | Writing constant memory
Fra:1 Mem:313.29M (Peak 338.02M) | Time:00:01.69 | Mem:107.45M, Peak:107.45M | Scene, ViewLayer | Sample 0/32
Fra:1 Mem:419.07M (Peak 419.07M) | Time:00:05.92 | Remaining:02:11.20 | Mem:213.21M, Peak:213.21M | Scene, ViewLayer | Sample 1/32
Fra:1 Mem:419.07M (Peak 419.07M) | Time:00:39.25 | Remaining:01:35.97 | Mem:213.21M, Peak:213.21M | Scene, ViewLayer | Sample 9/32
